caller	provider	method	path_template	interface	method_name	body_type	return_type	resolved_by	claim
gate	clouddriver	GET	/credentials	ClouddriverService	getAccounts	-	Call<List<Account>>	services.clouddriver.baseUrl (GateConfig.clouddriverService/clouddriverServiceSelector)	gate@v6.69.0 gate-core/src/main/java/com/netflix/spinnaker/gate/services/internal/ClouddriverService.java:28
gate	clouddriver	GET	/credentials?expand=true	ClouddriverService	getAccountDetails	-	Call<List<AccountDetails>>	services.clouddriver.baseUrl (GateConfig.clouddriverService/clouddriverServiceSelector)	gate@v6.69.0 gate-core/src/main/java/com/netflix/spinnaker/gate/services/internal/ClouddriverService.java:31
gate	clouddriver	GET	/credentials/{account}	ClouddriverService	getAccount	-	Call<AccountDetails>	services.clouddriver.baseUrl (GateConfig.clouddriverService/clouddriverServiceSelector)	gate@v6.69.0 gate-core/src/main/java/com/netflix/spinnaker/gate/services/internal/ClouddriverService.java:34
gate	clouddriver	GET	/credentials/type/{type}	ClouddriverService	getAccountDefinitionsByType	-	Call<List<AccountDefinition>>	services.clouddriver.baseUrl (GateConfig.clouddriverService/clouddriverServiceSelector)	gate@v6.69.0 gate-core/src/main/java/com/netflix/spinnaker/gate/services/internal/ClouddriverService.java:37
gate	clouddriver	POST	/credentials	ClouddriverService	createAccountDefinition	AccountDefinition	Call<AccountDefinition>	services.clouddriver.baseUrl (GateConfig.clouddriverService/clouddriverServiceSelector)	gate@v6.69.0 gate-core/src/main/java/com/netflix/spinnaker/gate/services/internal/ClouddriverService.java:43
gate	clouddriver	PUT	/credentials	ClouddriverService	updateAccountDefinition	AccountDefinition	Call<AccountDefinition>	services.clouddriver.baseUrl (GateConfig.clouddriverService/clouddriverServiceSelector)	gate@v6.69.0 gate-core/src/main/java/com/netflix/spinnaker/gate/services/internal/ClouddriverService.java:46
gate	clouddriver	DELETE	/credentials/{account}	ClouddriverService	deleteAccountDefinition	-	Call<ResponseBody>	services.clouddriver.baseUrl (GateConfig.clouddriverService/clouddriverServiceSelector)	gate@v6.69.0 gate-core/src/main/java/com/netflix/spinnaker/gate/services/internal/ClouddriverService.java:49
gate	clouddriver	GET	/task/{taskDetailsId}	ClouddriverService	getTaskDetails	-	Call<Map>	services.clouddriver.baseUrl (GateConfig.clouddriverService/clouddriverServiceSelector)	gate@v6.69.0 gate-core/src/main/java/com/netflix/spinnaker/gate/services/internal/ClouddriverService.java:52
gate	clouddriver	GET	/applications	ClouddriverService	getApplications	-	Call<List>	services.clouddriver.baseUrl (GateConfig.clouddriverService/clouddriverServiceSelector)	gate@v6.69.0 gate-core/src/main/java/com/netflix/spinnaker/gate/services/internal/ClouddriverService.java:56
gate	clouddriver	GET	/applications?restricted=false	ClouddriverService	getAllApplicationsUnrestricted	-	Call<List>	services.clouddriver.baseUrl (GateConfig.clouddriverService/clouddriverServiceSelector)	gate@v6.69.0 gate-core/src/main/java/com/netflix/spinnaker/gate/services/internal/ClouddriverService.java:60
gate	clouddriver	GET	/applications/{name}	ClouddriverService	getApplication	-	Call<Map>	services.clouddriver.baseUrl (GateConfig.clouddriverService/clouddriverServiceSelector)	gate@v6.69.0 gate-core/src/main/java/com/netflix/spinnaker/gate/services/internal/ClouddriverService.java:64
gate	clouddriver	GET	/applications/{name}/clusters	ClouddriverService	getClusters	-	Call<Map>	services.clouddriver.baseUrl (GateConfig.clouddriverService/clouddriverServiceSelector)	gate@v6.69.0 gate-core/src/main/java/com/netflix/spinnaker/gate/services/internal/ClouddriverService.java:68
gate	clouddriver	GET	/applications/{name}/clusters/{account}	ClouddriverService	getClustersForAccount	-	Call<List>	services.clouddriver.baseUrl (GateConfig.clouddriverService/clouddriverServiceSelector)	gate@v6.69.0 gate-core/src/main/java/com/netflix/spinnaker/gate/services/internal/ClouddriverService.java:72
gate	clouddriver	GET	/applications/{name}/clusters/{account}/{cluster}	ClouddriverService	getCluster	-	Call<List>	services.clouddriver.baseUrl (GateConfig.clouddriverService/clouddriverServiceSelector)	gate@v6.69.0 gate-core/src/main/java/com/netflix/spinnaker/gate/services/internal/ClouddriverService.java:76
gate	clouddriver	GET	/applications/{application}/clusters/{account}/{cluster}/{provider}/serverGroups/{serverGroupName}/scalingActivities	ClouddriverService	getScalingActivities	-	Call<List>	services.clouddriver.baseUrl (GateConfig.clouddriverService/clouddriverServiceSelector)	gate@v6.69.0 gate-core/src/main/java/com/netflix/spinnaker/gate/services/internal/ClouddriverService.java:81
gate	clouddriver	GET	/applications/{name}/clusters/{account}/{cluster}/{type}	ClouddriverService	getClusterByType	-	Call<Map>	services.clouddriver.baseUrl (GateConfig.clouddriverService/clouddriverServiceSelector)	gate@v6.69.0 gate-core/src/main/java/com/netflix/spinnaker/gate/services/internal/ClouddriverService.java:92
gate	clouddriver	GET	/applications/{name}/clusters/{account}/{cluster}/{type}/serverGroups/{serverGroupName}	ClouddriverService	getServerGroup	-	Call<List>	services.clouddriver.baseUrl (GateConfig.clouddriverService/clouddriverServiceSelector)	gate@v6.69.0 gate-core/src/main/java/com/netflix/spinnaker/gate/services/internal/ClouddriverService.java:100
gate	clouddriver	GET	/applications/{name}/clusters/{account}/{cluster}/{type}/{scope}/serverGroups/target/{target}	ClouddriverService	getTargetServerGroup	-	Call<Map>	services.clouddriver.baseUrl (GateConfig.clouddriverService/clouddriverServiceSelector)	gate@v6.69.0 gate-core/src/main/java/com/netflix/spinnaker/gate/services/internal/ClouddriverService.java:109
gate	clouddriver	GET	/applications/{name}/rawResources	ClouddriverService	getApplicationRawResources	-	Call<List<Map<String,Object>>>	services.clouddriver.baseUrl (GateConfig.clouddriverService/clouddriverServiceSelector)	gate@v6.69.0 gate-core/src/main/java/com/netflix/spinnaker/gate/services/internal/ClouddriverService.java:122
gate	clouddriver	GET	/applications/{name}/serverGroups	ClouddriverService	getServerGroups	-	Call<List>	services.clouddriver.baseUrl (GateConfig.clouddriverService/clouddriverServiceSelector)	gate@v6.69.0 gate-core/src/main/java/com/netflix/spinnaker/gate/services/internal/ClouddriverService.java:126
gate	clouddriver	GET	/serverGroups	ClouddriverService	getServerGroups	-	Call<List>	services.clouddriver.baseUrl (GateConfig.clouddriverService/clouddriverServiceSelector)	gate@v6.69.0 gate-core/src/main/java/com/netflix/spinnaker/gate/services/internal/ClouddriverService.java:134
gate	clouddriver	POST	/applications/{name}/jobs/{account}/{region}/{jobName}	ClouddriverService	getJobDetails	String	Call<Map>	services.clouddriver.baseUrl (GateConfig.clouddriverService/clouddriverServiceSelector)	gate@v6.69.0 gate-core/src/main/java/com/netflix/spinnaker/gate/services/internal/ClouddriverService.java:141
gate	clouddriver	GET	/applications/{name}/serverGroups/{account}/{region}/{serverGroupName}	ClouddriverService	getServerGroupDetails	-	Call<Map>	services.clouddriver.baseUrl (GateConfig.clouddriverService/clouddriverServiceSelector)	gate@v6.69.0 gate-core/src/main/java/com/netflix/spinnaker/gate/services/internal/ClouddriverService.java:150
gate	clouddriver	GET	/applications/{name}/clusters/{account}/{cluster}/{type}/loadBalancers	ClouddriverService	getClusterLoadBalancers	-	Call<List>	services.clouddriver.baseUrl (GateConfig.clouddriverService/clouddriverServiceSelector)	gate@v6.69.0 gate-core/src/main/java/com/netflix/spinnaker/gate/services/internal/ClouddriverService.java:159
gate	clouddriver	GET	/{provider}/loadBalancers	ClouddriverService	getLoadBalancers	-	Call<List<Map>>	services.clouddriver.baseUrl (GateConfig.clouddriverService/clouddriverServiceSelector)	gate@v6.69.0 gate-core/src/main/java/com/netflix/spinnaker/gate/services/internal/ClouddriverService.java:167
gate	clouddriver	GET	/applications/{name}/loadBalancers	ClouddriverService	getApplicationLoadBalancers	-	Call<List<Map>>	services.clouddriver.baseUrl (GateConfig.clouddriverService/clouddriverServiceSelector)	gate@v6.69.0 gate-core/src/main/java/com/netflix/spinnaker/gate/services/internal/ClouddriverService.java:171
gate	clouddriver	GET	/{provider}/loadBalancers/{name}	ClouddriverService	getLoadBalancer	-	Call<Map>	services.clouddriver.baseUrl (GateConfig.clouddriverService/clouddriverServiceSelector)	gate@v6.69.0 gate-core/src/main/java/com/netflix/spinnaker/gate/services/internal/ClouddriverService.java:175
gate	clouddriver	GET	/{provider}/loadBalancers/{account}/{region}/{name}	ClouddriverService	getLoadBalancerDetails	-	Call<List<Map>>	services.clouddriver.baseUrl (GateConfig.clouddriverService/clouddriverServiceSelector)	gate@v6.69.0 gate-core/src/main/java/com/netflix/spinnaker/gate/services/internal/ClouddriverService.java:179
gate	clouddriver	GET	/instances/{account}/{region}/{instanceId}	ClouddriverService	getInstanceDetails	-	Call<Map>	services.clouddriver.baseUrl (GateConfig.clouddriverService/clouddriverServiceSelector)	gate@v6.69.0 gate-core/src/main/java/com/netflix/spinnaker/gate/services/internal/ClouddriverService.java:187
gate	clouddriver	GET	/instances/{account}/{region}/{instanceId}/console	ClouddriverService	getConsoleOutput	-	Call<Map>	services.clouddriver.baseUrl (GateConfig.clouddriverService/clouddriverServiceSelector)	gate@v6.69.0 gate-core/src/main/java/com/netflix/spinnaker/gate/services/internal/ClouddriverService.java:194
gate	clouddriver	GET	/{provider}/images/{account}/{region}/{imageId}	ClouddriverService	getImageDetails	-	Call<List<Map>>	services.clouddriver.baseUrl (GateConfig.clouddriverService/clouddriverServiceSelector)	gate@v6.69.0 gate-core/src/main/java/com/netflix/spinnaker/gate/services/internal/ClouddriverService.java:202
gate	clouddriver	GET	/projects/{project}/clusters	ClouddriverService	getProjectClusters	-	Call<List<Map>>	services.clouddriver.baseUrl (GateConfig.clouddriverService/clouddriverServiceSelector)	gate@v6.69.0 gate-core/src/main/java/com/netflix/spinnaker/gate/services/internal/ClouddriverService.java:210
gate	clouddriver	GET	/reports/reservation	ClouddriverService	getReservationReports	-	Call<List<Map>>	services.clouddriver.baseUrl (GateConfig.clouddriverService/clouddriverServiceSelector)	gate@v6.69.0 gate-core/src/main/java/com/netflix/spinnaker/gate/services/internal/ClouddriverService.java:214
gate	clouddriver	GET	/reports/reservation/{name}	ClouddriverService	getReservationReports	-	Call<List<Map>>	services.clouddriver.baseUrl (GateConfig.clouddriverService/clouddriverServiceSelector)	gate@v6.69.0 gate-core/src/main/java/com/netflix/spinnaker/gate/services/internal/ClouddriverService.java:218
gate	clouddriver	GET	/{provider}/images/find	ClouddriverService	findImages	-	Call<List<Map>>	services.clouddriver.baseUrl (GateConfig.clouddriverService/clouddriverServiceSelector)	gate@v6.69.0 gate-core/src/main/java/com/netflix/spinnaker/gate/services/internal/ClouddriverService.java:223
gate	clouddriver	GET	/{provider}/images/tags	ClouddriverService	findTags	-	Call<List<String>>	services.clouddriver.baseUrl (GateConfig.clouddriverService/clouddriverServiceSelector)	gate@v6.69.0 gate-core/src/main/java/com/netflix/spinnaker/gate/services/internal/ClouddriverService.java:233
gate	clouddriver	GET	/search	ClouddriverService	search	-	Call<List<Map>>	services.clouddriver.baseUrl (GateConfig.clouddriverService/clouddriverServiceSelector)	gate@v6.69.0 gate-core/src/main/java/com/netflix/spinnaker/gate/services/internal/ClouddriverService.java:240
gate	clouddriver	GET	/securityGroups	ClouddriverService	getSecurityGroups	-	Call<Map>	services.clouddriver.baseUrl (GateConfig.clouddriverService/clouddriverServiceSelector)	gate@v6.69.0 gate-core/src/main/java/com/netflix/spinnaker/gate/services/internal/ClouddriverService.java:249
gate	clouddriver	GET	/securityGroups/{account}/{type}	ClouddriverService	getSecurityGroups	-	Call<Map>	services.clouddriver.baseUrl (GateConfig.clouddriverService/clouddriverServiceSelector)	gate@v6.69.0 gate-core/src/main/java/com/netflix/spinnaker/gate/services/internal/ClouddriverService.java:252
gate	clouddriver	GET	/securityGroups/{account}/{type}	ClouddriverService	getSecurityGroupsForRegion	-	Call<List>	services.clouddriver.baseUrl (GateConfig.clouddriverService/clouddriverServiceSelector)	gate@v6.69.0 gate-core/src/main/java/com/netflix/spinnaker/gate/services/internal/ClouddriverService.java:255
gate	clouddriver	GET	/securityGroups/{account}/{type}/{region}/{name}	ClouddriverService	getSecurityGroup	-	Call<Map>	services.clouddriver.baseUrl (GateConfig.clouddriverService/clouddriverServiceSelector)	gate@v6.69.0 gate-core/src/main/java/com/netflix/spinnaker/gate/services/internal/ClouddriverService.java:259
gate	clouddriver	GET	/applications/{application}/serverGroupManagers	ClouddriverService	getServerGroupManagersForApplication	-	Call<List<Map>>	services.clouddriver.baseUrl (GateConfig.clouddriverService/clouddriverServiceSelector)	gate@v6.69.0 gate-core/src/main/java/com/netflix/spinnaker/gate/services/internal/ClouddriverService.java:267
gate	clouddriver	GET	/instanceTypes	ClouddriverService	getInstanceTypes	-	Call<List<Map>>	services.clouddriver.baseUrl (GateConfig.clouddriverService/clouddriverServiceSelector)	gate@v6.69.0 gate-core/src/main/java/com/netflix/spinnaker/gate/services/internal/ClouddriverService.java:270
gate	clouddriver	GET	/keyPairs	ClouddriverService	getKeyPairs	-	Call<List<Map>>	services.clouddriver.baseUrl (GateConfig.clouddriverService/clouddriverServiceSelector)	gate@v6.69.0 gate-core/src/main/java/com/netflix/spinnaker/gate/services/internal/ClouddriverService.java:273
gate	clouddriver	GET	/subnets	ClouddriverService	getSubnets	-	Call<List<Map>>	services.clouddriver.baseUrl (GateConfig.clouddriverService/clouddriverServiceSelector)	gate@v6.69.0 gate-core/src/main/java/com/netflix/spinnaker/gate/services/internal/ClouddriverService.java:276
gate	clouddriver	GET	/subnets/{cloudProvider}	ClouddriverService	getSubnets	-	Call<List<Map>>	services.clouddriver.baseUrl (GateConfig.clouddriverService/clouddriverServiceSelector)	gate@v6.69.0 gate-core/src/main/java/com/netflix/spinnaker/gate/services/internal/ClouddriverService.java:279
gate	clouddriver	GET	/networks	ClouddriverService	getNetworks	-	Call<Map>	services.clouddriver.baseUrl (GateConfig.clouddriverService/clouddriverServiceSelector)	gate@v6.69.0 gate-core/src/main/java/com/netflix/spinnaker/gate/services/internal/ClouddriverService.java:282
gate	clouddriver	GET	/networks/{cloudProvider}	ClouddriverService	getNetworks	-	Call<List<Map>>	services.clouddriver.baseUrl (GateConfig.clouddriverService/clouddriverServiceSelector)	gate@v6.69.0 gate-core/src/main/java/com/netflix/spinnaker/gate/services/internal/ClouddriverService.java:285
gate	clouddriver	GET	/cloudMetrics/{cloudProvider}/{account}/{region}	ClouddriverService	findAllCloudMetrics	-	Call<List<Map>>	services.clouddriver.baseUrl (GateConfig.clouddriverService/clouddriverServiceSelector)	gate@v6.69.0 gate-core/src/main/java/com/netflix/spinnaker/gate/services/internal/ClouddriverService.java:288
gate	clouddriver	GET	/cloudMetrics/{cloudProvider}/{account}/{region}/{metricName}/statistics	ClouddriverService	getCloudMetricStatistics	-	Call<Map>	services.clouddriver.baseUrl (GateConfig.clouddriverService/clouddriverServiceSelector)	gate@v6.69.0 gate-core/src/main/java/com/netflix/spinnaker/gate/services/internal/ClouddriverService.java:295
gate	clouddriver	GET	/tags	ClouddriverService	listEntityTags	-	Call<List<Map>>	services.clouddriver.baseUrl (GateConfig.clouddriverService/clouddriverServiceSelector)	gate@v6.69.0 gate-core/src/main/java/com/netflix/spinnaker/gate/services/internal/ClouddriverService.java:305
gate	clouddriver	GET	/tags/{id}	ClouddriverService	getEntityTags	-	Call<Map>	services.clouddriver.baseUrl (GateConfig.clouddriverService/clouddriverServiceSelector)	gate@v6.69.0 gate-core/src/main/java/com/netflix/spinnaker/gate/services/internal/ClouddriverService.java:308
gate	clouddriver	GET	/certificates	ClouddriverService	getCertificates	-	Call<List<Map>>	services.clouddriver.baseUrl (GateConfig.clouddriverService/clouddriverServiceSelector)	gate@v6.69.0 gate-core/src/main/java/com/netflix/spinnaker/gate/services/internal/ClouddriverService.java:311
gate	clouddriver	GET	/certificates/{cloudProvider}	ClouddriverService	getCertificates	-	Call<List<Map>>	services.clouddriver.baseUrl (GateConfig.clouddriverService/clouddriverServiceSelector)	gate@v6.69.0 gate-core/src/main/java/com/netflix/spinnaker/gate/services/internal/ClouddriverService.java:314
gate	clouddriver	GET	/v1/data/static/{id}	ClouddriverService	getStaticData	-	Call<ResponseBody>	services.clouddriver.baseUrl (GateConfig.clouddriverService/clouddriverServiceSelector)	gate@v6.69.0 gate-core/src/main/java/com/netflix/spinnaker/gate/services/internal/ClouddriverService.java:318
gate	clouddriver	GET	/v1/data/adhoc/{groupId}/{bucketId}/{objectId}	ClouddriverService	getAdhocData	-	Call<ResponseBody>	services.clouddriver.baseUrl (GateConfig.clouddriverService/clouddriverServiceSelector)	gate@v6.69.0 gate-core/src/main/java/com/netflix/spinnaker/gate/services/internal/ClouddriverService.java:322
gate	clouddriver	GET	/storage	ClouddriverService	getStorageAccounts	-	Call<List<String>>	services.clouddriver.baseUrl (GateConfig.clouddriverService/clouddriverServiceSelector)	gate@v6.69.0 gate-core/src/main/java/com/netflix/spinnaker/gate/services/internal/ClouddriverService.java:328
gate	clouddriver	GET	/artifacts/credentials	ClouddriverService	getArtifactCredentials	-	Call<List<Map>>	services.clouddriver.baseUrl (GateConfig.clouddriverService/clouddriverServiceSelector)	gate@v6.69.0 gate-core/src/main/java/com/netflix/spinnaker/gate/services/internal/ClouddriverService.java:331
gate	clouddriver	PUT	/artifacts/fetch	ClouddriverService	getArtifactContent	Map	Call<ResponseBody>	services.clouddriver.baseUrl (GateConfig.clouddriverService/clouddriverServiceSelector)	gate@v6.69.0 gate-core/src/main/java/com/netflix/spinnaker/gate/services/internal/ClouddriverService.java:335
gate	clouddriver	GET	/artifacts/account/{accountName}/names	ClouddriverService	getArtifactNames	-	Call<List<String>>	services.clouddriver.baseUrl (GateConfig.clouddriverService/clouddriverServiceSelector)	gate@v6.69.0 gate-core/src/main/java/com/netflix/spinnaker/gate/services/internal/ClouddriverService.java:338
gate	clouddriver	GET	/artifacts/account/{accountName}/versions	ClouddriverService	getArtifactVersions	-	Call<List<String>>	services.clouddriver.baseUrl (GateConfig.clouddriverService/clouddriverServiceSelector)	gate@v6.69.0 gate-core/src/main/java/com/netflix/spinnaker/gate/services/internal/ClouddriverService.java:342
gate	clouddriver	GET	/roles/{cloudProvider}	ClouddriverService	getRoles	-	Call<List<Map>>	services.clouddriver.baseUrl (GateConfig.clouddriverService/clouddriverServiceSelector)	gate@v6.69.0 gate-core/src/main/java/com/netflix/spinnaker/gate/services/internal/ClouddriverService.java:348
gate	clouddriver	GET	/ecs/ecsClusters	ClouddriverService	getAllEcsClusters	-	Call<List<Map>>	services.clouddriver.baseUrl (GateConfig.clouddriverService/clouddriverServiceSelector)	gate@v6.69.0 gate-core/src/main/java/com/netflix/spinnaker/gate/services/internal/ClouddriverService.java:351
gate	clouddriver	GET	/ecs/cloudMetrics/alarms	ClouddriverService	getEcsAllMetricAlarms	-	Call<List<Map>>	services.clouddriver.baseUrl (GateConfig.clouddriverService/clouddriverServiceSelector)	gate@v6.69.0 gate-core/src/main/java/com/netflix/spinnaker/gate/services/internal/ClouddriverService.java:354
gate	clouddriver	GET	/ecs/secrets	ClouddriverService	getAllEcsSecrets	-	Call<List<Map>>	services.clouddriver.baseUrl (GateConfig.clouddriverService/clouddriverServiceSelector)	gate@v6.69.0 gate-core/src/main/java/com/netflix/spinnaker/gate/services/internal/ClouddriverService.java:357
gate	clouddriver	GET	/ecs/ecsClusterDescriptions/{account}/{region}	ClouddriverService	getEcsClusterDescriptions	-	Call<List<Map>>	services.clouddriver.baseUrl (GateConfig.clouddriverService/clouddriverServiceSelector)	gate@v6.69.0 gate-core/src/main/java/com/netflix/spinnaker/gate/services/internal/ClouddriverService.java:360
gate	clouddriver	GET	/ecs/serviceDiscoveryRegistries	ClouddriverService	getAllEcsServiceDiscoveryRegistries	-	Call<List<Map>>	services.clouddriver.baseUrl (GateConfig.clouddriverService/clouddriverServiceSelector)	gate@v6.69.0 gate-core/src/main/java/com/netflix/spinnaker/gate/services/internal/ClouddriverService.java:364
gate	clouddriver	GET	/manifests/{account}/{location}/{name}	ClouddriverService	getManifest	-	Call<Map>	services.clouddriver.baseUrl (GateConfig.clouddriverService/clouddriverServiceSelector)	gate@v6.69.0 gate-core/src/main/java/com/netflix/spinnaker/gate/services/internal/ClouddriverService.java:367
gate	clouddriver	GET	/applications/{application}/serverGroups/{account}/{serverGroupName}/events	ClouddriverService	getServerGroupEvents	-	Call<List<Map>>	services.clouddriver.baseUrl (GateConfig.clouddriverService/clouddriverServiceSelector)	gate@v6.69.0 gate-core/src/main/java/com/netflix/spinnaker/gate/services/internal/ClouddriverService.java:373
gate	clouddriver	GET	/servicebroker/{account}/services	ClouddriverService	listServices	-	Call<List<Map>>	services.clouddriver.baseUrl (GateConfig.clouddriverService/clouddriverServiceSelector)	gate@v6.69.0 gate-core/src/main/java/com/netflix/spinnaker/gate/services/internal/ClouddriverService.java:381
gate	clouddriver	GET	/servicebroker/{account}/serviceInstance	ClouddriverService	getServiceInstance	-	Call<Map>	services.clouddriver.baseUrl (GateConfig.clouddriverService/clouddriverServiceSelector)	gate@v6.69.0 gate-core/src/main/java/com/netflix/spinnaker/gate/services/internal/ClouddriverService.java:387
gate	clouddriver	GET	/functions	ClouddriverService	getFunctions	-	Call<List<Map>>	services.clouddriver.baseUrl (GateConfig.clouddriverService/clouddriverServiceSelector)	gate@v6.69.0 gate-core/src/main/java/com/netflix/spinnaker/gate/services/internal/ClouddriverService.java:394
gate	clouddriver	GET	/applications/{name}/functions	ClouddriverService	getApplicationFunctions	-	Call<List<Map>>	services.clouddriver.baseUrl (GateConfig.clouddriverService/clouddriverServiceSelector)	gate@v6.69.0 gate-core/src/main/java/com/netflix/spinnaker/gate/services/internal/ClouddriverService.java:400
gate	clouddriver	GET	/installedPlugins	ClouddriverService	getInstalledPlugins	-	Call<List<SpinnakerPluginDescriptor>>	services.clouddriver.baseUrl (GateConfig.clouddriverService/clouddriverServiceSelector)	gate@v6.69.0 gate-core/src/main/java/com/netflix/spinnaker/gate/services/internal/ClouddriverService.java:403
gate	clouddriver	GET	/artifacts/content-address/{application}/{hash}	ClouddriverService	getStoredArtifact	-	Call<Artifact.StoredView>	services.clouddriver.baseUrl (GateConfig.clouddriverService/clouddriverServiceSelector)	gate@v6.69.0 gate-core/src/main/java/com/netflix/spinnaker/gate/services/internal/ClouddriverService.java:406
gate	echo	POST	/webhooks/{type}/{source}	EchoService	webhooks	Map	Call<Map>	services.echo.baseUrl (GateConfig.echoService)	gate@v6.69.0 gate-core/src/main/java/com/netflix/spinnaker/gate/services/internal/EchoService.java:20
gate	echo	POST	/webhooks/cdevents/{source}	EchoService	webhooks	CloudEvent	Call<ResponseEntity<Void>>	services.echo.baseUrl (GateConfig.echoService)	gate@v6.69.0 gate-core/src/main/java/com/netflix/spinnaker/gate/services/internal/EchoService.java:24
gate	echo	POST	/webhooks/{type}/{source}	EchoService	webhooks	Map	Call<Map>	services.echo.baseUrl (GateConfig.echoService)	gate@v6.69.0 gate-core/src/main/java/com/netflix/spinnaker/gate/services/internal/EchoService.java:35
gate	echo	GET	/validateCronExpression	EchoService	validateCronExpression	-	Call<Map>	services.echo.baseUrl (GateConfig.echoService)	gate@v6.69.0 gate-core/src/main/java/com/netflix/spinnaker/gate/services/internal/EchoService.java:43
gate	echo	GET	/pubsub/subscriptions	EchoService	getPubsubSubscriptions	-	Call<List<Map<String,String>>>	services.echo.baseUrl (GateConfig.echoService)	gate@v6.69.0 gate-core/src/main/java/com/netflix/spinnaker/gate/services/internal/EchoService.java:46
gate	echo	POST	/	EchoService	postEvent	Map	Call<Void>	services.echo.baseUrl (GateConfig.echoService)	gate@v6.69.0 gate-core/src/main/java/com/netflix/spinnaker/gate/services/internal/EchoService.java:49
gate	echo	GET	/quietPeriod	EchoService	getQuietPeriodState	-	Call<Map>	services.echo.baseUrl (GateConfig.echoService)	gate@v6.69.0 gate-core/src/main/java/com/netflix/spinnaker/gate/services/internal/EchoService.java:52
gate	echo	GET	/installedPlugins	EchoService	getInstalledPlugins	-	Call<List<SpinnakerPluginDescriptor>>	services.echo.baseUrl (GateConfig.echoService)	gate@v6.69.0 gate-core/src/main/java/com/netflix/spinnaker/gate/services/internal/EchoService.java:55
gate	echo	GET	/notifications/metadata	EchoService	getNotificationTypeMetadata	-	Call<List>	services.echo.baseUrl (GateConfig.echoService)	gate@v6.69.0 gate-core/src/main/java/com/netflix/spinnaker/gate/services/internal/EchoService.java:58
gate	front50	GET	/credentials	Front50Service	getCredentials	-	Call<List<Map>>	services.front50.baseUrl (GateConfig.front50Service)	gate@v6.69.0 gate-core/src/main/java/com/netflix/spinnaker/gate/services/internal/Front50Service.java:34
gate	front50	GET	/v2/applications?restricted=false	Front50Service	getAllApplicationsUnrestricted	-	Call<List<Map>>	services.front50.baseUrl (GateConfig.front50Service)	gate@v6.69.0 gate-core/src/main/java/com/netflix/spinnaker/gate/services/internal/Front50Service.java:37
gate	front50	GET	/v2/applications/{applicationName}	Front50Service	getApplication	-	Call<Map>	services.front50.baseUrl (GateConfig.front50Service)	gate@v6.69.0 gate-core/src/main/java/com/netflix/spinnaker/gate/services/internal/Front50Service.java:40
gate	front50	GET	/v2/applications/{applicationName}/history	Front50Service	getApplicationHistory	-	Call<List<Map>>	services.front50.baseUrl (GateConfig.front50Service)	gate@v6.69.0 gate-core/src/main/java/com/netflix/spinnaker/gate/services/internal/Front50Service.java:43
gate	front50	GET	/pipelines	Front50Service	getAllPipelineConfigs	-	Call<List<Map>>	services.front50.baseUrl (GateConfig.front50Service)	gate@v6.69.0 gate-core/src/main/java/com/netflix/spinnaker/gate/services/internal/Front50Service.java:47
gate	front50	GET	/pipelines/{app}	Front50Service	getPipelineConfigsForApplication	-	Call<List<Map>>	services.front50.baseUrl (GateConfig.front50Service)	gate@v6.69.0 gate-core/src/main/java/com/netflix/spinnaker/gate/services/internal/Front50Service.java:50
gate	front50	GET	/pipelines/{app}/name/{name}	Front50Service	getPipelineConfigByApplicationAndName	-	Call<Map>	services.front50.baseUrl (GateConfig.front50Service)	gate@v6.69.0 gate-core/src/main/java/com/netflix/spinnaker/gate/services/internal/Front50Service.java:56
gate	front50	GET	/pipelines/{id}/get	Front50Service	getPipelineConfigById	-	Call<Map>	services.front50.baseUrl (GateConfig.front50Service)	gate@v6.69.0 gate-core/src/main/java/com/netflix/spinnaker/gate/services/internal/Front50Service.java:60
gate	front50	DELETE	/pipelines/{app}/{name}	Front50Service	deletePipelineConfig	-	Call<ResponseBody>	services.front50.baseUrl (GateConfig.front50Service)	gate@v6.69.0 gate-core/src/main/java/com/netflix/spinnaker/gate/services/internal/Front50Service.java:63
gate	front50	POST	/pipelines	Front50Service	savePipelineConfig	Map	Call<ResponseBody>	services.front50.baseUrl (GateConfig.front50Service)	gate@v6.69.0 gate-core/src/main/java/com/netflix/spinnaker/gate/services/internal/Front50Service.java:66
gate	front50	POST	/pipelines/move	Front50Service	movePipelineConfig	Map	Call<ResponseBody>	services.front50.baseUrl (GateConfig.front50Service)	gate@v6.69.0 gate-core/src/main/java/com/netflix/spinnaker/gate/services/internal/Front50Service.java:69
gate	front50	GET	/pipelines/{pipelineConfigId}/history	Front50Service	getPipelineConfigHistory	-	Call<List<Map>>	services.front50.baseUrl (GateConfig.front50Service)	gate@v6.69.0 gate-core/src/main/java/com/netflix/spinnaker/gate/services/internal/Front50Service.java:72
gate	front50	PUT	/pipelines/{pipelineId}	Front50Service	updatePipeline	Map	Call<Map>	services.front50.baseUrl (GateConfig.front50Service)	gate@v6.69.0 gate-core/src/main/java/com/netflix/spinnaker/gate/services/internal/Front50Service.java:76
gate	front50	GET	/strategies	Front50Service	getAllStrategyConfigs	-	Call<List<Map>>	services.front50.baseUrl (GateConfig.front50Service)	gate@v6.69.0 gate-core/src/main/java/com/netflix/spinnaker/gate/services/internal/Front50Service.java:79
gate	front50	GET	/strategies/{app}	Front50Service	getStrategyConfigs	-	Call<List<Map>>	services.front50.baseUrl (GateConfig.front50Service)	gate@v6.69.0 gate-core/src/main/java/com/netflix/spinnaker/gate/services/internal/Front50Service.java:82
gate	front50	DELETE	/strategies/{app}/{name}	Front50Service	deleteStrategyConfig	-	Call<ResponseBody>	services.front50.baseUrl (GateConfig.front50Service)	gate@v6.69.0 gate-core/src/main/java/com/netflix/spinnaker/gate/services/internal/Front50Service.java:85
gate	front50	POST	/strategies	Front50Service	saveStrategyConfig	Map	Call<ResponseBody>	services.front50.baseUrl (GateConfig.front50Service)	gate@v6.69.0 gate-core/src/main/java/com/netflix/spinnaker/gate/services/internal/Front50Service.java:88
gate	front50	POST	/strategies/move	Front50Service	moveStrategyConfig	Map	Call<ResponseBody>	services.front50.baseUrl (GateConfig.front50Service)	gate@v6.69.0 gate-core/src/main/java/com/netflix/spinnaker/gate/services/internal/Front50Service.java:91
gate	front50	GET	/strategies/{strategyConfigId}/history	Front50Service	getStrategyConfigHistory	-	Call<List<Map>>	services.front50.baseUrl (GateConfig.front50Service)	gate@v6.69.0 gate-core/src/main/java/com/netflix/spinnaker/gate/services/internal/Front50Service.java:94
gate	front50	PUT	/strategies/{strategyId}	Front50Service	updateStrategy	Map	Call<Map>	services.front50.baseUrl (GateConfig.front50Service)	gate@v6.69.0 gate-core/src/main/java/com/netflix/spinnaker/gate/services/internal/Front50Service.java:98
gate	front50	GET	/pipelineTemplates	Front50Service	getPipelineTemplates	-	Call<List<Map>>	services.front50.baseUrl (GateConfig.front50Service)	gate@v6.69.0 gate-core/src/main/java/com/netflix/spinnaker/gate/services/internal/Front50Service.java:101
gate	front50	GET	/pipelineTemplates/{pipelineTemplateId}	Front50Service	getPipelineTemplate	-	Call<Map>	services.front50.baseUrl (GateConfig.front50Service)	gate@v6.69.0 gate-core/src/main/java/com/netflix/spinnaker/gate/services/internal/Front50Service.java:104
gate	front50	GET	/pipelineTemplates/{pipelineTemplateId}/dependentPipelines	Front50Service	getPipelineTemplateDependents	-	Call<List<Map<String,Object>>>	services.front50.baseUrl (GateConfig.front50Service)	gate@v6.69.0 gate-core/src/main/java/com/netflix/spinnaker/gate/services/internal/Front50Service.java:107
gate	front50	GET	/v2/pipelineTemplates/{pipelineTemplateId}	Front50Service	getV2PipelineTemplate	-	Call<Map>	services.front50.baseUrl (GateConfig.front50Service)	gate@v6.69.0 gate-core/src/main/java/com/netflix/spinnaker/gate/services/internal/Front50Service.java:111
gate	front50	GET	/v2/pipelineTemplates	Front50Service	getV2PipelineTemplates	-	Call<List<Map>>	services.front50.baseUrl (GateConfig.front50Service)	gate@v6.69.0 gate-core/src/main/java/com/netflix/spinnaker/gate/services/internal/Front50Service.java:117
gate	front50	GET	/v2/pipelineTemplates/versions	Front50Service	getV2PipelineTemplatesVersions	-	Call<Map<String,List<Map>>>	services.front50.baseUrl (GateConfig.front50Service)	gate@v6.69.0 gate-core/src/main/java/com/netflix/spinnaker/gate/services/internal/Front50Service.java:120
gate	front50	GET	/v2/pipelineTemplates/{pipelineTemplateId}/dependentPipelines	Front50Service	getV2PipelineTemplateDependents	-	Call<List<Map<String,Object>>>	services.front50.baseUrl (GateConfig.front50Service)	gate@v6.69.0 gate-core/src/main/java/com/netflix/spinnaker/gate/services/internal/Front50Service.java:123
gate	front50	GET	/notifications/{type}/{app}	Front50Service	getNotificationConfigs	-	Call<Map>	services.front50.baseUrl (GateConfig.front50Service)	gate@v6.69.0 gate-core/src/main/java/com/netflix/spinnaker/gate/services/internal/Front50Service.java:127
gate	front50	DELETE	/notifications/{type}/{app}	Front50Service	deleteNotificationConfig	-	Call<ResponseBody>	services.front50.baseUrl (GateConfig.front50Service)	gate@v6.69.0 gate-core/src/main/java/com/netflix/spinnaker/gate/services/internal/Front50Service.java:130
gate	front50	POST	/notifications/{type}/{app}	Front50Service	saveNotificationConfig	Map	Call<ResponseBody>	services.front50.baseUrl (GateConfig.front50Service)	gate@v6.69.0 gate-core/src/main/java/com/netflix/spinnaker/gate/services/internal/Front50Service.java:133
gate	front50	GET	/v2/projects	Front50Service	getAllProjects	-	Call<List<Map>>	services.front50.baseUrl (GateConfig.front50Service)	gate@v6.69.0 gate-core/src/main/java/com/netflix/spinnaker/gate/services/internal/Front50Service.java:137
gate	front50	GET	/v2/projects/{projectId}	Front50Service	getProject	-	Call<Map>	services.front50.baseUrl (GateConfig.front50Service)	gate@v6.69.0 gate-core/src/main/java/com/netflix/spinnaker/gate/services/internal/Front50Service.java:140
gate	front50	GET	/snapshots/{id}	Front50Service	getCurrentSnapshot	-	Call<Map>	services.front50.baseUrl (GateConfig.front50Service)	gate@v6.69.0 gate-core/src/main/java/com/netflix/spinnaker/gate/services/internal/Front50Service.java:143
gate	front50	GET	/snapshots/{id}/history	Front50Service	getSnapshotHistory	-	Call<List<Map>>	services.front50.baseUrl (GateConfig.front50Service)	gate@v6.69.0 gate-core/src/main/java/com/netflix/spinnaker/gate/services/internal/Front50Service.java:146
gate	front50	GET	/serviceAccounts	Front50Service	getServiceAccounts	-	Call<List<ServiceAccount>>	services.front50.baseUrl (GateConfig.front50Service)	gate@v6.69.0 gate-core/src/main/java/com/netflix/spinnaker/gate/services/internal/Front50Service.java:149
gate	front50	GET	/deliveries	Front50Service	getDeliveries	-	Call<List<Map>>	services.front50.baseUrl (GateConfig.front50Service)	gate@v6.69.0 gate-core/src/main/java/com/netflix/spinnaker/gate/services/internal/Front50Service.java:152
gate	front50	GET	/deliveries/{id}	Front50Service	getDelivery	-	Call<Map>	services.front50.baseUrl (GateConfig.front50Service)	gate@v6.69.0 gate-core/src/main/java/com/netflix/spinnaker/gate/services/internal/Front50Service.java:155
gate	front50	GET	/pluginInfo	Front50Service	getPluginInfo	-	Call<List<Map>>	services.front50.baseUrl (GateConfig.front50Service)	gate@v6.69.0 gate-core/src/main/java/com/netflix/spinnaker/gate/services/internal/Front50Service.java:158
gate	front50	GET	/installedPlugins	Front50Service	getInstalledPlugins	-	Call<List<SpinnakerPluginDescriptor>>	services.front50.baseUrl (GateConfig.front50Service)	gate@v6.69.0 gate-core/src/main/java/com/netflix/spinnaker/gate/services/internal/Front50Service.java:161
gate	igor	GET	/masters	IgorService	getBuildMasters	-	Call<List<String>>	services.igor.baseUrl (GateConfig.igorService)	gate@v6.69.0 gate-core/src/main/java/com/netflix/spinnaker/gate/services/internal/IgorService.java:12
gate	igor	GET	/masters	IgorService	getBuildMasters	-	Call<List<String>>	services.igor.baseUrl (GateConfig.igorService)	gate@v6.69.0 gate-core/src/main/java/com/netflix/spinnaker/gate/services/internal/IgorService.java:22
gate	igor	GET	/jobs/{buildMaster}	IgorService	getJobsForBuildMaster	-	Call<List<String>>	services.igor.baseUrl (GateConfig.igorService)	gate@v6.69.0 gate-core/src/main/java/com/netflix/spinnaker/gate/services/internal/IgorService.java:25
gate	igor	GET	/jobs/{buildMaster}/{job}	IgorService	getJobConfig	-	Call<Map>	services.igor.baseUrl (GateConfig.igorService)	gate@v6.69.0 gate-core/src/main/java/com/netflix/spinnaker/gate/services/internal/IgorService.java:28
gate	igor	GET	/builds/all/{buildMaster}/{job}	IgorService	getBuilds	-	Call<List<Map>>	services.igor.baseUrl (GateConfig.igorService)	gate@v6.69.0 gate-core/src/main/java/com/netflix/spinnaker/gate/services/internal/IgorService.java:32
gate	igor	GET	/builds/status/{number}/{buildMaster}/{job}	IgorService	getBuild	-	Call<Map>	services.igor.baseUrl (GateConfig.igorService)	gate@v6.69.0 gate-core/src/main/java/com/netflix/spinnaker/gate/services/internal/IgorService.java:36
gate	igor	GET	/artifactory/names	IgorService	getArtifactoryNames	-	Call<List<String>>	services.igor.baseUrl (GateConfig.igorService)	gate@v6.69.0 gate-core/src/main/java/com/netflix/spinnaker/gate/services/internal/IgorService.java:42
gate	igor	GET	/nexus/names	IgorService	getNexusNames	-	Call<List<String>>	services.igor.baseUrl (GateConfig.igorService)	gate@v6.69.0 gate-core/src/main/java/com/netflix/spinnaker/gate/services/internal/IgorService.java:45
gate	igor	GET	/concourse/{buildMaster}/teams	IgorService	getConcourseTeams	-	Call<List<String>>	services.igor.baseUrl (GateConfig.igorService)	gate@v6.69.0 gate-core/src/main/java/com/netflix/spinnaker/gate/services/internal/IgorService.java:48
gate	igor	GET	/concourse/{buildMaster}/teams/{team}/pipelines	IgorService	getConcoursePipelines	-	Call<List<String>>	services.igor.baseUrl (GateConfig.igorService)	gate@v6.69.0 gate-core/src/main/java/com/netflix/spinnaker/gate/services/internal/IgorService.java:51
gate	igor	GET	/concourse/{buildMaster}/teams/{team}/pipelines/{pipeline}/jobs	IgorService	getConcourseJobs	-	Call<List<String>>	services.igor.baseUrl (GateConfig.igorService)	gate@v6.69.0 gate-core/src/main/java/com/netflix/spinnaker/gate/services/internal/IgorService.java:55
gate	igor	GET	/gcb/accounts	IgorService	getGoogleCloudBuildAccounts	-	Call<List<String>>	services.igor.baseUrl (GateConfig.igorService)	gate@v6.69.0 gate-core/src/main/java/com/netflix/spinnaker/gate/services/internal/IgorService.java:61
gate	igor	GET	/gcb/triggers/{account}	IgorService	getGoogleCloudBuildTriggers	-	Call<List<GoogleCloudBuildTrigger>>	services.igor.baseUrl (GateConfig.igorService)	gate@v6.69.0 gate-core/src/main/java/com/netflix/spinnaker/gate/services/internal/IgorService.java:64
gate	igor	GET	/codebuild/accounts	IgorService	getAwsCodeBuildAccounts	-	Call<List<String>>	services.igor.baseUrl (GateConfig.igorService)	gate@v6.69.0 gate-core/src/main/java/com/netflix/spinnaker/gate/services/internal/IgorService.java:67
gate	igor	GET	/codebuild/projects/{account}	IgorService	getAwsCodeBuildProjects	-	Call<List<String>>	services.igor.baseUrl (GateConfig.igorService)	gate@v6.69.0 gate-core/src/main/java/com/netflix/spinnaker/gate/services/internal/IgorService.java:70
gate	igor	GET	/artifacts/{provider}/{packageName}	IgorService	getArtifactVersions	-	Call<List<String>>	services.igor.baseUrl (GateConfig.igorService)	gate@v6.69.0 gate-core/src/main/java/com/netflix/spinnaker/gate/services/internal/IgorService.java:73
gate	igor	GET	/artifacts/{provider}/{packageName}/{version}	IgorService	getArtifactByVersion	-	Call<Map<String,Object>>	services.igor.baseUrl (GateConfig.igorService)	gate@v6.69.0 gate-core/src/main/java/com/netflix/spinnaker/gate/services/internal/IgorService.java:79
gate	igor	GET	/concourse/{buildMaster}/teams/{team}/pipelines/{pipeline}/resources	IgorService	getConcourseResources	-	Call<List<String>>	services.igor.baseUrl (GateConfig.igorService)	gate@v6.69.0 gate-core/src/main/java/com/netflix/spinnaker/gate/services/internal/IgorService.java:85
gate	igor	GET	/ci/builds	IgorService	getBuilds	-	Call<List<Map<String,Object>>>	services.igor.baseUrl (GateConfig.igorService)	gate@v6.69.0 gate-core/src/main/java/com/netflix/spinnaker/gate/services/internal/IgorService.java:91
gate	igor	GET	/ci/builds/{buildId}/output	IgorService	getBuildOutput	-	Call<Map<String,Object>>	services.igor.baseUrl (GateConfig.igorService)	gate@v6.69.0 gate-core/src/main/java/com/netflix/spinnaker/gate/services/internal/IgorService.java:99
gate	igor	GET	/installedPlugins	IgorService	getInstalledPlugins	-	Call<List<SpinnakerPluginDescriptor>>	services.igor.baseUrl (GateConfig.igorService)	gate@v6.69.0 gate-core/src/main/java/com/netflix/spinnaker/gate/services/internal/IgorService.java:102
gate	keel	POST	/graphql	KeelService	graphql	GraphQLRequest	Call<Map<String,Object>>	services.keel.baseUrl (GateConfig.keelService)	gate@v6.69.0 gate-core/src/main/java/com/netflix/spinnaker/gate/services/internal/KeelService.java:46
gate	keel	GET	/resources/events/{name}	KeelService	getResourceEvents	-	Call<List<Map<String,Object>>>	services.keel.baseUrl (GateConfig.keelService)	gate@v6.69.0 gate-core/src/main/java/com/netflix/spinnaker/gate/services/internal/KeelService.java:50
gate	keel	GET	/resources/{name}	KeelService	getResource	-	Call<Resource>	services.keel.baseUrl (GateConfig.keelService)	gate@v6.69.0 gate-core/src/main/java/com/netflix/spinnaker/gate/services/internal/KeelService.java:54
gate	keel	GET	/resources/{name}	KeelService	getResourceYaml	-	Call<Resource>	services.keel.baseUrl (GateConfig.keelService)	gate@v6.69.0 gate-core/src/main/java/com/netflix/spinnaker/gate/services/internal/KeelService.java:57
gate	keel	GET	/resources/{name}/status	KeelService	getResourceStatus	-	Call<String>	services.keel.baseUrl (GateConfig.keelService)	gate@v6.69.0 gate-core/src/main/java/com/netflix/spinnaker/gate/services/internal/KeelService.java:61
gate	keel	POST	/resources	KeelService	upsertResource	Resource	Call<Resource>	services.keel.baseUrl (GateConfig.keelService)	gate@v6.69.0 gate-core/src/main/java/com/netflix/spinnaker/gate/services/internal/KeelService.java:64
gate	keel	POST	/resources/diff	KeelService	diffResource	Resource	Call<Map>	services.keel.baseUrl (GateConfig.keelService)	gate@v6.69.0 gate-core/src/main/java/com/netflix/spinnaker/gate/services/internal/KeelService.java:67
gate	keel	DELETE	/resources/{name}	KeelService	deleteResource	-	Call<Resource>	services.keel.baseUrl (GateConfig.keelService)	gate@v6.69.0 gate-core/src/main/java/com/netflix/spinnaker/gate/services/internal/KeelService.java:70
gate	keel	GET	/delivery-configs/{name}	KeelService	getManifest	-	Call<DeliveryConfig>	services.keel.baseUrl (GateConfig.keelService)	gate@v6.69.0 gate-core/src/main/java/com/netflix/spinnaker/gate/services/internal/KeelService.java:73
gate	keel	GET	/delivery-configs/{name}	KeelService	getManifestYaml	-	Call<DeliveryConfig>	services.keel.baseUrl (GateConfig.keelService)	gate@v6.69.0 gate-core/src/main/java/com/netflix/spinnaker/gate/services/internal/KeelService.java:76
gate	keel	GET	/delivery-configs/{name}/artifacts	KeelService	getManifestArtifacts	-	Call<List<Map<String,Object>>>	services.keel.baseUrl (GateConfig.keelService)	gate@v6.69.0 gate-core/src/main/java/com/netflix/spinnaker/gate/services/internal/KeelService.java:80
gate	keel	POST	/delivery-configs	KeelService	upsertManifest	DeliveryConfig	Call<DeliveryConfig>	services.keel.baseUrl (GateConfig.keelService)	gate@v6.69.0 gate-core/src/main/java/com/netflix/spinnaker/gate/services/internal/KeelService.java:83
gate	keel	DELETE	/delivery-configs/{name}	KeelService	deleteManifest	-	Call<DeliveryConfig>	services.keel.baseUrl (GateConfig.keelService)	gate@v6.69.0 gate-core/src/main/java/com/netflix/spinnaker/gate/services/internal/KeelService.java:87
gate	keel	DELETE	/application/{application}/config	KeelService	deleteManifestByAppName	-	Call<DeliveryConfig>	services.keel.baseUrl (GateConfig.keelService)	gate@v6.69.0 gate-core/src/main/java/com/netflix/spinnaker/gate/services/internal/KeelService.java:90
gate	keel	POST	/delivery-configs/diff	KeelService	diffManifest	DeliveryConfig	Call<List<Map>>	services.keel.baseUrl (GateConfig.keelService)	gate@v6.69.0 gate-core/src/main/java/com/netflix/spinnaker/gate/services/internal/KeelService.java:93
gate	keel	GET	/delivery-configs/schema	KeelService	schema	-	Call<Map<String,Object>>	services.keel.baseUrl (GateConfig.keelService)	gate@v6.69.0 gate-core/src/main/java/com/netflix/spinnaker/gate/services/internal/KeelService.java:96
gate	keel	POST	/delivery-configs/validate	KeelService	validateManifest	DeliveryConfig	Call<Map>	services.keel.baseUrl (GateConfig.keelService)	gate@v6.69.0 gate-core/src/main/java/com/netflix/spinnaker/gate/services/internal/KeelService.java:99
gate	keel	GET	/application/{application}/config	KeelService	getConfigBy	-	Call<DeliveryConfig>	services.keel.baseUrl (GateConfig.keelService)	gate@v6.69.0 gate-core/src/main/java/com/netflix/spinnaker/gate/services/internal/KeelService.java:103
gate	keel	GET	/application/{application}/environment/{environment}/constraints	KeelService	getConstraintState	-	Call<List<ConstraintState>>	services.keel.baseUrl (GateConfig.keelService)	gate@v6.69.0 gate-core/src/main/java/com/netflix/spinnaker/gate/services/internal/KeelService.java:106
gate	keel	POST	/application/{application}/environment/{environment}/constraint	KeelService	updateConstraintStatus	ConstraintStatus	Call<ResponseBody>	services.keel.baseUrl (GateConfig.keelService)	gate@v6.69.0 gate-core/src/main/java/com/netflix/spinnaker/gate/services/internal/KeelService.java:112
gate	keel	GET	/application/{application}	KeelService	getApplicationDetails	-	Call<Map>	services.keel.baseUrl (GateConfig.keelService)	gate@v6.69.0 gate-core/src/main/java/com/netflix/spinnaker/gate/services/internal/KeelService.java:118
gate	keel	POST	/application/{application}/pause	KeelService	pauseApplication	Map	Call<ResponseBody>	services.keel.baseUrl (GateConfig.keelService)	gate@v6.69.0 gate-core/src/main/java/com/netflix/spinnaker/gate/services/internal/KeelService.java:125
gate	keel	DELETE	/application/{application}/pause	KeelService	resumeApplication	-	Call<ResponseBody>	services.keel.baseUrl (GateConfig.keelService)	gate@v6.69.0 gate-core/src/main/java/com/netflix/spinnaker/gate/services/internal/KeelService.java:129
gate	keel	POST	/resources/{name}/pause	KeelService	pauseResource	Map	Call<ResponseBody>	services.keel.baseUrl (GateConfig.keelService)	gate@v6.69.0 gate-core/src/main/java/com/netflix/spinnaker/gate/services/internal/KeelService.java:132
gate	keel	DELETE	/resources/{name}/pause	KeelService	resumeResource	-	Call<ResponseBody>	services.keel.baseUrl (GateConfig.keelService)	gate@v6.69.0 gate-core/src/main/java/com/netflix/spinnaker/gate/services/internal/KeelService.java:135
gate	keel	GET	/export/{cloudProvider}/{account}/{type}/{name}	KeelService	exportResource	-	Call<Resource>	services.keel.baseUrl (GateConfig.keelService)	gate@v6.69.0 gate-core/src/main/java/com/netflix/spinnaker/gate/services/internal/KeelService.java:138
gate	keel	GET	/export/artifact/{cloudProvider}/{account}/{clusterName}	KeelService	exportArtifact	-	Call<Map<String,Object>>	services.keel.baseUrl (GateConfig.keelService)	gate@v6.69.0 gate-core/src/main/java/com/netflix/spinnaker/gate/services/internal/KeelService.java:146
gate	keel	POST	/application/{application}/pin	KeelService	pin	EnvironmentArtifactPin	Call<ResponseBody>	services.keel.baseUrl (GateConfig.keelService)	gate@v6.69.0 gate-core/src/main/java/com/netflix/spinnaker/gate/services/internal/KeelService.java:152
gate	keel	DELETE	/application/{application}/pin/{targetEnvironment}	KeelService	deletePinForEnvironment	-	Call<ResponseBody>	services.keel.baseUrl (GateConfig.keelService)	gate@v6.69.0 gate-core/src/main/java/com/netflix/spinnaker/gate/services/internal/KeelService.java:155
gate	keel	POST	/application/{application}/veto	KeelService	veto	EnvironmentArtifactVeto	Call<ResponseBody>	services.keel.baseUrl (GateConfig.keelService)	gate@v6.69.0 gate-core/src/main/java/com/netflix/spinnaker/gate/services/internal/KeelService.java:161
gate	keel	POST	/application/{application}/mark/bad	KeelService	markBad	EnvironmentArtifactVeto	Call<ResponseBody>	services.keel.baseUrl (GateConfig.keelService)	gate@v6.69.0 gate-core/src/main/java/com/netflix/spinnaker/gate/services/internal/KeelService.java:165
gate	keel	DELETE	/application/{application}/veto/{targetEnvironment}/{reference}/{version}	KeelService	deleteVeto	-	Call<ResponseBody>	services.keel.baseUrl (GateConfig.keelService)	gate@v6.69.0 gate-core/src/main/java/com/netflix/spinnaker/gate/services/internal/KeelService.java:169
gate	keel	POST	/application/{application}/mark/good	KeelService	markGood	EnvironmentArtifactVeto	Call<ResponseBody>	services.keel.baseUrl (GateConfig.keelService)	gate@v6.69.0 gate-core/src/main/java/com/netflix/spinnaker/gate/services/internal/KeelService.java:176
gate	keel	POST	/application/{application}/environment/{environment}/verifications	KeelService	overrideVerification	OverrideVerificationRequest	Call<ResponseBody>	services.keel.baseUrl (GateConfig.keelService)	gate@v6.69.0 gate-core/src/main/java/com/netflix/spinnaker/gate/services/internal/KeelService.java:180
gate	keel	POST	/application/{application}/environment/{environment}/verifications/retry	KeelService	retryVerification	RetryVerificationRequest	Call<ResponseBody>	services.keel.baseUrl (GateConfig.keelService)	gate@v6.69.0 gate-core/src/main/java/com/netflix/spinnaker/gate/services/internal/KeelService.java:186
gate	keel	GET	/installedPlugins	KeelService	getInstalledPlugins	-	Call<List<SpinnakerPluginDescriptor>>	services.keel.baseUrl (GateConfig.keelService)	gate@v6.69.0 gate-core/src/main/java/com/netflix/spinnaker/gate/services/internal/KeelService.java:192
gate	keel	GET	/reports/onboarding	KeelService	getOnboardingReport	-	Call<ResponseBody>	services.keel.baseUrl (GateConfig.keelService)	gate@v6.69.0 gate-core/src/main/java/com/netflix/spinnaker/gate/services/internal/KeelService.java:195
gate	keel	GET	/reports/adoption	KeelService	getAdoptionReport	-	Call<ResponseBody>	services.keel.baseUrl (GateConfig.keelService)	gate@v6.69.0 gate-core/src/main/java/com/netflix/spinnaker/gate/services/internal/KeelService.java:199
gate	keel	GET	/environments/{application}	KeelService	getEnvironments	-	Call<List<Map<String,Object>>>	services.keel.baseUrl (GateConfig.keelService)	gate@v6.69.0 gate-core/src/main/java/com/netflix/spinnaker/gate/services/internal/KeelService.java:203
gate	orca	POST	/ops	OrcaService	doOperation	Map<String,Object>	Call<Map>	services.orca.baseUrl (GateConfig.orcaServiceSelector)	gate@v6.69.0 gate-core/src/main/java/com/netflix/spinnaker/gate/services/internal/OrcaService.java:20
gate	orca	GET	/applications/{application}/tasks	OrcaService	getTasks	-	Call<List>	services.orca.baseUrl (GateConfig.orcaServiceSelector)	gate@v6.69.0 gate-core/src/main/java/com/netflix/spinnaker/gate/services/internal/OrcaService.java:24
gate	orca	GET	/v2/applications/{application}/pipelines	OrcaService	getPipelines	-	Call<List>	services.orca.baseUrl (GateConfig.orcaServiceSelector)	gate@v6.69.0 gate-core/src/main/java/com/netflix/spinnaker/gate/services/internal/OrcaService.java:32
gate	orca	GET	/projects/{projectId}/pipelines	OrcaService	getPipelinesForProject	-	Call<List<Map>>	services.orca.baseUrl (GateConfig.orcaServiceSelector)	gate@v6.69.0 gate-core/src/main/java/com/netflix/spinnaker/gate/services/internal/OrcaService.java:40
gate	orca	GET	/tasks/{id}	OrcaService	getTask	-	Call<Map>	services.orca.baseUrl (GateConfig.orcaServiceSelector)	gate@v6.69.0 gate-core/src/main/java/com/netflix/spinnaker/gate/services/internal/OrcaService.java:47
gate	orca	DELETE	/tasks/{id}	OrcaService	deleteTask	-	Call<Map>	services.orca.baseUrl (GateConfig.orcaServiceSelector)	gate@v6.69.0 gate-core/src/main/java/com/netflix/spinnaker/gate/services/internal/OrcaService.java:51
gate	orca	PUT	/tasks/{id}/cancel	OrcaService	cancelTask	String	Call<Map>	services.orca.baseUrl (GateConfig.orcaServiceSelector)	gate@v6.69.0 gate-core/src/main/java/com/netflix/spinnaker/gate/services/internal/OrcaService.java:55
gate	orca	PUT	/tasks/cancel	OrcaService	cancelTasks	List<String>	Call<Map>	services.orca.baseUrl (GateConfig.orcaServiceSelector)	gate@v6.69.0 gate-core/src/main/java/com/netflix/spinnaker/gate/services/internal/OrcaService.java:59
gate	orca	GET	/pipelines	OrcaService	getSubsetOfExecutions	-	Call<List>	services.orca.baseUrl (GateConfig.orcaServiceSelector)	gate@v6.69.0 gate-core/src/main/java/com/netflix/spinnaker/gate/services/internal/OrcaService.java:63
gate	orca	GET	/applications/{application}/pipelines/search	OrcaService	searchForPipelineExecutionsByTrigger	-	Call<List>	services.orca.baseUrl (GateConfig.orcaServiceSelector)	gate@v6.69.0 gate-core/src/main/java/com/netflix/spinnaker/gate/services/internal/OrcaService.java:72
gate	orca	GET	/pipelines/{id}	OrcaService	getPipeline	-	Call<Map>	services.orca.baseUrl (GateConfig.orcaServiceSelector)	gate@v6.69.0 gate-core/src/main/java/com/netflix/spinnaker/gate/services/internal/OrcaService.java:88
gate	orca	PUT	/pipelines/{id}/cancel	OrcaService	cancelPipeline	String	Call<Void>	services.orca.baseUrl (GateConfig.orcaServiceSelector)	gate@v6.69.0 gate-core/src/main/java/com/netflix/spinnaker/gate/services/internal/OrcaService.java:92
gate	orca	PUT	/pipelines/{id}/pause	OrcaService	pausePipeline	String	Call<Void>	services.orca.baseUrl (GateConfig.orcaServiceSelector)	gate@v6.69.0 gate-core/src/main/java/com/netflix/spinnaker/gate/services/internal/OrcaService.java:100
gate	orca	PUT	/pipelines/{id}/resume	OrcaService	resumePipeline	String	Call<Void>	services.orca.baseUrl (GateConfig.orcaServiceSelector)	gate@v6.69.0 gate-core/src/main/java/com/netflix/spinnaker/gate/services/internal/OrcaService.java:104
gate	orca	DELETE	/pipelines/{id}	OrcaService	deletePipeline	-	Call<Void>	services.orca.baseUrl (GateConfig.orcaServiceSelector)	gate@v6.69.0 gate-core/src/main/java/com/netflix/spinnaker/gate/services/internal/OrcaService.java:108
gate	orca	PUT	/pipelines/{executionId}/stages/{stageId}/restart	OrcaService	restartPipelineStage	Map	Call<Map>	services.orca.baseUrl (GateConfig.orcaServiceSelector)	gate@v6.69.0 gate-core/src/main/java/com/netflix/spinnaker/gate/services/internal/OrcaService.java:112
gate	orca	POST	/orchestrate	OrcaService	startPipeline	Map	Call<Map>	services.orca.baseUrl (GateConfig.orcaServiceSelector)	gate@v6.69.0 gate-core/src/main/java/com/netflix/spinnaker/gate/services/internal/OrcaService.java:119
gate	orca	PATCH	/pipelines/{executionId}/stages/{stageId}	OrcaService	updatePipelineStage	Map	Call<Map>	services.orca.baseUrl (GateConfig.orcaServiceSelector)	gate@v6.69.0 gate-core/src/main/java/com/netflix/spinnaker/gate/services/internal/OrcaService.java:123
gate	orca	GET	/pipelines/{id}/evaluateExpression	OrcaService	evaluateExpressionForExecution	-	Call<Map>	services.orca.baseUrl (GateConfig.orcaServiceSelector)	gate@v6.69.0 gate-core/src/main/java/com/netflix/spinnaker/gate/services/internal/OrcaService.java:128
gate	orca	GET	/pipelines/{id}/{stageId}/evaluateExpression	OrcaService	evaluateExpressionForExecutionAtStage	-	Call<Map>	services.orca.baseUrl (GateConfig.orcaServiceSelector)	gate@v6.69.0 gate-core/src/main/java/com/netflix/spinnaker/gate/services/internal/OrcaService.java:133
gate	orca	POST	/pipelines/{id}/evaluateVariables	OrcaService	evaluateVariables	List<Map<String,String>>	Call<Map>	services.orca.baseUrl (GateConfig.orcaServiceSelector)	gate@v6.69.0 gate-core/src/main/java/com/netflix/spinnaker/gate/services/internal/OrcaService.java:140
gate	orca	GET	/webhooks/preconfigured	OrcaService	preconfiguredWebhooks	-	Call<List>	services.orca.baseUrl (GateConfig.orcaServiceSelector)	gate@v6.69.0 gate-core/src/main/java/com/netflix/spinnaker/gate/services/internal/OrcaService.java:148
gate	orca	GET	/jobs/preconfigured	OrcaService	getPreconfiguredJobs	-	Call<List>	services.orca.baseUrl (GateConfig.orcaServiceSelector)	gate@v6.69.0 gate-core/src/main/java/com/netflix/spinnaker/gate/services/internal/OrcaService.java:152
gate	orca	GET	/pipelineTemplate	OrcaService	resolvePipelineTemplate	-	Call<Map>	services.orca.baseUrl (GateConfig.orcaServiceSelector)	gate@v6.69.0 gate-core/src/main/java/com/netflix/spinnaker/gate/services/internal/OrcaService.java:156
gate	orca	POST	/convertPipelineToTemplate	OrcaService	convertToPipelineTemplate	Map<String,?extendsObject>	Call<ResponseBody>	services.orca.baseUrl (GateConfig.orcaServiceSelector)	gate@v6.69.0 gate-core/src/main/java/com/netflix/spinnaker/gate/services/internal/OrcaService.java:162
gate	orca	POST	/v2/pipelineTemplates/plan	OrcaService	plan	Map<String,Object>	Call<Map<String,Object>>	services.orca.baseUrl (GateConfig.orcaServiceSelector)	gate@v6.69.0 gate-core/src/main/java/com/netflix/spinnaker/gate/services/internal/OrcaService.java:166
gate	orca	POST	/concourse/stage/start	OrcaService	concourseStageExecution	String	Call<ResponseBody>	services.orca.baseUrl (GateConfig.orcaServiceSelector)	gate@v6.69.0 gate-core/src/main/java/com/netflix/spinnaker/gate/services/internal/OrcaService.java:169
gate	orca	GET	/capabilities/deploymentMonitors	OrcaService	getDeploymentMonitors	-	Call<List<Object>>	services.orca.baseUrl (GateConfig.orcaServiceSelector)	gate@v6.69.0 gate-core/src/main/java/com/netflix/spinnaker/gate/services/internal/OrcaService.java:176
gate	orca	GET	/capabilities/expressions	OrcaService	getExpressionCapabilities	-	Call<Map>	services.orca.baseUrl (GateConfig.orcaServiceSelector)	gate@v6.69.0 gate-core/src/main/java/com/netflix/spinnaker/gate/services/internal/OrcaService.java:179
gate	orca	GET	/installedPlugins	OrcaService	getInstalledPlugins	-	Call<List<SpinnakerPluginDescriptor>>	services.orca.baseUrl (GateConfig.orcaServiceSelector)	gate@v6.69.0 gate-core/src/main/java/com/netflix/spinnaker/gate/services/internal/OrcaService.java:182
gate	rosco	GET	/bakeOptions	RoscoService	bakeOptions	-	Call<List>	services.rosco.baseUrl (GateConfig.roscoService/roscoServiceSelector)	gate@v6.69.0 gate-core/src/main/java/com/netflix/spinnaker/gate/services/internal/RoscoService.java:12
gate	rosco	GET	/bakeOptions/{cloudProvider}	RoscoService	bakeOptions	-	Call<Map>	services.rosco.baseUrl (GateConfig.roscoService/roscoServiceSelector)	gate@v6.69.0 gate-core/src/main/java/com/netflix/spinnaker/gate/services/internal/RoscoService.java:15
gate	rosco	GET	/api/v1/{region}/logs/{statusId}	RoscoService	lookupLogs	-	Call<Map>	services.rosco.baseUrl (GateConfig.roscoService/roscoServiceSelector)	gate@v6.69.0 gate-core/src/main/java/com/netflix/spinnaker/gate/services/internal/RoscoService.java:19
gate	rosco	GET	/installedPlugins	RoscoService	getInstalledPlugins	-	Call<List<SpinnakerPluginDescriptor>>	services.rosco.baseUrl (GateConfig.roscoService/roscoServiceSelector)	gate@v6.69.0 gate-core/src/main/java/com/netflix/spinnaker/gate/services/internal/RoscoService.java:22
gate	fiat	GET	/authorize/{userId}/serviceAccounts?expand=true	ExtendedFiatService	getUserServiceAccounts	-	Call<List<UserPermission.View>>	services.fiat.baseUrl (GateConfig.extendedFiatService)	gate@v6.69.0 gate-core/src/main/java/com/netflix/spinnaker/gate/services/internal/ExtendedFiatService.java:28
gate	fiat	GET	/installedPlugins	ExtendedFiatService	getInstalledPlugins	-	Call<List<SpinnakerPluginDescriptor>>	services.fiat.baseUrl (GateConfig.extendedFiatService)	gate@v6.69.0 gate-core/src/main/java/com/netflix/spinnaker/gate/services/internal/ExtendedFiatService.java:31
gate	kayenta	GET	/credentials	KayentaService	getCredentials	-	Call<List>	services.kayenta.baseUrl (GateConfig.kayentaService)	gate@v6.69.0 gate-web/src/main/groovy/com/netflix/spinnaker/gate/services/internal/KayentaService.groovy:31
gate	kayenta	GET	/canaryConfig	KayentaService	getCanaryConfigs	-	Call<List>	services.kayenta.baseUrl (GateConfig.kayentaService)	gate@v6.69.0 gate-web/src/main/groovy/com/netflix/spinnaker/gate/services/internal/KayentaService.groovy:34
gate	kayenta	GET	/canaryConfig/{id}	KayentaService	getCanaryConfig	-	Call<Map>	services.kayenta.baseUrl (GateConfig.kayentaService)	gate@v6.69.0 gate-web/src/main/groovy/com/netflix/spinnaker/gate/services/internal/KayentaService.groovy:38
gate	kayenta	POST	/canaryConfig	KayentaService	createCanaryConfig	Map	Call<Map>	services.kayenta.baseUrl (GateConfig.kayentaService)	gate@v6.69.0 gate-web/src/main/groovy/com/netflix/spinnaker/gate/services/internal/KayentaService.groovy:42
gate	kayenta	PUT	/canaryConfig/{id}	KayentaService	updateCanaryConfig	Map	Call<Map>	services.kayenta.baseUrl (GateConfig.kayentaService)	gate@v6.69.0 gate-web/src/main/groovy/com/netflix/spinnaker/gate/services/internal/KayentaService.groovy:46
gate	kayenta	DELETE	/canaryConfig/{id}	KayentaService	deleteCanaryConfig	-	Call<ResponseBody>	services.kayenta.baseUrl (GateConfig.kayentaService)	gate@v6.69.0 gate-web/src/main/groovy/com/netflix/spinnaker/gate/services/internal/KayentaService.groovy:51
gate	kayenta	GET	/metadata/metricsService	KayentaService	listMetricsServiceMetadata	-	Call<List>	services.kayenta.baseUrl (GateConfig.kayentaService)	gate@v6.69.0 gate-web/src/main/groovy/com/netflix/spinnaker/gate/services/internal/KayentaService.groovy:55
gate	kayenta	GET	/judges	KayentaService	listJudges	-	Call<List>	services.kayenta.baseUrl (GateConfig.kayentaService)	gate@v6.69.0 gate-web/src/main/groovy/com/netflix/spinnaker/gate/services/internal/KayentaService.groovy:59
gate	kayenta	POST	/canary	KayentaService	initiateCanaryWithConfig	Map	Call<Map>	services.kayenta.baseUrl (GateConfig.kayentaService)	gate@v6.69.0 gate-web/src/main/groovy/com/netflix/spinnaker/gate/services/internal/KayentaService.groovy:62
gate	kayenta	POST	/canary/{canaryConfigId}	KayentaService	initiateCanary	Map	Call<Map>	services.kayenta.baseUrl (GateConfig.kayentaService)	gate@v6.69.0 gate-web/src/main/groovy/com/netflix/spinnaker/gate/services/internal/KayentaService.groovy:69
gate	kayenta	GET	/canary/{canaryExecutionId}	KayentaService	getCanaryResult	-	Call<Map>	services.kayenta.baseUrl (GateConfig.kayentaService)	gate@v6.69.0 gate-web/src/main/groovy/com/netflix/spinnaker/gate/services/internal/KayentaService.groovy:78
gate	kayenta	GET	/canary/executions	KayentaService	getCanaryResultsByApplication	-	Call<List>	services.kayenta.baseUrl (GateConfig.kayentaService)	gate@v6.69.0 gate-web/src/main/groovy/com/netflix/spinnaker/gate/services/internal/KayentaService.groovy:82
gate	kayenta	GET	/metricSetPairList/{metricSetPairListId}	KayentaService	getMetricSetPairList	-	Call<List>	services.kayenta.baseUrl (GateConfig.kayentaService)	gate@v6.69.0 gate-web/src/main/groovy/com/netflix/spinnaker/gate/services/internal/KayentaService.groovy:89
gate	fiat	GET	authorize/{userId}	FiatService	getUserPermission	-	Call<UserPermission.View>	services.fiat.baseUrl (GateConfig.fiatService, @Primary)	fiat@v1.57.0 fiat-api/src/main/java/com/netflix/spinnaker/fiat/shared/FiatService.java:36
gate	fiat	GET	authorize/{userId}/{resourceType}/{resourceName}/{authorization}	FiatService	hasAuthorization	-	Call<Void>	services.fiat.baseUrl (GateConfig.fiatService, @Primary)	fiat@v1.57.0 fiat-api/src/main/java/com/netflix/spinnaker/fiat/shared/FiatService.java:46
gate	fiat	POST	authorize/{userId}/{resourceType}/create	FiatService	canCreate	Object	Call<Void>	services.fiat.baseUrl (GateConfig.fiatService, @Primary)	fiat@v1.57.0 fiat-api/src/main/java/com/netflix/spinnaker/fiat/shared/FiatService.java:61
gate	fiat	POST	roles/sync	FiatService	sync	-	Call<Long>	services.fiat.baseUrl (GateConfig.fiatService, @Primary)	fiat@v1.57.0 fiat-api/src/main/java/com/netflix/spinnaker/fiat/shared/FiatService.java:72
gate	fiat	POST	roles/sync	FiatService	sync	List<String>	Call<Long>	services.fiat.baseUrl (GateConfig.fiatService, @Primary)	fiat@v1.57.0 fiat-api/src/main/java/com/netflix/spinnaker/fiat/shared/FiatService.java:81
gate	fiat	POST	roles/sync/serviceAccount/{serviceAccountId}	FiatService	syncServiceAccount	List<String>	Call<Long>	services.fiat.baseUrl (GateConfig.fiatService, @Primary)	fiat@v1.57.0 fiat-api/src/main/java/com/netflix/spinnaker/fiat/shared/FiatService.java:92
gate	fiat	POST	roles/{userId}	FiatService	loginUser	-	Call<Void>	services.fiat.baseUrl (GateConfig.fiatService, @Primary)	fiat@v1.57.0 fiat-api/src/main/java/com/netflix/spinnaker/fiat/shared/FiatService.java:100
gate	fiat	PUT	roles/{userId}	FiatService	loginWithRoles	Collection<String>	Call<Void>	services.fiat.baseUrl (GateConfig.fiatService, @Primary)	fiat@v1.57.0 fiat-api/src/main/java/com/netflix/spinnaker/fiat/shared/FiatService.java:110
gate	fiat	DELETE	roles/{userId}	FiatService	logoutUser	-	Call<Void>	services.fiat.baseUrl (GateConfig.fiatService, @Primary)	fiat@v1.57.0 fiat-api/src/main/java/com/netflix/spinnaker/fiat/shared/FiatService.java:117
gate	orca	GET	/health	HealthCheckableService	health	-	Call<Map>	services.orca.baseUrl (DownstreamServicesHealthIndicator + healthCheckableServices)	gate@v6.69.0 gate-web/src/main/groovy/com/netflix/spinnaker/gate/services/internal/HealthCheckableService.groovy:26
gate	clouddriver	GET	/health	HealthCheckableService	health	-	Call<Map>	services.clouddriver.baseUrl (DownstreamServicesHealthIndicator + healthCheckableServices)	gate@v6.69.0 gate-web/src/main/groovy/com/netflix/spinnaker/gate/services/internal/HealthCheckableService.groovy:26
gate	echo	GET	/health	HealthCheckableService	health	-	Call<Map>	services.echo.baseUrl (DownstreamServicesHealthIndicator + healthCheckableServices)	gate@v6.69.0 gate-web/src/main/groovy/com/netflix/spinnaker/gate/services/internal/HealthCheckableService.groovy:26
gate	igor	GET	/health	HealthCheckableService	health	-	Call<Map>	services.igor.baseUrl (DownstreamServicesHealthIndicator + healthCheckableServices)	gate@v6.69.0 gate-web/src/main/groovy/com/netflix/spinnaker/gate/services/internal/HealthCheckableService.groovy:26
gate	front50	GET	/health	HealthCheckableService	health	-	Call<Map>	services.front50.baseUrl (DownstreamServicesHealthIndicator + healthCheckableServices)	gate@v6.69.0 gate-web/src/main/groovy/com/netflix/spinnaker/gate/services/internal/HealthCheckableService.groovy:26
gate	keel	GET	/health	HealthCheckableService	health	-	Call<Map>	services.keel.baseUrl (DownstreamServicesHealthIndicator + healthCheckableServices)	gate@v6.69.0 gate-web/src/main/groovy/com/netflix/spinnaker/gate/services/internal/HealthCheckableService.groovy:26
orca	clouddriver	GET	/applications/{app}/clusters/{account}/{cluster}/{cloudProvider}	OortService	getCluster	-	Response	clouddriver.baseUrl (CloudDriverConfiguration.oortDeployService, buildReadOnlyService)	orca@v8.64.0 orca-clouddriver/src/main/java/com/netflix/spinnaker/orca/clouddriver/OortService.java:35
orca	clouddriver	GET	/applications/{app}/serverGroups	OortService	getServerGroups	-	Response	clouddriver.baseUrl (CloudDriverConfiguration.oortDeployService, buildReadOnlyService)	orca@v8.64.0 orca-clouddriver/src/main/java/com/netflix/spinnaker/orca/clouddriver/OortService.java:42
orca	clouddriver	GET	/applications/{app}/clusters/{account}/{cluster}/{cloudProvider}/serverGroups/{serverGroup}	OortService	getServerGroupFromCluster	-	Response	clouddriver.baseUrl (CloudDriverConfiguration.oortDeployService, buildReadOnlyService)	orca@v8.64.0 orca-clouddriver/src/main/java/com/netflix/spinnaker/orca/clouddriver/OortService.java:45
orca	clouddriver	GET	/applications/{app}/clusters/{account}/{cluster}/{cloudProvider}/serverGroups/{serverGroup}	OortService	getServerGroupsFromClusterTyped	-	List<ServerGroup>	clouddriver.baseUrl (CloudDriverConfiguration.oortDeployService, buildReadOnlyService)	orca@v8.64.0 orca-clouddriver/src/main/java/com/netflix/spinnaker/orca/clouddriver/OortService.java:55
orca	clouddriver	GET	/manifests/{account}/_/{manifest}	OortService	getManifest	-	Manifest	clouddriver.baseUrl (CloudDriverConfiguration.oortDeployService, buildReadOnlyService)	orca@v8.64.0 orca-clouddriver/src/main/java/com/netflix/spinnaker/orca/clouddriver/OortService.java:64
orca	clouddriver	GET	/manifests/{account}/{location}/{manifest}	OortService	getManifest	-	Manifest	clouddriver.baseUrl (CloudDriverConfiguration.oortDeployService, buildReadOnlyService)	orca@v8.64.0 orca-clouddriver/src/main/java/com/netflix/spinnaker/orca/clouddriver/OortService.java:70
orca	clouddriver	GET	/manifests/{account}/{location}/{kind}/cluster/{app}/{clusterName}/dynamic/{criteria}	OortService	getDynamicManifest	-	ManifestCoordinates	clouddriver.baseUrl (CloudDriverConfiguration.oortDeployService, buildReadOnlyService)	orca@v8.64.0 orca-clouddriver/src/main/java/com/netflix/spinnaker/orca/clouddriver/OortService.java:77
orca	clouddriver	GET	/manifests/{account}/{location}/{kind}/cluster/{app}/{clusterName}	OortService	getClusterManifests	-	List<ManifestCoordinates>	clouddriver.baseUrl (CloudDriverConfiguration.oortDeployService, buildReadOnlyService)	orca@v8.64.0 orca-clouddriver/src/main/java/com/netflix/spinnaker/orca/clouddriver/OortService.java:86
orca	clouddriver	GET	/applications/{app}/serverGroups/{account}/{region}/{serverGroup}	OortService	getServerGroup	-	Response	clouddriver.baseUrl (CloudDriverConfiguration.oortDeployService, buildReadOnlyService)	orca@v8.64.0 orca-clouddriver/src/main/java/com/netflix/spinnaker/orca/clouddriver/OortService.java:95
orca	clouddriver	GET	/serverGroups/{account}/{region}/{serverGroup}	OortService	getServerGroup	-	Response	clouddriver.baseUrl (CloudDriverConfiguration.oortDeployService, buildReadOnlyService)	orca@v8.64.0 orca-clouddriver/src/main/java/com/netflix/spinnaker/orca/clouddriver/OortService.java:102
orca	clouddriver	GET	/applications/{app}/clusters/{account}/{cluster}/{cloudProvider}/{scope}/serverGroups/target/{target}	OortService	getTargetServerGroup	-	ServerGroup	clouddriver.baseUrl (CloudDriverConfiguration.oortDeployService, buildReadOnlyService)	orca@v8.64.0 orca-clouddriver/src/main/java/com/netflix/spinnaker/orca/clouddriver/OortService.java:108
orca	clouddriver	GET	/applications/{app}/clusters/{account}/{cluster}/{cloudProvider}/{scope}/serverGroups/target/{target}/{summaryType}	OortService	getServerGroupSummary	-	Map<String,Object>	clouddriver.baseUrl (CloudDriverConfiguration.oortDeployService, buildReadOnlyService)	orca@v8.64.0 orca-clouddriver/src/main/java/com/netflix/spinnaker/orca/clouddriver/OortService.java:118
orca	clouddriver	GET	/search	OortService	getSearchResults	-	Response	clouddriver.baseUrl (CloudDriverConfiguration.oortDeployService, buildReadOnlyService)	orca@v8.64.0 orca-clouddriver/src/main/java/com/netflix/spinnaker/orca/clouddriver/OortService.java:130
orca	clouddriver	GET	/applications/{app}	OortService	getApplication	-	Response	clouddriver.baseUrl (CloudDriverConfiguration.oortDeployService, buildReadOnlyService)	orca@v8.64.0 orca-clouddriver/src/main/java/com/netflix/spinnaker/orca/clouddriver/OortService.java:136
orca	clouddriver	GET	/instances/{account}/{region}/{instanceId}	OortService	getInstance	-	Response	clouddriver.baseUrl (CloudDriverConfiguration.oortDeployService, buildReadOnlyService)	orca@v8.64.0 orca-clouddriver/src/main/java/com/netflix/spinnaker/orca/clouddriver/OortService.java:139
orca	clouddriver	PUT	/artifacts/fetch/	OortService	fetchArtifact	Artifact	Response	clouddriver.baseUrl (CloudDriverConfiguration.oortDeployService, buildReadOnlyService)	orca@v8.64.0 orca-clouddriver/src/main/java/com/netflix/spinnaker/orca/clouddriver/OortService.java:145
orca	clouddriver	GET	/{provider}/loadBalancers/{account}/{region}/{name}	OortService	getLoadBalancerDetails	-	List<Map>	clouddriver.baseUrl (CloudDriverConfiguration.oortDeployService, buildReadOnlyService)	orca@v8.64.0 orca-clouddriver/src/main/java/com/netflix/spinnaker/orca/clouddriver/OortService.java:148
orca	clouddriver	GET	/{type}/images/{account}/{region}/{imageId}	OortService	getByAmiId	-	List<Ami>	clouddriver.baseUrl (CloudDriverConfiguration.oortDeployService, buildReadOnlyService)	orca@v8.64.0 orca-clouddriver/src/main/java/com/netflix/spinnaker/orca/clouddriver/OortService.java:155
orca	clouddriver	GET	/{cloudProvider}/images/find	OortService	findImage	-	List<Map>	clouddriver.baseUrl (CloudDriverConfiguration.oortDeployService, buildReadOnlyService)	orca@v8.64.0 orca-clouddriver/src/main/java/com/netflix/spinnaker/orca/clouddriver/OortService.java:162
orca	clouddriver	GET	/tags	OortService	getEntityTags	-	List<Map<String,Object>>	clouddriver.baseUrl (CloudDriverConfiguration.oortDeployService, buildReadOnlyService)	orca@v8.64.0 orca-clouddriver/src/main/java/com/netflix/spinnaker/orca/clouddriver/OortService.java:170
orca	clouddriver	GET	/tags	OortService	getEntityTags	-	List<Map>	clouddriver.baseUrl (CloudDriverConfiguration.oortDeployService, buildReadOnlyService)	orca@v8.64.0 orca-clouddriver/src/main/java/com/netflix/spinnaker/orca/clouddriver/OortService.java:178
orca	clouddriver	GET	/aws/cloudFormation/stacks/{stackId}	OortService	getCloudFormationStack	-	Map	clouddriver.baseUrl (CloudDriverConfiguration.oortDeployService, buildReadOnlyService)	orca@v8.64.0 orca-clouddriver/src/main/java/com/netflix/spinnaker/orca/clouddriver/OortService.java:181
orca	clouddriver	GET	/servicebroker/{account}/serviceInstance	OortService	getServiceInstance	-	Map<String,Object>	clouddriver.baseUrl (CloudDriverConfiguration.oortDeployService, buildReadOnlyService)	orca@v8.64.0 orca-clouddriver/src/main/java/com/netflix/spinnaker/orca/clouddriver/OortService.java:184
orca	clouddriver	GET	/credentials	OortService	getCredentials	-	List<Map<String,Object>>	clouddriver.baseUrl (CloudDriverConfiguration.oortDeployService, buildReadOnlyService)	orca@v8.64.0 orca-clouddriver/src/main/java/com/netflix/spinnaker/orca/clouddriver/OortService.java:191
orca	clouddriver	GET	/securityGroups/{account}/{type}/{region}/{securityGroupName}	MortService	getSecurityGroup	-	SecurityGroup	clouddriver.baseUrl (CloudDriverConfiguration.mortDeployService, buildReadOnlyService)	orca@v8.64.0 orca-clouddriver/src/main/java/com/netflix/spinnaker/orca/clouddriver/MortService.java:36
orca	clouddriver	GET	/securityGroups/{account}/{type}/{region}/{securityGroupName}	MortService	getSecurityGroup	-	SecurityGroup	clouddriver.baseUrl (CloudDriverConfiguration.mortDeployService, buildReadOnlyService)	orca@v8.64.0 orca-clouddriver/src/main/java/com/netflix/spinnaker/orca/clouddriver/MortService.java:43
orca	clouddriver	GET	/vpcs	MortService	getVPCs	-	Collection<VPC>	clouddriver.baseUrl (CloudDriverConfiguration.mortDeployService, buildReadOnlyService)	orca@v8.64.0 orca-clouddriver/src/main/java/com/netflix/spinnaker/orca/clouddriver/MortService.java:51
orca	clouddriver	GET	/search	MortService	getSearchResults	-	List<SearchResult>	clouddriver.baseUrl (CloudDriverConfiguration.mortDeployService, buildReadOnlyService)	orca@v8.64.0 orca-clouddriver/src/main/java/com/netflix/spinnaker/orca/clouddriver/MortService.java:54
orca	clouddriver	GET	/credentials/{account}	MortService	getAccountDetails	-	Map	clouddriver.baseUrl (CloudDriverConfiguration.mortDeployService, buildReadOnlyService)	orca@v8.64.0 orca-clouddriver/src/main/java/com/netflix/spinnaker/orca/clouddriver/MortService.java:57
orca	clouddriver	POST	/ops	KatoRestService	requestOperations	Collection<?extendsMap<String,Map>>	TaskId	clouddriver.baseUrl (CloudDriverConfiguration.katoDeployService, buildWriteableService)	orca@v8.64.0 orca-clouddriver/src/main/java/com/netflix/spinnaker/orca/clouddriver/KatoRestService.java:25
orca	clouddriver	POST	/{cloudProvider}/ops	KatoRestService	requestOperations	Collection<?extendsMap<String,Map>>	TaskId	clouddriver.baseUrl (CloudDriverConfiguration.katoDeployService, buildWriteableService)	orca@v8.64.0 orca-clouddriver/src/main/java/com/netflix/spinnaker/orca/clouddriver/KatoRestService.java:30
orca	clouddriver	POST	/{cloudProvider}/ops/{operationName}	KatoRestService	submitOperation	OperationContext	Response	clouddriver.baseUrl (CloudDriverConfiguration.katoDeployService, buildWriteableService)	orca@v8.64.0 orca-clouddriver/src/main/java/com/netflix/spinnaker/orca/clouddriver/KatoRestService.java:36
orca	clouddriver	PATCH	/{cloudProvider}/task/{id}	KatoRestService	updateTask	Map	TaskId	clouddriver.baseUrl (CloudDriverConfiguration.katoDeployService, buildWriteableService)	orca@v8.64.0 orca-clouddriver/src/main/java/com/netflix/spinnaker/orca/clouddriver/KatoRestService.java:43
orca	clouddriver	POST	/{cloudProvider}/task/{id}/restart	KatoRestService	restartTaskViaOperations	Collection<?extendsMap<String,Map>>	TaskId	clouddriver.baseUrl (CloudDriverConfiguration.katoDeployService, buildWriteableService)	orca@v8.64.0 orca-clouddriver/src/main/java/com/netflix/spinnaker/orca/clouddriver/KatoRestService.java:47
orca	clouddriver	GET	/applications/{app}/jobs/{account}/{region}/{id}	KatoRestService	collectJob	-	Response	clouddriver.baseUrl (CloudDriverConfiguration.katoDeployService, buildWriteableService)	orca@v8.64.0 orca-clouddriver/src/main/java/com/netflix/spinnaker/orca/clouddriver/KatoRestService.java:54
orca	clouddriver	DELETE	/applications/{app}/jobs/{account}/{location}/{id}	KatoRestService	cancelJob	-	Response	clouddriver.baseUrl (CloudDriverConfiguration.katoDeployService, buildWriteableService)	orca@v8.64.0 orca-clouddriver/src/main/java/com/netflix/spinnaker/orca/clouddriver/KatoRestService.java:61
orca	clouddriver	GET	/applications/{app}/jobs/{account}/{region}/{id}/{fileName}	KatoRestService	getFileContents	-	Map<String,Object>	clouddriver.baseUrl (CloudDriverConfiguration.katoDeployService, buildWriteableService)	orca@v8.64.0 orca-clouddriver/src/main/java/com/netflix/spinnaker/orca/clouddriver/KatoRestService.java:68
orca	clouddriver	GET	/applications/{app}/kubernetes/pods/{account}/{namespace}/{podName}/{fileName}	KatoRestService	getFileContentsFromKubernetesPod	-	Map<String,Object>	clouddriver.baseUrl (CloudDriverConfiguration.katoDeployService, buildWriteableService)	orca@v8.64.0 orca-clouddriver/src/main/java/com/netflix/spinnaker/orca/clouddriver/KatoRestService.java:76
orca	clouddriver	GET	/task/{id}	KatoRestService	lookupTask	-	Task	clouddriver.baseUrl (CloudDriverConfiguration.katoDeployService, buildWriteableService)	orca@v8.64.0 orca-clouddriver/src/main/java/com/netflix/spinnaker/orca/clouddriver/KatoRestService.java:88
orca	clouddriver	POST	/task/{id}:resume	KatoRestService	resumeTask	-	TaskId	clouddriver.baseUrl (CloudDriverConfiguration.katoDeployService, buildWriteableService)	orca@v8.64.0 orca-clouddriver/src/main/java/com/netflix/spinnaker/orca/clouddriver/KatoRestService.java:91
orca	clouddriver	POST	/cache/{cloudProvider}/{type}	CloudDriverCacheService	forceCacheUpdate	Map<String,?>	Response	clouddriver.baseUrl (CloudDriverConfiguration.clouddriverCacheService, buildWriteableService)	orca@v8.64.0 orca-clouddriver/src/main/java/com/netflix/spinnaker/orca/clouddriver/CloudDriverCacheService.java:28
orca	clouddriver	PUT	/admin/db/truncate/{namespace}	CloudDriverCacheService	clearNamespace	-	Map<String,Object>	clouddriver.baseUrl (CloudDriverConfiguration.clouddriverCacheService, buildWriteableService)	orca@v8.64.0 orca-clouddriver/src/main/java/com/netflix/spinnaker/orca/clouddriver/CloudDriverCacheService.java:34
orca	clouddriver	GET	/cache/{cloudProvider}/{type}	CloudDriverCacheStatusService	pendingForceCacheUpdates	-	Collection<Map>	clouddriver.baseUrl (CloudDriverConfiguration.cloudDriverCacheStatusService, buildReadOnlyService)	orca@v8.64.0 orca-clouddriver/src/main/java/com/netflix/spinnaker/orca/clouddriver/CloudDriverCacheStatusService.java:25
orca	clouddriver	GET	/task/{id}	CloudDriverTaskStatusService	lookupTask	-	Task	clouddriver.baseUrl (CloudDriverConfiguration.cloudDriverTaskStatusService, buildReadOnlyService)	orca@v8.64.0 orca-clouddriver/src/main/java/com/netflix/spinnaker/orca/clouddriver/CloudDriverTaskStatusService.java:25
orca	clouddriver	GET	/{cloudProvider}/task/{id}/owner	CloudDriverTaskStatusService	lookupTaskOwner	-	TaskOwner	clouddriver.baseUrl (CloudDriverConfiguration.cloudDriverTaskStatusService, buildReadOnlyService)	orca@v8.64.0 orca-clouddriver/src/main/java/com/netflix/spinnaker/orca/clouddriver/CloudDriverTaskStatusService.java:28
orca	clouddriver	GET	/features/stages	FeaturesRestService	getStages	-	List<AvailableStage>	clouddriver.baseUrl (CloudDriverConfiguration.featuresRestService, buildWriteableService)	orca@v8.64.0 orca-clouddriver/src/main/java/com/netflix/spinnaker/orca/clouddriver/FeaturesRestService.java:24
orca	front50	GET	/credentials	Front50Service	getCredentials	-	List<Front50Credential>	front50.baseUrl (Front50Configuration.front50Service)	orca@v8.64.0 orca-front50/src/main/groovy/com/netflix/spinnaker/orca/front50/Front50Service.groovy:29
orca	front50	GET	/v2/applications/{applicationName}	Front50Service	get	-	Application	front50.baseUrl (Front50Configuration.front50Service)	orca@v8.64.0 orca-front50/src/main/groovy/com/netflix/spinnaker/orca/front50/Front50Service.groovy:32
orca	front50	GET	/v2/applications	Front50Service	getAllApplications	-	Collection<Application>	front50.baseUrl (Front50Configuration.front50Service)	orca@v8.64.0 orca-front50/src/main/groovy/com/netflix/spinnaker/orca/front50/Front50Service.groovy:35
orca	front50	POST	/v2/applications	Front50Service	create	Application	Response	front50.baseUrl (Front50Configuration.front50Service)	orca@v8.64.0 orca-front50/src/main/groovy/com/netflix/spinnaker/orca/front50/Front50Service.groovy:38
orca	front50	DELETE	/v2/applications/{applicationName}	Front50Service	delete	-	Response	front50.baseUrl (Front50Configuration.front50Service)	orca@v8.64.0 orca-front50/src/main/groovy/com/netflix/spinnaker/orca/front50/Front50Service.groovy:41
orca	front50	PATCH	/v2/applications/{applicationName}	Front50Service	update	Application	Response	front50.baseUrl (Front50Configuration.front50Service)	orca@v8.64.0 orca-front50/src/main/groovy/com/netflix/spinnaker/orca/front50/Front50Service.groovy:44
orca	front50	DELETE	/permissions/applications/{applicationName}	Front50Service	deletePermission	-	Response	front50.baseUrl (Front50Configuration.front50Service)	orca@v8.64.0 orca-front50/src/main/groovy/com/netflix/spinnaker/orca/front50/Front50Service.groovy:47
orca	front50	PUT	/permissions/applications/{applicationName}	Front50Service	updatePermission	Application.Permission	Response	front50.baseUrl (Front50Configuration.front50Service)	orca@v8.64.0 orca-front50/src/main/groovy/com/netflix/spinnaker/orca/front50/Front50Service.groovy:50
orca	front50	POST	/pluginInfo	Front50Service	upsertPluginInfo	PluginInfo	PluginInfo	front50.baseUrl (Front50Configuration.front50Service)	orca@v8.64.0 orca-front50/src/main/groovy/com/netflix/spinnaker/orca/front50/Front50Service.groovy:53
orca	front50	GET	/pluginInfo/{pluginId}	Front50Service	getPluginInfo	-	PluginInfo	front50.baseUrl (Front50Configuration.front50Service)	orca@v8.64.0 orca-front50/src/main/groovy/com/netflix/spinnaker/orca/front50/Front50Service.groovy:56
orca	front50	DELETE	/pluginInfo/{pluginId}	Front50Service	deletePluginInfo	-	Response	front50.baseUrl (Front50Configuration.front50Service)	orca@v8.64.0 orca-front50/src/main/groovy/com/netflix/spinnaker/orca/front50/Front50Service.groovy:59
orca	front50	PUT	/pluginInfo/{pluginId}/releases/{version}	Front50Service	setPreferredPluginVersion	-	Response	front50.baseUrl (Front50Configuration.front50Service)	orca@v8.64.0 orca-front50/src/main/groovy/com/netflix/spinnaker/orca/front50/Front50Service.groovy:62
orca	front50	GET	/pipelines/{applicationName}	Front50Service	getPipelines	-	List<Map<String,Object>>	front50.baseUrl (Front50Configuration.front50Service)	orca@v8.64.0 orca-front50/src/main/groovy/com/netflix/spinnaker/orca/front50/Front50Service.groovy:65
orca	front50	GET	/pipelines/{applicationName}	Front50Service	getPipelines	-	List<Map<String,Object>>	front50.baseUrl (Front50Configuration.front50Service)	orca@v8.64.0 orca-front50/src/main/groovy/com/netflix/spinnaker/orca/front50/Front50Service.groovy:68
orca	front50	GET	/pipelines/{applicationName}	Front50Service	getPipelines	-	List<Map<String,Object>>	front50.baseUrl (Front50Configuration.front50Service)	orca@v8.64.0 orca-front50/src/main/groovy/com/netflix/spinnaker/orca/front50/Front50Service.groovy:71
orca	front50	GET	/pipelines/{pipelineId}/get	Front50Service	getPipeline	-	Map<String,Object>	front50.baseUrl (Front50Configuration.front50Service)	orca@v8.64.0 orca-front50/src/main/groovy/com/netflix/spinnaker/orca/front50/Front50Service.groovy:74
orca	front50	POST	/pipelines	Front50Service	savePipeline	Map	Response	front50.baseUrl (Front50Configuration.front50Service)	orca@v8.64.0 orca-front50/src/main/groovy/com/netflix/spinnaker/orca/front50/Front50Service.groovy:77
orca	front50	POST	/pipelines/batchUpdate	Front50Service	savePipelines	List<Map<String,Object>>	Response	front50.baseUrl (Front50Configuration.front50Service)	orca@v8.64.0 orca-front50/src/main/groovy/com/netflix/spinnaker/orca/front50/Front50Service.groovy:80
orca	front50	PUT	/pipelines/{pipelineId}	Front50Service	updatePipeline	Map	Response	front50.baseUrl (Front50Configuration.front50Service)	orca@v8.64.0 orca-front50/src/main/groovy/com/netflix/spinnaker/orca/front50/Front50Service.groovy:83
orca	front50	GET	/strategies/{applicationName}	Front50Service	getStrategies	-	List<Map<String,Object>>	front50.baseUrl (Front50Configuration.front50Service)	orca@v8.64.0 orca-front50/src/main/groovy/com/netflix/spinnaker/orca/front50/Front50Service.groovy:86
orca	front50	GET	/pipelines?restricted=false	Front50Service	getAllPipelines	-	List<Map<String,Object>>	front50.baseUrl (Front50Configuration.front50Service)	orca@v8.64.0 orca-front50/src/main/groovy/com/netflix/spinnaker/orca/front50/Front50Service.groovy:89
orca	front50	GET	/pipelines/triggeredBy/{pipelineId}/{status}?restricted=false	Front50Service	getTriggeredPipelines	-	List<Map<String,Object>>	front50.baseUrl (Front50Configuration.front50Service)	orca@v8.64.0 orca-front50/src/main/groovy/com/netflix/spinnaker/orca/front50/Front50Service.groovy:92
orca	front50	POST	/actions/pipelines/reorder	Front50Service	reorderPipelines	ReorderPipelinesCommand	Response	front50.baseUrl (Front50Configuration.front50Service)	orca@v8.64.0 orca-front50/src/main/groovy/com/netflix/spinnaker/orca/front50/Front50Service.groovy:95
orca	front50	DELETE	/pipelines/{applicationName}/{pipelineName}	Front50Service	deletePipeline	-	Response	front50.baseUrl (Front50Configuration.front50Service)	orca@v8.64.0 orca-front50/src/main/groovy/com/netflix/spinnaker/orca/front50/Front50Service.groovy:98
orca	front50	POST	/actions/strategies/reorder	Front50Service	reorderPipelineStrategies	ReorderPipelinesCommand	Response	front50.baseUrl (Front50Configuration.front50Service)	orca@v8.64.0 orca-front50/src/main/groovy/com/netflix/spinnaker/orca/front50/Front50Service.groovy:101
orca	front50	GET	/pipelineTemplates	Front50Service	getPipelineTemplates	-	List<Map<String,Object>>	front50.baseUrl (Front50Configuration.front50Service)	orca@v8.64.0 orca-front50/src/main/groovy/com/netflix/spinnaker/orca/front50/Front50Service.groovy:105
orca	front50	POST	/pipelineTemplates	Front50Service	savePipelineTemplate	Map	Response	front50.baseUrl (Front50Configuration.front50Service)	orca@v8.64.0 orca-front50/src/main/groovy/com/netflix/spinnaker/orca/front50/Front50Service.groovy:108
orca	front50	GET	/pipelineTemplates/{pipelineTemplateId}	Front50Service	getPipelineTemplate	-	Map<String,Object>	front50.baseUrl (Front50Configuration.front50Service)	orca@v8.64.0 orca-front50/src/main/groovy/com/netflix/spinnaker/orca/front50/Front50Service.groovy:111
orca	front50	PUT	/pipelineTemplates/{pipelineTemplateId}	Front50Service	updatePipelineTemplate	Map	Response	front50.baseUrl (Front50Configuration.front50Service)	orca@v8.64.0 orca-front50/src/main/groovy/com/netflix/spinnaker/orca/front50/Front50Service.groovy:114
orca	front50	DELETE	/pipelineTemplates/{pipelineTemplateId}	Front50Service	deletePipelineTemplate	-	Response	front50.baseUrl (Front50Configuration.front50Service)	orca@v8.64.0 orca-front50/src/main/groovy/com/netflix/spinnaker/orca/front50/Front50Service.groovy:117
orca	front50	GET	/pipelineTemplates/{pipelineTemplateId}/dependentPipelines	Front50Service	getPipelineTemplateDependents	-	List<Map<String,Object>>	front50.baseUrl (Front50Configuration.front50Service)	orca@v8.64.0 orca-front50/src/main/groovy/com/netflix/spinnaker/orca/front50/Front50Service.groovy:120
orca	front50	POST	/v2/pipelineTemplates	Front50Service	saveV2PipelineTemplate	Map	Response	front50.baseUrl (Front50Configuration.front50Service)	orca@v8.64.0 orca-front50/src/main/groovy/com/netflix/spinnaker/orca/front50/Front50Service.groovy:124
orca	front50	GET	/v2/pipelineTemplates/{pipelineTemplateId}/dependentPipelines	Front50Service	getDependentPipelinesForTemplate	-	List<Map<String,Object>>	front50.baseUrl (Front50Configuration.front50Service)	orca@v8.64.0 orca-front50/src/main/groovy/com/netflix/spinnaker/orca/front50/Front50Service.groovy:127
orca	front50	PUT	/v2/pipelineTemplates/{pipelineTemplateId}	Front50Service	updateV2PipelineTemplate	Map	Response	front50.baseUrl (Front50Configuration.front50Service)	orca@v8.64.0 orca-front50/src/main/groovy/com/netflix/spinnaker/orca/front50/Front50Service.groovy:130
orca	front50	DELETE	/v2/pipelineTemplates/{pipelineTemplateId}	Front50Service	deleteV2PipelineTemplate	-	Response	front50.baseUrl (Front50Configuration.front50Service)	orca@v8.64.0 orca-front50/src/main/groovy/com/netflix/spinnaker/orca/front50/Front50Service.groovy:133
orca	front50	GET	/strategies	Front50Service	getAllStrategies	-	List<Map<String,Object>>	front50.baseUrl (Front50Configuration.front50Service)	orca@v8.64.0 orca-front50/src/main/groovy/com/netflix/spinnaker/orca/front50/Front50Service.groovy:138
orca	front50	POST	/v2/projects	Front50Service	createProject	Map	Project	front50.baseUrl (Front50Configuration.front50Service)	orca@v8.64.0 orca-front50/src/main/groovy/com/netflix/spinnaker/orca/front50/Front50Service.groovy:141
orca	front50	PUT	/v2/projects/{projectId}	Front50Service	updateProject	Map	Project	front50.baseUrl (Front50Configuration.front50Service)	orca@v8.64.0 orca-front50/src/main/groovy/com/netflix/spinnaker/orca/front50/Front50Service.groovy:144
orca	front50	GET	/v2/projects/{projectId}	Front50Service	getProject	-	Project	front50.baseUrl (Front50Configuration.front50Service)	orca@v8.64.0 orca-front50/src/main/groovy/com/netflix/spinnaker/orca/front50/Front50Service.groovy:147
orca	front50	DELETE	/v2/projects/{projectId}	Front50Service	deleteProject	-	Response	front50.baseUrl (Front50Configuration.front50Service)	orca@v8.64.0 orca-front50/src/main/groovy/com/netflix/spinnaker/orca/front50/Front50Service.groovy:150
orca	front50	GET	/notifications/application/{applicationName}	Front50Service	getApplicationNotifications	-	ApplicationNotifications	front50.baseUrl (Front50Configuration.front50Service)	orca@v8.64.0 orca-front50/src/main/groovy/com/netflix/spinnaker/orca/front50/Front50Service.groovy:153
orca	front50	POST	/serviceAccounts	Front50Service	saveServiceAccount	ServiceAccount	Response	front50.baseUrl (Front50Configuration.front50Service)	orca@v8.64.0 orca-front50/src/main/groovy/com/netflix/spinnaker/orca/front50/Front50Service.groovy:156
orca	front50	GET	/deliveries/{id}	Front50Service	getDeliveryConfig	-	DeliveryConfig	front50.baseUrl (Front50Configuration.front50Service)	orca@v8.64.0 orca-front50/src/main/groovy/com/netflix/spinnaker/orca/front50/Front50Service.groovy:159
orca	front50	POST	/deliveries	Front50Service	createDeliveryConfig	DeliveryConfig	DeliveryConfig	front50.baseUrl (Front50Configuration.front50Service)	orca@v8.64.0 orca-front50/src/main/groovy/com/netflix/spinnaker/orca/front50/Front50Service.groovy:162
orca	front50	PUT	/deliveries/{id}	Front50Service	updateDeliveryConfig	DeliveryConfig	DeliveryConfig	front50.baseUrl (Front50Configuration.front50Service)	orca@v8.64.0 orca-front50/src/main/groovy/com/netflix/spinnaker/orca/front50/Front50Service.groovy:165
orca	front50	DELETE	/applications/{application}/deliveries/{id}	Front50Service	deleteDeliveryConfig	-	Response	front50.baseUrl (Front50Configuration.front50Service)	orca@v8.64.0 orca-front50/src/main/groovy/com/netflix/spinnaker/orca/front50/Front50Service.groovy:168
orca	echo	POST	/	EchoService	recordEvent	Map<String,?>	Response	echo.base-url (EchoConfiguration.echoEndpoint)	orca@v8.64.0 orca-echo/src/main/groovy/com/netflix/spinnaker/orca/echo/EchoService.groovy:29
orca	echo	GET	/events/recent/{type}/{since}/	EchoService	getEvents	-	Response	echo.base-url (EchoConfiguration.echoEndpoint)	orca@v8.64.0 orca-echo/src/main/groovy/com/netflix/spinnaker/orca/echo/EchoService.groovy:32
orca	echo	POST	/notifications	EchoService	create	Notification	Response	echo.base-url (EchoConfiguration.echoEndpoint)	orca@v8.64.0 orca-echo/src/main/groovy/com/netflix/spinnaker/orca/echo/EchoService.groovy:36
orca	igor	PUT	/masters/{name}/jobs/{jobName}	IgorService	build	String	Response	igor.base-url (IgorConfiguration.igorEndpoint)	orca@v8.64.0 orca-igor/src/main/java/com/netflix/spinnaker/orca/igor/IgorService.java:30
orca	igor	PUT	/masters/{name}/jobs/{jobName}/stop/{queuedBuild}/{buildNumber}	IgorService	stop	String	String	igor.base-url (IgorConfiguration.igorEndpoint)	orca@v8.64.0 orca-igor/src/main/java/com/netflix/spinnaker/orca/igor/IgorService.java:37
orca	igor	PUT	/masters/{name}/jobs/stop/{queuedBuild}/{buildNumber}	IgorService	stopWithJobNameAsQueryParameter	String	String	igor.base-url (IgorConfiguration.igorEndpoint)	orca@v8.64.0 orca-igor/src/main/java/com/netflix/spinnaker/orca/igor/IgorService.java:45
orca	igor	PATCH	/masters/{name}/jobs/{jobName}/update/{buildNumber}	IgorService	update	UpdatedBuild	Response	igor.base-url (IgorConfiguration.igorEndpoint)	orca@v8.64.0 orca-igor/src/main/java/com/netflix/spinnaker/orca/igor/IgorService.java:53
orca	igor	GET	/builds/queue/{master}/{item}	IgorService	queuedBuild	-	Map	igor.base-url (IgorConfiguration.igorEndpoint)	orca@v8.64.0 orca-igor/src/main/java/com/netflix/spinnaker/orca/igor/IgorService.java:60
orca	igor	GET	/builds/status/{buildNumber}/{master}/{job}	IgorService	getBuild	-	Map<String,Object>	igor.base-url (IgorConfiguration.igorEndpoint)	orca@v8.64.0 orca-igor/src/main/java/com/netflix/spinnaker/orca/igor/IgorService.java:63
orca	igor	GET	/builds/status/{buildNumber}/{master}	IgorService	getBuildWithJobAsQueryParam	-	Map<String,Object>	igor.base-url (IgorConfiguration.igorEndpoint)	orca@v8.64.0 orca-igor/src/main/java/com/netflix/spinnaker/orca/igor/IgorService.java:69
orca	igor	GET	/builds/properties/{buildNumber}/{fileName}/{master}/{job}	IgorService	getPropertyFile	-	Map<String,Object>	igor.base-url (IgorConfiguration.igorEndpoint)	orca@v8.64.0 orca-igor/src/main/java/com/netflix/spinnaker/orca/igor/IgorService.java:75
orca	igor	GET	/builds/properties/{buildNumber}/{fileName}/{master}	IgorService	getPropertyFileWithJobAsQueryParam	-	Map<String,Object>	igor.base-url (IgorConfiguration.igorEndpoint)	orca@v8.64.0 orca-igor/src/main/java/com/netflix/spinnaker/orca/igor/IgorService.java:82
orca	igor	GET	/{repoType}/{projectKey}/{repositorySlug}/compareCommits	IgorService	compareCommits	-	List	igor.base-url (IgorConfiguration.igorEndpoint)	orca@v8.64.0 orca-igor/src/main/java/com/netflix/spinnaker/orca/igor/IgorService.java:89
orca	igor	GET	/builds/artifacts/{buildNumber}/{master}/{job}	IgorService	getArtifacts	-	List<Artifact>	igor.base-url (IgorConfiguration.igorEndpoint)	orca@v8.64.0 orca-igor/src/main/java/com/netflix/spinnaker/orca/igor/IgorService.java:96
orca	igor	GET	/builds/artifacts/{buildNumber}/{master}	IgorService	getArtifactsWithJobAsQueryParam	-	List<Artifact>	igor.base-url (IgorConfiguration.igorEndpoint)	orca@v8.64.0 orca-igor/src/main/java/com/netflix/spinnaker/orca/igor/IgorService.java:103
orca	igor	POST	/gcb/builds/create/{account}	IgorService	createGoogleCloudBuild	Map<String,Object>	GoogleCloudBuild	igor.base-url (IgorConfiguration.igorEndpoint)	orca@v8.64.0 orca-igor/src/main/java/com/netflix/spinnaker/orca/igor/IgorService.java:110
orca	igor	POST	/gcb/builds/stop/{account}/{buildId}	IgorService	stopGoogleCloudBuild	-	GoogleCloudBuild	igor.base-url (IgorConfiguration.igorEndpoint)	orca@v8.64.0 orca-igor/src/main/java/com/netflix/spinnaker/orca/igor/IgorService.java:114
orca	igor	GET	/gcb/builds/{account}/{buildId}	IgorService	getGoogleCloudBuild	-	GoogleCloudBuild	igor.base-url (IgorConfiguration.igorEndpoint)	orca@v8.64.0 orca-igor/src/main/java/com/netflix/spinnaker/orca/igor/IgorService.java:118
orca	igor	GET	/gcb/builds/{account}/{buildId}/artifacts	IgorService	getGoogleCloudBuildArtifacts	-	List<Artifact>	igor.base-url (IgorConfiguration.igorEndpoint)	orca@v8.64.0 orca-igor/src/main/java/com/netflix/spinnaker/orca/igor/IgorService.java:122
orca	igor	POST	/gcb/triggers/{account}/{triggerId}/run	IgorService	runGoogleCloudBuildTrigger	GoogleCloudBuildRepoSource	GoogleCloudBuild	igor.base-url (IgorConfiguration.igorEndpoint)	orca@v8.64.0 orca-igor/src/main/java/com/netflix/spinnaker/orca/igor/IgorService.java:126
orca	igor	POST	/codebuild/builds/start/{account}	IgorService	startAwsCodeBuild	Map<String,Object>	AwsCodeBuildExecution	igor.base-url (IgorConfiguration.igorEndpoint)	orca@v8.64.0 orca-igor/src/main/java/com/netflix/spinnaker/orca/igor/IgorService.java:132
orca	igor	GET	/codebuild/builds/{account}/{buildId}	IgorService	getAwsCodeBuildExecution	-	AwsCodeBuildExecution	igor.base-url (IgorConfiguration.igorEndpoint)	orca@v8.64.0 orca-igor/src/main/java/com/netflix/spinnaker/orca/igor/IgorService.java:136
orca	igor	GET	/codebuild/builds/artifacts/{account}/{buildId}	IgorService	getAwsCodeBuildArtifacts	-	List<Artifact>	igor.base-url (IgorConfiguration.igorEndpoint)	orca@v8.64.0 orca-igor/src/main/java/com/netflix/spinnaker/orca/igor/IgorService.java:140
orca	igor	POST	/codebuild/builds/stop/{account}/{buildId}	IgorService	stopAwsCodeBuild	-	AwsCodeBuildExecution	igor.base-url (IgorConfiguration.igorEndpoint)	orca@v8.64.0 orca-igor/src/main/java/com/netflix/spinnaker/orca/igor/IgorService.java:144
orca	igor	GET	/delivery-config/manifest	IgorService	getDeliveryConfigManifest	-	Map<String,Object>	igor.base-url (IgorConfiguration.igorEndpoint)	orca@v8.64.0 orca-igor/src/main/java/com/netflix/spinnaker/orca/igor/IgorService.java:148
orca	keel	POST	/delivery-configs/	KeelService	publishDeliveryConfig	DeliveryConfig	Response	services.keel.base-url (KeelConfiguration.keelEndpoint)	orca@v8.64.0 orca-keel/src/main/kotlin/com/netflix/spinnaker/orca/KeelService.kt:28
orca	keel	DELETE	/application/{application}/config	KeelService	deleteDeliveryConfig	-	Response	services.keel.base-url (KeelConfiguration.keelEndpoint)	orca@v8.64.0 orca-keel/src/main/kotlin/com/netflix/spinnaker/orca/KeelService.kt:32
orca	kayenta	POST	/canary/{canaryConfigId}	KayentaService	create	CanaryExecutionRequest	Map<*,*>	kayenta.base-url (KayentaConfiguration.kayentaEndpoint)	orca@v8.64.0 orca-kayenta/src/main/kotlin/com/netflix/spinnaker/orca/kayenta/KayentaService.kt:32
orca	kayenta	GET	/canary/{canaryExecutionId}	KayentaService	getCanaryResults	-	CanaryResults	kayenta.base-url (KayentaConfiguration.kayentaEndpoint)	orca@v8.64.0 orca-kayenta/src/main/kotlin/com/netflix/spinnaker/orca/kayenta/KayentaService.kt:43
orca	kayenta	PUT	/pipelines/{executionId}/cancel	KayentaService	cancelPipelineExecution	String	Map<*,*>	kayenta.base-url (KayentaConfiguration.kayentaEndpoint)	orca@v8.64.0 orca-kayenta/src/main/kotlin/com/netflix/spinnaker/orca/kayenta/KayentaService.kt:49
orca	kayenta	GET	/credentials	KayentaService	getCredentials	-	List<KayentaCredential>	kayenta.base-url (KayentaConfiguration.kayentaEndpoint)	orca@v8.64.0 orca-kayenta/src/main/kotlin/com/netflix/spinnaker/orca/kayenta/KayentaService.kt:55
orca	kayenta	GET	/canaryConfig	KayentaService	getAllCanaryConfigs	-	List<KayentaCanaryConfig>	kayenta.base-url (KayentaConfiguration.kayentaEndpoint)	orca@v8.64.0 orca-kayenta/src/main/kotlin/com/netflix/spinnaker/orca/kayenta/KayentaService.kt:58
orca	rosco	POST	/api/v2/manifest/bake/{type}	BakeryService	bakeManifest	BakeManifestRequest	Artifact	bakery.base-url (BakeryConfiguration.bakery + BakerySelector)	orca@v8.64.0 orca-bakery/src/main/groovy/com/netflix/spinnaker/orca/bakery/api/BakeryService.groovy:29
orca	rosco	POST	/api/v1/{region}/bake	BakeryService	createBake	BakeRequest	BakeStatus	bakery.base-url (BakeryConfiguration.bakery + BakerySelector)	orca@v8.64.0 orca-bakery/src/main/groovy/com/netflix/spinnaker/orca/bakery/api/BakeryService.groovy:32
orca	rosco	GET	/api/v1/{region}/status/{statusId}	BakeryService	lookupStatus	-	BakeStatus	bakery.base-url (BakeryConfiguration.bakery + BakerySelector)	orca@v8.64.0 orca-bakery/src/main/groovy/com/netflix/spinnaker/orca/bakery/api/BakeryService.groovy:35
orca	rosco	GET	/api/v1/{region}/bake/{bakeId}	BakeryService	lookupBake	-	Bake	bakery.base-url (BakeryConfiguration.bakery + BakerySelector)	orca@v8.64.0 orca-bakery/src/main/groovy/com/netflix/spinnaker/orca/bakery/api/BakeryService.groovy:38
orca	rosco	POST	/api/v1/bakes/delete-requests	BakeryService	createDeleteBakesRequest	DeleteBakesRequest	Void	bakery.base-url (BakeryConfiguration.bakery + BakerySelector)	orca@v8.64.0 orca-bakery/src/main/groovy/com/netflix/spinnaker/orca/bakery/api/BakeryService.groovy:41
orca	rosco	GET	/bakeOptions/{cloudProvider}/baseImages/{imageId}	BakeryService	getBaseImage	-	BaseImage	bakery.base-url (BakeryConfiguration.bakery + BakerySelector)	orca@v8.64.0 orca-bakery/src/main/groovy/com/netflix/spinnaker/orca/bakery/api/BakeryService.groovy:49
orca	fiat	GET	authorize/{userId}	FiatService	getUserPermission	-	Call<UserPermission.View>	services.fiat.baseUrl (fiat-api FiatAuthenticationConfig via @EnableFiatAutoConfig)	fiat@v1.57.0 fiat-api/src/main/java/com/netflix/spinnaker/fiat/shared/FiatService.java:36
orca	fiat	GET	authorize/{userId}/{resourceType}/{resourceName}/{authorization}	FiatService	hasAuthorization	-	Call<Void>	services.fiat.baseUrl (fiat-api FiatAuthenticationConfig via @EnableFiatAutoConfig)	fiat@v1.57.0 fiat-api/src/main/java/com/netflix/spinnaker/fiat/shared/FiatService.java:46
orca	fiat	POST	authorize/{userId}/{resourceType}/create	FiatService	canCreate	Object	Call<Void>	services.fiat.baseUrl (fiat-api FiatAuthenticationConfig via @EnableFiatAutoConfig)	fiat@v1.57.0 fiat-api/src/main/java/com/netflix/spinnaker/fiat/shared/FiatService.java:61
orca	fiat	POST	roles/sync	FiatService	sync	-	Call<Long>	services.fiat.baseUrl (fiat-api FiatAuthenticationConfig via @EnableFiatAutoConfig)	fiat@v1.57.0 fiat-api/src/main/java/com/netflix/spinnaker/fiat/shared/FiatService.java:72
orca	fiat	POST	roles/sync	FiatService	sync	List<String>	Call<Long>	services.fiat.baseUrl (fiat-api FiatAuthenticationConfig via @EnableFiatAutoConfig)	fiat@v1.57.0 fiat-api/src/main/java/com/netflix/spinnaker/fiat/shared/FiatService.java:81
orca	fiat	POST	roles/sync/serviceAccount/{serviceAccountId}	FiatService	syncServiceAccount	List<String>	Call<Long>	services.fiat.baseUrl (fiat-api FiatAuthenticationConfig via @EnableFiatAutoConfig)	fiat@v1.57.0 fiat-api/src/main/java/com/netflix/spinnaker/fiat/shared/FiatService.java:92
orca	fiat	POST	roles/{userId}	FiatService	loginUser	-	Call<Void>	services.fiat.baseUrl (fiat-api FiatAuthenticationConfig via @EnableFiatAutoConfig)	fiat@v1.57.0 fiat-api/src/main/java/com/netflix/spinnaker/fiat/shared/FiatService.java:100
orca	fiat	PUT	roles/{userId}	FiatService	loginWithRoles	Collection<String>	Call<Void>	services.fiat.baseUrl (fiat-api FiatAuthenticationConfig via @EnableFiatAutoConfig)	fiat@v1.57.0 fiat-api/src/main/java/com/netflix/spinnaker/fiat/shared/FiatService.java:110
orca	fiat	DELETE	roles/{userId}	FiatService	logoutUser	-	Call<Void>	services.fiat.baseUrl (fiat-api FiatAuthenticationConfig via @EnableFiatAutoConfig)	fiat@v1.57.0 fiat-api/src/main/java/com/netflix/spinnaker/fiat/shared/FiatService.java:117
clouddriver	front50	GET	/credentials	Front50Service	getCredentials	-	Call<List<Map>>	services.front50.baseUrl (RetrofitConfig.front50Service)	clouddriver@v5.95.0 clouddriver-core/src/main/groovy/com/netflix/spinnaker/clouddriver/core/services/Front50Service.groovy:32
clouddriver	front50	GET	/v2/applications	Front50Service	searchByName	-	Call<List<Map<String,Object>>>	services.front50.baseUrl (RetrofitConfig.front50Service)	clouddriver@v5.95.0 clouddriver-core/src/main/groovy/com/netflix/spinnaker/clouddriver/core/services/Front50Service.groovy:35
clouddriver	front50	GET	/v2/applications/{applicationName}	Front50Service	getApplication	-	Call<Map>	services.front50.baseUrl (RetrofitConfig.front50Service)	clouddriver@v5.95.0 clouddriver-core/src/main/groovy/com/netflix/spinnaker/clouddriver/core/services/Front50Service.groovy:40
clouddriver	front50	GET	/v2/applications?restricted=false	Front50Service	getAllApplicationsUnrestricted	-	Call<Set<Front50Application>>	services.front50.baseUrl (RetrofitConfig.front50Service)	clouddriver@v5.95.0 clouddriver-core/src/main/groovy/com/netflix/spinnaker/clouddriver/core/services/Front50Service.groovy:43
clouddriver	front50	GET	/v2/projects/{project}	Front50Service	getProject	-	Call<Map>	services.front50.baseUrl (RetrofitConfig.front50Service)	clouddriver@v5.95.0 clouddriver-core/src/main/groovy/com/netflix/spinnaker/clouddriver/core/services/Front50Service.groovy:46
clouddriver	front50	GET	/v2/projects	Front50Service	searchForProjects	-	Call<List<Map<String,Object>>>	services.front50.baseUrl (RetrofitConfig.front50Service)	clouddriver@v5.95.0 clouddriver-core/src/main/groovy/com/netflix/spinnaker/clouddriver/core/services/Front50Service.groovy:49
clouddriver	front50	POST	/snapshots	Front50Service	saveSnapshot	Map	Call<ResponseBody>	services.front50.baseUrl (RetrofitConfig.front50Service)	clouddriver@v5.95.0 clouddriver-core/src/main/groovy/com/netflix/spinnaker/clouddriver/core/services/Front50Service.groovy:52
clouddriver	front50	GET	/snapshots/{id}/{timestamp}	Front50Service	getSnapshotVersion	-	Call<Map>	services.front50.baseUrl (RetrofitConfig.front50Service)	clouddriver@v5.95.0 clouddriver-core/src/main/groovy/com/netflix/spinnaker/clouddriver/core/services/Front50Service.groovy:55
clouddriver	front50	POST	/v2/tags	Front50Service	saveEntityTags	EntityTags	Call<EntityTags>	services.front50.baseUrl (RetrofitConfig.front50Service)	clouddriver@v5.95.0 clouddriver-core/src/main/groovy/com/netflix/spinnaker/clouddriver/core/services/Front50Service.groovy:58
clouddriver	front50	POST	/v2/tags/batchUpdate	Front50Service	batchUpdate	Collection<EntityTags>	Call<Collection<EntityTags>>	services.front50.baseUrl (RetrofitConfig.front50Service)	clouddriver@v5.95.0 clouddriver-core/src/main/groovy/com/netflix/spinnaker/clouddriver/core/services/Front50Service.groovy:61
clouddriver	front50	GET	/v2/tags/{id}	Front50Service	getEntityTags	-	Call<EntityTags>	services.front50.baseUrl (RetrofitConfig.front50Service)	clouddriver@v5.95.0 clouddriver-core/src/main/groovy/com/netflix/spinnaker/clouddriver/core/services/Front50Service.groovy:64
clouddriver	front50	GET	/v2/tags	Front50Service	getAllEntityTagsById	-	Call<List<EntityTags>>	services.front50.baseUrl (RetrofitConfig.front50Service)	clouddriver@v5.95.0 clouddriver-core/src/main/groovy/com/netflix/spinnaker/clouddriver/core/services/Front50Service.groovy:67
clouddriver	front50	GET	/v2/tags?prefix=	Front50Service	getAllEntityTags	-	Call<Collection<EntityTags>>	services.front50.baseUrl (RetrofitConfig.front50Service)	clouddriver@v5.95.0 clouddriver-core/src/main/groovy/com/netflix/spinnaker/clouddriver/core/services/Front50Service.groovy:70
clouddriver	front50	DELETE	/v2/tags/{id}	Front50Service	deleteEntityTags	-	Call<ResponseBody>	services.front50.baseUrl (RetrofitConfig.front50Service)	clouddriver@v5.95.0 clouddriver-core/src/main/groovy/com/netflix/spinnaker/clouddriver/core/services/Front50Service.groovy:73
clouddriver	front50	GET	/v2/pipelineTemplates/{pipelineTemplateId}	Front50Service	getV2PipelineTemplate	-	Call<Map>	services.front50.baseUrl (RetrofitConfig.front50Service)	clouddriver@v5.95.0 clouddriver-core/src/main/groovy/com/netflix/spinnaker/clouddriver/core/services/Front50Service.groovy:77
clouddriver	front50	GET	/v2/pipelineTemplates	Front50Service	listV2PipelineTemplates	-	Call<List<Map>>	services.front50.baseUrl (RetrofitConfig.front50Service)	clouddriver@v5.95.0 clouddriver-core/src/main/groovy/com/netflix/spinnaker/clouddriver/core/services/Front50Service.groovy:82
clouddriver	fiat	GET	authorize/{userId}	FiatService	getUserPermission	-	Call<UserPermission.View>	services.fiat.baseUrl (fiat-api FiatAuthenticationConfig via @EnableFiatAutoConfig)	fiat@v1.57.0 fiat-api/src/main/java/com/netflix/spinnaker/fiat/shared/FiatService.java:36
clouddriver	fiat	GET	authorize/{userId}/{resourceType}/{resourceName}/{authorization}	FiatService	hasAuthorization	-	Call<Void>	services.fiat.baseUrl (fiat-api FiatAuthenticationConfig via @EnableFiatAutoConfig)	fiat@v1.57.0 fiat-api/src/main/java/com/netflix/spinnaker/fiat/shared/FiatService.java:46
clouddriver	fiat	POST	authorize/{userId}/{resourceType}/create	FiatService	canCreate	Object	Call<Void>	services.fiat.baseUrl (fiat-api FiatAuthenticationConfig via @EnableFiatAutoConfig)	fiat@v1.57.0 fiat-api/src/main/java/com/netflix/spinnaker/fiat/shared/FiatService.java:61
clouddriver	fiat	POST	roles/sync	FiatService	sync	-	Call<Long>	services.fiat.baseUrl (fiat-api FiatAuthenticationConfig via @EnableFiatAutoConfig)	fiat@v1.57.0 fiat-api/src/main/java/com/netflix/spinnaker/fiat/shared/FiatService.java:72
clouddriver	fiat	POST	roles/sync	FiatService	sync	List<String>	Call<Long>	services.fiat.baseUrl (fiat-api FiatAuthenticationConfig via @EnableFiatAutoConfig)	fiat@v1.57.0 fiat-api/src/main/java/com/netflix/spinnaker/fiat/shared/FiatService.java:81
clouddriver	fiat	POST	roles/sync/serviceAccount/{serviceAccountId}	FiatService	syncServiceAccount	List<String>	Call<Long>	services.fiat.baseUrl (fiat-api FiatAuthenticationConfig via @EnableFiatAutoConfig)	fiat@v1.57.0 fiat-api/src/main/java/com/netflix/spinnaker/fiat/shared/FiatService.java:92
clouddriver	fiat	POST	roles/{userId}	FiatService	loginUser	-	Call<Void>	services.fiat.baseUrl (fiat-api FiatAuthenticationConfig via @EnableFiatAutoConfig)	fiat@v1.57.0 fiat-api/src/main/java/com/netflix/spinnaker/fiat/shared/FiatService.java:100
clouddriver	fiat	PUT	roles/{userId}	FiatService	loginWithRoles	Collection<String>	Call<Void>	services.fiat.baseUrl (fiat-api FiatAuthenticationConfig via @EnableFiatAutoConfig)	fiat@v1.57.0 fiat-api/src/main/java/com/netflix/spinnaker/fiat/shared/FiatService.java:110
clouddriver	fiat	DELETE	roles/{userId}	FiatService	logoutUser	-	Call<Void>	services.fiat.baseUrl (fiat-api FiatAuthenticationConfig via @EnableFiatAutoConfig)	fiat@v1.57.0 fiat-api/src/main/java/com/netflix/spinnaker/fiat/shared/FiatService.java:117
front50	echo	POST	/	EchoService	postEvent	Event	String	services.echo.base-url (EchoConfiguration.echoService)	front50@v2.41.0 front50-core/src/main/java/com/netflix/spinnaker/front50/echo/EchoService.java:27
front50	echo	POST	/notifications	EchoService	postNotification	Notification	Response	services.echo.base-url (EchoConfiguration.echoService)	front50@v2.41.0 front50-core/src/main/java/com/netflix/spinnaker/front50/echo/EchoService.java:31
front50	fiat	GET	authorize/{userId}	FiatService	getUserPermission	-	Call<UserPermission.View>	services.fiat.baseUrl (fiat-api FiatAuthenticationConfig via @EnableFiatAutoConfig)	fiat@v1.57.0 fiat-api/src/main/java/com/netflix/spinnaker/fiat/shared/FiatService.java:36
front50	fiat	GET	authorize/{userId}/{resourceType}/{resourceName}/{authorization}	FiatService	hasAuthorization	-	Call<Void>	services.fiat.baseUrl (fiat-api FiatAuthenticationConfig via @EnableFiatAutoConfig)	fiat@v1.57.0 fiat-api/src/main/java/com/netflix/spinnaker/fiat/shared/FiatService.java:46
front50	fiat	POST	authorize/{userId}/{resourceType}/create	FiatService	canCreate	Object	Call<Void>	services.fiat.baseUrl (fiat-api FiatAuthenticationConfig via @EnableFiatAutoConfig)	fiat@v1.57.0 fiat-api/src/main/java/com/netflix/spinnaker/fiat/shared/FiatService.java:61
front50	fiat	POST	roles/sync	FiatService	sync	-	Call<Long>	services.fiat.baseUrl (fiat-api FiatAuthenticationConfig via @EnableFiatAutoConfig)	fiat@v1.57.0 fiat-api/src/main/java/com/netflix/spinnaker/fiat/shared/FiatService.java:72
front50	fiat	POST	roles/sync	FiatService	sync	List<String>	Call<Long>	services.fiat.baseUrl (fiat-api FiatAuthenticationConfig via @EnableFiatAutoConfig)	fiat@v1.57.0 fiat-api/src/main/java/com/netflix/spinnaker/fiat/shared/FiatService.java:81
front50	fiat	POST	roles/sync/serviceAccount/{serviceAccountId}	FiatService	syncServiceAccount	List<String>	Call<Long>	services.fiat.baseUrl (fiat-api FiatAuthenticationConfig via @EnableFiatAutoConfig)	fiat@v1.57.0 fiat-api/src/main/java/com/netflix/spinnaker/fiat/shared/FiatService.java:92
front50	fiat	POST	roles/{userId}	FiatService	loginUser	-	Call<Void>	services.fiat.baseUrl (fiat-api FiatAuthenticationConfig via @EnableFiatAutoConfig)	fiat@v1.57.0 fiat-api/src/main/java/com/netflix/spinnaker/fiat/shared/FiatService.java:100
front50	fiat	PUT	roles/{userId}	FiatService	loginWithRoles	Collection<String>	Call<Void>	services.fiat.baseUrl (fiat-api FiatAuthenticationConfig via @EnableFiatAutoConfig)	fiat@v1.57.0 fiat-api/src/main/java/com/netflix/spinnaker/fiat/shared/FiatService.java:110
front50	fiat	DELETE	roles/{userId}	FiatService	logoutUser	-	Call<Void>	services.fiat.baseUrl (fiat-api FiatAuthenticationConfig via @EnableFiatAutoConfig)	fiat@v1.57.0 fiat-api/src/main/java/com/netflix/spinnaker/fiat/shared/FiatService.java:117
echo	front50	GET	pipelines?restricted=false	Front50Service	getPipelines	-	Call<List<Map<String,Object>>>	front50.base-url (Front50Config.front50Service)	echo@v2.47.2 echo-core/src/main/java/com/netflix/spinnaker/echo/services/Front50Service.java:15
echo	front50	GET	pipelines?restricted=false	Front50Service	getPipelines	-	Call<List<Map<String,Object>>>	front50.base-url (Front50Config.front50Service)	echo@v2.47.2 echo-core/src/main/java/com/netflix/spinnaker/echo/services/Front50Service.java:20
echo	front50	GET	pipelines/{application}?refresh=false	Front50Service	getPipelines	-	Call<List<Pipeline>>	front50.base-url (Front50Config.front50Service)	echo@v2.47.2 echo-core/src/main/java/com/netflix/spinnaker/echo/services/Front50Service.java:28
echo	front50	GET	pipelines/{pipelineId}/get	Front50Service	getPipeline	-	Call<Map<String,Object>>	front50.base-url (Front50Config.front50Service)	echo@v2.47.2 echo-core/src/main/java/com/netflix/spinnaker/echo/services/Front50Service.java:32
echo	front50	GET	pipelines/{application}/name/{name}?refresh=true	Front50Service	getPipelineByName	-	Call<Map<String,Object>>	front50.base-url (Front50Config.front50Service)	echo@v2.47.2 echo-core/src/main/java/com/netflix/spinnaker/echo/services/Front50Service.java:35
echo	front50	POST	graphql	Front50Service	query	GraphQLQuery	Call<GraphQLQueryResponse>	front50.base-url (Front50Config.front50Service)	echo@v2.47.2 echo-core/src/main/java/com/netflix/spinnaker/echo/services/Front50Service.java:39
echo	igor	GET	builds/status/{buildNumber}/{master}/{job}	IgorService	getBuild	-	Call<Map<String,Object>>	igor.base-url (IgorConfig.igorService)	echo@v2.47.2 echo-core/src/main/java/com/netflix/spinnaker/echo/services/IgorService.java:33
echo	igor	GET	builds/status/{buildNumber}/{master}	IgorService	getBuildStatusWithJobQueryParameter	-	Call<Map<String,Object>>	igor.base-url (IgorConfig.igorService)	echo@v2.47.2 echo-core/src/main/java/com/netflix/spinnaker/echo/services/IgorService.java:39
echo	igor	GET	builds/properties/{buildNumber}/{fileName}/{master}/{job}	IgorService	getPropertyFile	-	Call<Map<String,Object>>	igor.base-url (IgorConfig.igorService)	echo@v2.47.2 echo-core/src/main/java/com/netflix/spinnaker/echo/services/IgorService.java:45
echo	igor	GET	builds/properties/{buildNumber}/{fileName}/{master}	IgorService	getPropertyFileWithJobQueryParameter	-	Call<Map<String,Object>>	igor.base-url (IgorConfig.igorService)	echo@v2.47.2 echo-core/src/main/java/com/netflix/spinnaker/echo/services/IgorService.java:52
echo	igor	GET	builds/artifacts/{buildNumber}/{master}/{job}	IgorService	getArtifacts	-	Call<List<Artifact>>	igor.base-url (IgorConfig.igorService)	echo@v2.47.2 echo-core/src/main/java/com/netflix/spinnaker/echo/services/IgorService.java:59
echo	igor	GET	builds/artifacts/{buildNumber}/{master}	IgorService	getArtifactsWithJobQueryParameter	-	Call<List<Artifact>>	igor.base-url (IgorConfig.igorService)	echo@v2.47.2 echo-core/src/main/java/com/netflix/spinnaker/echo/services/IgorService.java:66
echo	igor	GET	artifacts/{provider}/{packageName}	IgorService	getVersions	-	Call<List<String>>	igor.base-url (IgorConfig.igorService)	echo@v2.47.2 echo-core/src/main/java/com/netflix/spinnaker/echo/services/IgorService.java:73
echo	igor	GET	artifacts/{provider}/{packageName}/{version}	IgorService	getArtifactByVersion	-	Call<Artifact>	igor.base-url (IgorConfig.igorService)	echo@v2.47.2 echo-core/src/main/java/com/netflix/spinnaker/echo/services/IgorService.java:77
echo	igor	PUT	gcb/builds/{account}/{buildId}	IgorService	updateBuildStatus	RequestBody	Call<ResponseBody>	igor.base-url (IgorConfig.igorService)	echo@v2.47.2 echo-core/src/main/java/com/netflix/spinnaker/echo/services/IgorService.java:83
echo	igor	PUT	gcb/artifacts/extract/{account}	IgorService	extractGoogleCloudBuildArtifacts	RequestBody	Call<List<Artifact>>	igor.base-url (IgorConfig.igorService)	echo@v2.47.2 echo-core/src/main/java/com/netflix/spinnaker/echo/services/IgorService.java:90
echo	orca	POST	orchestrate	OrcaService	trigger	Pipeline	Call<TriggerResponse>	orca.base-url (PipelineTriggerConfiguration.orca)	echo@v2.47.2 echo-pipelinetriggers/src/main/java/com/netflix/spinnaker/echo/pipelinetriggers/orca/OrcaService.java:36
echo	orca	POST	fail	OrcaService	recordFailure	Pipeline	Call<ResponseBody>	orca.base-url (PipelineTriggerConfiguration.orca)	echo@v2.47.2 echo-pipelinetriggers/src/main/java/com/netflix/spinnaker/echo/pipelinetriggers/orca/OrcaService.java:39
echo	orca	POST	plan	OrcaService	plan	Map	Call<Map>	orca.base-url (PipelineTriggerConfiguration.orca)	echo@v2.47.2 echo-pipelinetriggers/src/main/java/com/netflix/spinnaker/echo/pipelinetriggers/orca/OrcaService.java:42
echo	orca	POST	v2/pipelineTemplates/plan	OrcaService	v2Plan	Map	Call<Map<String,Object>>	orca.base-url (PipelineTriggerConfiguration.orca)	echo@v2.47.2 echo-pipelinetriggers/src/main/java/com/netflix/spinnaker/echo/pipelinetriggers/orca/OrcaService.java:45
echo	orca	GET	pipelines	OrcaService	getLatestPipelineExecutions	-	Call<Collection<PipelineResponse>>	orca.base-url (PipelineTriggerConfiguration.orca)	echo@v2.47.2 echo-pipelinetriggers/src/main/java/com/netflix/spinnaker/echo/pipelinetriggers/orca/OrcaService.java:48
echo	keel	POST	artifacts/events	KeelService	sendArtifactEvent	Map	Call<Void>	keel.base-url (KeelConfig.keelService)	echo@v2.47.2 echo-artifacts/src/main/java/com/netflix/spinnaker/echo/services/KeelService.java:9
echo	fiat	GET	authorize/{userId}	FiatService	getUserPermission	-	Call<UserPermission.View>	services.fiat.baseUrl (fiat-api FiatAuthenticationConfig via @EnableFiatAutoConfig)	fiat@v1.57.0 fiat-api/src/main/java/com/netflix/spinnaker/fiat/shared/FiatService.java:36
echo	fiat	GET	authorize/{userId}/{resourceType}/{resourceName}/{authorization}	FiatService	hasAuthorization	-	Call<Void>	services.fiat.baseUrl (fiat-api FiatAuthenticationConfig via @EnableFiatAutoConfig)	fiat@v1.57.0 fiat-api/src/main/java/com/netflix/spinnaker/fiat/shared/FiatService.java:46
echo	fiat	POST	authorize/{userId}/{resourceType}/create	FiatService	canCreate	Object	Call<Void>	services.fiat.baseUrl (fiat-api FiatAuthenticationConfig via @EnableFiatAutoConfig)	fiat@v1.57.0 fiat-api/src/main/java/com/netflix/spinnaker/fiat/shared/FiatService.java:61
echo	fiat	POST	roles/sync	FiatService	sync	-	Call<Long>	services.fiat.baseUrl (fiat-api FiatAuthenticationConfig via @EnableFiatAutoConfig)	fiat@v1.57.0 fiat-api/src/main/java/com/netflix/spinnaker/fiat/shared/FiatService.java:72
echo	fiat	POST	roles/sync	FiatService	sync	List<String>	Call<Long>	services.fiat.baseUrl (fiat-api FiatAuthenticationConfig via @EnableFiatAutoConfig)	fiat@v1.57.0 fiat-api/src/main/java/com/netflix/spinnaker/fiat/shared/FiatService.java:81
echo	fiat	POST	roles/sync/serviceAccount/{serviceAccountId}	FiatService	syncServiceAccount	List<String>	Call<Long>	services.fiat.baseUrl (fiat-api FiatAuthenticationConfig via @EnableFiatAutoConfig)	fiat@v1.57.0 fiat-api/src/main/java/com/netflix/spinnaker/fiat/shared/FiatService.java:92
echo	fiat	POST	roles/{userId}	FiatService	loginUser	-	Call<Void>	services.fiat.baseUrl (fiat-api FiatAuthenticationConfig via @EnableFiatAutoConfig)	fiat@v1.57.0 fiat-api/src/main/java/com/netflix/spinnaker/fiat/shared/FiatService.java:100
echo	fiat	PUT	roles/{userId}	FiatService	loginWithRoles	Collection<String>	Call<Void>	services.fiat.baseUrl (fiat-api FiatAuthenticationConfig via @EnableFiatAutoConfig)	fiat@v1.57.0 fiat-api/src/main/java/com/netflix/spinnaker/fiat/shared/FiatService.java:110
echo	fiat	DELETE	roles/{userId}	FiatService	logoutUser	-	Call<Void>	services.fiat.baseUrl (fiat-api FiatAuthenticationConfig via @EnableFiatAutoConfig)	fiat@v1.57.0 fiat-api/src/main/java/com/netflix/spinnaker/fiat/shared/FiatService.java:117
igor	echo	POST	.	EchoService	postEvent	Event	Call<String>	services.echo.baseUrl (EchoConfig.echoService)	igor@v4.22.0 igor-core/src/main/java/com/netflix/spinnaker/igor/history/EchoService.java:26
igor	keel	POST	artifacts/events	KeelService	sendArtifactEvent	Map	Call<Void>	keel.base-url (KeelConfig.keelService)	igor@v4.22.0 igor-core/src/main/java/com/netflix/spinnaker/igor/keel/KeelService.java:28
igor	front50	GET	pluginInfo	Front50Service	listPluginInfo	-	Call<List<PluginInfo>>	services.front50.baseUrl (PluginMonitorConfig.pluginReleaseService)	igor@v4.22.0 igor-monitor-plugins/src/main/java/com/netflix/spinnaker/igor/plugins/front50/Front50Service.java:25
igor	clouddriver	GET	dockerRegistry/images/find	ClouddriverService	getImagesByAccount	-	Call<List<TaggedImage>>	services.clouddriver.baseUrl (DockerRegistryConfig.dockerRegistryProxyService)	igor@v4.22.0 igor-web/src/main/groovy/com/netflix/spinnaker/igor/docker/service/ClouddriverService.groovy:30
igor	clouddriver	GET	credentials	ClouddriverService	getAllAccounts	-	Call<List<ClouddriverAccount>>	services.clouddriver.baseUrl (DockerRegistryConfig.dockerRegistryProxyService)	igor@v4.22.0 igor-web/src/main/groovy/com/netflix/spinnaker/igor/docker/service/ClouddriverService.groovy:33
igor	clouddriver	GET	credentials/{account}	ClouddriverService	getAccountDetails	-	Call<Map>	services.clouddriver.baseUrl (DockerRegistryConfig.dockerRegistryProxyService)	igor@v4.22.0 igor-web/src/main/groovy/com/netflix/spinnaker/igor/docker/service/ClouddriverService.groovy:36
igor	clouddriver	GET	artifacts/credentials	HelmAccountsService	getAllAccounts	-	Call<List<ArtifactAccount>>	services.clouddriver.baseUrl (HelmConfig.helmAccountsService)	igor@v4.22.0 igor-web/src/main/java/com/netflix/spinnaker/igor/helm/accounts/HelmAccountsService.java:29
igor	clouddriver	PUT	artifacts/fetch	HelmAccountsService	getIndex	Map<String,String>	Call<String>	services.clouddriver.baseUrl (HelmConfig.helmAccountsService)	igor@v4.22.0 igor-web/src/main/java/com/netflix/spinnaker/igor/helm/accounts/HelmAccountsService.java:33
igor	fiat	GET	authorize/{userId}	FiatService	getUserPermission	-	Call<UserPermission.View>	services.fiat.baseUrl (fiat-api FiatAuthenticationConfig via @EnableFiatAutoConfig)	fiat@v1.57.0 fiat-api/src/main/java/com/netflix/spinnaker/fiat/shared/FiatService.java:36
igor	fiat	GET	authorize/{userId}/{resourceType}/{resourceName}/{authorization}	FiatService	hasAuthorization	-	Call<Void>	services.fiat.baseUrl (fiat-api FiatAuthenticationConfig via @EnableFiatAutoConfig)	fiat@v1.57.0 fiat-api/src/main/java/com/netflix/spinnaker/fiat/shared/FiatService.java:46
igor	fiat	POST	authorize/{userId}/{resourceType}/create	FiatService	canCreate	Object	Call<Void>	services.fiat.baseUrl (fiat-api FiatAuthenticationConfig via @EnableFiatAutoConfig)	fiat@v1.57.0 fiat-api/src/main/java/com/netflix/spinnaker/fiat/shared/FiatService.java:61
igor	fiat	POST	roles/sync	FiatService	sync	-	Call<Long>	services.fiat.baseUrl (fiat-api FiatAuthenticationConfig via @EnableFiatAutoConfig)	fiat@v1.57.0 fiat-api/src/main/java/com/netflix/spinnaker/fiat/shared/FiatService.java:72
igor	fiat	POST	roles/sync	FiatService	sync	List<String>	Call<Long>	services.fiat.baseUrl (fiat-api FiatAuthenticationConfig via @EnableFiatAutoConfig)	fiat@v1.57.0 fiat-api/src/main/java/com/netflix/spinnaker/fiat/shared/FiatService.java:81
igor	fiat	POST	roles/sync/serviceAccount/{serviceAccountId}	FiatService	syncServiceAccount	List<String>	Call<Long>	services.fiat.baseUrl (fiat-api FiatAuthenticationConfig via @EnableFiatAutoConfig)	fiat@v1.57.0 fiat-api/src/main/java/com/netflix/spinnaker/fiat/shared/FiatService.java:92
igor	fiat	POST	roles/{userId}	FiatService	loginUser	-	Call<Void>	services.fiat.baseUrl (fiat-api FiatAuthenticationConfig via @EnableFiatAutoConfig)	fiat@v1.57.0 fiat-api/src/main/java/com/netflix/spinnaker/fiat/shared/FiatService.java:100
igor	fiat	PUT	roles/{userId}	FiatService	loginWithRoles	Collection<String>	Call<Void>	services.fiat.baseUrl (fiat-api FiatAuthenticationConfig via @EnableFiatAutoConfig)	fiat@v1.57.0 fiat-api/src/main/java/com/netflix/spinnaker/fiat/shared/FiatService.java:110
igor	fiat	DELETE	roles/{userId}	FiatService	logoutUser	-	Call<Void>	services.fiat.baseUrl (fiat-api FiatAuthenticationConfig via @EnableFiatAutoConfig)	fiat@v1.57.0 fiat-api/src/main/java/com/netflix/spinnaker/fiat/shared/FiatService.java:117
fiat	clouddriver	GET	credentials	ClouddriverApi	getAccounts	-	Call<List<Account>>	services.clouddriver.base-url (ResourcesConfig.clouddriverApi)	fiat@v1.57.0 fiat-roles/src/main/java/com/netflix/spinnaker/fiat/providers/internal/ClouddriverApi.java:26
fiat	clouddriver	GET	applications?restricted=false&expand=false	ClouddriverApi	getApplications	-	Call<List<Application>>	services.clouddriver.base-url (ResourcesConfig.clouddriverApi)	fiat@v1.57.0 fiat-roles/src/main/java/com/netflix/spinnaker/fiat/providers/internal/ClouddriverApi.java:29
fiat	front50	GET	permissions/applications	Front50Api	getAllApplicationPermissions	-	Call<List<Application>>	services.front50.base-url (ResourcesConfig.front50Api)	fiat@v1.57.0 fiat-roles/src/main/java/com/netflix/spinnaker/fiat/providers/internal/Front50Api.java:27
fiat	front50	GET	v2/applications	Front50Api	getAllApplications	-	Call<List<Application>>	services.front50.base-url (ResourcesConfig.front50Api)	fiat@v1.57.0 fiat-roles/src/main/java/com/netflix/spinnaker/fiat/providers/internal/Front50Api.java:34
fiat	front50	GET	v2/applications?restricted=false	Front50Api	getAllApplications	-	Call<List<Application>>	services.front50.base-url (ResourcesConfig.front50Api)	fiat@v1.57.0 fiat-roles/src/main/java/com/netflix/spinnaker/fiat/providers/internal/Front50Api.java:38
fiat	front50	GET	serviceAccounts	Front50Api	getAllServiceAccounts	-	Call<List<ServiceAccount>>	services.front50.base-url (ResourcesConfig.front50Api)	fiat@v1.57.0 fiat-roles/src/main/java/com/netflix/spinnaker/fiat/providers/internal/Front50Api.java:41
fiat	igor	GET	buildServices	IgorApi	getBuildMasters	-	Call<List<BuildService>>	services.igor.base-url (ResourcesConfig.igorApi)	fiat@v1.57.0 fiat-roles/src/main/java/com/netflix/spinnaker/fiat/providers/internal/IgorApi.java:26
rosco	clouddriver	PUT	/artifacts/fetch/	ClouddriverService	fetchArtifact	Artifact	Call<ResponseBody>	services.clouddriver.base-url (ServiceConfig.clouddriverService)	rosco@v1.26.0 rosco-core/src/main/groovy/com/netflix/spinnaker/rosco/services/ClouddriverService.java:30
rosco	clouddriver	GET	/aws/images/find	ClouddriverService	findAmazonImageByName	-	Call<List<AWSNamedImage>>	services.clouddriver.base-url (ServiceConfig.clouddriverService)	rosco@v1.26.0 rosco-core/src/main/groovy/com/netflix/spinnaker/rosco/services/ClouddriverService.java:33
keel	clouddriver	GET	/securityGroups/{account}/{type}/{region}/{securityGroupName}	CloudDriverService	getSecurityGroup	-	SecurityGroupModel	clouddriver.base-url (ClouddriverConfiguration.clouddriverEndpoint)	keel@v1.4.1 keel-clouddriver/src/main/kotlin/com/netflix/spinnaker/keel/clouddriver/CloudDriverService.kt:42
keel	clouddriver	GET	/securityGroups/{account}/{provider}/{region}/{id}?getById=true	CloudDriverService	getSecurityGroupSummaryById	-	SecurityGroupSummary	clouddriver.base-url (ClouddriverConfiguration.clouddriverEndpoint)	keel@v1.4.1 keel-clouddriver/src/main/kotlin/com/netflix/spinnaker/keel/clouddriver/CloudDriverService.kt:52
keel	clouddriver	GET	/securityGroups/{account}/{provider}/{region}/{name}	CloudDriverService	getSecurityGroupSummaryByName	-	SecurityGroupSummary	clouddriver.base-url (ClouddriverConfiguration.clouddriverEndpoint)	keel@v1.4.1 keel-clouddriver/src/main/kotlin/com/netflix/spinnaker/keel/clouddriver/CloudDriverService.kt:61
keel	clouddriver	GET	/networks/{cloudProvider}	CloudDriverService	listNetworks	-	Set<Network>	clouddriver.base-url (ClouddriverConfiguration.clouddriverEndpoint)	keel@v1.4.1 keel-clouddriver/src/main/kotlin/com/netflix/spinnaker/keel/clouddriver/CloudDriverService.kt:70
keel	clouddriver	GET	/subnets/{cloudProvider}	CloudDriverService	listSubnets	-	Set<Subnet>	clouddriver.base-url (ClouddriverConfiguration.clouddriverEndpoint)	keel@v1.4.1 keel-clouddriver/src/main/kotlin/com/netflix/spinnaker/keel/clouddriver/CloudDriverService.kt:76
keel	clouddriver	GET	/credentials/{account}	CloudDriverService	getCredential	-	Credential	clouddriver.base-url (ClouddriverConfiguration.clouddriverEndpoint)	keel@v1.4.1 keel-clouddriver/src/main/kotlin/com/netflix/spinnaker/keel/clouddriver/CloudDriverService.kt:82
keel	clouddriver	GET	/applications/{application}/loadBalancers	CloudDriverService	loadBalancersForApplication	-	List<AmazonLoadBalancer>	clouddriver.base-url (ClouddriverConfiguration.clouddriverEndpoint)	keel@v1.4.1 keel-clouddriver/src/main/kotlin/com/netflix/spinnaker/keel/clouddriver/CloudDriverService.kt:88
keel	clouddriver	GET	/aws/loadBalancers/{account}/{region}/{name}	CloudDriverService	getAmazonLoadBalancer	-	List<AmazonLoadBalancer>	clouddriver.base-url (ClouddriverConfiguration.clouddriverEndpoint)	keel@v1.4.1 keel-clouddriver/src/main/kotlin/com/netflix/spinnaker/keel/clouddriver/CloudDriverService.kt:94
keel	clouddriver	GET	/{provider}/loadBalancers/{account}/{region}/{name}	CloudDriverService	getClassicLoadBalancer	-	List<ClassicLoadBalancerModel>	clouddriver.base-url (ClouddriverConfiguration.clouddriverEndpoint)	keel@v1.4.1 keel-clouddriver/src/main/kotlin/com/netflix/spinnaker/keel/clouddriver/CloudDriverService.kt:102
keel	clouddriver	GET	/{provider}/loadBalancers/{account}/{region}/{name}	CloudDriverService	getApplicationLoadBalancer	-	List<ApplicationLoadBalancerModel>	clouddriver.base-url (ClouddriverConfiguration.clouddriverEndpoint)	keel@v1.4.1 keel-clouddriver/src/main/kotlin/com/netflix/spinnaker/keel/clouddriver/CloudDriverService.kt:111
keel	clouddriver	GET	/applications/{app}/clusters/{account}/{cluster}/{cloudProvider}	CloudDriverService	listServerGroups	-	ServerGroupCollection<ServerGroup>	clouddriver.base-url (ClouddriverConfiguration.clouddriverEndpoint)	keel@v1.4.1 keel-clouddriver/src/main/kotlin/com/netflix/spinnaker/keel/clouddriver/CloudDriverService.kt:120
keel	clouddriver	GET	/applications/{app}/clusters/{account}/{cluster}/{cloudProvider}	CloudDriverService	listTitusServerGroups	-	ServerGroupCollection<TitusServerGroup>	clouddriver.base-url (ClouddriverConfiguration.clouddriverEndpoint)	keel@v1.4.1 keel-clouddriver/src/main/kotlin/com/netflix/spinnaker/keel/clouddriver/CloudDriverService.kt:129
keel	clouddriver	GET	/applications/{app}/clusters/{account}/{cluster}/{cloudProvider}/{region}/serverGroups/target/current_asg_dynamic?onlyEnabled=true	CloudDriverService	activeServerGroup	-	ActiveServerGroup	clouddriver.base-url (ClouddriverConfiguration.clouddriverEndpoint)	keel@v1.4.1 keel-clouddriver/src/main/kotlin/com/netflix/spinnaker/keel/clouddriver/CloudDriverService.kt:141
keel	clouddriver	GET	/applications/{app}/clusters/{account}/{cluster}/{cloudProvider}/{region}/serverGroups/target/current_asg_dynamic?onlyEnabled=true	CloudDriverService	titusActiveServerGroup	-	TitusActiveServerGroup	clouddriver.base-url (ClouddriverConfiguration.clouddriverEndpoint)	keel@v1.4.1 keel-clouddriver/src/main/kotlin/com/netflix/spinnaker/keel/clouddriver/CloudDriverService.kt:153
keel	clouddriver	GET	/aws/images/find	CloudDriverService	namedImages	-	List<NamedImage>	clouddriver.base-url (ClouddriverConfiguration.clouddriverEndpoint)	keel@v1.4.1 keel-clouddriver/src/main/kotlin/com/netflix/spinnaker/keel/clouddriver/CloudDriverService.kt:163
keel	clouddriver	GET	/aws/images/{account}/{region}/{id}	CloudDriverService	getImage	-	List<NamedImage>	clouddriver.base-url (ClouddriverConfiguration.clouddriverEndpoint)	keel@v1.4.1 keel-clouddriver/src/main/kotlin/com/netflix/spinnaker/keel/clouddriver/CloudDriverService.kt:171
keel	clouddriver	GET	/dockerRegistry/images/find	CloudDriverService	findDockerImages	-	List<DockerImage>	clouddriver.base-url (ClouddriverConfiguration.clouddriverEndpoint)	keel@v1.4.1 keel-clouddriver/src/main/kotlin/com/netflix/spinnaker/keel/clouddriver/CloudDriverService.kt:179
keel	clouddriver	GET	/dockerRegistry/images/tags	CloudDriverService	findDockerTagsForImage	-	List<String>	clouddriver.base-url (ClouddriverConfiguration.clouddriverEndpoint)	keel@v1.4.1 keel-clouddriver/src/main/kotlin/com/netflix/spinnaker/keel/clouddriver/CloudDriverService.kt:189
keel	clouddriver	GET	/credentials/{account}	CloudDriverService	getAccountInformation	-	Map<String,Any?>	clouddriver.base-url (ClouddriverConfiguration.clouddriverEndpoint)	keel@v1.4.1 keel-clouddriver/src/main/kotlin/com/netflix/spinnaker/keel/clouddriver/CloudDriverService.kt:196
keel	clouddriver	GET	/tags	CloudDriverService	getEntityTags	-	List<EntityTags>	clouddriver.base-url (ClouddriverConfiguration.clouddriverEndpoint)	keel@v1.4.1 keel-clouddriver/src/main/kotlin/com/netflix/spinnaker/keel/clouddriver/CloudDriverService.kt:202
keel	clouddriver	GET	/certificates/aws	CloudDriverService	getCertificates	-	List<Certificate>	clouddriver.base-url (ClouddriverConfiguration.clouddriverEndpoint)	keel@v1.4.1 keel-clouddriver/src/main/kotlin/com/netflix/spinnaker/keel/clouddriver/CloudDriverService.kt:212
keel	front50	GET	/v2/applications/{name}	Front50Service	applicationByName	-	Application	front50.base-url (Front50Config.front50Endpoint)	keel@v1.4.1 keel-front50/src/main/kotlin/com/netflix/spinnaker/keel/front50/Front50Service.kt:16
keel	front50	GET	/v2/applications	Front50Service	allApplications	-	List<Application>	front50.base-url (Front50Config.front50Endpoint)	keel@v1.4.1 keel-front50/src/main/kotlin/com/netflix/spinnaker/keel/front50/Front50Service.kt:22
keel	front50	GET	/v2/applications	Front50Service	searchApplications	-	List<Application>	front50.base-url (Front50Config.front50Endpoint)	keel@v1.4.1 keel-front50/src/main/kotlin/com/netflix/spinnaker/keel/front50/Front50Service.kt:27
keel	front50	GET	/pipelines/{application}	Front50Service	pipelinesByApplication	-	List<Pipeline>	front50.base-url (Front50Config.front50Endpoint)	keel@v1.4.1 keel-front50/src/main/kotlin/com/netflix/spinnaker/keel/front50/Front50Service.kt:33
keel	front50	GET	/pipelines/{id}/history	Front50Service	pipelineHistory	-	List<Pipeline>	front50.base-url (Front50Config.front50Endpoint)	keel@v1.4.1 keel-front50/src/main/kotlin/com/netflix/spinnaker/keel/front50/Front50Service.kt:39
keel	front50	PATCH	/v2/applications/{name}	Front50Service	updateApplication	Application	Application	front50.base-url (Front50Config.front50Endpoint)	keel@v1.4.1 keel-front50/src/main/kotlin/com/netflix/spinnaker/keel/front50/Front50Service.kt:46
keel	front50	PUT	/pipelines/{id}	Front50Service	updatePipeline	Pipeline	Unit	front50.base-url (Front50Config.front50Endpoint)	keel@v1.4.1 keel-front50/src/main/kotlin/com/netflix/spinnaker/keel/front50/Front50Service.kt:53
keel	orca	POST	/ops	OrcaService	orchestrate	OrchestrationRequest	TaskRefResponse	orca.base-url (OrcaConfiguration.orcaEndpoint)	keel@v1.4.1 keel-orca/src/main/kotlin/com/netflix/spinnaker/keel/orca/OrcaService.kt:31
keel	orca	POST	/orchestrate/{pipelineConfigId}	OrcaService	triggerPipeline	HashMap<String,Any>	TaskRefResponse	orca.base-url (OrcaConfiguration.orcaEndpoint)	keel@v1.4.1 keel-orca/src/main/kotlin/com/netflix/spinnaker/keel/orca/OrcaService.kt:38
keel	orca	GET	/pipelines/{id}	OrcaService	getPipelineExecution	-	ExecutionDetailResponse	orca.base-url (OrcaConfiguration.orcaEndpoint)	keel@v1.4.1 keel-orca/src/main/kotlin/com/netflix/spinnaker/keel/orca/OrcaService.kt:46
keel	orca	GET	/tasks/{id}	OrcaService	getOrchestrationExecution	-	ExecutionDetailResponse	orca.base-url (OrcaConfiguration.orcaEndpoint)	keel@v1.4.1 keel-orca/src/main/kotlin/com/netflix/spinnaker/keel/orca/OrcaService.kt:52
keel	orca	PUT	/tasks/{id}/cancel	OrcaService	cancelOrchestration	-	Unit	orca.base-url (OrcaConfiguration.orcaEndpoint)	keel@v1.4.1 keel-orca/src/main/kotlin/com/netflix/spinnaker/keel/orca/OrcaService.kt:58
keel	orca	PUT	/tasks/cancel	OrcaService	cancelOrchestrations	List<String>	Unit	orca.base-url (OrcaConfiguration.orcaEndpoint)	keel@v1.4.1 keel-orca/src/main/kotlin/com/netflix/spinnaker/keel/orca/OrcaService.kt:64
keel	orca	GET	/executions/correlated/{correlationId}	OrcaService	getCorrelatedExecutions	-	List<String>	orca.base-url (OrcaConfiguration.orcaEndpoint)	keel@v1.4.1 keel-orca/src/main/kotlin/com/netflix/spinnaker/keel/orca/OrcaService.kt:70
keel	orca	GET	/pipelines	OrcaService	getExecutions	-	List<ExecutionDetailResponse>	orca.base-url (OrcaConfiguration.orcaEndpoint)	keel@v1.4.1 keel-orca/src/main/kotlin/com/netflix/spinnaker/keel/orca/OrcaService.kt:76
keel	echo	POST	/notifications	EchoService	sendNotification	EchoNotification	Unit	echo.base-url (EchoConfiguration.echoEndpoint)	keel@v1.4.1 keel-echo/src/main/kotlin/com/netflix/spinnaker/keel/echo/EchoService.kt:10
keel	igor	GET	/ci/builds	BuildService	getArtifactMetadata	-	List<Build>?	igor.base-url (IgorConfiguration.buildService)	keel@v1.4.1 keel-igor/src/main/kotlin/com/netflix/spinnaker/keel/igor/BuildService.kt:18
keel	igor	GET	/delivery-config/manifest	ScmService	getDeliveryConfigManifest	-	RawDeliveryConfigResult	igor.base-url (IgorConfiguration.scmService)	keel@v1.4.1 keel-igor/src/main/kotlin/com/netflix/spinnaker/keel/igor/ScmService.kt:37
keel	igor	GET	/scm/masters	ScmService	getScmInfo	-	Map<String,String?>	igor.base-url (IgorConfiguration.scmService)	keel@v1.4.1 keel-igor/src/main/kotlin/com/netflix/spinnaker/keel/igor/ScmService.kt:50
keel	igor	GET	/scm/repos/{scmType}/{projectKey}/{repoSlug}/branches/default	ScmService	getDefaultBranch	-	Branch	igor.base-url (IgorConfiguration.scmService)	keel@v1.4.1 keel-igor/src/main/kotlin/com/netflix/spinnaker/keel/igor/ScmService.kt:56
keel	igor	POST	/scm/repos/{scmType}/{projectKey}/{repoSlug}/pull-requests/{pullRequestId}/comments	ScmService	commentOnPullRequest	Comment	Unit	igor.base-url (IgorConfiguration.scmService)	keel@v1.4.1 keel-igor/src/main/kotlin/com/netflix/spinnaker/keel/igor/ScmService.kt:63
keel	igor	POST	/scm/build-results/{scmType}/{commitHash}	ScmService	postBuildResultToCommit	BuildResult	Response<Unit>	igor.base-url (IgorConfiguration.scmService)	keel@v1.4.1 keel-igor/src/main/kotlin/com/netflix/spinnaker/keel/igor/ScmService.kt:72
keel	igor	GET	/artifacts/rocket/{packageName}/{version}	ArtifactService	getArtifact	-	PublishedArtifact	igor.base-url (IgorConfiguration.artifactService)	keel@v1.4.1 keel-igor/src/main/kotlin/com/netflix/spinnaker/keel/igor/artifact/ArtifactService.kt:11
keel	igor	GET	/artifacts/rocket/{packageName}	ArtifactService	getVersions	-	List<String>	igor.base-url (IgorConfiguration.artifactService)	keel@v1.4.1 keel-igor/src/main/kotlin/com/netflix/spinnaker/keel/igor/artifact/ArtifactService.kt:18
keel	fiat	GET	authorize/{userId}	FiatService	getUserPermission	-	Call<UserPermission.View>	services.fiat.baseUrl (fiat-api FiatAuthenticationConfig via @EnableFiatAutoConfig)	fiat@v1.57.0 fiat-api/src/main/java/com/netflix/spinnaker/fiat/shared/FiatService.java:36
keel	fiat	GET	authorize/{userId}/{resourceType}/{resourceName}/{authorization}	FiatService	hasAuthorization	-	Call<Void>	services.fiat.baseUrl (fiat-api FiatAuthenticationConfig via @EnableFiatAutoConfig)	fiat@v1.57.0 fiat-api/src/main/java/com/netflix/spinnaker/fiat/shared/FiatService.java:46
keel	fiat	POST	authorize/{userId}/{resourceType}/create	FiatService	canCreate	Object	Call<Void>	services.fiat.baseUrl (fiat-api FiatAuthenticationConfig via @EnableFiatAutoConfig)	fiat@v1.57.0 fiat-api/src/main/java/com/netflix/spinnaker/fiat/shared/FiatService.java:61
keel	fiat	POST	roles/sync	FiatService	sync	-	Call<Long>	services.fiat.baseUrl (fiat-api FiatAuthenticationConfig via @EnableFiatAutoConfig)	fiat@v1.57.0 fiat-api/src/main/java/com/netflix/spinnaker/fiat/shared/FiatService.java:72
keel	fiat	POST	roles/sync	FiatService	sync	List<String>	Call<Long>	services.fiat.baseUrl (fiat-api FiatAuthenticationConfig via @EnableFiatAutoConfig)	fiat@v1.57.0 fiat-api/src/main/java/com/netflix/spinnaker/fiat/shared/FiatService.java:81
keel	fiat	POST	roles/sync/serviceAccount/{serviceAccountId}	FiatService	syncServiceAccount	List<String>	Call<Long>	services.fiat.baseUrl (fiat-api FiatAuthenticationConfig via @EnableFiatAutoConfig)	fiat@v1.57.0 fiat-api/src/main/java/com/netflix/spinnaker/fiat/shared/FiatService.java:92
keel	fiat	POST	roles/{userId}	FiatService	loginUser	-	Call<Void>	services.fiat.baseUrl (fiat-api FiatAuthenticationConfig via @EnableFiatAutoConfig)	fiat@v1.57.0 fiat-api/src/main/java/com/netflix/spinnaker/fiat/shared/FiatService.java:100
keel	fiat	PUT	roles/{userId}	FiatService	loginWithRoles	Collection<String>	Call<Void>	services.fiat.baseUrl (fiat-api FiatAuthenticationConfig via @EnableFiatAutoConfig)	fiat@v1.57.0 fiat-api/src/main/java/com/netflix/spinnaker/fiat/shared/FiatService.java:110
keel	fiat	DELETE	roles/{userId}	FiatService	logoutUser	-	Call<Void>	services.fiat.baseUrl (fiat-api FiatAuthenticationConfig via @EnableFiatAutoConfig)	fiat@v1.57.0 fiat-api/src/main/java/com/netflix/spinnaker/fiat/shared/FiatService.java:117
echo	unresolved	POST	notifications/callback	SpinnakerService	notificationCallback	InteractiveActionCallback	Call<ResponseBody>	unresolved	echo@v2.47.2 echo-notifications/src/main/groovy/com/netflix/spinnaker/echo/notification/InteractiveNotificationCallbackHandler.groovy:143
