caller	provider	method	caller_path	norm_path	provider_path	provider_claim	candidates	caller_body	caller_return	provider_body	provider_return	s2_typing	untyped_as_written	untyped_refined	both_sides_untyped_as_written	edge_claim
gate	clouddriver	GET	/credentials	/credentials	/credentials	CLAIM-S2-R0433	1	-	Call<List<Account>>	-	List<Map<String, Object>>	untyped-return	1	1	0	gate@v6.69.0 gate-core/src/main/java/com/netflix/spinnaker/gate/services/internal/ClouddriverService.java:28
gate	clouddriver	GET	/credentials?expand=true	/credentials	/credentials	CLAIM-S2-R0433	1	-	Call<List<AccountDetails>>	-	List<Map<String, Object>>	untyped-return	1	1	0	gate@v6.69.0 gate-core/src/main/java/com/netflix/spinnaker/gate/services/internal/ClouddriverService.java:31
gate	clouddriver	GET	/credentials/{account}	/credentials/{}	/credentials/{accountName}	CLAIM-S2-R0434	1	-	Call<AccountDetails>	-	Map<String, Object>	untyped-return	1	1	0	gate@v6.69.0 gate-core/src/main/java/com/netflix/spinnaker/gate/services/internal/ClouddriverService.java:34
gate	clouddriver	GET	/credentials/type/{type}	/credentials/type/{}	/credentials/type/{accountType}	CLAIM-S2-R0435	1	-	Call<List<AccountDefinition>>	-	List<? extends CredentialsDefinition>	polymorphic	0	0	0	gate@v6.69.0 gate-core/src/main/java/com/netflix/spinnaker/gate/services/internal/ClouddriverService.java:37
gate	clouddriver	POST	/credentials	/credentials	/credentials	CLAIM-S2-R0436	1	AccountDefinition	Call<AccountDefinition>	CredentialsDefinition	CredentialsDefinition	polymorphic	0	0	0	gate@v6.69.0 gate-core/src/main/java/com/netflix/spinnaker/gate/services/internal/ClouddriverService.java:43
gate	clouddriver	PUT	/credentials	/credentials	/credentials	CLAIM-S2-R0437	1	AccountDefinition	Call<AccountDefinition>	CredentialsDefinition	CredentialsDefinition	polymorphic	0	0	0	gate@v6.69.0 gate-core/src/main/java/com/netflix/spinnaker/gate/services/internal/ClouddriverService.java:46
gate	clouddriver	DELETE	/credentials/{account}	/credentials/{}	/credentials/{accountName}	CLAIM-S2-R0439	1	-	Call<ResponseBody>	-	void	typed	0	0	0	gate@v6.69.0 gate-core/src/main/java/com/netflix/spinnaker/gate/services/internal/ClouddriverService.java:49
gate	clouddriver	GET	/task/{taskDetailsId}	/task/{}	/task/{id}	CLAIM-S2-R0407	1	-	Call<Map>	-	Task	typed	1	1	0	gate@v6.69.0 gate-core/src/main/java/com/netflix/spinnaker/gate/services/internal/ClouddriverService.java:52
gate	clouddriver	GET	/applications	/applications	/applications	CLAIM-S2-R0365	1	-	Call<List>	-	List<Application>	typed	1	1	0	gate@v6.69.0 gate-core/src/main/java/com/netflix/spinnaker/gate/services/internal/ClouddriverService.java:56
gate	clouddriver	GET	/applications?restricted=false	/applications	/applications	CLAIM-S2-R0365	1	-	Call<List>	-	List<Application>	typed	1	1	0	gate@v6.69.0 gate-core/src/main/java/com/netflix/spinnaker/gate/services/internal/ClouddriverService.java:60
gate	clouddriver	GET	/applications/{name}	/applications/{}	/applications/{name:.+}	CLAIM-S2-R0366	1	-	Call<Map>	-	ApplicationViewModel	typed	1	1	0	gate@v6.69.0 gate-core/src/main/java/com/netflix/spinnaker/gate/services/internal/ClouddriverService.java:64
gate	clouddriver	GET	/applications/{name}/clusters	/applications/{}/clusters	/applications/{application}/clusters	CLAIM-S2-R0374	1	-	Call<Map>	-	Map<String, Set<String>>	untyped-return	1	1	0	gate@v6.69.0 gate-core/src/main/java/com/netflix/spinnaker/gate/services/internal/ClouddriverService.java:68
gate	clouddriver	GET	/applications/{name}/clusters/{account}	/applications/{}/clusters/{}	/applications/{application}/clusters/{account:.+}	CLAIM-S2-R0375	1	-	Call<List>	-	Set<ClusterViewModel>	typed	1	1	0	gate@v6.69.0 gate-core/src/main/java/com/netflix/spinnaker/gate/services/internal/ClouddriverService.java:72
gate	clouddriver	GET	/applications/{name}/clusters/{account}/{cluster}	/applications/{}/clusters/{}/{}	/applications/{application}/clusters/{account:.+}/{name:.+}	CLAIM-S2-R0376	1	-	Call<List>	-	Set<Cluster>	typed	1	1	0	gate@v6.69.0 gate-core/src/main/java/com/netflix/spinnaker/gate/services/internal/ClouddriverService.java:76
gate	clouddriver	GET	/applications/{name}/clusters/{account}/{cluster}/{type}	/applications/{}/clusters/{}/{}/{}	/applications/{application}/clusters/{account:.+}/{name:.+}/{type}	CLAIM-S2-R0377	1	-	Call<Map>	-	Cluster	typed	1	1	0	gate@v6.69.0 gate-core/src/main/java/com/netflix/spinnaker/gate/services/internal/ClouddriverService.java:92
gate	clouddriver	GET	/applications/{name}/clusters/{account}/{cluster}/{type}/serverGroups/{serverGroupName}	/applications/{}/clusters/{}/{}/{}/serverGroups/{}	/applications/{application}/clusters/{account:.+}/{clusterName:.+}/{type}/serverGroups/{serverGroupName:.+}	CLAIM-S2-R0379	1	-	Call<List>	-	def	untyped-return	1	1	0	gate@v6.69.0 gate-core/src/main/java/com/netflix/spinnaker/gate/services/internal/ClouddriverService.java:100
gate	clouddriver	GET	/applications/{name}/clusters/{account}/{cluster}/{type}/{scope}/serverGroups/target/{target}	/applications/{}/clusters/{}/{}/{}/{}/serverGroups/target/{}	/applications/{application}/clusters/{account:.+}/{clusterName:.+}/{cloudProvider}/{scope}/serverGroups/target/{target:.+}	CLAIM-S2-R0380	1	-	Call<Map>	-	ServerGroup	typed	1	1	0	gate@v6.69.0 gate-core/src/main/java/com/netflix/spinnaker/gate/services/internal/ClouddriverService.java:109
gate	clouddriver	GET	/applications/{name}/rawResources	/applications/{}/rawResources	/applications/{application}/rawResources	CLAIM-S2-R0361	1	-	Call<List<Map<String,Object>>>	-	List<KubernetesRawResource>	typed	1	1	0	gate@v6.69.0 gate-core/src/main/java/com/netflix/spinnaker/gate/services/internal/ClouddriverService.java:122
gate	clouddriver	GET	/applications/{name}/serverGroups	/applications/{}/serverGroups	/applications/{application}/serverGroups	CLAIM-S2-R0423	1	-	Call<List>	-	List<Object>	untyped-return	1	1	0	gate@v6.69.0 gate-core/src/main/java/com/netflix/spinnaker/gate/services/internal/ClouddriverService.java:126
gate	clouddriver	GET	/serverGroups	/serverGroups	/serverGroups	CLAIM-S2-R0424	1	-	Call<List>	-	List<ServerGroupViewModel>	typed	1	1	0	gate@v6.69.0 gate-core/src/main/java/com/netflix/spinnaker/gate/services/internal/ClouddriverService.java:134
gate	clouddriver	GET	/applications/{name}/serverGroups/{account}/{region}/{serverGroupName}	/applications/{}/serverGroups/{}/{}/{}	/applications/{application}/serverGroups/{account}/{region}/{name:.+}	CLAIM-S2-R0421	1	-	Call<Map>	-	ServerGroup	typed	1	1	0	gate@v6.69.0 gate-core/src/main/java/com/netflix/spinnaker/gate/services/internal/ClouddriverService.java:150
gate	clouddriver	GET	/{provider}/loadBalancers	/{}/loadBalancers	/{cloudProvider:.+}/loadBalancers	CLAIM-S2-R0395	1	-	Call<List<Map>>	-	List<LoadBalancerProvider.Item>	typed	1	1	0	gate@v6.69.0 gate-core/src/main/java/com/netflix/spinnaker/gate/services/internal/ClouddriverService.java:167
gate	clouddriver	GET	/applications/{name}/loadBalancers	/applications/{}/loadBalancers	/applications/{application}/loadBalancers	CLAIM-S2-R0394	1	-	Call<List<Map>>	-	List<LoadBalancer>	typed	1	1	0	gate@v6.69.0 gate-core/src/main/java/com/netflix/spinnaker/gate/services/internal/ClouddriverService.java:171
gate	clouddriver	GET	/{provider}/loadBalancers/{name}	/{}/loadBalancers/{}	/{cloudProvider:.+}/loadBalancers/{name:.+}	CLAIM-S2-R0396	1	-	Call<Map>	-	LoadBalancerProvider.Item	typed	1	1	0	gate@v6.69.0 gate-core/src/main/java/com/netflix/spinnaker/gate/services/internal/ClouddriverService.java:175
gate	clouddriver	GET	/{provider}/loadBalancers/{account}/{region}/{name}	/{}/loadBalancers/{}/{}/{}	/{cloudProvider:.+}/loadBalancers/{account:.+}/{region:.+}/{name:.+}	CLAIM-S2-R0397	1	-	Call<List<Map>>	-	List<LoadBalancerProvider.Details>	typed	1	1	0	gate@v6.69.0 gate-core/src/main/java/com/netflix/spinnaker/gate/services/internal/ClouddriverService.java:179
gate	clouddriver	GET	/instances/{account}/{region}/{instanceId}	/instances/{}/{}/{}	/instances/{account}/{region}/{id:.+}	CLAIM-S2-R0387	1	-	Call<Map>	-	Instance	typed	1	1	0	gate@v6.69.0 gate-core/src/main/java/com/netflix/spinnaker/gate/services/internal/ClouddriverService.java:187
gate	clouddriver	GET	/instances/{account}/{region}/{instanceId}/console	/instances/{}/{}/{}/console	/instances/{account}/{region}/{id}/console	CLAIM-S2-R0388	1	-	Call<Map>	-	Map	untyped-return	1	1	0	gate@v6.69.0 gate-core/src/main/java/com/netflix/spinnaker/gate/services/internal/ClouddriverService.java:194
gate	clouddriver	GET	/projects/{project}/clusters	/projects/{}/clusters	/projects/{project}/clusters	CLAIM-S2-R0410	1	-	Call<List<Map>>	-	List<ClusterModel>	typed	1	1	0	gate@v6.69.0 gate-core/src/main/java/com/netflix/spinnaker/gate/services/internal/ClouddriverService.java:210
gate	clouddriver	GET	/reports/reservation	/reports/reservation	/reports/reservation	CLAIM-S2-R0411	1	-	Call<List<Map>>	-	Collection<ReservationReport>	typed	1	1	0	gate@v6.69.0 gate-core/src/main/java/com/netflix/spinnaker/gate/services/internal/ClouddriverService.java:214
gate	clouddriver	GET	/reports/reservation/{name}	/reports/reservation/{}	/reports/reservation/{name}	CLAIM-S2-R0412	1	-	Call<List<Map>>	-	Collection<ReservationReport>	typed	1	1	0	gate@v6.69.0 gate-core/src/main/java/com/netflix/spinnaker/gate/services/internal/ClouddriverService.java:218
gate	clouddriver	GET	/search	/search	/search	CLAIM-S2-R0413	1	-	Call<List<Map>>	-	List<SearchResultSet>	typed	1	1	0	gate@v6.69.0 gate-core/src/main/java/com/netflix/spinnaker/gate/services/internal/ClouddriverService.java:240
gate	clouddriver	GET	/securityGroups	/securityGroups	/securityGroups	CLAIM-S2-R0414	1	-	Call<Map>	-	Map<String, Map<String, Map<String, Set<SecurityGroupSummary>>>>	untyped-return	1	1	0	gate@v6.69.0 gate-core/src/main/java/com/netflix/spinnaker/gate/services/internal/ClouddriverService.java:249
gate	clouddriver	GET	/securityGroups/{account}/{type}	/securityGroups/{}/{}	/securityGroups/{account}/{cloudProvider}	CLAIM-S2-R0417	2	-	Call<Map>	-	Map<String, Set<SecurityGroupSummary>>	untyped-return	1	1	0	gate@v6.69.0 gate-core/src/main/java/com/netflix/spinnaker/gate/services/internal/ClouddriverService.java:252
gate	clouddriver	GET	/securityGroups/{account}/{type}	/securityGroups/{}/{}	/securityGroups/{account}/{cloudProvider}	CLAIM-S2-R0417	2	-	Call<List>	-	Map<String, Set<SecurityGroupSummary>>	untyped-return	1	1	0	gate@v6.69.0 gate-core/src/main/java/com/netflix/spinnaker/gate/services/internal/ClouddriverService.java:255
gate	clouddriver	GET	/securityGroups/{account}/{type}/{region}/{name}	/securityGroups/{}/{}/{}/{}	/securityGroups/{account}/{cloudProvider}/{region}/{securityGroupNameOrId:.+}	CLAIM-S2-R0420	1	-	Call<Map>	-	SecurityGroup	polymorphic	1	1	0	gate@v6.69.0 gate-core/src/main/java/com/netflix/spinnaker/gate/services/internal/ClouddriverService.java:259
gate	clouddriver	GET	/applications/{application}/serverGroupManagers	/applications/{}/serverGroupManagers	/applications/{application}/serverGroupManagers	CLAIM-S2-R0446	1	-	Call<List<Map>>	-	Set<ServerGroupManager>	typed	1	1	0	gate@v6.69.0 gate-core/src/main/java/com/netflix/spinnaker/gate/services/internal/ClouddriverService.java:267
gate	clouddriver	GET	/instanceTypes	/instanceTypes	/instanceTypes	CLAIM-S2-R0389	1	-	Call<List<Map>>	-	Set<InstanceType>	typed	1	1	0	gate@v6.69.0 gate-core/src/main/java/com/netflix/spinnaker/gate/services/internal/ClouddriverService.java:270
gate	clouddriver	GET	/keyPairs	/keyPairs	/keyPairs	CLAIM-S2-R0393	1	-	Call<List<Map>>	-	Set<KeyPair>	typed	1	1	0	gate@v6.69.0 gate-core/src/main/java/com/netflix/spinnaker/gate/services/internal/ClouddriverService.java:273
gate	clouddriver	GET	/subnets	/subnets	/subnets	CLAIM-S2-R0425	1	-	Call<List<Map>>	-	Set<Subnet>	typed	1	1	0	gate@v6.69.0 gate-core/src/main/java/com/netflix/spinnaker/gate/services/internal/ClouddriverService.java:276
gate	clouddriver	GET	/subnets/{cloudProvider}	/subnets/{}	/subnets/{cloudProvider}	CLAIM-S2-R0426	1	-	Call<List<Map>>	-	Set<Subnet>	typed	1	1	0	gate@v6.69.0 gate-core/src/main/java/com/netflix/spinnaker/gate/services/internal/ClouddriverService.java:279
gate	clouddriver	GET	/networks	/networks	/networks	CLAIM-S2-R0398	1	-	Call<Map>	-	Map<String, Set<Network>>	untyped-return	1	1	0	gate@v6.69.0 gate-core/src/main/java/com/netflix/spinnaker/gate/services/internal/ClouddriverService.java:282
gate	clouddriver	GET	/networks/{cloudProvider}	/networks/{}	/networks/{cloudProvider}	CLAIM-S2-R0399	1	-	Call<List<Map>>	-	Set<Network>	typed	1	1	0	gate@v6.69.0 gate-core/src/main/java/com/netflix/spinnaker/gate/services/internal/ClouddriverService.java:285
gate	clouddriver	GET	/cloudMetrics/{cloudProvider}/{account}/{region}	/cloudMetrics/{}/{}/{}	/cloudMetrics/{cloudProvider}/{account}/{region}	CLAIM-S2-R0372	1	-	Call<List<Map>>	-	List<CloudMetricDescriptor>	typed	1	1	0	gate@v6.69.0 gate-core/src/main/java/com/netflix/spinnaker/gate/services/internal/ClouddriverService.java:288
gate	clouddriver	GET	/cloudMetrics/{cloudProvider}/{account}/{region}/{metricName}/statistics	/cloudMetrics/{}/{}/{}/{}/statistics	/cloudMetrics/{cloudProvider}/{account}/{region}/{metricName}/statistics	CLAIM-S2-R0373	1	-	Call<Map>	-	CloudMetricStatistics	typed	1	1	0	gate@v6.69.0 gate-core/src/main/java/com/netflix/spinnaker/gate/services/internal/ClouddriverService.java:295
gate	clouddriver	GET	/tags	/tags	/tags	CLAIM-S2-R0441	1	-	Call<List<Map>>	-	Collection<EntityTags>	typed	1	1	0	gate@v6.69.0 gate-core/src/main/java/com/netflix/spinnaker/gate/services/internal/ClouddriverService.java:305
gate	clouddriver	GET	/tags/{id}	/tags/{}	/tags/**	CLAIM-S2-R0442	1	-	Call<Map>	-	EntityTags	typed	1	1	0	gate@v6.69.0 gate-core/src/main/java/com/netflix/spinnaker/gate/services/internal/ClouddriverService.java:308
gate	clouddriver	GET	/certificates	/certificates	/certificates	CLAIM-S2-R0370	1	-	Call<List<Map>>	-	List<Certificate>	typed	1	1	0	gate@v6.69.0 gate-core/src/main/java/com/netflix/spinnaker/gate/services/internal/ClouddriverService.java:311
gate	clouddriver	GET	/certificates/{cloudProvider}	/certificates/{}	/certificates/{cloudProvider}	CLAIM-S2-R0371	1	-	Call<List<Map>>	-	Set<Network>	typed	1	1	0	gate@v6.69.0 gate-core/src/main/java/com/netflix/spinnaker/gate/services/internal/ClouddriverService.java:314
gate	clouddriver	GET	/v1/data/static/{id}	/v1/data/static/{}	/v1/data/static/{id}	CLAIM-S2-R0382	1	-	Call<ResponseBody>	-	Object	untyped-return	1	1	0	gate@v6.69.0 gate-core/src/main/java/com/netflix/spinnaker/gate/services/internal/ClouddriverService.java:318
gate	clouddriver	GET	/v1/data/adhoc/{groupId}/{bucketId}/{objectId}	/v1/data/adhoc/{}/{}/{}	/v1/data/adhoc/{groupId}/{bucketId}/**	CLAIM-S2-R0383	1	-	Call<ResponseBody>	-	StreamingResponseBody	typed	0	0	0	gate@v6.69.0 gate-core/src/main/java/com/netflix/spinnaker/gate/services/internal/ClouddriverService.java:322
gate	clouddriver	GET	/storage	/storage	/storage	CLAIM-S2-R0331	1	-	Call<List<String>>	-	List<String>	typed	0	0	0	gate@v6.69.0 gate-core/src/main/java/com/netflix/spinnaker/gate/services/internal/ClouddriverService.java:328
gate	clouddriver	GET	/artifacts/credentials	/artifacts/credentials	/artifacts/credentials	CLAIM-S2-R0428	1	-	Call<List<Map>>	-	List<ArtifactCredentials>	typed	1	1	0	gate@v6.69.0 gate-core/src/main/java/com/netflix/spinnaker/gate/services/internal/ClouddriverService.java:331
gate	clouddriver	PUT	/artifacts/fetch	/artifacts/fetch	/artifacts/fetch	CLAIM-S2-R0429	1	Map	Call<ResponseBody>	Artifact	StreamingResponseBody	typed	1	1	0	gate@v6.69.0 gate-core/src/main/java/com/netflix/spinnaker/gate/services/internal/ClouddriverService.java:335
gate	clouddriver	GET	/artifacts/account/{accountName}/names	/artifacts/account/{}/names	/artifacts/account/{accountName}/names	CLAIM-S2-R0431	1	-	Call<List<String>>	-	List<String>	typed	0	0	0	gate@v6.69.0 gate-core/src/main/java/com/netflix/spinnaker/gate/services/internal/ClouddriverService.java:338
gate	clouddriver	GET	/artifacts/account/{accountName}/versions	/artifacts/account/{}/versions	/artifacts/account/{accountName}/versions	CLAIM-S2-R0432	1	-	Call<List<String>>	-	List<String>	typed	0	0	0	gate@v6.69.0 gate-core/src/main/java/com/netflix/spinnaker/gate/services/internal/ClouddriverService.java:342
gate	clouddriver	GET	/roles/{cloudProvider}	/roles/{}	/roles/{cloudProvider}	CLAIM-S2-R0337	1	-	Call<List<Map>>	-	Collection<Role>	typed	1	1	0	gate@v6.69.0 gate-core/src/main/java/com/netflix/spinnaker/gate/services/internal/ClouddriverService.java:348
gate	clouddriver	GET	/ecs/ecsClusters	/ecs/ecsClusters	/ecs/ecsClusters	CLAIM-S2-R0347	1	-	Call<List<Map>>	-	Collection<EcsCluster>	typed	1	1	0	gate@v6.69.0 gate-core/src/main/java/com/netflix/spinnaker/gate/services/internal/ClouddriverService.java:351
gate	clouddriver	GET	/ecs/cloudMetrics/alarms	/ecs/cloudMetrics/alarms	/ecs/cloudMetrics/alarms	CLAIM-S2-R0346	1	-	Call<List<Map>>	-	Collection<EcsMetricAlarm>	typed	1	1	0	gate@v6.69.0 gate-core/src/main/java/com/netflix/spinnaker/gate/services/internal/ClouddriverService.java:354
gate	clouddriver	GET	/ecs/secrets	/ecs/secrets	/ecs/secrets	CLAIM-S2-R0350	1	-	Call<List<Map>>	-	Collection<Secret>	typed	1	1	0	gate@v6.69.0 gate-core/src/main/java/com/netflix/spinnaker/gate/services/internal/ClouddriverService.java:357
gate	clouddriver	GET	/ecs/ecsClusterDescriptions/{account}/{region}	/ecs/ecsClusterDescriptions/{}/{}	/ecs/ecsClusterDescriptions/{account}/{region}	CLAIM-S2-R0348	1	-	Call<List<Map>>	-	Collection<Cluster>	typed	1	1	0	gate@v6.69.0 gate-core/src/main/java/com/netflix/spinnaker/gate/services/internal/ClouddriverService.java:360
gate	clouddriver	GET	/ecs/serviceDiscoveryRegistries	/ecs/serviceDiscoveryRegistries	/ecs/serviceDiscoveryRegistries	CLAIM-S2-R0351	1	-	Call<List<Map>>	-	Collection<ServiceDiscoveryRegistry>	typed	1	1	0	gate@v6.69.0 gate-core/src/main/java/com/netflix/spinnaker/gate/services/internal/ClouddriverService.java:364
gate	clouddriver	GET	/manifests/{account}/{location}/{name}	/manifests/{}/{}/{}	/manifests/{account:.+}/{location:.+}/{name:.+}	CLAIM-S2-R0356	1	-	Call<Map>	-	Manifest	typed	1	1	0	gate@v6.69.0 gate-core/src/main/java/com/netflix/spinnaker/gate/services/internal/ClouddriverService.java:367
gate	clouddriver	GET	/applications/{application}/serverGroups/{account}/{serverGroupName}/events	/applications/{}/serverGroups/{}/{}/events	/applications/{application}/serverGroups/{account}/{serverGroupName}/events	CLAIM-S2-R0352	2	-	Call<List<Map>>	-	ResponseEntity<?>(raw)	untyped-return	1	1	0	gate@v6.69.0 gate-core/src/main/java/com/netflix/spinnaker/gate/services/internal/ClouddriverService.java:373
gate	clouddriver	GET	/servicebroker/{account}/services	/servicebroker/{}/services	/servicebroker/{account}/services	CLAIM-S2-R0447	1	-	Call<List<Map>>	-	Collection<Service>	typed	1	1	0	gate@v6.69.0 gate-core/src/main/java/com/netflix/spinnaker/gate/services/internal/ClouddriverService.java:381
gate	clouddriver	GET	/servicebroker/{account}/serviceInstance	/servicebroker/{}/serviceInstance	/servicebroker/{account}/serviceInstance	CLAIM-S2-R0448	1	-	Call<Map>	-	ServiceInstance	typed	1	1	0	gate@v6.69.0 gate-core/src/main/java/com/netflix/spinnaker/gate/services/internal/ClouddriverService.java:387
gate	clouddriver	GET	/functions	/functions	/functions	CLAIM-S2-R0443	1	-	Call<List<Map>>	-	List<Function>	typed	1	1	0	gate@v6.69.0 gate-core/src/main/java/com/netflix/spinnaker/gate/services/internal/ClouddriverService.java:394
gate	clouddriver	GET	/applications/{name}/functions	/applications/{}/functions	/applications/{application}/functions	CLAIM-S2-R0444	1	-	Call<List<Map>>	-	List<Function>	typed	1	1	0	gate@v6.69.0 gate-core/src/main/java/com/netflix/spinnaker/gate/services/internal/ClouddriverService.java:400
gate	clouddriver	GET	/artifacts/content-address/{application}/{hash}	/artifacts/content-address/{}/{}	/artifacts/content-address/{application}/{hash}	CLAIM-S2-R0430	1	-	Call<Artifact.StoredView>	-	Artifact.StoredView	typed	0	0	0	gate@v6.69.0 gate-core/src/main/java/com/netflix/spinnaker/gate/services/internal/ClouddriverService.java:406
gate	echo	POST	/webhooks/{type}/{source}	/webhooks/{}/{}	/webhooks/{type}/{source}	CLAIM-S2-R0558	1	Map	Call<Map>	String	WebhooksController.WebhookResponse	typed	1	1	1	gate@v6.69.0 gate-core/src/main/java/com/netflix/spinnaker/gate/services/internal/EchoService.java:20
gate	echo	POST	/webhooks/cdevents/{source}	/webhooks/cdevents/{}	/webhooks/cdevents/{source}	CLAIM-S2-R0560	2	CloudEvent	Call<ResponseEntity<Void>>	CloudEvent	void	typed	0	0	0	gate@v6.69.0 gate-core/src/main/java/com/netflix/spinnaker/gate/services/internal/EchoService.java:24
gate	echo	POST	/webhooks/{type}/{source}	/webhooks/{}/{}	/webhooks/{type}/{source}	CLAIM-S2-R0558	1	Map	Call<Map>	String	WebhooksController.WebhookResponse	typed	1	1	1	gate@v6.69.0 gate-core/src/main/java/com/netflix/spinnaker/gate/services/internal/EchoService.java:35
gate	echo	GET	/validateCronExpression	/validateCronExpression	/validateCronExpression	CLAIM-S2-R0557	1	-	Call<Map>	-	Map<String, Object>	untyped-return	1	1	0	gate@v6.69.0 gate-core/src/main/java/com/netflix/spinnaker/gate/services/internal/EchoService.java:43
gate	echo	GET	/pubsub/subscriptions	/pubsub/subscriptions	/pubsub/subscriptions	CLAIM-S2-R0551	1	-	Call<List<Map<String,String>>>	-	List<PubsubSubscriptionBySystem>	typed	1	0	0	gate@v6.69.0 gate-core/src/main/java/com/netflix/spinnaker/gate/services/internal/EchoService.java:46
gate	echo	POST	/	/	/	CLAIM-S2-R0553	1	Map	Call<Void>	Event	void	typed	1	1	0	gate@v6.69.0 gate-core/src/main/java/com/netflix/spinnaker/gate/services/internal/EchoService.java:49
gate	echo	GET	/quietPeriod	/quietPeriod	/quietPeriod	CLAIM-S2-R0550	1	-	Call<Map>	-	QuietPeriodStatus	typed	1	1	0	gate@v6.69.0 gate-core/src/main/java/com/netflix/spinnaker/gate/services/internal/EchoService.java:52
gate	echo	GET	/notifications/metadata	/notifications/metadata	/notifications/metadata	CLAIM-S2-R0549	1	-	Call<List>	-	List<NotificationAgent>	typed	1	1	0	gate@v6.69.0 gate-core/src/main/java/com/netflix/spinnaker/gate/services/internal/EchoService.java:58
gate	front50	GET	/v2/applications?restricted=false	/v2/applications	/v2/applications	CLAIM-S2-R0526	1	-	Call<List<Map>>	-	List<Application>	typed	1	1	0	gate@v6.69.0 gate-core/src/main/java/com/netflix/spinnaker/gate/services/internal/Front50Service.java:37
gate	front50	GET	/v2/applications/{applicationName}	/v2/applications/{}	/v2/applications/{applicationName:.+}	CLAIM-S2-R0531	1	-	Call<Map>	-	Application	typed	1	1	0	gate@v6.69.0 gate-core/src/main/java/com/netflix/spinnaker/gate/services/internal/Front50Service.java:40
gate	front50	GET	/v2/applications/{applicationName}/history	/v2/applications/{}/history	/v2/applications/{applicationName:.+}/history	CLAIM-S2-R0532	1	-	Call<List<Map>>	-	Collection<Application>	typed	1	1	0	gate@v6.69.0 gate-core/src/main/java/com/netflix/spinnaker/gate/services/internal/Front50Service.java:43
gate	front50	GET	/pipelines	/pipelines	/pipelines	CLAIM-S2-R0476	1	-	Call<List<Map>>	-	Collection<Pipeline>	typed	1	1	0	gate@v6.69.0 gate-core/src/main/java/com/netflix/spinnaker/gate/services/internal/Front50Service.java:47
gate	front50	GET	/pipelines/{app}	/pipelines/{}	/pipelines/{application:.+}	CLAIM-S2-R0478	1	-	Call<List<Map>>	-	List<Pipeline>	typed	1	1	0	gate@v6.69.0 gate-core/src/main/java/com/netflix/spinnaker/gate/services/internal/Front50Service.java:50
gate	front50	GET	/pipelines/{app}/name/{name}	/pipelines/{}/name/{}	/pipelines/{application:.+}/name/{name:.+}	CLAIM-S2-R0481	1	-	Call<Map>	-	Pipeline	typed	1	1	0	gate@v6.69.0 gate-core/src/main/java/com/netflix/spinnaker/gate/services/internal/Front50Service.java:56
gate	front50	GET	/pipelines/{id}/get	/pipelines/{}/get	/pipelines/{id:.+}/get	CLAIM-S2-R0480	1	-	Call<Map>	-	Pipeline	typed	1	1	0	gate@v6.69.0 gate-core/src/main/java/com/netflix/spinnaker/gate/services/internal/Front50Service.java:60
gate	front50	DELETE	/pipelines/{app}/{name}	/pipelines/{}/{}	/pipelines/{application}/{pipeline:.+}	CLAIM-S2-R0484	1	-	Call<ResponseBody>	-	void	typed	0	0	0	gate@v6.69.0 gate-core/src/main/java/com/netflix/spinnaker/gate/services/internal/Front50Service.java:63
gate	front50	POST	/pipelines	/pipelines	/pipelines	CLAIM-S2-R0482	1	Map	Call<ResponseBody>	Pipeline	Pipeline	typed	1	1	0	gate@v6.69.0 gate-core/src/main/java/com/netflix/spinnaker/gate/services/internal/Front50Service.java:66
gate	front50	GET	/pipelines/{pipelineConfigId}/history	/pipelines/{}/history	/pipelines/{id:.+}/history	CLAIM-S2-R0479	1	-	Call<List<Map>>	-	Collection<Pipeline>	typed	1	1	0	gate@v6.69.0 gate-core/src/main/java/com/netflix/spinnaker/gate/services/internal/Front50Service.java:72
gate	front50	PUT	/pipelines/{pipelineId}	/pipelines/{}	/pipelines/{id}	CLAIM-S2-R0485	1	Map	Call<Map>	Pipeline	Pipeline	typed	1	1	1	gate@v6.69.0 gate-core/src/main/java/com/netflix/spinnaker/gate/services/internal/Front50Service.java:76
gate	front50	GET	/strategies	/strategies	/strategies	CLAIM-S2-R0512	1	-	Call<List<Map>>	-	Collection<Pipeline>	typed	1	1	0	gate@v6.69.0 gate-core/src/main/java/com/netflix/spinnaker/gate/services/internal/Front50Service.java:79
gate	front50	GET	/strategies/{app}	/strategies/{}	/strategies/{application:.+}	CLAIM-S2-R0513	1	-	Call<List<Map>>	-	Collection<Pipeline>	typed	1	1	0	gate@v6.69.0 gate-core/src/main/java/com/netflix/spinnaker/gate/services/internal/Front50Service.java:82
gate	front50	DELETE	/strategies/{app}/{name}	/strategies/{}/{}	/strategies/{application}/{strategy:.+}	CLAIM-S2-R0517	1	-	Call<ResponseBody>	-	void	typed	0	0	0	gate@v6.69.0 gate-core/src/main/java/com/netflix/spinnaker/gate/services/internal/Front50Service.java:85
gate	front50	POST	/strategies	/strategies	/strategies	CLAIM-S2-R0515	1	Map	Call<ResponseBody>	Pipeline	void	typed	1	1	0	gate@v6.69.0 gate-core/src/main/java/com/netflix/spinnaker/gate/services/internal/Front50Service.java:88
gate	front50	GET	/strategies/{strategyConfigId}/history	/strategies/{}/history	/strategies/{id:.+}/history	CLAIM-S2-R0514	1	-	Call<List<Map>>	-	Collection<Pipeline>	typed	1	1	0	gate@v6.69.0 gate-core/src/main/java/com/netflix/spinnaker/gate/services/internal/Front50Service.java:94
gate	front50	PUT	/strategies/{strategyId}	/strategies/{}	/strategies/{id}	CLAIM-S2-R0518	1	Map	Call<Map>	Pipeline	Pipeline	typed	1	1	1	gate@v6.69.0 gate-core/src/main/java/com/netflix/spinnaker/gate/services/internal/Front50Service.java:98
gate	front50	GET	/pipelineTemplates	/pipelineTemplates	/pipelineTemplates	CLAIM-S2-R0486	1	-	Call<List<Map>>	-	List<PipelineTemplate>	untyped-return	1	1	0	gate@v6.69.0 gate-core/src/main/java/com/netflix/spinnaker/gate/services/internal/Front50Service.java:101
gate	front50	GET	/pipelineTemplates/{pipelineTemplateId}	/pipelineTemplates/{}	/pipelineTemplates/{id}	CLAIM-S2-R0488	1	-	Call<Map>	-	PipelineTemplate	untyped-return	1	1	0	gate@v6.69.0 gate-core/src/main/java/com/netflix/spinnaker/gate/services/internal/Front50Service.java:104
gate	front50	GET	/pipelineTemplates/{pipelineTemplateId}/dependentPipelines	/pipelineTemplates/{}/dependentPipelines	/pipelineTemplates/{id}/dependentPipelines	CLAIM-S2-R0491	1	-	Call<List<Map<String,Object>>>	-	List<Pipeline>	typed	1	1	0	gate@v6.69.0 gate-core/src/main/java/com/netflix/spinnaker/gate/services/internal/Front50Service.java:107
gate	front50	GET	/v2/pipelineTemplates/{pipelineTemplateId}	/v2/pipelineTemplates/{}	/v2/pipelineTemplates/{id}	CLAIM-S2-R0523	1	-	Call<Map>	-	PipelineTemplate	untyped-return	1	1	0	gate@v6.69.0 gate-core/src/main/java/com/netflix/spinnaker/gate/services/internal/Front50Service.java:111
gate	front50	GET	/v2/pipelineTemplates	/v2/pipelineTemplates	/v2/pipelineTemplates	CLAIM-S2-R0519	1	-	Call<List<Map>>	-	List<PipelineTemplate>	untyped-return	1	1	0	gate@v6.69.0 gate-core/src/main/java/com/netflix/spinnaker/gate/services/internal/Front50Service.java:117
gate	front50	GET	/v2/pipelineTemplates/versions	/v2/pipelineTemplates/versions	/v2/pipelineTemplates/versions	CLAIM-S2-R0520	2	-	Call<Map<String,List<Map>>>	-	Map<String, List<PipelineTemplate>>	untyped-return	1	1	0	gate@v6.69.0 gate-core/src/main/java/com/netflix/spinnaker/gate/services/internal/Front50Service.java:120
gate	front50	GET	/v2/pipelineTemplates/{pipelineTemplateId}/dependentPipelines	/v2/pipelineTemplates/{}/dependentPipelines	/v2/pipelineTemplates/{id}/dependentPipelines	CLAIM-S2-R0525	1	-	Call<List<Map<String,Object>>>	-	List<Pipeline>	typed	1	1	0	gate@v6.69.0 gate-core/src/main/java/com/netflix/spinnaker/gate/services/internal/Front50Service.java:123
gate	front50	GET	/notifications/{type}/{app}	/notifications/{}/{}	/notifications/{type}/{name}	CLAIM-S2-R0467	1	-	Call<Map>	-	Notification	untyped-return	1	1	0	gate@v6.69.0 gate-core/src/main/java/com/netflix/spinnaker/gate/services/internal/Front50Service.java:127
gate	front50	DELETE	/notifications/{type}/{app}	/notifications/{}/{}	/notifications/{type}/{name}	CLAIM-S2-R0470	1	-	Call<ResponseBody>	-	void	typed	0	0	0	gate@v6.69.0 gate-core/src/main/java/com/netflix/spinnaker/gate/services/internal/Front50Service.java:130
gate	front50	POST	/notifications/{type}/{app}	/notifications/{}/{}	/notifications/{type}/{name}	CLAIM-S2-R0469	1	Map	Call<ResponseBody>	Notification	void	untyped-body	1	1	0	gate@v6.69.0 gate-core/src/main/java/com/netflix/spinnaker/gate/services/internal/Front50Service.java:133
gate	front50	GET	/v2/projects	/v2/projects	/v2/projects	CLAIM-S2-R0541	1	-	Call<List<Map>>	-	List<Project>	typed	1	1	0	gate@v6.69.0 gate-core/src/main/java/com/netflix/spinnaker/gate/services/internal/Front50Service.java:137
gate	front50	GET	/v2/projects/{projectId}	/v2/projects/{}	/v2/projects/{projectId}	CLAIM-S2-R0542	1	-	Call<Map>	-	Project	typed	1	1	0	gate@v6.69.0 gate-core/src/main/java/com/netflix/spinnaker/gate/services/internal/Front50Service.java:140
gate	front50	GET	/snapshots/{id}	/snapshots/{}	/snapshots/{id:.+}	CLAIM-S2-R0509	1	-	Call<Map>	-	Snapshot	typed	1	1	0	gate@v6.69.0 gate-core/src/main/java/com/netflix/spinnaker/gate/services/internal/Front50Service.java:143
gate	front50	GET	/snapshots/{id}/history	/snapshots/{}/history	/snapshots/{id:.+}/history	CLAIM-S2-R0508	2	-	Call<List<Map>>	-	Collection<Snapshot>	typed	1	1	0	gate@v6.69.0 gate-core/src/main/java/com/netflix/spinnaker/gate/services/internal/Front50Service.java:146
gate	front50	GET	/serviceAccounts	/serviceAccounts	/serviceAccounts	CLAIM-S2-R0505	1	-	Call<List<ServiceAccount>>	-	Set<ServiceAccount>	typed	0	0	0	gate@v6.69.0 gate-core/src/main/java/com/netflix/spinnaker/gate/services/internal/Front50Service.java:149
gate	front50	GET	/deliveries	/deliveries	/deliveries	CLAIM-S2-R0458	1	-	Call<List<Map>>	-	Collection<Delivery>	typed	1	1	0	gate@v6.69.0 gate-core/src/main/java/com/netflix/spinnaker/gate/services/internal/Front50Service.java:152
gate	front50	GET	/deliveries/{id}	/deliveries/{}	/deliveries/{id}	CLAIM-S2-R0460	1	-	Call<Map>	-	Delivery	typed	1	1	0	gate@v6.69.0 gate-core/src/main/java/com/netflix/spinnaker/gate/services/internal/Front50Service.java:155
gate	front50	GET	/pluginInfo	/pluginInfo	/pluginInfo	CLAIM-S2-R0494	1	-	Call<List<Map>>	-	Collection<PluginInfo>	typed	1	1	0	gate@v6.69.0 gate-core/src/main/java/com/netflix/spinnaker/gate/services/internal/Front50Service.java:158
gate	igor	GET	/masters	/masters	/masters	CLAIM-S2-R0745	1	-	Call<List<String>>	-	List<String>	typed	0	0	0	gate@v6.69.0 gate-core/src/main/java/com/netflix/spinnaker/gate/services/internal/IgorService.java:12
gate	igor	GET	/masters	/masters	/masters	CLAIM-S2-R0745	1	-	Call<List<String>>	-	List<String>	typed	0	0	0	gate@v6.69.0 gate-core/src/main/java/com/netflix/spinnaker/gate/services/internal/IgorService.java:22
gate	igor	GET	/jobs/{buildMaster}	/jobs/{}	/jobs/{master:.+}	CLAIM-S2-R0747	1	-	Call<List<String>>	-	List<String>	typed	0	0	0	gate@v6.69.0 gate-core/src/main/java/com/netflix/spinnaker/gate/services/internal/IgorService.java:25
gate	igor	GET	/jobs/{buildMaster}/{job}	/jobs/{}/{}	/jobs/{master:.+}/**	CLAIM-S2-R0748	1	-	Call<Map>	-	Object	untyped-return	1	1	0	gate@v6.69.0 gate-core/src/main/java/com/netflix/spinnaker/gate/services/internal/IgorService.java:28
gate	igor	GET	/builds/all/{buildMaster}/{job}	/builds/all/{}/{}	/builds/all/{master:.+}/**	CLAIM-S2-R0738	1	-	Call<List<Map>>	-	List<Object>	untyped-return	1	1	0	gate@v6.69.0 gate-core/src/main/java/com/netflix/spinnaker/gate/services/internal/IgorService.java:32
gate	igor	GET	/builds/status/{number}/{buildMaster}/{job}	/builds/status/{}/{}/{}	/builds/status/{buildNumber}/{master:.+}/**	CLAIM-S2-R0733	1	-	Call<Map>	-	GenericBuild	typed	1	1	0	gate@v6.69.0 gate-core/src/main/java/com/netflix/spinnaker/gate/services/internal/IgorService.java:36
gate	igor	GET	/artifactory/names	/artifactory/names	/artifactory/names	CLAIM-S2-R0561	1	-	Call<List<String>>	-	List<String>	typed	0	0	0	gate@v6.69.0 gate-core/src/main/java/com/netflix/spinnaker/gate/services/internal/IgorService.java:42
gate	igor	GET	/nexus/names	/nexus/names	/nexus/names	CLAIM-S2-R0592	1	-	Call<List<String>>	-	List<String>	typed	0	0	0	gate@v6.69.0 gate-core/src/main/java/com/netflix/spinnaker/gate/services/internal/IgorService.java:45
gate	igor	GET	/concourse/{buildMaster}/teams	/concourse/{}/teams	/concourse/{buildMaster}/teams	CLAIM-S2-R0579	1	-	Call<List<String>>	-	List<String>	typed	0	0	0	gate@v6.69.0 gate-core/src/main/java/com/netflix/spinnaker/gate/services/internal/IgorService.java:48
gate	igor	GET	/concourse/{buildMaster}/teams/{team}/pipelines	/concourse/{}/teams/{}/pipelines	/concourse/{buildMaster}/teams/{team}/pipelines	CLAIM-S2-R0580	1	-	Call<List<String>>	-	List<String>	typed	0	0	0	gate@v6.69.0 gate-core/src/main/java/com/netflix/spinnaker/gate/services/internal/IgorService.java:51
gate	igor	GET	/concourse/{buildMaster}/teams/{team}/pipelines/{pipeline}/jobs	/concourse/{}/teams/{}/pipelines/{}/jobs	/concourse/{buildMaster}/teams/{team}/pipelines/{pipeline}/jobs	CLAIM-S2-R0581	1	-	Call<List<String>>	-	List<String>	typed	0	0	0	gate@v6.69.0 gate-core/src/main/java/com/netflix/spinnaker/gate/services/internal/IgorService.java:55
gate	igor	GET	/gcb/accounts	/gcb/accounts	/gcb/accounts	CLAIM-S2-R0583	1	-	Call<List<String>>	-	List<String>	typed	0	0	0	gate@v6.69.0 gate-core/src/main/java/com/netflix/spinnaker/gate/services/internal/IgorService.java:61
gate	igor	GET	/gcb/triggers/{account}	/gcb/triggers/{}	/gcb/triggers/{account}	CLAIM-S2-R0589	1	-	Call<List<GoogleCloudBuildTrigger>>	-	List<BuildTrigger>	typed	0	0	0	gate@v6.69.0 gate-core/src/main/java/com/netflix/spinnaker/gate/services/internal/IgorService.java:64
gate	igor	GET	/codebuild/accounts	/codebuild/accounts	/codebuild/accounts	CLAIM-S2-R0573	1	-	Call<List<String>>	-	List<String>	typed	0	0	0	gate@v6.69.0 gate-core/src/main/java/com/netflix/spinnaker/gate/services/internal/IgorService.java:67
gate	igor	GET	/codebuild/projects/{account}	/codebuild/projects/{}	/codebuild/projects/{account}	CLAIM-S2-R0574	1	-	Call<List<String>>	-	List<String>	typed	0	0	0	gate@v6.69.0 gate-core/src/main/java/com/netflix/spinnaker/gate/services/internal/IgorService.java:70
gate	igor	GET	/artifacts/{provider}/{packageName}	/artifacts/{}/{}	/artifacts/{provider}/{name}	CLAIM-S2-R0569	1	-	Call<List<String>>	-	List<String>	typed	0	0	0	gate@v6.69.0 gate-core/src/main/java/com/netflix/spinnaker/gate/services/internal/IgorService.java:73
gate	igor	GET	/artifacts/{provider}/{packageName}/{version}	/artifacts/{}/{}/{}	/artifacts/{provider}/{name}/{version:.+}	CLAIM-S2-R0570	1	-	Call<Map<String,Object>>	-	Artifact	typed	1	1	0	gate@v6.69.0 gate-core/src/main/java/com/netflix/spinnaker/gate/services/internal/IgorService.java:79
gate	igor	GET	/concourse/{buildMaster}/teams/{team}/pipelines/{pipeline}/resources	/concourse/{}/teams/{}/pipelines/{}/resources	/concourse/{buildMaster}/teams/{team}/pipelines/{pipeline}/resources	CLAIM-S2-R0582	1	-	Call<List<String>>	-	List<String>	typed	0	0	0	gate@v6.69.0 gate-core/src/main/java/com/netflix/spinnaker/gate/services/internal/IgorService.java:85
gate	igor	GET	/ci/builds	/ci/builds	/ci/builds	CLAIM-S2-R0571	1	-	Call<List<Map<String,Object>>>	-	List<GenericBuild>	typed	1	1	0	gate@v6.69.0 gate-core/src/main/java/com/netflix/spinnaker/gate/services/internal/IgorService.java:91
gate	igor	GET	/ci/builds/{buildId}/output	/ci/builds/{}/output	/ci/builds/{buildId}/output	CLAIM-S2-R0572	1	-	Call<Map<String,Object>>	-	Map<String, Object>	untyped-return	1	1	0	gate@v6.69.0 gate-core/src/main/java/com/netflix/spinnaker/gate/services/internal/IgorService.java:99
gate	keel	GET	/resources/events/{name}	/resources/events/{}	/resources/events/{id}	CLAIM-S2-R0715	1	-	Call<List<Map<String,Object>>>	-	List<ResourceHistoryEvent>	polymorphic	1	1	0	gate@v6.69.0 gate-core/src/main/java/com/netflix/spinnaker/gate/services/internal/KeelService.java:50
gate	keel	GET	/resources/{name}	/resources/{}	/resources/{id}	CLAIM-S2-R0722	1	-	Call<Resource>	-	Resource<*>	typed	0	0	0	gate@v6.69.0 gate-core/src/main/java/com/netflix/spinnaker/gate/services/internal/KeelService.java:54
gate	keel	GET	/resources/{name}	/resources/{}	/resources/{id}	CLAIM-S2-R0722	1	-	Call<Resource>	-	Resource<*>	typed	0	0	0	gate@v6.69.0 gate-core/src/main/java/com/netflix/spinnaker/gate/services/internal/KeelService.java:57
gate	keel	GET	/resources/{name}/status	/resources/{}/status	/resources/{id}/status	CLAIM-S2-R0723	1	-	Call<String>	-	ResourceStatus	typed	0	0	0	gate@v6.69.0 gate-core/src/main/java/com/netflix/spinnaker/gate/services/internal/KeelService.java:61
gate	keel	POST	/resources/diff	/resources/diff	/resources/diff	CLAIM-S2-R0726	1	Resource	Call<Map>	SubmittedResource<*>	DefaultResourceDiff<Resource<*>>	typed	1	1	0	gate@v6.69.0 gate-core/src/main/java/com/netflix/spinnaker/gate/services/internal/KeelService.java:67
gate	keel	GET	/delivery-configs/{name}	/delivery-configs/{}	/delivery-configs/{name}	CLAIM-S2-R0706	1	-	Call<DeliveryConfig>	-	DeliveryConfig	polymorphic	0	0	0	gate@v6.69.0 gate-core/src/main/java/com/netflix/spinnaker/gate/services/internal/KeelService.java:73
gate	keel	GET	/delivery-configs/{name}	/delivery-configs/{}	/delivery-configs/{name}	CLAIM-S2-R0706	1	-	Call<DeliveryConfig>	-	DeliveryConfig	polymorphic	0	0	0	gate@v6.69.0 gate-core/src/main/java/com/netflix/spinnaker/gate/services/internal/KeelService.java:76
gate	keel	POST	/delivery-configs	/delivery-configs	/delivery-configs	CLAIM-S2-R0704	1	DeliveryConfig	Call<DeliveryConfig>	-	DeliveryConfig	polymorphic	0	0	0	gate@v6.69.0 gate-core/src/main/java/com/netflix/spinnaker/gate/services/internal/KeelService.java:83
gate	keel	DELETE	/delivery-configs/{name}	/delivery-configs/{}	/delivery-configs/{name}	CLAIM-S2-R0707	1	-	Call<DeliveryConfig>	-	void	typed	0	0	0	gate@v6.69.0 gate-core/src/main/java/com/netflix/spinnaker/gate/services/internal/KeelService.java:87
gate	keel	DELETE	/application/{application}/config	/application/{}/config	/application/{application}/config	CLAIM-S2-R0688	1	-	Call<DeliveryConfig>	-	void	typed	0	0	0	gate@v6.69.0 gate-core/src/main/java/com/netflix/spinnaker/gate/services/internal/KeelService.java:90
gate	keel	POST	/delivery-configs/diff	/delivery-configs/diff	/delivery-configs/diff	CLAIM-S2-R0708	1	DeliveryConfig	Call<List<Map>>	SubmittedDeliveryConfig	Map<String, Any?>	untyped-return	1	1	0	gate@v6.69.0 gate-core/src/main/java/com/netflix/spinnaker/gate/services/internal/KeelService.java:93
gate	keel	GET	/delivery-configs/schema	/delivery-configs/schema	/delivery-configs/schema	CLAIM-S2-R0712	2	-	Call<Map<String,Object>>	-	RootSchema	typed	1	1	0	gate@v6.69.0 gate-core/src/main/java/com/netflix/spinnaker/gate/services/internal/KeelService.java:96
gate	keel	POST	/delivery-configs/validate	/delivery-configs/validate	/delivery-configs/validate	CLAIM-S2-R0709	1	DeliveryConfig	Call<Map>	-	void	typed	1	1	0	gate@v6.69.0 gate-core/src/main/java/com/netflix/spinnaker/gate/services/internal/KeelService.java:99
gate	keel	GET	/application/{application}/config	/application/{}/config	/application/{application}/config	CLAIM-S2-R0686	1	-	Call<DeliveryConfig>	-	DeliveryConfig	polymorphic	0	0	0	gate@v6.69.0 gate-core/src/main/java/com/netflix/spinnaker/gate/services/internal/KeelService.java:103
gate	keel	GET	/application/{application}/environment/{environment}/constraints	/application/{}/environment/{}/constraints	/application/{application}/environment/{environment}/constraints	CLAIM-S2-R0690	1	-	Call<List<ConstraintState>>	-	List<ConstraintState>	polymorphic	0	0	0	gate@v6.69.0 gate-core/src/main/java/com/netflix/spinnaker/gate/services/internal/KeelService.java:106
gate	keel	POST	/application/{application}/environment/{environment}/constraint	/application/{}/environment/{}/constraint	/application/{application}/environment/{environment}/constraint	CLAIM-S2-R0689	1	ConstraintStatus	Call<ResponseBody>	UpdatedConstraintStatus	void	typed	0	0	0	gate@v6.69.0 gate-core/src/main/java/com/netflix/spinnaker/gate/services/internal/KeelService.java:112
gate	keel	GET	/application/{application}	/application/{}	/application/{application}	CLAIM-S2-R0685	1	-	Call<Map>	-	Map<String, Any>	untyped-return	1	1	0	gate@v6.69.0 gate-core/src/main/java/com/netflix/spinnaker/gate/services/internal/KeelService.java:118
gate	keel	POST	/application/{application}/pause	/application/{}/pause	/application/{application}/pause	CLAIM-S2-R0691	1	Map	Call<ResponseBody>	-	void	typed	1	1	0	gate@v6.69.0 gate-core/src/main/java/com/netflix/spinnaker/gate/services/internal/KeelService.java:125
gate	keel	DELETE	/application/{application}/pause	/application/{}/pause	/application/{application}/pause	CLAIM-S2-R0692	1	-	Call<ResponseBody>	-	void	typed	0	0	0	gate@v6.69.0 gate-core/src/main/java/com/netflix/spinnaker/gate/services/internal/KeelService.java:129
gate	keel	POST	/resources/{name}/pause	/resources/{}/pause	/resources/{id}/pause	CLAIM-S2-R0724	1	Map	Call<ResponseBody>	-	void	typed	1	1	0	gate@v6.69.0 gate-core/src/main/java/com/netflix/spinnaker/gate/services/internal/KeelService.java:132
gate	keel	DELETE	/resources/{name}/pause	/resources/{}/pause	/resources/{id}/pause	CLAIM-S2-R0725	1	-	Call<ResponseBody>	-	void	typed	0	0	0	gate@v6.69.0 gate-core/src/main/java/com/netflix/spinnaker/gate/services/internal/KeelService.java:135
gate	keel	GET	/export/{cloudProvider}/{account}/{type}/{name}	/export/{}/{}/{}/{}	/export/{cloudProvider}/{account}/{type}/{name}	CLAIM-S2-R0716	1	-	Call<Resource>	-	SubmittedResource<*>	typed	0	0	0	gate@v6.69.0 gate-core/src/main/java/com/netflix/spinnaker/gate/services/internal/KeelService.java:138
gate	keel	GET	/export/artifact/{cloudProvider}/{account}/{clusterName}	/export/artifact/{}/{}/{}	/export/artifact/{cloudProvider}/{account}/{clusterName}	CLAIM-S2-R0717	2	-	Call<Map<String,Object>>	-	DeliveryArtifact?	polymorphic	1	1	0	gate@v6.69.0 gate-core/src/main/java/com/netflix/spinnaker/gate/services/internal/KeelService.java:146
gate	keel	POST	/application/{application}/pin	/application/{}/pin	/application/{application}/pin	CLAIM-S2-R0693	1	EnvironmentArtifactPin	Call<ResponseBody>	EnvironmentArtifactPin	void	typed	0	0	0	gate@v6.69.0 gate-core/src/main/java/com/netflix/spinnaker/gate/services/internal/KeelService.java:152
gate	keel	DELETE	/application/{application}/pin/{targetEnvironment}	/application/{}/pin/{}	/application/{application}/pin/{targetEnvironment}	CLAIM-S2-R0694	1	-	Call<ResponseBody>	-	void	typed	0	0	0	gate@v6.69.0 gate-core/src/main/java/com/netflix/spinnaker/gate/services/internal/KeelService.java:155
gate	keel	POST	/application/{application}/veto	/application/{}/veto	/application/{application}/veto	CLAIM-S2-R0695	1	EnvironmentArtifactVeto	Call<ResponseBody>	EnvironmentArtifactVeto	void	typed	0	0	0	gate@v6.69.0 gate-core/src/main/java/com/netflix/spinnaker/gate/services/internal/KeelService.java:161
gate	keel	POST	/application/{application}/mark/bad	/application/{}/mark/bad	/application/{application}/mark/bad	CLAIM-S2-R0696	1	EnvironmentArtifactVeto	Call<ResponseBody>	EnvironmentArtifactVeto	void	typed	0	0	0	gate@v6.69.0 gate-core/src/main/java/com/netflix/spinnaker/gate/services/internal/KeelService.java:165
gate	keel	DELETE	/application/{application}/veto/{targetEnvironment}/{reference}/{version}	/application/{}/veto/{}/{}/{}	/application/{application}/veto/{targetEnvironment}/{reference}/{version}	CLAIM-S2-R0698	1	-	Call<ResponseBody>	-	void	typed	0	0	0	gate@v6.69.0 gate-core/src/main/java/com/netflix/spinnaker/gate/services/internal/KeelService.java:169
gate	keel	POST	/application/{application}/mark/good	/application/{}/mark/good	/application/{application}/mark/good	CLAIM-S2-R0697	1	EnvironmentArtifactVeto	Call<ResponseBody>	EnvironmentArtifactVeto	void	typed	0	0	0	gate@v6.69.0 gate-core/src/main/java/com/netflix/spinnaker/gate/services/internal/KeelService.java:176
gate	keel	POST	/application/{application}/environment/{environment}/verifications	/application/{}/environment/{}/verifications	/application/{application}/environment/{environment}/verifications	CLAIM-S2-R0727	1	OverrideVerificationRequest	Call<ResponseBody>	UpdateVerificationStatusRequest	void	typed	0	0	0	gate@v6.69.0 gate-core/src/main/java/com/netflix/spinnaker/gate/services/internal/KeelService.java:180
gate	keel	POST	/application/{application}/environment/{environment}/verifications/retry	/application/{}/environment/{}/verifications/retry	/application/{application}/environment/{environment}/verifications/retry	CLAIM-S2-R0728	1	RetryVerificationRequest	Call<ResponseBody>	RetryVerificationRequest	void	typed	0	0	0	gate@v6.69.0 gate-core/src/main/java/com/netflix/spinnaker/gate/services/internal/KeelService.java:186
gate	keel	GET	/environments/{application}	/environments/{}	/environments/{application}	CLAIM-S2-R0713	1	-	Call<List<Map<String,Object>>>	-	List<EnvironmentView>	polymorphic	1	1	0	gate@v6.69.0 gate-core/src/main/java/com/netflix/spinnaker/gate/services/internal/KeelService.java:203
gate	orca	POST	/ops	/ops	/ops	CLAIM-S2-R0292	2	Map<String,Object>	Call<Map>	List<Map>	Map<String, String>	untyped-both	1	1	1	gate@v6.69.0 gate-core/src/main/java/com/netflix/spinnaker/gate/services/internal/OrcaService.java:20
gate	orca	GET	/applications/{application}/tasks	/applications/{}/tasks	/applications/{application}/tasks	CLAIM-S2-R0299	1	-	Call<List>	-	List<OrchestrationViewModel>	typed	1	1	0	gate@v6.69.0 gate-core/src/main/java/com/netflix/spinnaker/gate/services/internal/OrcaService.java:24
gate	orca	GET	/v2/applications/{application}/pipelines	/v2/applications/{}/pipelines	/v2/applications/{application}/pipelines	CLAIM-S2-R0319	1	-	Call<List>	-	List<PipelineExecution>	typed	1	1	0	gate@v6.69.0 gate-core/src/main/java/com/netflix/spinnaker/gate/services/internal/OrcaService.java:32
gate	orca	GET	/projects/{projectId}/pipelines	/projects/{}/pipelines	/projects/{projectId}/pipelines	CLAIM-S2-R0298	1	-	Call<List<Map>>	-	List<PipelineExecution>	typed	1	1	0	gate@v6.69.0 gate-core/src/main/java/com/netflix/spinnaker/gate/services/internal/OrcaService.java:40
gate	orca	GET	/tasks/{id}	/tasks/{}	/tasks/{id}	CLAIM-S2-R0301	1	-	Call<Map>	-	OrchestrationViewModel	typed	1	1	0	gate@v6.69.0 gate-core/src/main/java/com/netflix/spinnaker/gate/services/internal/OrcaService.java:47
gate	orca	DELETE	/tasks/{id}	/tasks/{}	/tasks/{id}	CLAIM-S2-R0302	1	-	Call<Map>	-	void	typed	1	1	0	gate@v6.69.0 gate-core/src/main/java/com/netflix/spinnaker/gate/services/internal/OrcaService.java:51
gate	orca	PUT	/tasks/{id}/cancel	/tasks/{}/cancel	/tasks/{id}/cancel	CLAIM-S2-R0303	1	String	Call<Map>	-	void	typed	1	1	0	gate@v6.69.0 gate-core/src/main/java/com/netflix/spinnaker/gate/services/internal/OrcaService.java:55
gate	orca	PUT	/tasks/cancel	/tasks/cancel	/tasks/cancel	CLAIM-S2-R0304	1	List<String>	Call<Map>	List<String>	void	typed	1	1	0	gate@v6.69.0 gate-core/src/main/java/com/netflix/spinnaker/gate/services/internal/OrcaService.java:59
gate	orca	GET	/pipelines	/pipelines	/pipelines	CLAIM-S2-R0305	1	-	Call<List>	-	List<PipelineExecution>	typed	1	1	0	gate@v6.69.0 gate-core/src/main/java/com/netflix/spinnaker/gate/services/internal/OrcaService.java:63
gate	orca	GET	/applications/{application}/pipelines/search	/applications/{}/pipelines/search	/applications/{application}/pipelines/search	CLAIM-S2-R0306	1	-	Call<List>	-	List<PipelineExecution>	typed	1	1	0	gate@v6.69.0 gate-core/src/main/java/com/netflix/spinnaker/gate/services/internal/OrcaService.java:72
gate	orca	GET	/pipelines/{id}	/pipelines/{}	/pipelines/{id}	CLAIM-S2-R0307	1	-	Call<Map>	-	PipelineExecution	typed	1	1	0	gate@v6.69.0 gate-core/src/main/java/com/netflix/spinnaker/gate/services/internal/OrcaService.java:88
gate	orca	PUT	/pipelines/{id}/cancel	/pipelines/{}/cancel	/pipelines/{id}/cancel	CLAIM-S2-R0309	1	String	Call<Void>	-	void	typed	0	0	0	gate@v6.69.0 gate-core/src/main/java/com/netflix/spinnaker/gate/services/internal/OrcaService.java:92
gate	orca	PUT	/pipelines/{id}/pause	/pipelines/{}/pause	/pipelines/{id}/pause	CLAIM-S2-R0310	1	String	Call<Void>	-	void	typed	0	0	0	gate@v6.69.0 gate-core/src/main/java/com/netflix/spinnaker/gate/services/internal/OrcaService.java:100
gate	orca	PUT	/pipelines/{id}/resume	/pipelines/{}/resume	/pipelines/{id}/resume	CLAIM-S2-R0311	1	String	Call<Void>	-	void	typed	0	0	0	gate@v6.69.0 gate-core/src/main/java/com/netflix/spinnaker/gate/services/internal/OrcaService.java:104
gate	orca	DELETE	/pipelines/{id}	/pipelines/{}	/pipelines/{id}	CLAIM-S2-R0308	1	-	Call<Void>	-	void	typed	0	0	0	gate@v6.69.0 gate-core/src/main/java/com/netflix/spinnaker/gate/services/internal/OrcaService.java:108
gate	orca	PUT	/pipelines/{executionId}/stages/{stageId}/restart	/pipelines/{}/stages/{}/restart	/pipelines/{id}/stages/{stageId}/restart	CLAIM-S2-R0315	1	Map	Call<Map>	Map	PipelineExecution	untyped-body	1	1	1	gate@v6.69.0 gate-core/src/main/java/com/netflix/spinnaker/gate/services/internal/OrcaService.java:112
gate	orca	POST	/orchestrate	/orchestrate	/orchestrate	CLAIM-S2-R0287	1	Map	Call<Map>	Map	Map<String, Object>	untyped-both	1	1	1	gate@v6.69.0 gate-core/src/main/java/com/netflix/spinnaker/gate/services/internal/OrcaService.java:119
gate	orca	PATCH	/pipelines/{executionId}/stages/{stageId}	/pipelines/{}/stages/{}	/pipelines/{id}/stages/{stageId}	CLAIM-S2-R0314	1	Map	Call<Map>	Map	PipelineExecution	untyped-body	1	1	1	gate@v6.69.0 gate-core/src/main/java/com/netflix/spinnaker/gate/services/internal/OrcaService.java:123
gate	orca	GET	/pipelines/{id}/evaluateExpression	/pipelines/{}/evaluateExpression	/pipelines/{id}/evaluateExpression	CLAIM-S2-R0316	1	-	Call<Map>	-	Map	untyped-return	1	1	0	gate@v6.69.0 gate-core/src/main/java/com/netflix/spinnaker/gate/services/internal/OrcaService.java:128
gate	orca	GET	/pipelines/{id}/{stageId}/evaluateExpression	/pipelines/{}/{}/evaluateExpression	/pipelines/{id}/{stageId}/evaluateExpression	CLAIM-S2-R0317	1	-	Call<Map>	-	Map	untyped-return	1	1	0	gate@v6.69.0 gate-core/src/main/java/com/netflix/spinnaker/gate/services/internal/OrcaService.java:133
gate	orca	POST	/pipelines/{id}/evaluateVariables	/pipelines/{}/evaluateVariables	/pipelines/{id}/evaluateVariables	CLAIM-S2-R0318	1	List<Map<String,String>>	Call<Map>	List<Map<String, String>>	Map	untyped-both	1	1	1	gate@v6.69.0 gate-core/src/main/java/com/netflix/spinnaker/gate/services/internal/OrcaService.java:140
gate	orca	GET	/webhooks/preconfigured	/webhooks/preconfigured	/webhooks/preconfigured	CLAIM-S2-R0294	1	-	Call<List>	-	List<Map<String, Object>>	untyped-return	1	1	0	gate@v6.69.0 gate-core/src/main/java/com/netflix/spinnaker/gate/services/internal/OrcaService.java:148
gate	orca	GET	/jobs/preconfigured	/jobs/preconfigured	/jobs/preconfigured	CLAIM-S2-R0295	1	-	Call<List>	-	List<Map<String, Object>>	untyped-return	1	1	0	gate@v6.69.0 gate-core/src/main/java/com/netflix/spinnaker/gate/services/internal/OrcaService.java:152
gate	orca	GET	/pipelineTemplate	/pipelineTemplate	/pipelineTemplate	CLAIM-S2-R0296	1	-	Call<Map>	-	PipelineTemplate	typed	1	1	0	gate@v6.69.0 gate-core/src/main/java/com/netflix/spinnaker/gate/services/internal/OrcaService.java:156
gate	orca	POST	/convertPipelineToTemplate	/convertPipelineToTemplate	/convertPipelineToTemplate	CLAIM-S2-R0297	1	Map<String,?extendsObject>	Call<ResponseBody>	Map<String, Object>	String	untyped-body	1	1	0	gate@v6.69.0 gate-core/src/main/java/com/netflix/spinnaker/gate/services/internal/OrcaService.java:162
gate	orca	POST	/v2/pipelineTemplates/plan	/v2/pipelineTemplates/plan	/v2/pipelineTemplates/plan	CLAIM-S2-R0326	1	Map<String,Object>	Call<Map<String,Object>>	Map<String, Object>	Map<String, Object>	untyped-both	1	1	1	gate@v6.69.0 gate-core/src/main/java/com/netflix/spinnaker/gate/services/internal/OrcaService.java:166
gate	orca	POST	/concourse/stage/start	/concourse/stage/start	/concourse/stage/start	CLAIM-S2-R0323	1	String	Call<ResponseBody>	-	void	typed	0	0	0	gate@v6.69.0 gate-core/src/main/java/com/netflix/spinnaker/gate/services/internal/OrcaService.java:169
gate	orca	GET	/capabilities/deploymentMonitors	/capabilities/deploymentMonitors	/capabilities/deploymentMonitors	CLAIM-S2-R0321	1	-	Call<List<Object>>	-	List<DeploymentMonitorDefinition>	typed	1	1	0	gate@v6.69.0 gate-core/src/main/java/com/netflix/spinnaker/gate/services/internal/OrcaService.java:176
gate	orca	GET	/capabilities/expressions	/capabilities/expressions	/capabilities/expressions	CLAIM-S2-R0322	1	-	Call<Map>	-	ExpressionCapabilityResult	typed	1	1	0	gate@v6.69.0 gate-core/src/main/java/com/netflix/spinnaker/gate/services/internal/OrcaService.java:179
gate	rosco	GET	/bakeOptions	/bakeOptions	/bakeOptions	CLAIM-S2-R0612	1	-	Call<List>	-	List<BakeOptions>	typed	1	1	0	gate@v6.69.0 gate-core/src/main/java/com/netflix/spinnaker/gate/services/internal/RoscoService.java:12
gate	rosco	GET	/bakeOptions/{cloudProvider}	/bakeOptions/{}	/bakeOptions/{cloudProvider}	CLAIM-S2-R0613	1	-	Call<Map>	-	BakeOptions	typed	1	1	0	gate@v6.69.0 gate-core/src/main/java/com/netflix/spinnaker/gate/services/internal/RoscoService.java:15
gate	rosco	GET	/api/v1/{region}/logs/{statusId}	/api/v1/{}/logs/{}	/api/v1/{region}/logs/{statusId}	CLAIM-S2-R0618	1	-	Call<Map>	-	Map	untyped-return	1	1	0	gate@v6.69.0 gate-core/src/main/java/com/netflix/spinnaker/gate/services/internal/RoscoService.java:19
gate	fiat	GET	/authorize/{userId}/serviceAccounts?expand=true	/authorize/{}/serviceAccounts	/authorize/{userId:.+}/serviceAccounts	CLAIM-S2-R0603	1	-	Call<List<UserPermission.View>>	-	Set<? extends Viewable.BaseView>	typed	0	0	0	gate@v6.69.0 gate-core/src/main/java/com/netflix/spinnaker/gate/services/internal/ExtendedFiatService.java:28
gate	kayenta	GET	/credentials	/credentials	/credentials	CLAIM-S2-R0661	1	-	Call<List>	-	Set<? extends AccountCredentials>	typed	1	1	0	gate@v6.69.0 gate-web/src/main/groovy/com/netflix/spinnaker/gate/services/internal/KayentaService.groovy:31
gate	kayenta	GET	/canaryConfig	/canaryConfig	/canaryConfig	CLAIM-S2-R0647	1	-	Call<List>	-	List<Map<String, Object>>	untyped-return	1	1	0	gate@v6.69.0 gate-web/src/main/groovy/com/netflix/spinnaker/gate/services/internal/KayentaService.groovy:34
gate	kayenta	GET	/canaryConfig/{id}	/canaryConfig/{}	/canaryConfig/{canaryConfigId:.+}	CLAIM-S2-R0643	1	-	Call<Map>	-	CanaryConfig	polymorphic	1	1	0	gate@v6.69.0 gate-web/src/main/groovy/com/netflix/spinnaker/gate/services/internal/KayentaService.groovy:38
gate	kayenta	POST	/canaryConfig	/canaryConfig	/canaryConfig	CLAIM-S2-R0644	1	Map	Call<Map>	CanaryConfig	CanaryConfigUpdateResponse	polymorphic	1	1	1	gate@v6.69.0 gate-web/src/main/groovy/com/netflix/spinnaker/gate/services/internal/KayentaService.groovy:42
gate	kayenta	PUT	/canaryConfig/{id}	/canaryConfig/{}	/canaryConfig/{canaryConfigId:.+}	CLAIM-S2-R0645	1	Map	Call<Map>	CanaryConfig	CanaryConfigUpdateResponse	polymorphic	1	1	1	gate@v6.69.0 gate-web/src/main/groovy/com/netflix/spinnaker/gate/services/internal/KayentaService.groovy:46
gate	kayenta	DELETE	/canaryConfig/{id}	/canaryConfig/{}	/canaryConfig/{canaryConfigId:.+}	CLAIM-S2-R0646	1	-	Call<ResponseBody>	-	void	typed	0	0	0	gate@v6.69.0 gate-web/src/main/groovy/com/netflix/spinnaker/gate/services/internal/KayentaService.groovy:51
gate	kayenta	GET	/metadata/metricsService	/metadata/metricsService	/metadata/metricsService	CLAIM-S2-R0672	1	-	Call<List>	-	List<Map>	untyped-return	1	1	0	gate@v6.69.0 gate-web/src/main/groovy/com/netflix/spinnaker/gate/services/internal/KayentaService.groovy:55
gate	kayenta	GET	/judges	/judges	/judges	CLAIM-S2-R0652	1	-	Call<List>	-	List<CanaryJudge>	typed	1	1	0	gate@v6.69.0 gate-web/src/main/groovy/com/netflix/spinnaker/gate/services/internal/KayentaService.groovy:59
gate	kayenta	POST	/canary	/canary	/canary	CLAIM-S2-R0649	1	Map	Call<Map>	CanaryAdhocExecutionRequest	CanaryExecutionResponse	polymorphic	1	1	1	gate@v6.69.0 gate-web/src/main/groovy/com/netflix/spinnaker/gate/services/internal/KayentaService.groovy:62
gate	kayenta	POST	/canary/{canaryConfigId}	/canary/{}	/canary/{canaryConfigId:.+}	CLAIM-S2-R0648	1	Map	Call<Map>	CanaryExecutionRequest	CanaryExecutionResponse	typed	1	1	1	gate@v6.69.0 gate-web/src/main/groovy/com/netflix/spinnaker/gate/services/internal/KayentaService.groovy:69
gate	kayenta	GET	/canary/{canaryExecutionId}	/canary/{}	/canary/{canaryExecutionId:.+}	CLAIM-S2-R0650	1	-	Call<Map>	-	CanaryExecutionStatusResponse	polymorphic	1	1	0	gate@v6.69.0 gate-web/src/main/groovy/com/netflix/spinnaker/gate/services/internal/KayentaService.groovy:78
gate	kayenta	GET	/canary/executions	/canary/executions	/canary/executions	CLAIM-S2-R0651	2	-	Call<List>	-	List<CanaryExecutionStatusResponse>	polymorphic	1	1	0	gate@v6.69.0 gate-web/src/main/groovy/com/netflix/spinnaker/gate/services/internal/KayentaService.groovy:82
gate	kayenta	GET	/metricSetPairList/{metricSetPairListId}	/metricSetPairList/{}	/metricSetPairList/{metricSetPairListId:.+}	CLAIM-S2-R0667	1	-	Call<List>	-	List<MetricSetPair>	typed	1	1	0	gate@v6.69.0 gate-web/src/main/groovy/com/netflix/spinnaker/gate/services/internal/KayentaService.groovy:89
gate	fiat	GET	authorize/{userId}	/authorize/{}	/authorize/{userId:.+}	CLAIM-S2-R0597	1	-	Call<UserPermission.View>	-	UserPermission.View	typed	0	0	0	fiat@v1.57.0 fiat-api/src/main/java/com/netflix/spinnaker/fiat/shared/FiatService.java:36
gate	fiat	GET	authorize/{userId}/{resourceType}/{resourceName}/{authorization}	/authorize/{}/{}/{}/{}	/authorize/{userId:.+}/{resourceType:.+}/{resourceName:.+}/{authorization:.+}	CLAIM-S2-R0605	1	-	Call<Void>	-	void	typed	0	0	0	fiat@v1.57.0 fiat-api/src/main/java/com/netflix/spinnaker/fiat/shared/FiatService.java:46
gate	fiat	POST	authorize/{userId}/{resourceType}/create	/authorize/{}/{}/create	/authorize/{userId:.+}/{resourceType:.+}/create	CLAIM-S2-R0606	1	Object	Call<Void>	Object	void	untyped-body	1	1	0	fiat@v1.57.0 fiat-api/src/main/java/com/netflix/spinnaker/fiat/shared/FiatService.java:61
gate	fiat	POST	roles/sync	/roles/sync	/roles/sync	CLAIM-S2-R0610	2	-	Call<Long>	List<String>	long	typed	0	0	0	fiat@v1.57.0 fiat-api/src/main/java/com/netflix/spinnaker/fiat/shared/FiatService.java:72
gate	fiat	POST	roles/sync	/roles/sync	/roles/sync	CLAIM-S2-R0610	2	List<String>	Call<Long>	List<String>	long	typed	0	0	0	fiat@v1.57.0 fiat-api/src/main/java/com/netflix/spinnaker/fiat/shared/FiatService.java:81
gate	fiat	POST	roles/sync/serviceAccount/{serviceAccountId}	/roles/sync/serviceAccount/{}	/roles/sync/serviceAccount/{serviceAccountId:.+}	CLAIM-S2-R0611	1	List<String>	Call<Long>	List<String>	long	typed	0	0	0	fiat@v1.57.0 fiat-api/src/main/java/com/netflix/spinnaker/fiat/shared/FiatService.java:92
gate	fiat	POST	roles/{userId}	/roles/{}	/roles/{userId:.+}	CLAIM-S2-R0607	1	-	Call<Void>	-	void	typed	0	0	0	fiat@v1.57.0 fiat-api/src/main/java/com/netflix/spinnaker/fiat/shared/FiatService.java:100
gate	fiat	PUT	roles/{userId}	/roles/{}	/roles/{userId:.+}	CLAIM-S2-R0608	1	Collection<String>	Call<Void>	List<String>	void	typed	0	0	0	fiat@v1.57.0 fiat-api/src/main/java/com/netflix/spinnaker/fiat/shared/FiatService.java:110
gate	fiat	DELETE	roles/{userId}	/roles/{}	/roles/{userId:.+}	CLAIM-S2-R0609	1	-	Call<Void>	-	void	typed	0	0	0	fiat@v1.57.0 fiat-api/src/main/java/com/netflix/spinnaker/fiat/shared/FiatService.java:117
gate	front50	GET	/pluginInfo/{id}	/pluginInfo/{}	/pluginInfo/{id}	CLAIM-S2-R0495	1	-	Call<SpinnakerPluginInfo>	-	PluginInfo	typed	0	0	0	kork@v7.254.0 kork-plugins/src/main/kotlin/com/netflix/spinnaker/kork/plugins/update/internal/Front50Service.kt:35
gate	front50	GET	/pluginInfo	/pluginInfo	/pluginInfo	CLAIM-S2-R0494	1	-	Call<Collection<SpinnakerPluginInfo>>	-	Collection<PluginInfo>	typed	0	0	0	kork@v7.254.0 kork-plugins/src/main/kotlin/com/netflix/spinnaker/kork/plugins/update/internal/Front50Service.kt:41
gate	front50	PUT	/pluginVersions/{serverGroupName}	/pluginVersions/{}	/pluginVersions/{serverGroupName}	CLAIM-S2-R0502	1	Map<String,String>	Call<PinnedVersions>	Map<String, String>	Map<String, PluginInfo.Release>	untyped-both	1	0	1	kork@v7.254.0 kork-plugins/src/main/kotlin/com/netflix/spinnaker/kork/plugins/update/internal/Front50Service.kt:49
orca	clouddriver	GET	/applications/{app}/clusters/{account}/{cluster}/{cloudProvider}	/applications/{}/clusters/{}/{}/{}	/applications/{application}/clusters/{account:.+}/{name:.+}/{type}	CLAIM-S2-R0377	1	-	Response	-	Cluster	typed	0	0	0	orca@v8.64.0 orca-clouddriver/src/main/java/com/netflix/spinnaker/orca/clouddriver/OortService.java:35
orca	clouddriver	GET	/applications/{app}/serverGroups	/applications/{}/serverGroups	/applications/{application}/serverGroups	CLAIM-S2-R0423	1	-	Response	-	List<Object>	untyped-return	1	1	0	orca@v8.64.0 orca-clouddriver/src/main/java/com/netflix/spinnaker/orca/clouddriver/OortService.java:42
orca	clouddriver	GET	/applications/{app}/clusters/{account}/{cluster}/{cloudProvider}/serverGroups/{serverGroup}	/applications/{}/clusters/{}/{}/{}/serverGroups/{}	/applications/{application}/clusters/{account:.+}/{clusterName:.+}/{type}/serverGroups/{serverGroupName:.+}	CLAIM-S2-R0379	1	-	Response	-	def	untyped-return	1	1	0	orca@v8.64.0 orca-clouddriver/src/main/java/com/netflix/spinnaker/orca/clouddriver/OortService.java:45
orca	clouddriver	GET	/applications/{app}/clusters/{account}/{cluster}/{cloudProvider}/serverGroups/{serverGroup}	/applications/{}/clusters/{}/{}/{}/serverGroups/{}	/applications/{application}/clusters/{account:.+}/{clusterName:.+}/{type}/serverGroups/{serverGroupName:.+}	CLAIM-S2-R0379	1	-	List<ServerGroup>	-	def	untyped-return	1	1	0	orca@v8.64.0 orca-clouddriver/src/main/java/com/netflix/spinnaker/orca/clouddriver/OortService.java:55
orca	clouddriver	GET	/manifests/{account}/_/{manifest}	/manifests/{}/_/{}	/manifests/{account:.+}/_/{name:.+}	CLAIM-S2-R0355	2	-	Manifest	-	Manifest	typed	0	0	0	orca@v8.64.0 orca-clouddriver/src/main/java/com/netflix/spinnaker/orca/clouddriver/OortService.java:64
orca	clouddriver	GET	/manifests/{account}/{location}/{manifest}	/manifests/{}/{}/{}	/manifests/{account:.+}/{location:.+}/{name:.+}	CLAIM-S2-R0356	1	-	Manifest	-	Manifest	typed	0	0	0	orca@v8.64.0 orca-clouddriver/src/main/java/com/netflix/spinnaker/orca/clouddriver/OortService.java:70
orca	clouddriver	GET	/manifests/{account}/{location}/{kind}/cluster/{app}/{clusterName}/dynamic/{criteria}	/manifests/{}/{}/{}/cluster/{}/{}/dynamic/{}	/manifests/{account:.+}/{location:.+}/{kind:.+}/cluster/{app:.+}/{cluster:.+}/dynamic/{criteria:.+}	CLAIM-S2-R0358	1	-	ManifestCoordinates	-	KubernetesCoordinates	typed	0	0	0	orca@v8.64.0 orca-clouddriver/src/main/java/com/netflix/spinnaker/orca/clouddriver/OortService.java:77
orca	clouddriver	GET	/manifests/{account}/{location}/{kind}/cluster/{app}/{clusterName}	/manifests/{}/{}/{}/cluster/{}/{}	/manifests/{account:.+}/{location:.+}/{kind:.+}/cluster/{app:.+}/{cluster:.+}	CLAIM-S2-R0359	1	-	List<ManifestCoordinates>	-	List<KubernetesCoordinates>	typed	0	0	0	orca@v8.64.0 orca-clouddriver/src/main/java/com/netflix/spinnaker/orca/clouddriver/OortService.java:86
orca	clouddriver	GET	/applications/{app}/serverGroups/{account}/{region}/{serverGroup}	/applications/{}/serverGroups/{}/{}/{}	/applications/{application}/serverGroups/{account}/{region}/{name:.+}	CLAIM-S2-R0421	1	-	Response	-	ServerGroup	typed	0	0	0	orca@v8.64.0 orca-clouddriver/src/main/java/com/netflix/spinnaker/orca/clouddriver/OortService.java:95
orca	clouddriver	GET	/serverGroups/{account}/{region}/{serverGroup}	/serverGroups/{}/{}/{}	/serverGroups/{account}/{region}/{name:.+}	CLAIM-S2-R0422	1	-	Response	-	ServerGroup	typed	0	0	0	orca@v8.64.0 orca-clouddriver/src/main/java/com/netflix/spinnaker/orca/clouddriver/OortService.java:102
orca	clouddriver	GET	/applications/{app}/clusters/{account}/{cluster}/{cloudProvider}/{scope}/serverGroups/target/{target}	/applications/{}/clusters/{}/{}/{}/{}/serverGroups/target/{}	/applications/{application}/clusters/{account:.+}/{clusterName:.+}/{cloudProvider}/{scope}/serverGroups/target/{target:.+}	CLAIM-S2-R0380	1	-	ServerGroup	-	ServerGroup	typed	0	0	0	orca@v8.64.0 orca-clouddriver/src/main/java/com/netflix/spinnaker/orca/clouddriver/OortService.java:108
orca	clouddriver	GET	/applications/{app}/clusters/{account}/{cluster}/{cloudProvider}/{scope}/serverGroups/target/{target}/{summaryType}	/applications/{}/clusters/{}/{}/{}/{}/serverGroups/target/{}/{}	/applications/{application}/clusters/{account:.+}/{clusterName:.+}/{cloudProvider}/{scope}/serverGroups/target/{target:.+}/{summaryType:.+}	CLAIM-S2-R0381	1	-	Map<String,Object>	-	Summary	typed	1	1	0	orca@v8.64.0 orca-clouddriver/src/main/java/com/netflix/spinnaker/orca/clouddriver/OortService.java:118
orca	clouddriver	GET	/search	/search	/search	CLAIM-S2-R0413	1	-	Response	-	List<SearchResultSet>	typed	0	0	0	orca@v8.64.0 orca-clouddriver/src/main/java/com/netflix/spinnaker/orca/clouddriver/OortService.java:130
orca	clouddriver	GET	/applications/{app}	/applications/{}	/applications/{name:.+}	CLAIM-S2-R0366	1	-	Response	-	ApplicationViewModel	typed	0	0	0	orca@v8.64.0 orca-clouddriver/src/main/java/com/netflix/spinnaker/orca/clouddriver/OortService.java:136
orca	clouddriver	GET	/instances/{account}/{region}/{instanceId}	/instances/{}/{}/{}	/instances/{account}/{region}/{id:.+}	CLAIM-S2-R0387	1	-	Response	-	Instance	typed	0	0	0	orca@v8.64.0 orca-clouddriver/src/main/java/com/netflix/spinnaker/orca/clouddriver/OortService.java:139
orca	clouddriver	PUT	/artifacts/fetch/	/artifacts/fetch	/artifacts/fetch	CLAIM-S2-R0429	1	Artifact	Response	Artifact	StreamingResponseBody	typed	0	0	0	orca@v8.64.0 orca-clouddriver/src/main/java/com/netflix/spinnaker/orca/clouddriver/OortService.java:145
orca	clouddriver	GET	/{provider}/loadBalancers/{account}/{region}/{name}	/{}/loadBalancers/{}/{}/{}	/{cloudProvider:.+}/loadBalancers/{account:.+}/{region:.+}/{name:.+}	CLAIM-S2-R0397	1	-	List<Map>	-	List<LoadBalancerProvider.Details>	typed	1	1	0	orca@v8.64.0 orca-clouddriver/src/main/java/com/netflix/spinnaker/orca/clouddriver/OortService.java:148
orca	clouddriver	GET	/tags	/tags	/tags	CLAIM-S2-R0441	1	-	List<Map<String,Object>>	-	Collection<EntityTags>	typed	1	1	0	orca@v8.64.0 orca-clouddriver/src/main/java/com/netflix/spinnaker/orca/clouddriver/OortService.java:170
orca	clouddriver	GET	/tags	/tags	/tags	CLAIM-S2-R0441	1	-	List<Map>	-	Collection<EntityTags>	typed	1	1	0	orca@v8.64.0 orca-clouddriver/src/main/java/com/netflix/spinnaker/orca/clouddriver/OortService.java:178
orca	clouddriver	GET	/aws/cloudFormation/stacks/{stackId}	/aws/cloudFormation/stacks/{}	/aws/cloudFormation/stacks/**	CLAIM-S2-R0336	1	-	Map	-	AmazonCloudFormationStack	typed	1	1	0	orca@v8.64.0 orca-clouddriver/src/main/java/com/netflix/spinnaker/orca/clouddriver/OortService.java:181
orca	clouddriver	GET	/servicebroker/{account}/serviceInstance	/servicebroker/{}/serviceInstance	/servicebroker/{account}/serviceInstance	CLAIM-S2-R0448	1	-	Map<String,Object>	-	ServiceInstance	typed	1	1	0	orca@v8.64.0 orca-clouddriver/src/main/java/com/netflix/spinnaker/orca/clouddriver/OortService.java:184
orca	clouddriver	GET	/credentials	/credentials	/credentials	CLAIM-S2-R0433	1	-	List<Map<String,Object>>	-	List<Map<String, Object>>	untyped-return	1	1	0	orca@v8.64.0 orca-clouddriver/src/main/java/com/netflix/spinnaker/orca/clouddriver/OortService.java:191
orca	clouddriver	GET	/securityGroups/{account}/{type}/{region}/{securityGroupName}	/securityGroups/{}/{}/{}/{}	/securityGroups/{account}/{cloudProvider}/{region}/{securityGroupNameOrId:.+}	CLAIM-S2-R0420	1	-	SecurityGroup	-	SecurityGroup	polymorphic	0	0	0	orca@v8.64.0 orca-clouddriver/src/main/java/com/netflix/spinnaker/orca/clouddriver/MortService.java:36
orca	clouddriver	GET	/securityGroups/{account}/{type}/{region}/{securityGroupName}	/securityGroups/{}/{}/{}/{}	/securityGroups/{account}/{cloudProvider}/{region}/{securityGroupNameOrId:.+}	CLAIM-S2-R0420	1	-	SecurityGroup	-	SecurityGroup	polymorphic	0	0	0	orca@v8.64.0 orca-clouddriver/src/main/java/com/netflix/spinnaker/orca/clouddriver/MortService.java:43
orca	clouddriver	GET	/vpcs	/vpcs	/vpcs	CLAIM-S2-R0427	1	-	Collection<VPC>	-	Set<Network>	typed	0	0	0	orca@v8.64.0 orca-clouddriver/src/main/java/com/netflix/spinnaker/orca/clouddriver/MortService.java:51
orca	clouddriver	GET	/search	/search	/search	CLAIM-S2-R0413	1	-	List<SearchResult>	-	List<SearchResultSet>	typed	0	0	0	orca@v8.64.0 orca-clouddriver/src/main/java/com/netflix/spinnaker/orca/clouddriver/MortService.java:54
orca	clouddriver	GET	/credentials/{account}	/credentials/{}	/credentials/{accountName}	CLAIM-S2-R0434	1	-	Map	-	Map<String, Object>	untyped-return	1	1	0	orca@v8.64.0 orca-clouddriver/src/main/java/com/netflix/spinnaker/orca/clouddriver/MortService.java:57
orca	clouddriver	POST	/ops	/ops	/ops	CLAIM-S2-R0400	1	Collection<?extendsMap<String,Map>>	TaskId	List<Map<String, Map>>	StartOperationResult	untyped-body	1	1	0	orca@v8.64.0 orca-clouddriver/src/main/java/com/netflix/spinnaker/orca/clouddriver/KatoRestService.java:25
orca	clouddriver	POST	/{cloudProvider}/ops	/{}/ops	/{cloudProvider}/ops	CLAIM-S2-R0402	1	Collection<?extendsMap<String,Map>>	TaskId	List<Map<String, Map>>	StartOperationResult	untyped-body	1	1	0	orca@v8.64.0 orca-clouddriver/src/main/java/com/netflix/spinnaker/orca/clouddriver/KatoRestService.java:30
orca	clouddriver	POST	/{cloudProvider}/ops/{operationName}	/{}/ops/{}	/{cloudProvider}/ops/{name}	CLAIM-S2-R0403	1	OperationContext	Response	Map	StartOperationResult	untyped-body	1	1	0	orca@v8.64.0 orca-clouddriver/src/main/java/com/netflix/spinnaker/orca/clouddriver/KatoRestService.java:36
orca	clouddriver	PATCH	/{cloudProvider}/task/{id}	/{}/task/{}	/{cloudProvider}/task/{id}	CLAIM-S2-R0404	1	Map	TaskId	Map	StartOperationResult	untyped-body	1	1	0	orca@v8.64.0 orca-clouddriver/src/main/java/com/netflix/spinnaker/orca/clouddriver/KatoRestService.java:43
orca	clouddriver	POST	/{cloudProvider}/task/{id}/restart	/{}/task/{}/restart	/{cloudProvider}/task/{id}/restart	CLAIM-S2-R0406	1	Collection<?extendsMap<String,Map>>	TaskId	List<Map<String, Map>>	StartOperationResult	untyped-body	1	1	0	orca@v8.64.0 orca-clouddriver/src/main/java/com/netflix/spinnaker/orca/clouddriver/KatoRestService.java:47
orca	clouddriver	GET	/applications/{app}/jobs/{account}/{region}/{id}	/applications/{}/jobs/{}/{}/{}	/applications/{application}/jobs/{account}/{location}/{id:.+}	CLAIM-S2-R0390	1	-	Response	-	JobStatus	typed	0	0	0	orca@v8.64.0 orca-clouddriver/src/main/java/com/netflix/spinnaker/orca/clouddriver/KatoRestService.java:54
orca	clouddriver	DELETE	/applications/{app}/jobs/{account}/{location}/{id}	/applications/{}/jobs/{}/{}/{}	/applications/{application}/jobs/{account}/{location}/{id:.+}	CLAIM-S2-R0391	1	-	Response	-	void	typed	0	0	0	orca@v8.64.0 orca-clouddriver/src/main/java/com/netflix/spinnaker/orca/clouddriver/KatoRestService.java:61
orca	clouddriver	GET	/applications/{app}/jobs/{account}/{region}/{id}/{fileName}	/applications/{}/jobs/{}/{}/{}/{}	/applications/{application}/jobs/{account}/{location}/{id}/{fileName:.+}	CLAIM-S2-R0392	1	-	Map<String,Object>	-	Map<String, Object>	untyped-return	1	1	0	orca@v8.64.0 orca-clouddriver/src/main/java/com/netflix/spinnaker/orca/clouddriver/KatoRestService.java:68
orca	clouddriver	GET	/applications/{app}/kubernetes/pods/{account}/{namespace}/{podName}/{fileName}	/applications/{}/kubernetes/pods/{}/{}/{}/{}	/applications/{application}/kubernetes/pods/{account}/{namespace}/{podName}/{fileName:.+}	CLAIM-S2-R0360	1	-	Map<String,Object>	-	Map<String, Object>	untyped-return	1	1	0	orca@v8.64.0 orca-clouddriver/src/main/java/com/netflix/spinnaker/orca/clouddriver/KatoRestService.java:76
orca	clouddriver	GET	/task/{id}	/task/{}	/task/{id}	CLAIM-S2-R0407	1	-	Task	-	Task	typed	0	0	0	orca@v8.64.0 orca-clouddriver/src/main/java/com/netflix/spinnaker/orca/clouddriver/KatoRestService.java:88
orca	clouddriver	POST	/task/{id}:resume	/task/{}:resume	/task/{id}:resume	CLAIM-S2-R0409	1	-	TaskId	-	StartOperationResult	typed	0	0	0	orca@v8.64.0 orca-clouddriver/src/main/java/com/netflix/spinnaker/orca/clouddriver/KatoRestService.java:91
orca	clouddriver	POST	/cache/{cloudProvider}/{type}	/cache/{}/{}	/cache/{cloudProvider}/{type}	CLAIM-S2-R0367	1	Map<String,?>	Response	Map<String, ? extends Object>	ResponseEntity<?>(raw)	untyped-both	1	1	1	orca@v8.64.0 orca-clouddriver/src/main/java/com/netflix/spinnaker/orca/clouddriver/CloudDriverCacheService.java:28
orca	clouddriver	PUT	/admin/db/truncate/{namespace}	/admin/db/truncate/{}	/admin/db/truncate/{namespace}	CLAIM-S2-R0327	1	-	Map<String,Object>	-	CleanTablesResult	typed	1	1	0	orca@v8.64.0 orca-clouddriver/src/main/java/com/netflix/spinnaker/orca/clouddriver/CloudDriverCacheService.java:34
orca	clouddriver	GET	/cache/{cloudProvider}/{type}	/cache/{}/{}	/cache/{cloudProvider}/{type}	CLAIM-S2-R0369	1	-	Collection<Map>	-	Collection<Map>	untyped-return	1	1	0	orca@v8.64.0 orca-clouddriver/src/main/java/com/netflix/spinnaker/orca/clouddriver/CloudDriverCacheStatusService.java:25
orca	clouddriver	GET	/task/{id}	/task/{}	/task/{id}	CLAIM-S2-R0407	1	-	Task	-	Task	typed	0	0	0	orca@v8.64.0 orca-clouddriver/src/main/java/com/netflix/spinnaker/orca/clouddriver/CloudDriverTaskStatusService.java:25
orca	clouddriver	GET	/{cloudProvider}/task/{id}/owner	/{}/task/{}/owner	/{cloudProvider}/task/{id}/owner	CLAIM-S2-R0405	1	-	TaskOwner	-	TaskOwnerResult	typed	0	0	0	orca@v8.64.0 orca-clouddriver/src/main/java/com/netflix/spinnaker/orca/clouddriver/CloudDriverTaskStatusService.java:28
orca	clouddriver	GET	/features/stages	/features/stages	/features/stages	CLAIM-S2-R0386	1	-	List<AvailableStage>	-	Collection<Map>	untyped-return	1	1	0	orca@v8.64.0 orca-clouddriver/src/main/java/com/netflix/spinnaker/orca/clouddriver/FeaturesRestService.java:24
orca	front50	GET	/v2/applications/{applicationName}	/v2/applications/{}	/v2/applications/{applicationName:.+}	CLAIM-S2-R0531	1	-	Application	-	Application	typed	0	0	0	orca@v8.64.0 orca-front50/src/main/groovy/com/netflix/spinnaker/orca/front50/Front50Service.groovy:32
orca	front50	GET	/v2/applications	/v2/applications	/v2/applications	CLAIM-S2-R0526	1	-	Collection<Application>	-	List<Application>	typed	0	0	0	orca@v8.64.0 orca-front50/src/main/groovy/com/netflix/spinnaker/orca/front50/Front50Service.groovy:35
orca	front50	POST	/v2/applications	/v2/applications	/v2/applications	CLAIM-S2-R0527	1	Application	Response	Application	Application	typed	0	0	0	orca@v8.64.0 orca-front50/src/main/groovy/com/netflix/spinnaker/orca/front50/Front50Service.groovy:38
orca	front50	DELETE	/v2/applications/{applicationName}	/v2/applications/{}	/v2/applications/{applicationName:.+}	CLAIM-S2-R0528	1	-	Response	-	void	typed	0	0	0	orca@v8.64.0 orca-front50/src/main/groovy/com/netflix/spinnaker/orca/front50/Front50Service.groovy:41
orca	front50	PATCH	/v2/applications/{applicationName}	/v2/applications/{}	/v2/applications/{applicationName:.+}	CLAIM-S2-R0529	1	Application	Response	Application	Application	typed	0	0	0	orca@v8.64.0 orca-front50/src/main/groovy/com/netflix/spinnaker/orca/front50/Front50Service.groovy:44
orca	front50	DELETE	/permissions/applications/{applicationName}	/permissions/applications/{}	/permissions/applications/{appName:.+}	CLAIM-S2-R0475	1	-	Response	-	void	typed	0	0	0	orca@v8.64.0 orca-front50/src/main/groovy/com/netflix/spinnaker/orca/front50/Front50Service.groovy:47
orca	front50	PUT	/permissions/applications/{applicationName}	/permissions/applications/{}	/permissions/applications/{appName:.+}	CLAIM-S2-R0474	1	Application.Permission	Response	Application.Permission	Application.Permission	typed	0	0	0	orca@v8.64.0 orca-front50/src/main/groovy/com/netflix/spinnaker/orca/front50/Front50Service.groovy:50
orca	front50	POST	/pluginInfo	/pluginInfo	/pluginInfo	CLAIM-S2-R0496	1	PluginInfo	PluginInfo	PluginInfo	PluginInfo	typed	0	0	0	orca@v8.64.0 orca-front50/src/main/groovy/com/netflix/spinnaker/orca/front50/Front50Service.groovy:53
orca	front50	GET	/pluginInfo/{pluginId}	/pluginInfo/{}	/pluginInfo/{id}	CLAIM-S2-R0495	1	-	PluginInfo	-	PluginInfo	typed	0	0	0	orca@v8.64.0 orca-front50/src/main/groovy/com/netflix/spinnaker/orca/front50/Front50Service.groovy:56
orca	front50	DELETE	/pluginInfo/{pluginId}	/pluginInfo/{}	/pluginInfo/{id}	CLAIM-S2-R0497	1	-	Response	-	void	typed	0	0	0	orca@v8.64.0 orca-front50/src/main/groovy/com/netflix/spinnaker/orca/front50/Front50Service.groovy:59
orca	front50	PUT	/pluginInfo/{pluginId}/releases/{version}	/pluginInfo/{}/releases/{}	/pluginInfo/{id}/releases/{releaseVersion}	CLAIM-S2-R0500	1	-	Response	-	PluginInfo.Release	typed	0	0	0	orca@v8.64.0 orca-front50/src/main/groovy/com/netflix/spinnaker/orca/front50/Front50Service.groovy:62
orca	front50	GET	/pipelines/{applicationName}	/pipelines/{}	/pipelines/{application:.+}	CLAIM-S2-R0478	1	-	List<Map<String,Object>>	-	List<Pipeline>	typed	1	1	0	orca@v8.64.0 orca-front50/src/main/groovy/com/netflix/spinnaker/orca/front50/Front50Service.groovy:65
orca	front50	GET	/pipelines/{applicationName}	/pipelines/{}	/pipelines/{application:.+}	CLAIM-S2-R0478	1	-	List<Map<String,Object>>	-	List<Pipeline>	typed	1	1	0	orca@v8.64.0 orca-front50/src/main/groovy/com/netflix/spinnaker/orca/front50/Front50Service.groovy:68
orca	front50	GET	/pipelines/{applicationName}	/pipelines/{}	/pipelines/{application:.+}	CLAIM-S2-R0478	1	-	List<Map<String,Object>>	-	List<Pipeline>	typed	1	1	0	orca@v8.64.0 orca-front50/src/main/groovy/com/netflix/spinnaker/orca/front50/Front50Service.groovy:71
orca	front50	GET	/pipelines/{pipelineId}/get	/pipelines/{}/get	/pipelines/{id:.+}/get	CLAIM-S2-R0480	1	-	Map<String,Object>	-	Pipeline	typed	1	1	0	orca@v8.64.0 orca-front50/src/main/groovy/com/netflix/spinnaker/orca/front50/Front50Service.groovy:74
orca	front50	POST	/pipelines	/pipelines	/pipelines	CLAIM-S2-R0482	1	Map	Response	Pipeline	Pipeline	typed	1	1	0	orca@v8.64.0 orca-front50/src/main/groovy/com/netflix/spinnaker/orca/front50/Front50Service.groovy:77
orca	front50	POST	/pipelines/batchUpdate	/pipelines/batchUpdate	/pipelines/batchUpdate	CLAIM-S2-R0483	1	List<Map<String,Object>>	Response	List<Map<String, Object>>	Map<String, Object>	untyped-both	1	1	1	orca@v8.64.0 orca-front50/src/main/groovy/com/netflix/spinnaker/orca/front50/Front50Service.groovy:80
orca	front50	PUT	/pipelines/{pipelineId}	/pipelines/{}	/pipelines/{id}	CLAIM-S2-R0485	1	Map	Response	Pipeline	Pipeline	typed	1	1	0	orca@v8.64.0 orca-front50/src/main/groovy/com/netflix/spinnaker/orca/front50/Front50Service.groovy:83
orca	front50	GET	/strategies/{applicationName}	/strategies/{}	/strategies/{application:.+}	CLAIM-S2-R0513	1	-	List<Map<String,Object>>	-	Collection<Pipeline>	typed	1	1	0	orca@v8.64.0 orca-front50/src/main/groovy/com/netflix/spinnaker/orca/front50/Front50Service.groovy:86
orca	front50	GET	/pipelines?restricted=false	/pipelines	/pipelines	CLAIM-S2-R0476	1	-	List<Map<String,Object>>	-	Collection<Pipeline>	typed	1	1	0	orca@v8.64.0 orca-front50/src/main/groovy/com/netflix/spinnaker/orca/front50/Front50Service.groovy:89
orca	front50	GET	/pipelines/triggeredBy/{pipelineId}/{status}?restricted=false	/pipelines/triggeredBy/{}/{}	/pipelines/triggeredBy/{id:.+}/{status}	CLAIM-S2-R0477	1	-	List<Map<String,Object>>	-	Collection<Pipeline>	typed	1	1	0	orca@v8.64.0 orca-front50/src/main/groovy/com/netflix/spinnaker/orca/front50/Front50Service.groovy:92
orca	front50	POST	/actions/pipelines/reorder	/actions/pipelines/reorder	/actions/pipelines/reorder	CLAIM-S2-R0503	1	ReorderPipelinesCommand	Response	Map<String, Object>	void	untyped-body	1	1	0	orca@v8.64.0 orca-front50/src/main/groovy/com/netflix/spinnaker/orca/front50/Front50Service.groovy:95
orca	front50	DELETE	/pipelines/{applicationName}/{pipelineName}	/pipelines/{}/{}	/pipelines/{application}/{pipeline:.+}	CLAIM-S2-R0484	1	-	Response	-	void	typed	0	0	0	orca@v8.64.0 orca-front50/src/main/groovy/com/netflix/spinnaker/orca/front50/Front50Service.groovy:98
orca	front50	POST	/actions/strategies/reorder	/actions/strategies/reorder	/actions/strategies/reorder	CLAIM-S2-R0504	1	ReorderPipelinesCommand	Response	Map<String, Object>	void	untyped-body	1	1	0	orca@v8.64.0 orca-front50/src/main/groovy/com/netflix/spinnaker/orca/front50/Front50Service.groovy:101
orca	front50	GET	/pipelineTemplates	/pipelineTemplates	/pipelineTemplates	CLAIM-S2-R0486	1	-	List<Map<String,Object>>	-	List<PipelineTemplate>	untyped-return	1	1	0	orca@v8.64.0 orca-front50/src/main/groovy/com/netflix/spinnaker/orca/front50/Front50Service.groovy:105
orca	front50	POST	/pipelineTemplates	/pipelineTemplates	/pipelineTemplates	CLAIM-S2-R0487	1	Map	Response	PipelineTemplate	void	untyped-body	1	1	0	orca@v8.64.0 orca-front50/src/main/groovy/com/netflix/spinnaker/orca/front50/Front50Service.groovy:108
orca	front50	GET	/pipelineTemplates/{pipelineTemplateId}	/pipelineTemplates/{}	/pipelineTemplates/{id}	CLAIM-S2-R0488	1	-	Map<String,Object>	-	PipelineTemplate	untyped-return	1	1	0	orca@v8.64.0 orca-front50/src/main/groovy/com/netflix/spinnaker/orca/front50/Front50Service.groovy:111
orca	front50	PUT	/pipelineTemplates/{pipelineTemplateId}	/pipelineTemplates/{}	/pipelineTemplates/{id}	CLAIM-S2-R0489	1	Map	Response	PipelineTemplate	PipelineTemplate	untyped-both	1	1	1	orca@v8.64.0 orca-front50/src/main/groovy/com/netflix/spinnaker/orca/front50/Front50Service.groovy:114
orca	front50	DELETE	/pipelineTemplates/{pipelineTemplateId}	/pipelineTemplates/{}	/pipelineTemplates/{id}	CLAIM-S2-R0490	1	-	Response	-	void	typed	0	0	0	orca@v8.64.0 orca-front50/src/main/groovy/com/netflix/spinnaker/orca/front50/Front50Service.groovy:117
orca	front50	GET	/pipelineTemplates/{pipelineTemplateId}/dependentPipelines	/pipelineTemplates/{}/dependentPipelines	/pipelineTemplates/{id}/dependentPipelines	CLAIM-S2-R0491	1	-	List<Map<String,Object>>	-	List<Pipeline>	typed	1	1	0	orca@v8.64.0 orca-front50/src/main/groovy/com/netflix/spinnaker/orca/front50/Front50Service.groovy:120
orca	front50	POST	/v2/pipelineTemplates	/v2/pipelineTemplates	/v2/pipelineTemplates	CLAIM-S2-R0521	1	Map	Response	PipelineTemplate	void	untyped-body	1	1	0	orca@v8.64.0 orca-front50/src/main/groovy/com/netflix/spinnaker/orca/front50/Front50Service.groovy:124
orca	front50	GET	/v2/pipelineTemplates/{pipelineTemplateId}/dependentPipelines	/v2/pipelineTemplates/{}/dependentPipelines	/v2/pipelineTemplates/{id}/dependentPipelines	CLAIM-S2-R0525	1	-	List<Map<String,Object>>	-	List<Pipeline>	typed	1	1	0	orca@v8.64.0 orca-front50/src/main/groovy/com/netflix/spinnaker/orca/front50/Front50Service.groovy:127
orca	front50	PUT	/v2/pipelineTemplates/{pipelineTemplateId}	/v2/pipelineTemplates/{}	/v2/pipelineTemplates/{id}	CLAIM-S2-R0522	1	Map	Response	PipelineTemplate	PipelineTemplate	untyped-both	1	1	1	orca@v8.64.0 orca-front50/src/main/groovy/com/netflix/spinnaker/orca/front50/Front50Service.groovy:130
orca	front50	DELETE	/v2/pipelineTemplates/{pipelineTemplateId}	/v2/pipelineTemplates/{}	/v2/pipelineTemplates/{id}	CLAIM-S2-R0524	1	-	Response	-	void	typed	0	0	0	orca@v8.64.0 orca-front50/src/main/groovy/com/netflix/spinnaker/orca/front50/Front50Service.groovy:133
orca	front50	GET	/strategies	/strategies	/strategies	CLAIM-S2-R0512	1	-	List<Map<String,Object>>	-	Collection<Pipeline>	typed	1	1	0	orca@v8.64.0 orca-front50/src/main/groovy/com/netflix/spinnaker/orca/front50/Front50Service.groovy:138
orca	front50	POST	/v2/projects	/v2/projects	/v2/projects	CLAIM-S2-R0544	1	Map	Project	Project	Project	typed	1	1	0	orca@v8.64.0 orca-front50/src/main/groovy/com/netflix/spinnaker/orca/front50/Front50Service.groovy:141
orca	front50	PUT	/v2/projects/{projectId}	/v2/projects/{}	/v2/projects/{projectId}	CLAIM-S2-R0543	1	Map	Project	Project	Project	typed	1	1	0	orca@v8.64.0 orca-front50/src/main/groovy/com/netflix/spinnaker/orca/front50/Front50Service.groovy:144
orca	front50	GET	/v2/projects/{projectId}	/v2/projects/{}	/v2/projects/{projectId}	CLAIM-S2-R0542	1	-	Project	-	Project	typed	0	0	0	orca@v8.64.0 orca-front50/src/main/groovy/com/netflix/spinnaker/orca/front50/Front50Service.groovy:147
orca	front50	DELETE	/v2/projects/{projectId}	/v2/projects/{}	/v2/projects/{projectId}	CLAIM-S2-R0545	1	-	Response	-	void	typed	0	0	0	orca@v8.64.0 orca-front50/src/main/groovy/com/netflix/spinnaker/orca/front50/Front50Service.groovy:150
orca	front50	GET	/notifications/application/{applicationName}	/notifications/application/{}	/notifications/{type}/{name}	CLAIM-S2-R0467	1	-	ApplicationNotifications	-	Notification	untyped-return	1	1	0	orca@v8.64.0 orca-front50/src/main/groovy/com/netflix/spinnaker/orca/front50/Front50Service.groovy:153
orca	front50	POST	/serviceAccounts	/serviceAccounts	/serviceAccounts	CLAIM-S2-R0506	1	ServiceAccount	Response	ServiceAccount	ServiceAccount	typed	0	0	0	orca@v8.64.0 orca-front50/src/main/groovy/com/netflix/spinnaker/orca/front50/Front50Service.groovy:156
orca	front50	GET	/deliveries/{id}	/deliveries/{}	/deliveries/{id}	CLAIM-S2-R0460	1	-	DeliveryConfig	-	Delivery	typed	0	0	0	orca@v8.64.0 orca-front50/src/main/groovy/com/netflix/spinnaker/orca/front50/Front50Service.groovy:159
orca	front50	POST	/deliveries	/deliveries	/deliveries	CLAIM-S2-R0461	1	DeliveryConfig	DeliveryConfig	Delivery	Delivery	typed	0	0	0	orca@v8.64.0 orca-front50/src/main/groovy/com/netflix/spinnaker/orca/front50/Front50Service.groovy:162
orca	front50	PUT	/deliveries/{id}	/deliveries/{}	/deliveries/{id}	CLAIM-S2-R0462	1	DeliveryConfig	DeliveryConfig	Delivery	Delivery	typed	0	0	0	orca@v8.64.0 orca-front50/src/main/groovy/com/netflix/spinnaker/orca/front50/Front50Service.groovy:165
orca	front50	DELETE	/applications/{application}/deliveries/{id}	/applications/{}/deliveries/{}	/applications/{application}/deliveries/{id}	CLAIM-S2-R0463	1	-	Response	-	void	typed	0	0	0	orca@v8.64.0 orca-front50/src/main/groovy/com/netflix/spinnaker/orca/front50/Front50Service.groovy:168
orca	echo	POST	/	/	/	CLAIM-S2-R0553	1	Map<String,?>	Response	Event	void	typed	1	1	0	orca@v8.64.0 orca-echo/src/main/groovy/com/netflix/spinnaker/orca/echo/EchoService.groovy:29
orca	echo	POST	/notifications	/notifications	/notifications	CLAIM-S2-R0547	1	Notification	Response	Notification	EchoResponse	polymorphic	0	0	0	orca@v8.64.0 orca-echo/src/main/groovy/com/netflix/spinnaker/orca/echo/EchoService.groovy:36
orca	igor	PUT	/masters/{name}/jobs/{jobName}	/masters/{}/jobs/{}	/masters/{name}/jobs/**	CLAIM-S2-R0742	1	String	Response	String	String	typed	0	0	0	orca@v8.64.0 orca-igor/src/main/java/com/netflix/spinnaker/orca/igor/IgorService.java:30
orca	igor	PUT	/masters/{name}/jobs/{jobName}/stop/{queuedBuild}/{buildNumber}	/masters/{}/jobs/{}/stop/{}/{}	/masters/{name}/jobs/{jobName}/stop/{queuedBuild}/{buildNumber}	CLAIM-S2-R0739	2	String	String	-	String	typed	0	0	0	orca@v8.64.0 orca-igor/src/main/java/com/netflix/spinnaker/orca/igor/IgorService.java:37
orca	igor	PUT	/masters/{name}/jobs/stop/{queuedBuild}/{buildNumber}	/masters/{}/jobs/stop/{}/{}	/masters/{master}/jobs/stop/{queuedBuild}/{buildNumber}	CLAIM-S2-R0740	2	String	String	-	String	typed	0	0	0	orca@v8.64.0 orca-igor/src/main/java/com/netflix/spinnaker/orca/igor/IgorService.java:45
orca	igor	PATCH	/masters/{name}/jobs/{jobName}/update/{buildNumber}	/masters/{}/jobs/{}/update/{}	/masters/{name}/jobs/**/update/{buildNumber}	CLAIM-S2-R0741	1	UpdatedBuild	Response	UpdatedBuild	void	typed	0	0	0	orca@v8.64.0 orca-igor/src/main/java/com/netflix/spinnaker/orca/igor/IgorService.java:53
orca	igor	GET	/builds/queue/{master}/{item}	/builds/queue/{}/{}	/builds/queue/{master}/{item}	CLAIM-S2-R0737	1	-	Map	-	Object	untyped-return	1	1	0	orca@v8.64.0 orca-igor/src/main/java/com/netflix/spinnaker/orca/igor/IgorService.java:60
orca	igor	GET	/builds/status/{buildNumber}/{master}/{job}	/builds/status/{}/{}/{}	/builds/status/{buildNumber}/{master:.+}/**	CLAIM-S2-R0733	1	-	Map<String,Object>	-	GenericBuild	typed	1	1	0	orca@v8.64.0 orca-igor/src/main/java/com/netflix/spinnaker/orca/igor/IgorService.java:63
orca	igor	GET	/builds/status/{buildNumber}/{master}	/builds/status/{}/{}	/builds/status/{buildNumber}/{master}	CLAIM-S2-R0734	1	-	Map<String,Object>	-	GenericBuild	typed	1	1	0	orca@v8.64.0 orca-igor/src/main/java/com/netflix/spinnaker/orca/igor/IgorService.java:69
orca	igor	GET	/builds/properties/{buildNumber}/{fileName}/{master}/{job}	/builds/properties/{}/{}/{}/{}	/builds/properties/{buildNumber}/{fileName}/{master:.+}/**	CLAIM-S2-R0743	1	-	Map<String,Object>	-	Map<String, Object>	untyped-return	1	1	0	orca@v8.64.0 orca-igor/src/main/java/com/netflix/spinnaker/orca/igor/IgorService.java:75
orca	igor	GET	/builds/properties/{buildNumber}/{fileName}/{master}	/builds/properties/{}/{}/{}	/builds/properties/{buildNumber}/{fileName}/{master}	CLAIM-S2-R0744	1	-	Map<String,Object>	-	Map<String, Object>	untyped-return	1	1	0	orca@v8.64.0 orca-igor/src/main/java/com/netflix/spinnaker/orca/igor/IgorService.java:82
orca	igor	GET	/builds/artifacts/{buildNumber}/{master}/{job}	/builds/artifacts/{}/{}/{}	/builds/artifacts/{buildNumber}/{master:.+}/**	CLAIM-S2-R0735	1	-	List<Artifact>	-	List<Artifact>	typed	0	0	0	orca@v8.64.0 orca-igor/src/main/java/com/netflix/spinnaker/orca/igor/IgorService.java:96
orca	igor	GET	/builds/artifacts/{buildNumber}/{master}	/builds/artifacts/{}/{}	/builds/artifacts/{buildNumber}/{master}	CLAIM-S2-R0736	1	-	List<Artifact>	-	List<Artifact>	typed	0	0	0	orca@v8.64.0 orca-igor/src/main/java/com/netflix/spinnaker/orca/igor/IgorService.java:103
orca	igor	POST	/gcb/builds/create/{account}	/gcb/builds/create/{}	/gcb/builds/create/{account}	CLAIM-S2-R0584	1	Map<String,Object>	GoogleCloudBuild	String	Build	typed	1	1	0	orca@v8.64.0 orca-igor/src/main/java/com/netflix/spinnaker/orca/igor/IgorService.java:110
orca	igor	POST	/gcb/builds/stop/{account}/{buildId}	/gcb/builds/stop/{}/{}	/gcb/builds/stop/{account}/{buildId}	CLAIM-S2-R0591	1	-	GoogleCloudBuild	-	Build	typed	0	0	0	orca@v8.64.0 orca-igor/src/main/java/com/netflix/spinnaker/orca/igor/IgorService.java:114
orca	igor	GET	/gcb/builds/{account}/{buildId}	/gcb/builds/{}/{}	/gcb/builds/{account}/{buildId}	CLAIM-S2-R0586	1	-	GoogleCloudBuild	-	Build	typed	0	0	0	orca@v8.64.0 orca-igor/src/main/java/com/netflix/spinnaker/orca/igor/IgorService.java:118
orca	igor	GET	/gcb/builds/{account}/{buildId}/artifacts	/gcb/builds/{}/{}/artifacts	/gcb/builds/{account}/{buildId}/artifacts	CLAIM-S2-R0587	1	-	List<Artifact>	-	List<Artifact>	typed	0	0	0	orca@v8.64.0 orca-igor/src/main/java/com/netflix/spinnaker/orca/igor/IgorService.java:122
orca	igor	POST	/gcb/triggers/{account}/{triggerId}/run	/gcb/triggers/{}/{}/run	/gcb/triggers/{account}/{triggerId}/run	CLAIM-S2-R0590	1	GoogleCloudBuildRepoSource	GoogleCloudBuild	String	Build	typed	0	0	0	orca@v8.64.0 orca-igor/src/main/java/com/netflix/spinnaker/orca/igor/IgorService.java:126
orca	igor	POST	/codebuild/builds/start/{account}	/codebuild/builds/start/{}	/codebuild/builds/start/{account}	CLAIM-S2-R0575	1	Map<String,Object>	AwsCodeBuildExecution	Map<String, Object>	Build	untyped-body	1	1	0	orca@v8.64.0 orca-igor/src/main/java/com/netflix/spinnaker/orca/igor/IgorService.java:132
orca	igor	GET	/codebuild/builds/{account}/{buildId}	/codebuild/builds/{}/{}	/codebuild/builds/{account}/{buildId}	CLAIM-S2-R0576	1	-	AwsCodeBuildExecution	-	Build	typed	0	0	0	orca@v8.64.0 orca-igor/src/main/java/com/netflix/spinnaker/orca/igor/IgorService.java:136
orca	igor	GET	/codebuild/builds/artifacts/{account}/{buildId}	/codebuild/builds/artifacts/{}/{}	/codebuild/builds/artifacts/{account}/{buildId}	CLAIM-S2-R0577	1	-	List<Artifact>	-	List<Artifact>	typed	0	0	0	orca@v8.64.0 orca-igor/src/main/java/com/netflix/spinnaker/orca/igor/IgorService.java:140
orca	igor	POST	/codebuild/builds/stop/{account}/{buildId}	/codebuild/builds/stop/{}/{}	/codebuild/builds/stop/{account}/{buildId}	CLAIM-S2-R0578	1	-	AwsCodeBuildExecution	-	Build	typed	0	0	0	orca@v8.64.0 orca-igor/src/main/java/com/netflix/spinnaker/orca/igor/IgorService.java:144
orca	igor	GET	/delivery-config/manifest	/delivery-config/manifest	/delivery-config/manifest	CLAIM-S2-R0595	1	-	Map<String,Object>	-	Map<String, Object>	untyped-return	1	1	0	orca@v8.64.0 orca-igor/src/main/java/com/netflix/spinnaker/orca/igor/IgorService.java:148
orca	keel	POST	/delivery-configs/	/delivery-configs	/delivery-configs	CLAIM-S2-R0704	1	DeliveryConfig	Response	-	DeliveryConfig	polymorphic	0	0	0	orca@v8.64.0 orca-keel/src/main/kotlin/com/netflix/spinnaker/orca/KeelService.kt:28
orca	keel	DELETE	/application/{application}/config	/application/{}/config	/application/{application}/config	CLAIM-S2-R0688	1	-	Response	-	void	typed	0	0	0	orca@v8.64.0 orca-keel/src/main/kotlin/com/netflix/spinnaker/orca/KeelService.kt:32
orca	kayenta	POST	/canary/{canaryConfigId}	/canary/{}	/canary/{canaryConfigId:.+}	CLAIM-S2-R0648	1	CanaryExecutionRequest	Map<*,*>	CanaryExecutionRequest	CanaryExecutionResponse	typed	1	1	0	orca@v8.64.0 orca-kayenta/src/main/kotlin/com/netflix/spinnaker/orca/kayenta/KayentaService.kt:32
orca	kayenta	GET	/canary/{canaryExecutionId}	/canary/{}	/canary/{canaryExecutionId:.+}	CLAIM-S2-R0650	1	-	CanaryResults	-	CanaryExecutionStatusResponse	polymorphic	0	0	0	orca@v8.64.0 orca-kayenta/src/main/kotlin/com/netflix/spinnaker/orca/kayenta/KayentaService.kt:43
orca	kayenta	PUT	/pipelines/{executionId}/cancel	/pipelines/{}/cancel	/pipelines/{executionId}/cancel	CLAIM-S2-R0634	1	String	Map<*,*>	-	void	typed	1	1	0	orca@v8.64.0 orca-kayenta/src/main/kotlin/com/netflix/spinnaker/orca/kayenta/KayentaService.kt:49
orca	kayenta	GET	/credentials	/credentials	/credentials	CLAIM-S2-R0661	1	-	List<KayentaCredential>	-	Set<? extends AccountCredentials>	typed	0	0	0	orca@v8.64.0 orca-kayenta/src/main/kotlin/com/netflix/spinnaker/orca/kayenta/KayentaService.kt:55
orca	kayenta	GET	/canaryConfig	/canaryConfig	/canaryConfig	CLAIM-S2-R0647	1	-	List<KayentaCanaryConfig>	-	List<Map<String, Object>>	untyped-return	1	1	0	orca@v8.64.0 orca-kayenta/src/main/kotlin/com/netflix/spinnaker/orca/kayenta/KayentaService.kt:58
orca	rosco	POST	/api/v2/manifest/bake/{type}	/api/v2/manifest/bake/{}	/api/v2/manifest/bake/{type}	CLAIM-S2-R0625	1	BakeManifestRequest	Artifact	Map<String, Object>	Artifact	untyped-body	1	1	0	orca@v8.64.0 orca-bakery/src/main/groovy/com/netflix/spinnaker/orca/bakery/api/BakeryService.groovy:29
orca	rosco	POST	/api/v1/{region}/bake	/api/v1/{}/bake	/api/v1/{region}/bake	CLAIM-S2-R0615	1	BakeRequest	BakeStatus	BakeRequest	BakeStatus	typed	0	0	0	orca@v8.64.0 orca-bakery/src/main/groovy/com/netflix/spinnaker/orca/bakery/api/BakeryService.groovy:32
orca	rosco	GET	/api/v1/{region}/status/{statusId}	/api/v1/{}/status/{}	/api/v1/{region}/status/{statusId}	CLAIM-S2-R0616	1	-	BakeStatus	-	BakeStatus	typed	0	0	0	orca@v8.64.0 orca-bakery/src/main/groovy/com/netflix/spinnaker/orca/bakery/api/BakeryService.groovy:35
orca	rosco	GET	/api/v1/{region}/bake/{bakeId}	/api/v1/{}/bake/{}	/api/v1/{region}/bake/{bakeId}	CLAIM-S2-R0617	1	-	Bake	-	Bake	typed	0	0	0	orca@v8.64.0 orca-bakery/src/main/groovy/com/netflix/spinnaker/orca/bakery/api/BakeryService.groovy:38
orca	rosco	POST	/api/v1/bakes/delete-requests	/api/v1/bakes/delete-requests	/api/v1/bakes/delete-requests	CLAIM-S2-R0621	1	DeleteBakesRequest	Void	DeleteBakesRequest	void	typed	0	0	0	orca@v8.64.0 orca-bakery/src/main/groovy/com/netflix/spinnaker/orca/bakery/api/BakeryService.groovy:41
orca	rosco	GET	/bakeOptions/{cloudProvider}/baseImages/{imageId}	/bakeOptions/{}/baseImages/{}	/bakeOptions/{cloudProvider}/baseImages/{imageId}	CLAIM-S2-R0614	1	-	BaseImage	-	BakeOptions.BaseImage	typed	0	0	0	orca@v8.64.0 orca-bakery/src/main/groovy/com/netflix/spinnaker/orca/bakery/api/BakeryService.groovy:49
orca	fiat	GET	authorize/{userId}	/authorize/{}	/authorize/{userId:.+}	CLAIM-S2-R0597	1	-	Call<UserPermission.View>	-	UserPermission.View	typed	0	0	0	fiat@v1.57.0 fiat-api/src/main/java/com/netflix/spinnaker/fiat/shared/FiatService.java:36
orca	fiat	GET	authorize/{userId}/{resourceType}/{resourceName}/{authorization}	/authorize/{}/{}/{}/{}	/authorize/{userId:.+}/{resourceType:.+}/{resourceName:.+}/{authorization:.+}	CLAIM-S2-R0605	1	-	Call<Void>	-	void	typed	0	0	0	fiat@v1.57.0 fiat-api/src/main/java/com/netflix/spinnaker/fiat/shared/FiatService.java:46
orca	fiat	POST	authorize/{userId}/{resourceType}/create	/authorize/{}/{}/create	/authorize/{userId:.+}/{resourceType:.+}/create	CLAIM-S2-R0606	1	Object	Call<Void>	Object	void	untyped-body	1	1	0	fiat@v1.57.0 fiat-api/src/main/java/com/netflix/spinnaker/fiat/shared/FiatService.java:61
orca	fiat	POST	roles/sync	/roles/sync	/roles/sync	CLAIM-S2-R0610	2	-	Call<Long>	List<String>	long	typed	0	0	0	fiat@v1.57.0 fiat-api/src/main/java/com/netflix/spinnaker/fiat/shared/FiatService.java:72
orca	fiat	POST	roles/sync	/roles/sync	/roles/sync	CLAIM-S2-R0610	2	List<String>	Call<Long>	List<String>	long	typed	0	0	0	fiat@v1.57.0 fiat-api/src/main/java/com/netflix/spinnaker/fiat/shared/FiatService.java:81
orca	fiat	POST	roles/sync/serviceAccount/{serviceAccountId}	/roles/sync/serviceAccount/{}	/roles/sync/serviceAccount/{serviceAccountId:.+}	CLAIM-S2-R0611	1	List<String>	Call<Long>	List<String>	long	typed	0	0	0	fiat@v1.57.0 fiat-api/src/main/java/com/netflix/spinnaker/fiat/shared/FiatService.java:92
orca	fiat	POST	roles/{userId}	/roles/{}	/roles/{userId:.+}	CLAIM-S2-R0607	1	-	Call<Void>	-	void	typed	0	0	0	fiat@v1.57.0 fiat-api/src/main/java/com/netflix/spinnaker/fiat/shared/FiatService.java:100
orca	fiat	PUT	roles/{userId}	/roles/{}	/roles/{userId:.+}	CLAIM-S2-R0608	1	Collection<String>	Call<Void>	List<String>	void	typed	0	0	0	fiat@v1.57.0 fiat-api/src/main/java/com/netflix/spinnaker/fiat/shared/FiatService.java:110
orca	fiat	DELETE	roles/{userId}	/roles/{}	/roles/{userId:.+}	CLAIM-S2-R0609	1	-	Call<Void>	-	void	typed	0	0	0	fiat@v1.57.0 fiat-api/src/main/java/com/netflix/spinnaker/fiat/shared/FiatService.java:117
orca	front50	GET	/pluginInfo/{id}	/pluginInfo/{}	/pluginInfo/{id}	CLAIM-S2-R0495	1	-	Call<SpinnakerPluginInfo>	-	PluginInfo	typed	0	0	0	kork@v7.254.0 kork-plugins/src/main/kotlin/com/netflix/spinnaker/kork/plugins/update/internal/Front50Service.kt:35
orca	front50	GET	/pluginInfo	/pluginInfo	/pluginInfo	CLAIM-S2-R0494	1	-	Call<Collection<SpinnakerPluginInfo>>	-	Collection<PluginInfo>	typed	0	0	0	kork@v7.254.0 kork-plugins/src/main/kotlin/com/netflix/spinnaker/kork/plugins/update/internal/Front50Service.kt:41
orca	front50	PUT	/pluginVersions/{serverGroupName}	/pluginVersions/{}	/pluginVersions/{serverGroupName}	CLAIM-S2-R0502	1	Map<String,String>	Call<PinnedVersions>	Map<String, String>	Map<String, PluginInfo.Release>	untyped-both	1	0	1	kork@v7.254.0 kork-plugins/src/main/kotlin/com/netflix/spinnaker/kork/plugins/update/internal/Front50Service.kt:49
clouddriver	front50	GET	/v2/applications	/v2/applications	/v2/applications	CLAIM-S2-R0526	1	-	Call<List<Map<String,Object>>>	-	List<Application>	typed	1	1	0	clouddriver@v5.95.0 clouddriver-core/src/main/groovy/com/netflix/spinnaker/clouddriver/core/services/Front50Service.groovy:35
clouddriver	front50	GET	/v2/applications/{applicationName}	/v2/applications/{}	/v2/applications/{applicationName:.+}	CLAIM-S2-R0531	1	-	Call<Map>	-	Application	typed	1	1	0	clouddriver@v5.95.0 clouddriver-core/src/main/groovy/com/netflix/spinnaker/clouddriver/core/services/Front50Service.groovy:40
clouddriver	front50	GET	/v2/applications?restricted=false	/v2/applications	/v2/applications	CLAIM-S2-R0526	1	-	Call<Set<Front50Application>>	-	List<Application>	typed	0	0	0	clouddriver@v5.95.0 clouddriver-core/src/main/groovy/com/netflix/spinnaker/clouddriver/core/services/Front50Service.groovy:43
clouddriver	front50	GET	/v2/projects/{project}	/v2/projects/{}	/v2/projects/{projectId}	CLAIM-S2-R0542	1	-	Call<Map>	-	Project	typed	1	1	0	clouddriver@v5.95.0 clouddriver-core/src/main/groovy/com/netflix/spinnaker/clouddriver/core/services/Front50Service.groovy:46
clouddriver	front50	GET	/v2/projects	/v2/projects	/v2/projects	CLAIM-S2-R0541	1	-	Call<List<Map<String,Object>>>	-	List<Project>	typed	1	1	0	clouddriver@v5.95.0 clouddriver-core/src/main/groovy/com/netflix/spinnaker/clouddriver/core/services/Front50Service.groovy:49
clouddriver	front50	POST	/snapshots	/snapshots	/snapshots	CLAIM-S2-R0511	1	Map	Call<ResponseBody>	Snapshot	void	typed	1	1	0	clouddriver@v5.95.0 clouddriver-core/src/main/groovy/com/netflix/spinnaker/clouddriver/core/services/Front50Service.groovy:52
clouddriver	front50	GET	/snapshots/{id}/{timestamp}	/snapshots/{}/{}	/snapshots/{id:.+}/{timestamp:.+}	CLAIM-S2-R0510	1	-	Call<Map>	-	Snapshot	typed	1	1	0	clouddriver@v5.95.0 clouddriver-core/src/main/groovy/com/netflix/spinnaker/clouddriver/core/services/Front50Service.groovy:55
clouddriver	front50	POST	/v2/tags	/v2/tags	/v2/tags	CLAIM-S2-R0536	1	EntityTags	Call<EntityTags>	EntityTags	EntityTags	typed	0	0	0	clouddriver@v5.95.0 clouddriver-core/src/main/groovy/com/netflix/spinnaker/clouddriver/core/services/Front50Service.groovy:58
clouddriver	front50	POST	/v2/tags/batchUpdate	/v2/tags/batchUpdate	/v2/tags/batchUpdate	CLAIM-S2-R0537	1	Collection<EntityTags>	Call<Collection<EntityTags>>	Collection<EntityTags>	Collection<EntityTags>	typed	0	0	0	clouddriver@v5.95.0 clouddriver-core/src/main/groovy/com/netflix/spinnaker/clouddriver/core/services/Front50Service.groovy:61
clouddriver	front50	GET	/v2/tags/{id}	/v2/tags/{}	/v2/tags/**	CLAIM-S2-R0535	1	-	Call<EntityTags>	-	EntityTags	typed	0	0	0	clouddriver@v5.95.0 clouddriver-core/src/main/groovy/com/netflix/spinnaker/clouddriver/core/services/Front50Service.groovy:64
clouddriver	front50	GET	/v2/tags	/v2/tags	/v2/tags	CLAIM-S2-R0534	1	-	Call<List<EntityTags>>	-	Set<EntityTags>	typed	0	0	0	clouddriver@v5.95.0 clouddriver-core/src/main/groovy/com/netflix/spinnaker/clouddriver/core/services/Front50Service.groovy:67
clouddriver	front50	GET	/v2/tags?prefix=	/v2/tags	/v2/tags	CLAIM-S2-R0534	1	-	Call<Collection<EntityTags>>	-	Set<EntityTags>	typed	0	0	0	clouddriver@v5.95.0 clouddriver-core/src/main/groovy/com/netflix/spinnaker/clouddriver/core/services/Front50Service.groovy:70
clouddriver	front50	DELETE	/v2/tags/{id}	/v2/tags/{}	/v2/tags/**	CLAIM-S2-R0539	1	-	Call<ResponseBody>	-	void	typed	0	0	0	clouddriver@v5.95.0 clouddriver-core/src/main/groovy/com/netflix/spinnaker/clouddriver/core/services/Front50Service.groovy:73
clouddriver	front50	GET	/v2/pipelineTemplates/{pipelineTemplateId}	/v2/pipelineTemplates/{}	/v2/pipelineTemplates/{id}	CLAIM-S2-R0523	1	-	Call<Map>	-	PipelineTemplate	untyped-return	1	1	0	clouddriver@v5.95.0 clouddriver-core/src/main/groovy/com/netflix/spinnaker/clouddriver/core/services/Front50Service.groovy:77
clouddriver	front50	GET	/v2/pipelineTemplates	/v2/pipelineTemplates	/v2/pipelineTemplates	CLAIM-S2-R0519	1	-	Call<List<Map>>	-	List<PipelineTemplate>	untyped-return	1	1	0	clouddriver@v5.95.0 clouddriver-core/src/main/groovy/com/netflix/spinnaker/clouddriver/core/services/Front50Service.groovy:82
clouddriver	fiat	GET	authorize/{userId}	/authorize/{}	/authorize/{userId:.+}	CLAIM-S2-R0597	1	-	Call<UserPermission.View>	-	UserPermission.View	typed	0	0	0	fiat@v1.57.0 fiat-api/src/main/java/com/netflix/spinnaker/fiat/shared/FiatService.java:36
clouddriver	fiat	GET	authorize/{userId}/{resourceType}/{resourceName}/{authorization}	/authorize/{}/{}/{}/{}	/authorize/{userId:.+}/{resourceType:.+}/{resourceName:.+}/{authorization:.+}	CLAIM-S2-R0605	1	-	Call<Void>	-	void	typed	0	0	0	fiat@v1.57.0 fiat-api/src/main/java/com/netflix/spinnaker/fiat/shared/FiatService.java:46
clouddriver	fiat	POST	authorize/{userId}/{resourceType}/create	/authorize/{}/{}/create	/authorize/{userId:.+}/{resourceType:.+}/create	CLAIM-S2-R0606	1	Object	Call<Void>	Object	void	untyped-body	1	1	0	fiat@v1.57.0 fiat-api/src/main/java/com/netflix/spinnaker/fiat/shared/FiatService.java:61
clouddriver	fiat	POST	roles/sync	/roles/sync	/roles/sync	CLAIM-S2-R0610	2	-	Call<Long>	List<String>	long	typed	0	0	0	fiat@v1.57.0 fiat-api/src/main/java/com/netflix/spinnaker/fiat/shared/FiatService.java:72
clouddriver	fiat	POST	roles/sync	/roles/sync	/roles/sync	CLAIM-S2-R0610	2	List<String>	Call<Long>	List<String>	long	typed	0	0	0	fiat@v1.57.0 fiat-api/src/main/java/com/netflix/spinnaker/fiat/shared/FiatService.java:81
clouddriver	fiat	POST	roles/sync/serviceAccount/{serviceAccountId}	/roles/sync/serviceAccount/{}	/roles/sync/serviceAccount/{serviceAccountId:.+}	CLAIM-S2-R0611	1	List<String>	Call<Long>	List<String>	long	typed	0	0	0	fiat@v1.57.0 fiat-api/src/main/java/com/netflix/spinnaker/fiat/shared/FiatService.java:92
clouddriver	fiat	POST	roles/{userId}	/roles/{}	/roles/{userId:.+}	CLAIM-S2-R0607	1	-	Call<Void>	-	void	typed	0	0	0	fiat@v1.57.0 fiat-api/src/main/java/com/netflix/spinnaker/fiat/shared/FiatService.java:100
clouddriver	fiat	PUT	roles/{userId}	/roles/{}	/roles/{userId:.+}	CLAIM-S2-R0608	1	Collection<String>	Call<Void>	List<String>	void	typed	0	0	0	fiat@v1.57.0 fiat-api/src/main/java/com/netflix/spinnaker/fiat/shared/FiatService.java:110
clouddriver	fiat	DELETE	roles/{userId}	/roles/{}	/roles/{userId:.+}	CLAIM-S2-R0609	1	-	Call<Void>	-	void	typed	0	0	0	fiat@v1.57.0 fiat-api/src/main/java/com/netflix/spinnaker/fiat/shared/FiatService.java:117
clouddriver	front50	GET	/pluginInfo/{id}	/pluginInfo/{}	/pluginInfo/{id}	CLAIM-S2-R0495	1	-	Call<SpinnakerPluginInfo>	-	PluginInfo	typed	0	0	0	kork@v7.254.0 kork-plugins/src/main/kotlin/com/netflix/spinnaker/kork/plugins/update/internal/Front50Service.kt:35
clouddriver	front50	GET	/pluginInfo	/pluginInfo	/pluginInfo	CLAIM-S2-R0494	1	-	Call<Collection<SpinnakerPluginInfo>>	-	Collection<PluginInfo>	typed	0	0	0	kork@v7.254.0 kork-plugins/src/main/kotlin/com/netflix/spinnaker/kork/plugins/update/internal/Front50Service.kt:41
clouddriver	front50	PUT	/pluginVersions/{serverGroupName}	/pluginVersions/{}	/pluginVersions/{serverGroupName}	CLAIM-S2-R0502	1	Map<String,String>	Call<PinnedVersions>	Map<String, String>	Map<String, PluginInfo.Release>	untyped-both	1	0	1	kork@v7.254.0 kork-plugins/src/main/kotlin/com/netflix/spinnaker/kork/plugins/update/internal/Front50Service.kt:49
front50	echo	POST	/	/	/	CLAIM-S2-R0553	1	Event	String	Event	void	typed	0	0	0	front50@v2.41.0 front50-core/src/main/java/com/netflix/spinnaker/front50/echo/EchoService.java:27
front50	echo	POST	/notifications	/notifications	/notifications	CLAIM-S2-R0547	1	Notification	Response	Notification	EchoResponse	polymorphic	0	0	0	front50@v2.41.0 front50-core/src/main/java/com/netflix/spinnaker/front50/echo/EchoService.java:31
front50	fiat	GET	authorize/{userId}	/authorize/{}	/authorize/{userId:.+}	CLAIM-S2-R0597	1	-	Call<UserPermission.View>	-	UserPermission.View	typed	0	0	0	fiat@v1.57.0 fiat-api/src/main/java/com/netflix/spinnaker/fiat/shared/FiatService.java:36
front50	fiat	GET	authorize/{userId}/{resourceType}/{resourceName}/{authorization}	/authorize/{}/{}/{}/{}	/authorize/{userId:.+}/{resourceType:.+}/{resourceName:.+}/{authorization:.+}	CLAIM-S2-R0605	1	-	Call<Void>	-	void	typed	0	0	0	fiat@v1.57.0 fiat-api/src/main/java/com/netflix/spinnaker/fiat/shared/FiatService.java:46
front50	fiat	POST	authorize/{userId}/{resourceType}/create	/authorize/{}/{}/create	/authorize/{userId:.+}/{resourceType:.+}/create	CLAIM-S2-R0606	1	Object	Call<Void>	Object	void	untyped-body	1	1	0	fiat@v1.57.0 fiat-api/src/main/java/com/netflix/spinnaker/fiat/shared/FiatService.java:61
front50	fiat	POST	roles/sync	/roles/sync	/roles/sync	CLAIM-S2-R0610	2	-	Call<Long>	List<String>	long	typed	0	0	0	fiat@v1.57.0 fiat-api/src/main/java/com/netflix/spinnaker/fiat/shared/FiatService.java:72
front50	fiat	POST	roles/sync	/roles/sync	/roles/sync	CLAIM-S2-R0610	2	List<String>	Call<Long>	List<String>	long	typed	0	0	0	fiat@v1.57.0 fiat-api/src/main/java/com/netflix/spinnaker/fiat/shared/FiatService.java:81
front50	fiat	POST	roles/sync/serviceAccount/{serviceAccountId}	/roles/sync/serviceAccount/{}	/roles/sync/serviceAccount/{serviceAccountId:.+}	CLAIM-S2-R0611	1	List<String>	Call<Long>	List<String>	long	typed	0	0	0	fiat@v1.57.0 fiat-api/src/main/java/com/netflix/spinnaker/fiat/shared/FiatService.java:92
front50	fiat	POST	roles/{userId}	/roles/{}	/roles/{userId:.+}	CLAIM-S2-R0607	1	-	Call<Void>	-	void	typed	0	0	0	fiat@v1.57.0 fiat-api/src/main/java/com/netflix/spinnaker/fiat/shared/FiatService.java:100
front50	fiat	PUT	roles/{userId}	/roles/{}	/roles/{userId:.+}	CLAIM-S2-R0608	1	Collection<String>	Call<Void>	List<String>	void	typed	0	0	0	fiat@v1.57.0 fiat-api/src/main/java/com/netflix/spinnaker/fiat/shared/FiatService.java:110
front50	fiat	DELETE	roles/{userId}	/roles/{}	/roles/{userId:.+}	CLAIM-S2-R0609	1	-	Call<Void>	-	void	typed	0	0	0	fiat@v1.57.0 fiat-api/src/main/java/com/netflix/spinnaker/fiat/shared/FiatService.java:117
front50	front50	GET	/pluginInfo/{id}	/pluginInfo/{}	/pluginInfo/{id}	CLAIM-S2-R0495	1	-	Call<SpinnakerPluginInfo>	-	PluginInfo	typed	0	0	0	kork@v7.254.0 kork-plugins/src/main/kotlin/com/netflix/spinnaker/kork/plugins/update/internal/Front50Service.kt:35
front50	front50	GET	/pluginInfo	/pluginInfo	/pluginInfo	CLAIM-S2-R0494	1	-	Call<Collection<SpinnakerPluginInfo>>	-	Collection<PluginInfo>	typed	0	0	0	kork@v7.254.0 kork-plugins/src/main/kotlin/com/netflix/spinnaker/kork/plugins/update/internal/Front50Service.kt:41
front50	front50	PUT	/pluginVersions/{serverGroupName}	/pluginVersions/{}	/pluginVersions/{serverGroupName}	CLAIM-S2-R0502	1	Map<String,String>	Call<PinnedVersions>	Map<String, String>	Map<String, PluginInfo.Release>	untyped-both	1	0	1	kork@v7.254.0 kork-plugins/src/main/kotlin/com/netflix/spinnaker/kork/plugins/update/internal/Front50Service.kt:49
echo	front50	GET	pipelines?restricted=false	/pipelines	/pipelines	CLAIM-S2-R0476	1	-	Call<List<Map<String,Object>>>	-	Collection<Pipeline>	typed	1	1	0	echo@v2.47.2 echo-core/src/main/java/com/netflix/spinnaker/echo/services/Front50Service.java:15
echo	front50	GET	pipelines?restricted=false	/pipelines	/pipelines	CLAIM-S2-R0476	1	-	Call<List<Map<String,Object>>>	-	Collection<Pipeline>	typed	1	1	0	echo@v2.47.2 echo-core/src/main/java/com/netflix/spinnaker/echo/services/Front50Service.java:20
echo	front50	GET	pipelines/{application}?refresh=false	/pipelines/{}	/pipelines/{application:.+}	CLAIM-S2-R0478	1	-	Call<List<Pipeline>>	-	List<Pipeline>	typed	0	0	0	echo@v2.47.2 echo-core/src/main/java/com/netflix/spinnaker/echo/services/Front50Service.java:28
echo	front50	GET	pipelines/{pipelineId}/get	/pipelines/{}/get	/pipelines/{id:.+}/get	CLAIM-S2-R0480	1	-	Call<Map<String,Object>>	-	Pipeline	typed	1	1	0	echo@v2.47.2 echo-core/src/main/java/com/netflix/spinnaker/echo/services/Front50Service.java:32
echo	front50	GET	pipelines/{application}/name/{name}?refresh=true	/pipelines/{}/name/{}	/pipelines/{application:.+}/name/{name:.+}	CLAIM-S2-R0481	1	-	Call<Map<String,Object>>	-	Pipeline	typed	1	1	0	echo@v2.47.2 echo-core/src/main/java/com/netflix/spinnaker/echo/services/Front50Service.java:35
echo	igor	GET	builds/status/{buildNumber}/{master}/{job}	/builds/status/{}/{}/{}	/builds/status/{buildNumber}/{master:.+}/**	CLAIM-S2-R0733	1	-	Call<Map<String,Object>>	-	GenericBuild	typed	1	1	0	echo@v2.47.2 echo-core/src/main/java/com/netflix/spinnaker/echo/services/IgorService.java:33
echo	igor	GET	builds/status/{buildNumber}/{master}	/builds/status/{}/{}	/builds/status/{buildNumber}/{master}	CLAIM-S2-R0734	1	-	Call<Map<String,Object>>	-	GenericBuild	typed	1	1	0	echo@v2.47.2 echo-core/src/main/java/com/netflix/spinnaker/echo/services/IgorService.java:39
echo	igor	GET	builds/properties/{buildNumber}/{fileName}/{master}/{job}	/builds/properties/{}/{}/{}/{}	/builds/properties/{buildNumber}/{fileName}/{master:.+}/**	CLAIM-S2-R0743	1	-	Call<Map<String,Object>>	-	Map<String, Object>	untyped-return	1	1	0	echo@v2.47.2 echo-core/src/main/java/com/netflix/spinnaker/echo/services/IgorService.java:45
echo	igor	GET	builds/properties/{buildNumber}/{fileName}/{master}	/builds/properties/{}/{}/{}	/builds/properties/{buildNumber}/{fileName}/{master}	CLAIM-S2-R0744	1	-	Call<Map<String,Object>>	-	Map<String, Object>	untyped-return	1	1	0	echo@v2.47.2 echo-core/src/main/java/com/netflix/spinnaker/echo/services/IgorService.java:52
echo	igor	GET	builds/artifacts/{buildNumber}/{master}/{job}	/builds/artifacts/{}/{}/{}	/builds/artifacts/{buildNumber}/{master:.+}/**	CLAIM-S2-R0735	1	-	Call<List<Artifact>>	-	List<Artifact>	typed	0	0	0	echo@v2.47.2 echo-core/src/main/java/com/netflix/spinnaker/echo/services/IgorService.java:59
echo	igor	GET	builds/artifacts/{buildNumber}/{master}	/builds/artifacts/{}/{}	/builds/artifacts/{buildNumber}/{master}	CLAIM-S2-R0736	1	-	Call<List<Artifact>>	-	List<Artifact>	typed	0	0	0	echo@v2.47.2 echo-core/src/main/java/com/netflix/spinnaker/echo/services/IgorService.java:66
echo	igor	GET	artifacts/{provider}/{packageName}	/artifacts/{}/{}	/artifacts/{provider}/{name}	CLAIM-S2-R0569	1	-	Call<List<String>>	-	List<String>	typed	0	0	0	echo@v2.47.2 echo-core/src/main/java/com/netflix/spinnaker/echo/services/IgorService.java:73
echo	igor	GET	artifacts/{provider}/{packageName}/{version}	/artifacts/{}/{}/{}	/artifacts/{provider}/{name}/{version:.+}	CLAIM-S2-R0570	1	-	Call<Artifact>	-	Artifact	typed	0	0	0	echo@v2.47.2 echo-core/src/main/java/com/netflix/spinnaker/echo/services/IgorService.java:77
echo	igor	PUT	gcb/builds/{account}/{buildId}	/gcb/builds/{}/{}	/gcb/builds/{account}/{buildId}	CLAIM-S2-R0585	1	RequestBody	Call<ResponseBody>	String	void	typed	0	0	0	echo@v2.47.2 echo-core/src/main/java/com/netflix/spinnaker/echo/services/IgorService.java:83
echo	igor	PUT	gcb/artifacts/extract/{account}	/gcb/artifacts/extract/{}	/gcb/artifacts/extract/{account}	CLAIM-S2-R0588	1	RequestBody	Call<List<Artifact>>	String	List<Artifact>	typed	0	0	0	echo@v2.47.2 echo-core/src/main/java/com/netflix/spinnaker/echo/services/IgorService.java:90
echo	orca	POST	orchestrate	/orchestrate	/orchestrate	CLAIM-S2-R0287	1	Pipeline	Call<TriggerResponse>	Map	Map<String, Object>	untyped-both	1	1	1	echo@v2.47.2 echo-pipelinetriggers/src/main/java/com/netflix/spinnaker/echo/pipelinetriggers/orca/OrcaService.java:36
echo	orca	POST	fail	/fail	/fail	CLAIM-S2-R0291	1	Pipeline	Call<ResponseBody>	Map	void	untyped-body	1	1	0	echo@v2.47.2 echo-pipelinetriggers/src/main/java/com/netflix/spinnaker/echo/pipelinetriggers/orca/OrcaService.java:39
echo	orca	POST	plan	/plan	/plan	CLAIM-S2-R0289	1	Map	Call<Map>	Map	Map<String, Object>	untyped-both	1	1	1	echo@v2.47.2 echo-pipelinetriggers/src/main/java/com/netflix/spinnaker/echo/pipelinetriggers/orca/OrcaService.java:42
echo	orca	POST	v2/pipelineTemplates/plan	/v2/pipelineTemplates/plan	/v2/pipelineTemplates/plan	CLAIM-S2-R0326	1	Map	Call<Map<String,Object>>	Map<String, Object>	Map<String, Object>	untyped-both	1	1	1	echo@v2.47.2 echo-pipelinetriggers/src/main/java/com/netflix/spinnaker/echo/pipelinetriggers/orca/OrcaService.java:45
echo	orca	GET	pipelines	/pipelines	/pipelines	CLAIM-S2-R0305	1	-	Call<Collection<PipelineResponse>>	-	List<PipelineExecution>	typed	0	0	0	echo@v2.47.2 echo-pipelinetriggers/src/main/java/com/netflix/spinnaker/echo/pipelinetriggers/orca/OrcaService.java:48
echo	keel	POST	artifacts/events	/artifacts/events	/artifacts/events	CLAIM-S2-R0700	1	Map	Call<Void>	EchoArtifactEvent	void	typed	1	1	0	echo@v2.47.2 echo-artifacts/src/main/java/com/netflix/spinnaker/echo/services/KeelService.java:9
echo	fiat	GET	authorize/{userId}	/authorize/{}	/authorize/{userId:.+}	CLAIM-S2-R0597	1	-	Call<UserPermission.View>	-	UserPermission.View	typed	0	0	0	fiat@v1.57.0 fiat-api/src/main/java/com/netflix/spinnaker/fiat/shared/FiatService.java:36
echo	fiat	GET	authorize/{userId}/{resourceType}/{resourceName}/{authorization}	/authorize/{}/{}/{}/{}	/authorize/{userId:.+}/{resourceType:.+}/{resourceName:.+}/{authorization:.+}	CLAIM-S2-R0605	1	-	Call<Void>	-	void	typed	0	0	0	fiat@v1.57.0 fiat-api/src/main/java/com/netflix/spinnaker/fiat/shared/FiatService.java:46
echo	fiat	POST	authorize/{userId}/{resourceType}/create	/authorize/{}/{}/create	/authorize/{userId:.+}/{resourceType:.+}/create	CLAIM-S2-R0606	1	Object	Call<Void>	Object	void	untyped-body	1	1	0	fiat@v1.57.0 fiat-api/src/main/java/com/netflix/spinnaker/fiat/shared/FiatService.java:61
echo	fiat	POST	roles/sync	/roles/sync	/roles/sync	CLAIM-S2-R0610	2	-	Call<Long>	List<String>	long	typed	0	0	0	fiat@v1.57.0 fiat-api/src/main/java/com/netflix/spinnaker/fiat/shared/FiatService.java:72
echo	fiat	POST	roles/sync	/roles/sync	/roles/sync	CLAIM-S2-R0610	2	List<String>	Call<Long>	List<String>	long	typed	0	0	0	fiat@v1.57.0 fiat-api/src/main/java/com/netflix/spinnaker/fiat/shared/FiatService.java:81
echo	fiat	POST	roles/sync/serviceAccount/{serviceAccountId}	/roles/sync/serviceAccount/{}	/roles/sync/serviceAccount/{serviceAccountId:.+}	CLAIM-S2-R0611	1	List<String>	Call<Long>	List<String>	long	typed	0	0	0	fiat@v1.57.0 fiat-api/src/main/java/com/netflix/spinnaker/fiat/shared/FiatService.java:92
echo	fiat	POST	roles/{userId}	/roles/{}	/roles/{userId:.+}	CLAIM-S2-R0607	1	-	Call<Void>	-	void	typed	0	0	0	fiat@v1.57.0 fiat-api/src/main/java/com/netflix/spinnaker/fiat/shared/FiatService.java:100
echo	fiat	PUT	roles/{userId}	/roles/{}	/roles/{userId:.+}	CLAIM-S2-R0608	1	Collection<String>	Call<Void>	List<String>	void	typed	0	0	0	fiat@v1.57.0 fiat-api/src/main/java/com/netflix/spinnaker/fiat/shared/FiatService.java:110
echo	fiat	DELETE	roles/{userId}	/roles/{}	/roles/{userId:.+}	CLAIM-S2-R0609	1	-	Call<Void>	-	void	typed	0	0	0	fiat@v1.57.0 fiat-api/src/main/java/com/netflix/spinnaker/fiat/shared/FiatService.java:117
echo	front50	GET	/pluginInfo/{id}	/pluginInfo/{}	/pluginInfo/{id}	CLAIM-S2-R0495	1	-	Call<SpinnakerPluginInfo>	-	PluginInfo	typed	0	0	0	kork@v7.254.0 kork-plugins/src/main/kotlin/com/netflix/spinnaker/kork/plugins/update/internal/Front50Service.kt:35
echo	front50	GET	/pluginInfo	/pluginInfo	/pluginInfo	CLAIM-S2-R0494	1	-	Call<Collection<SpinnakerPluginInfo>>	-	Collection<PluginInfo>	typed	0	0	0	kork@v7.254.0 kork-plugins/src/main/kotlin/com/netflix/spinnaker/kork/plugins/update/internal/Front50Service.kt:41
echo	front50	PUT	/pluginVersions/{serverGroupName}	/pluginVersions/{}	/pluginVersions/{serverGroupName}	CLAIM-S2-R0502	1	Map<String,String>	Call<PinnedVersions>	Map<String, String>	Map<String, PluginInfo.Release>	untyped-both	1	0	1	kork@v7.254.0 kork-plugins/src/main/kotlin/com/netflix/spinnaker/kork/plugins/update/internal/Front50Service.kt:49
igor	echo	POST	.	/	/	CLAIM-S2-R0553	1	Event	Call<String>	Event	void	typed	0	0	0	igor@v4.22.0 igor-core/src/main/java/com/netflix/spinnaker/igor/history/EchoService.java:26
igor	keel	POST	artifacts/events	/artifacts/events	/artifacts/events	CLAIM-S2-R0700	1	Map	Call<Void>	EchoArtifactEvent	void	typed	1	1	0	igor@v4.22.0 igor-core/src/main/java/com/netflix/spinnaker/igor/keel/KeelService.java:28
igor	front50	GET	pluginInfo	/pluginInfo	/pluginInfo	CLAIM-S2-R0494	1	-	Call<List<PluginInfo>>	-	Collection<PluginInfo>	typed	0	0	0	igor@v4.22.0 igor-monitor-plugins/src/main/java/com/netflix/spinnaker/igor/plugins/front50/Front50Service.java:25
igor	clouddriver	GET	dockerRegistry/images/find	/dockerRegistry/images/find	/dockerRegistry/images/find	CLAIM-S2-R0344	1	-	Call<List<TaggedImage>>	-	List<Map>	untyped-return	1	1	0	igor@v4.22.0 igor-web/src/main/groovy/com/netflix/spinnaker/igor/docker/service/ClouddriverService.groovy:30
igor	clouddriver	GET	credentials	/credentials	/credentials	CLAIM-S2-R0433	1	-	Call<List<ClouddriverAccount>>	-	List<Map<String, Object>>	untyped-return	1	1	0	igor@v4.22.0 igor-web/src/main/groovy/com/netflix/spinnaker/igor/docker/service/ClouddriverService.groovy:33
igor	clouddriver	GET	credentials/{account}	/credentials/{}	/credentials/{accountName}	CLAIM-S2-R0434	1	-	Call<Map>	-	Map<String, Object>	untyped-return	1	1	0	igor@v4.22.0 igor-web/src/main/groovy/com/netflix/spinnaker/igor/docker/service/ClouddriverService.groovy:36
igor	clouddriver	GET	artifacts/credentials	/artifacts/credentials	/artifacts/credentials	CLAIM-S2-R0428	1	-	Call<List<ArtifactAccount>>	-	List<ArtifactCredentials>	typed	0	0	0	igor@v4.22.0 igor-web/src/main/java/com/netflix/spinnaker/igor/helm/accounts/HelmAccountsService.java:29
igor	clouddriver	PUT	artifacts/fetch	/artifacts/fetch	/artifacts/fetch	CLAIM-S2-R0429	1	Map<String,String>	Call<String>	Artifact	StreamingResponseBody	typed	1	0	0	igor@v4.22.0 igor-web/src/main/java/com/netflix/spinnaker/igor/helm/accounts/HelmAccountsService.java:33
igor	fiat	GET	authorize/{userId}	/authorize/{}	/authorize/{userId:.+}	CLAIM-S2-R0597	1	-	Call<UserPermission.View>	-	UserPermission.View	typed	0	0	0	fiat@v1.57.0 fiat-api/src/main/java/com/netflix/spinnaker/fiat/shared/FiatService.java:36
igor	fiat	GET	authorize/{userId}/{resourceType}/{resourceName}/{authorization}	/authorize/{}/{}/{}/{}	/authorize/{userId:.+}/{resourceType:.+}/{resourceName:.+}/{authorization:.+}	CLAIM-S2-R0605	1	-	Call<Void>	-	void	typed	0	0	0	fiat@v1.57.0 fiat-api/src/main/java/com/netflix/spinnaker/fiat/shared/FiatService.java:46
igor	fiat	POST	authorize/{userId}/{resourceType}/create	/authorize/{}/{}/create	/authorize/{userId:.+}/{resourceType:.+}/create	CLAIM-S2-R0606	1	Object	Call<Void>	Object	void	untyped-body	1	1	0	fiat@v1.57.0 fiat-api/src/main/java/com/netflix/spinnaker/fiat/shared/FiatService.java:61
igor	fiat	POST	roles/sync	/roles/sync	/roles/sync	CLAIM-S2-R0610	2	-	Call<Long>	List<String>	long	typed	0	0	0	fiat@v1.57.0 fiat-api/src/main/java/com/netflix/spinnaker/fiat/shared/FiatService.java:72
igor	fiat	POST	roles/sync	/roles/sync	/roles/sync	CLAIM-S2-R0610	2	List<String>	Call<Long>	List<String>	long	typed	0	0	0	fiat@v1.57.0 fiat-api/src/main/java/com/netflix/spinnaker/fiat/shared/FiatService.java:81
igor	fiat	POST	roles/sync/serviceAccount/{serviceAccountId}	/roles/sync/serviceAccount/{}	/roles/sync/serviceAccount/{serviceAccountId:.+}	CLAIM-S2-R0611	1	List<String>	Call<Long>	List<String>	long	typed	0	0	0	fiat@v1.57.0 fiat-api/src/main/java/com/netflix/spinnaker/fiat/shared/FiatService.java:92
igor	fiat	POST	roles/{userId}	/roles/{}	/roles/{userId:.+}	CLAIM-S2-R0607	1	-	Call<Void>	-	void	typed	0	0	0	fiat@v1.57.0 fiat-api/src/main/java/com/netflix/spinnaker/fiat/shared/FiatService.java:100
igor	fiat	PUT	roles/{userId}	/roles/{}	/roles/{userId:.+}	CLAIM-S2-R0608	1	Collection<String>	Call<Void>	List<String>	void	typed	0	0	0	fiat@v1.57.0 fiat-api/src/main/java/com/netflix/spinnaker/fiat/shared/FiatService.java:110
igor	fiat	DELETE	roles/{userId}	/roles/{}	/roles/{userId:.+}	CLAIM-S2-R0609	1	-	Call<Void>	-	void	typed	0	0	0	fiat@v1.57.0 fiat-api/src/main/java/com/netflix/spinnaker/fiat/shared/FiatService.java:117
igor	front50	GET	/pluginInfo/{id}	/pluginInfo/{}	/pluginInfo/{id}	CLAIM-S2-R0495	1	-	Call<SpinnakerPluginInfo>	-	PluginInfo	typed	0	0	0	kork@v7.254.0 kork-plugins/src/main/kotlin/com/netflix/spinnaker/kork/plugins/update/internal/Front50Service.kt:35
igor	front50	GET	/pluginInfo	/pluginInfo	/pluginInfo	CLAIM-S2-R0494	1	-	Call<Collection<SpinnakerPluginInfo>>	-	Collection<PluginInfo>	typed	0	0	0	kork@v7.254.0 kork-plugins/src/main/kotlin/com/netflix/spinnaker/kork/plugins/update/internal/Front50Service.kt:41
igor	front50	PUT	/pluginVersions/{serverGroupName}	/pluginVersions/{}	/pluginVersions/{serverGroupName}	CLAIM-S2-R0502	1	Map<String,String>	Call<PinnedVersions>	Map<String, String>	Map<String, PluginInfo.Release>	untyped-both	1	0	1	kork@v7.254.0 kork-plugins/src/main/kotlin/com/netflix/spinnaker/kork/plugins/update/internal/Front50Service.kt:49
fiat	clouddriver	GET	credentials	/credentials	/credentials	CLAIM-S2-R0433	1	-	Call<List<Account>>	-	List<Map<String, Object>>	untyped-return	1	1	0	fiat@v1.57.0 fiat-roles/src/main/java/com/netflix/spinnaker/fiat/providers/internal/ClouddriverApi.java:26
fiat	clouddriver	GET	applications?restricted=false&expand=false	/applications	/applications	CLAIM-S2-R0365	1	-	Call<List<Application>>	-	List<Application>	typed	0	0	0	fiat@v1.57.0 fiat-roles/src/main/java/com/netflix/spinnaker/fiat/providers/internal/ClouddriverApi.java:29
fiat	front50	GET	permissions/applications	/permissions/applications	/permissions/applications	CLAIM-S2-R0471	1	-	Call<List<Application>>	-	Set<Application.Permission>	typed	0	0	0	fiat@v1.57.0 fiat-roles/src/main/java/com/netflix/spinnaker/fiat/providers/internal/Front50Api.java:27
fiat	front50	GET	v2/applications	/v2/applications	/v2/applications	CLAIM-S2-R0526	1	-	Call<List<Application>>	-	List<Application>	typed	0	0	0	fiat@v1.57.0 fiat-roles/src/main/java/com/netflix/spinnaker/fiat/providers/internal/Front50Api.java:34
fiat	front50	GET	v2/applications?restricted=false	/v2/applications	/v2/applications	CLAIM-S2-R0526	1	-	Call<List<Application>>	-	List<Application>	typed	0	0	0	fiat@v1.57.0 fiat-roles/src/main/java/com/netflix/spinnaker/fiat/providers/internal/Front50Api.java:38
fiat	front50	GET	serviceAccounts	/serviceAccounts	/serviceAccounts	CLAIM-S2-R0505	1	-	Call<List<ServiceAccount>>	-	Set<ServiceAccount>	typed	0	0	0	fiat@v1.57.0 fiat-roles/src/main/java/com/netflix/spinnaker/fiat/providers/internal/Front50Api.java:41
fiat	igor	GET	buildServices	/buildServices	/buildServices	CLAIM-S2-R0746	1	-	Call<List<BuildService>>	-	List<BuildService>	typed	0	0	0	fiat@v1.57.0 fiat-roles/src/main/java/com/netflix/spinnaker/fiat/providers/internal/IgorApi.java:26
fiat	front50	GET	/pluginInfo/{id}	/pluginInfo/{}	/pluginInfo/{id}	CLAIM-S2-R0495	1	-	Call<SpinnakerPluginInfo>	-	PluginInfo	typed	0	0	0	kork@v7.254.0 kork-plugins/src/main/kotlin/com/netflix/spinnaker/kork/plugins/update/internal/Front50Service.kt:35
fiat	front50	GET	/pluginInfo	/pluginInfo	/pluginInfo	CLAIM-S2-R0494	1	-	Call<Collection<SpinnakerPluginInfo>>	-	Collection<PluginInfo>	typed	0	0	0	kork@v7.254.0 kork-plugins/src/main/kotlin/com/netflix/spinnaker/kork/plugins/update/internal/Front50Service.kt:41
fiat	front50	PUT	/pluginVersions/{serverGroupName}	/pluginVersions/{}	/pluginVersions/{serverGroupName}	CLAIM-S2-R0502	1	Map<String,String>	Call<PinnedVersions>	Map<String, String>	Map<String, PluginInfo.Release>	untyped-both	1	0	1	kork@v7.254.0 kork-plugins/src/main/kotlin/com/netflix/spinnaker/kork/plugins/update/internal/Front50Service.kt:49
rosco	clouddriver	PUT	/artifacts/fetch/	/artifacts/fetch	/artifacts/fetch	CLAIM-S2-R0429	1	Artifact	Call<ResponseBody>	Artifact	StreamingResponseBody	typed	0	0	0	rosco@v1.26.0 rosco-core/src/main/groovy/com/netflix/spinnaker/rosco/services/ClouddriverService.java:30
rosco	clouddriver	GET	/aws/images/find	/aws/images/find	/aws/images/find	CLAIM-S2-R0334	1	-	Call<List<AWSNamedImage>>	-	List<NamedImage>	typed	0	0	0	rosco@v1.26.0 rosco-core/src/main/groovy/com/netflix/spinnaker/rosco/services/ClouddriverService.java:33
rosco	front50	GET	/pluginInfo/{id}	/pluginInfo/{}	/pluginInfo/{id}	CLAIM-S2-R0495	1	-	Call<SpinnakerPluginInfo>	-	PluginInfo	typed	0	0	0	kork@v7.254.0 kork-plugins/src/main/kotlin/com/netflix/spinnaker/kork/plugins/update/internal/Front50Service.kt:35
rosco	front50	GET	/pluginInfo	/pluginInfo	/pluginInfo	CLAIM-S2-R0494	1	-	Call<Collection<SpinnakerPluginInfo>>	-	Collection<PluginInfo>	typed	0	0	0	kork@v7.254.0 kork-plugins/src/main/kotlin/com/netflix/spinnaker/kork/plugins/update/internal/Front50Service.kt:41
rosco	front50	PUT	/pluginVersions/{serverGroupName}	/pluginVersions/{}	/pluginVersions/{serverGroupName}	CLAIM-S2-R0502	1	Map<String,String>	Call<PinnedVersions>	Map<String, String>	Map<String, PluginInfo.Release>	untyped-both	1	0	1	kork@v7.254.0 kork-plugins/src/main/kotlin/com/netflix/spinnaker/kork/plugins/update/internal/Front50Service.kt:49
kayenta	front50	GET	/pluginInfo/{id}	/pluginInfo/{}	/pluginInfo/{id}	CLAIM-S2-R0495	1	-	Call<SpinnakerPluginInfo>	-	PluginInfo	typed	0	0	0	kork@v7.254.0 kork-plugins/src/main/kotlin/com/netflix/spinnaker/kork/plugins/update/internal/Front50Service.kt:35
kayenta	front50	GET	/pluginInfo	/pluginInfo	/pluginInfo	CLAIM-S2-R0494	1	-	Call<Collection<SpinnakerPluginInfo>>	-	Collection<PluginInfo>	typed	0	0	0	kork@v7.254.0 kork-plugins/src/main/kotlin/com/netflix/spinnaker/kork/plugins/update/internal/Front50Service.kt:41
kayenta	front50	PUT	/pluginVersions/{serverGroupName}	/pluginVersions/{}	/pluginVersions/{serverGroupName}	CLAIM-S2-R0502	1	Map<String,String>	Call<PinnedVersions>	Map<String, String>	Map<String, PluginInfo.Release>	untyped-both	1	0	1	kork@v7.254.0 kork-plugins/src/main/kotlin/com/netflix/spinnaker/kork/plugins/update/internal/Front50Service.kt:49
keel	clouddriver	GET	/securityGroups/{account}/{type}/{region}/{securityGroupName}	/securityGroups/{}/{}/{}/{}	/securityGroups/{account}/{cloudProvider}/{region}/{securityGroupNameOrId:.+}	CLAIM-S2-R0420	1	-	SecurityGroupModel	-	SecurityGroup	polymorphic	0	0	0	keel@v1.4.1 keel-clouddriver/src/main/kotlin/com/netflix/spinnaker/keel/clouddriver/CloudDriverService.kt:42
keel	clouddriver	GET	/securityGroups/{account}/{provider}/{region}/{id}?getById=true	/securityGroups/{}/{}/{}/{}	/securityGroups/{account}/{cloudProvider}/{region}/{securityGroupNameOrId:.+}	CLAIM-S2-R0420	1	-	SecurityGroupSummary	-	SecurityGroup	polymorphic	0	0	0	keel@v1.4.1 keel-clouddriver/src/main/kotlin/com/netflix/spinnaker/keel/clouddriver/CloudDriverService.kt:52
keel	clouddriver	GET	/securityGroups/{account}/{provider}/{region}/{name}	/securityGroups/{}/{}/{}/{}	/securityGroups/{account}/{cloudProvider}/{region}/{securityGroupNameOrId:.+}	CLAIM-S2-R0420	1	-	SecurityGroupSummary	-	SecurityGroup	polymorphic	0	0	0	keel@v1.4.1 keel-clouddriver/src/main/kotlin/com/netflix/spinnaker/keel/clouddriver/CloudDriverService.kt:61
keel	clouddriver	GET	/networks/{cloudProvider}	/networks/{}	/networks/{cloudProvider}	CLAIM-S2-R0399	1	-	Set<Network>	-	Set<Network>	typed	0	0	0	keel@v1.4.1 keel-clouddriver/src/main/kotlin/com/netflix/spinnaker/keel/clouddriver/CloudDriverService.kt:70
keel	clouddriver	GET	/subnets/{cloudProvider}	/subnets/{}	/subnets/{cloudProvider}	CLAIM-S2-R0426	1	-	Set<Subnet>	-	Set<Subnet>	typed	0	0	0	keel@v1.4.1 keel-clouddriver/src/main/kotlin/com/netflix/spinnaker/keel/clouddriver/CloudDriverService.kt:76
keel	clouddriver	GET	/credentials/{account}	/credentials/{}	/credentials/{accountName}	CLAIM-S2-R0434	1	-	Credential	-	Map<String, Object>	untyped-return	1	1	0	keel@v1.4.1 keel-clouddriver/src/main/kotlin/com/netflix/spinnaker/keel/clouddriver/CloudDriverService.kt:82
keel	clouddriver	GET	/applications/{application}/loadBalancers	/applications/{}/loadBalancers	/applications/{application}/loadBalancers	CLAIM-S2-R0394	1	-	List<AmazonLoadBalancer>	-	List<LoadBalancer>	typed	0	0	0	keel@v1.4.1 keel-clouddriver/src/main/kotlin/com/netflix/spinnaker/keel/clouddriver/CloudDriverService.kt:88
keel	clouddriver	GET	/aws/loadBalancers/{account}/{region}/{name}	/aws/loadBalancers/{}/{}/{}	/{cloudProvider:.+}/loadBalancers/{account:.+}/{region:.+}/{name:.+}	CLAIM-S2-R0397	1	-	List<AmazonLoadBalancer>	-	List<LoadBalancerProvider.Details>	typed	0	0	0	keel@v1.4.1 keel-clouddriver/src/main/kotlin/com/netflix/spinnaker/keel/clouddriver/CloudDriverService.kt:94
keel	clouddriver	GET	/{provider}/loadBalancers/{account}/{region}/{name}	/{}/loadBalancers/{}/{}/{}	/{cloudProvider:.+}/loadBalancers/{account:.+}/{region:.+}/{name:.+}	CLAIM-S2-R0397	1	-	List<ClassicLoadBalancerModel>	-	List<LoadBalancerProvider.Details>	typed	0	0	0	keel@v1.4.1 keel-clouddriver/src/main/kotlin/com/netflix/spinnaker/keel/clouddriver/CloudDriverService.kt:102
keel	clouddriver	GET	/{provider}/loadBalancers/{account}/{region}/{name}	/{}/loadBalancers/{}/{}/{}	/{cloudProvider:.+}/loadBalancers/{account:.+}/{region:.+}/{name:.+}	CLAIM-S2-R0397	1	-	List<ApplicationLoadBalancerModel>	-	List<LoadBalancerProvider.Details>	typed	0	0	0	keel@v1.4.1 keel-clouddriver/src/main/kotlin/com/netflix/spinnaker/keel/clouddriver/CloudDriverService.kt:111
keel	clouddriver	GET	/applications/{app}/clusters/{account}/{cluster}/{cloudProvider}	/applications/{}/clusters/{}/{}/{}	/applications/{application}/clusters/{account:.+}/{name:.+}/{type}	CLAIM-S2-R0377	1	-	ServerGroupCollection<ServerGroup>	-	Cluster	typed	0	0	0	keel@v1.4.1 keel-clouddriver/src/main/kotlin/com/netflix/spinnaker/keel/clouddriver/CloudDriverService.kt:120
keel	clouddriver	GET	/applications/{app}/clusters/{account}/{cluster}/{cloudProvider}	/applications/{}/clusters/{}/{}/{}	/applications/{application}/clusters/{account:.+}/{name:.+}/{type}	CLAIM-S2-R0377	1	-	ServerGroupCollection<TitusServerGroup>	-	Cluster	typed	0	0	0	keel@v1.4.1 keel-clouddriver/src/main/kotlin/com/netflix/spinnaker/keel/clouddriver/CloudDriverService.kt:129
keel	clouddriver	GET	/applications/{app}/clusters/{account}/{cluster}/{cloudProvider}/{region}/serverGroups/target/current_asg_dynamic?onlyEnabled=true	/applications/{}/clusters/{}/{}/{}/{}/serverGroups/target/current_asg_dynamic	/applications/{application}/clusters/{account:.+}/{clusterName:.+}/{cloudProvider}/{scope}/serverGroups/target/{target:.+}	CLAIM-S2-R0380	1	-	ActiveServerGroup	-	ServerGroup	typed	0	0	0	keel@v1.4.1 keel-clouddriver/src/main/kotlin/com/netflix/spinnaker/keel/clouddriver/CloudDriverService.kt:141
keel	clouddriver	GET	/applications/{app}/clusters/{account}/{cluster}/{cloudProvider}/{region}/serverGroups/target/current_asg_dynamic?onlyEnabled=true	/applications/{}/clusters/{}/{}/{}/{}/serverGroups/target/current_asg_dynamic	/applications/{application}/clusters/{account:.+}/{clusterName:.+}/{cloudProvider}/{scope}/serverGroups/target/{target:.+}	CLAIM-S2-R0380	1	-	TitusActiveServerGroup	-	ServerGroup	typed	0	0	0	keel@v1.4.1 keel-clouddriver/src/main/kotlin/com/netflix/spinnaker/keel/clouddriver/CloudDriverService.kt:153
keel	clouddriver	GET	/aws/images/find	/aws/images/find	/aws/images/find	CLAIM-S2-R0334	1	-	List<NamedImage>	-	List<NamedImage>	typed	0	0	0	keel@v1.4.1 keel-clouddriver/src/main/kotlin/com/netflix/spinnaker/keel/clouddriver/CloudDriverService.kt:163
keel	clouddriver	GET	/aws/images/{account}/{region}/{id}	/aws/images/{}/{}/{}	/aws/images/{account}/{region}/{imageId:.+}	CLAIM-S2-R0333	1	-	List<NamedImage>	-	List<NamedImage>	typed	0	0	0	keel@v1.4.1 keel-clouddriver/src/main/kotlin/com/netflix/spinnaker/keel/clouddriver/CloudDriverService.kt:171
keel	clouddriver	GET	/dockerRegistry/images/find	/dockerRegistry/images/find	/dockerRegistry/images/find	CLAIM-S2-R0344	1	-	List<DockerImage>	-	List<Map>	untyped-return	1	1	0	keel@v1.4.1 keel-clouddriver/src/main/kotlin/com/netflix/spinnaker/keel/clouddriver/CloudDriverService.kt:179
keel	clouddriver	GET	/dockerRegistry/images/tags	/dockerRegistry/images/tags	/dockerRegistry/images/tags	CLAIM-S2-R0342	1	-	List<String>	-	List<String>	typed	0	0	0	keel@v1.4.1 keel-clouddriver/src/main/kotlin/com/netflix/spinnaker/keel/clouddriver/CloudDriverService.kt:189
keel	clouddriver	GET	/credentials/{account}	/credentials/{}	/credentials/{accountName}	CLAIM-S2-R0434	1	-	Map<String,Any?>	-	Map<String, Object>	untyped-return	1	1	0	keel@v1.4.1 keel-clouddriver/src/main/kotlin/com/netflix/spinnaker/keel/clouddriver/CloudDriverService.kt:196
keel	clouddriver	GET	/tags	/tags	/tags	CLAIM-S2-R0441	1	-	List<EntityTags>	-	Collection<EntityTags>	typed	0	0	0	keel@v1.4.1 keel-clouddriver/src/main/kotlin/com/netflix/spinnaker/keel/clouddriver/CloudDriverService.kt:202
keel	clouddriver	GET	/certificates/aws	/certificates/aws	/certificates/{cloudProvider}	CLAIM-S2-R0371	1	-	List<Certificate>	-	Set<Network>	typed	0	0	0	keel@v1.4.1 keel-clouddriver/src/main/kotlin/com/netflix/spinnaker/keel/clouddriver/CloudDriverService.kt:212
keel	front50	GET	/v2/applications/{name}	/v2/applications/{}	/v2/applications/{applicationName:.+}	CLAIM-S2-R0531	1	-	Application	-	Application	typed	0	0	0	keel@v1.4.1 keel-front50/src/main/kotlin/com/netflix/spinnaker/keel/front50/Front50Service.kt:16
keel	front50	GET	/v2/applications	/v2/applications	/v2/applications	CLAIM-S2-R0526	1	-	List<Application>	-	List<Application>	typed	0	0	0	keel@v1.4.1 keel-front50/src/main/kotlin/com/netflix/spinnaker/keel/front50/Front50Service.kt:22
keel	front50	GET	/v2/applications	/v2/applications	/v2/applications	CLAIM-S2-R0526	1	-	List<Application>	-	List<Application>	typed	0	0	0	keel@v1.4.1 keel-front50/src/main/kotlin/com/netflix/spinnaker/keel/front50/Front50Service.kt:27
keel	front50	GET	/pipelines/{application}	/pipelines/{}	/pipelines/{application:.+}	CLAIM-S2-R0478	1	-	List<Pipeline>	-	List<Pipeline>	typed	0	0	0	keel@v1.4.1 keel-front50/src/main/kotlin/com/netflix/spinnaker/keel/front50/Front50Service.kt:33
keel	front50	GET	/pipelines/{id}/history	/pipelines/{}/history	/pipelines/{id:.+}/history	CLAIM-S2-R0479	1	-	List<Pipeline>	-	Collection<Pipeline>	typed	0	0	0	keel@v1.4.1 keel-front50/src/main/kotlin/com/netflix/spinnaker/keel/front50/Front50Service.kt:39
keel	front50	PATCH	/v2/applications/{name}	/v2/applications/{}	/v2/applications/{applicationName:.+}	CLAIM-S2-R0529	1	Application	Application	Application	Application	typed	0	0	0	keel@v1.4.1 keel-front50/src/main/kotlin/com/netflix/spinnaker/keel/front50/Front50Service.kt:46
keel	front50	PUT	/pipelines/{id}	/pipelines/{}	/pipelines/{id}	CLAIM-S2-R0485	1	Pipeline	Unit	Pipeline	Pipeline	typed	0	0	0	keel@v1.4.1 keel-front50/src/main/kotlin/com/netflix/spinnaker/keel/front50/Front50Service.kt:53
keel	orca	POST	/ops	/ops	/ops	CLAIM-S2-R0292	2	OrchestrationRequest	TaskRefResponse	List<Map>	Map<String, String>	untyped-both	1	1	1	keel@v1.4.1 keel-orca/src/main/kotlin/com/netflix/spinnaker/keel/orca/OrcaService.kt:31
keel	orca	POST	/orchestrate/{pipelineConfigId}	/orchestrate/{}	/orchestrate/{pipelineConfigId}	CLAIM-S2-R0288	1	HashMap<String,Any>	TaskRefResponse	Map	Map<String, Object>	untyped-both	1	1	1	keel@v1.4.1 keel-orca/src/main/kotlin/com/netflix/spinnaker/keel/orca/OrcaService.kt:38
keel	orca	GET	/pipelines/{id}	/pipelines/{}	/pipelines/{id}	CLAIM-S2-R0307	1	-	ExecutionDetailResponse	-	PipelineExecution	typed	0	0	0	keel@v1.4.1 keel-orca/src/main/kotlin/com/netflix/spinnaker/keel/orca/OrcaService.kt:46
keel	orca	GET	/tasks/{id}	/tasks/{}	/tasks/{id}	CLAIM-S2-R0301	1	-	ExecutionDetailResponse	-	OrchestrationViewModel	typed	0	0	0	keel@v1.4.1 keel-orca/src/main/kotlin/com/netflix/spinnaker/keel/orca/OrcaService.kt:52
keel	orca	PUT	/tasks/{id}/cancel	/tasks/{}/cancel	/tasks/{id}/cancel	CLAIM-S2-R0303	1	-	Unit	-	void	typed	0	0	0	keel@v1.4.1 keel-orca/src/main/kotlin/com/netflix/spinnaker/keel/orca/OrcaService.kt:58
keel	orca	PUT	/tasks/cancel	/tasks/cancel	/tasks/cancel	CLAIM-S2-R0304	1	List<String>	Unit	List<String>	void	typed	0	0	0	keel@v1.4.1 keel-orca/src/main/kotlin/com/netflix/spinnaker/keel/orca/OrcaService.kt:64
keel	orca	GET	/executions/correlated/{correlationId}	/executions/correlated/{}	/executions/correlated/{correlationId}	CLAIM-S2-R0324	1	-	List<String>	-	List<String>	typed	0	0	0	keel@v1.4.1 keel-orca/src/main/kotlin/com/netflix/spinnaker/keel/orca/OrcaService.kt:70
keel	orca	GET	/pipelines	/pipelines	/pipelines	CLAIM-S2-R0305	1	-	List<ExecutionDetailResponse>	-	List<PipelineExecution>	typed	0	0	0	keel@v1.4.1 keel-orca/src/main/kotlin/com/netflix/spinnaker/keel/orca/OrcaService.kt:76
keel	echo	POST	/notifications	/notifications	/notifications	CLAIM-S2-R0547	1	EchoNotification	Unit	Notification	EchoResponse	polymorphic	0	0	0	keel@v1.4.1 keel-echo/src/main/kotlin/com/netflix/spinnaker/keel/echo/EchoService.kt:10
keel	igor	GET	/ci/builds	/ci/builds	/ci/builds	CLAIM-S2-R0571	1	-	List<Build>?	-	List<GenericBuild>	typed	0	0	0	keel@v1.4.1 keel-igor/src/main/kotlin/com/netflix/spinnaker/keel/igor/BuildService.kt:18
keel	igor	GET	/delivery-config/manifest	/delivery-config/manifest	/delivery-config/manifest	CLAIM-S2-R0595	1	-	RawDeliveryConfigResult	-	Map<String, Object>	untyped-return	1	1	0	keel@v1.4.1 keel-igor/src/main/kotlin/com/netflix/spinnaker/keel/igor/ScmService.kt:37
keel	igor	GET	/scm/masters	/scm/masters	/scm/masters	CLAIM-S2-R0564	1	-	Map<String,String?>	-	Map	untyped-return	1	1	0	keel@v1.4.1 keel-igor/src/main/kotlin/com/netflix/spinnaker/keel/igor/ScmService.kt:50
keel	igor	GET	/artifacts/rocket/{packageName}/{version}	/artifacts/rocket/{}/{}	/artifacts/{provider}/{name}/{version:.+}	CLAIM-S2-R0570	1	-	PublishedArtifact	-	Artifact	typed	0	0	0	keel@v1.4.1 keel-igor/src/main/kotlin/com/netflix/spinnaker/keel/igor/artifact/ArtifactService.kt:11
keel	igor	GET	/artifacts/rocket/{packageName}	/artifacts/rocket/{}	/artifacts/{provider}/{name}	CLAIM-S2-R0569	1	-	List<String>	-	List<String>	typed	0	0	0	keel@v1.4.1 keel-igor/src/main/kotlin/com/netflix/spinnaker/keel/igor/artifact/ArtifactService.kt:18
keel	fiat	GET	authorize/{userId}	/authorize/{}	/authorize/{userId:.+}	CLAIM-S2-R0597	1	-	Call<UserPermission.View>	-	UserPermission.View	typed	0	0	0	fiat@v1.57.0 fiat-api/src/main/java/com/netflix/spinnaker/fiat/shared/FiatService.java:36
keel	fiat	GET	authorize/{userId}/{resourceType}/{resourceName}/{authorization}	/authorize/{}/{}/{}/{}	/authorize/{userId:.+}/{resourceType:.+}/{resourceName:.+}/{authorization:.+}	CLAIM-S2-R0605	1	-	Call<Void>	-	void	typed	0	0	0	fiat@v1.57.0 fiat-api/src/main/java/com/netflix/spinnaker/fiat/shared/FiatService.java:46
keel	fiat	POST	authorize/{userId}/{resourceType}/create	/authorize/{}/{}/create	/authorize/{userId:.+}/{resourceType:.+}/create	CLAIM-S2-R0606	1	Object	Call<Void>	Object	void	untyped-body	1	1	0	fiat@v1.57.0 fiat-api/src/main/java/com/netflix/spinnaker/fiat/shared/FiatService.java:61
keel	fiat	POST	roles/sync	/roles/sync	/roles/sync	CLAIM-S2-R0610	2	-	Call<Long>	List<String>	long	typed	0	0	0	fiat@v1.57.0 fiat-api/src/main/java/com/netflix/spinnaker/fiat/shared/FiatService.java:72
keel	fiat	POST	roles/sync	/roles/sync	/roles/sync	CLAIM-S2-R0610	2	List<String>	Call<Long>	List<String>	long	typed	0	0	0	fiat@v1.57.0 fiat-api/src/main/java/com/netflix/spinnaker/fiat/shared/FiatService.java:81
keel	fiat	POST	roles/sync/serviceAccount/{serviceAccountId}	/roles/sync/serviceAccount/{}	/roles/sync/serviceAccount/{serviceAccountId:.+}	CLAIM-S2-R0611	1	List<String>	Call<Long>	List<String>	long	typed	0	0	0	fiat@v1.57.0 fiat-api/src/main/java/com/netflix/spinnaker/fiat/shared/FiatService.java:92
keel	fiat	POST	roles/{userId}	/roles/{}	/roles/{userId:.+}	CLAIM-S2-R0607	1	-	Call<Void>	-	void	typed	0	0	0	fiat@v1.57.0 fiat-api/src/main/java/com/netflix/spinnaker/fiat/shared/FiatService.java:100
keel	fiat	PUT	roles/{userId}	/roles/{}	/roles/{userId:.+}	CLAIM-S2-R0608	1	Collection<String>	Call<Void>	List<String>	void	typed	0	0	0	fiat@v1.57.0 fiat-api/src/main/java/com/netflix/spinnaker/fiat/shared/FiatService.java:110
keel	fiat	DELETE	roles/{userId}	/roles/{}	/roles/{userId:.+}	CLAIM-S2-R0609	1	-	Call<Void>	-	void	typed	0	0	0	fiat@v1.57.0 fiat-api/src/main/java/com/netflix/spinnaker/fiat/shared/FiatService.java:117
keel	front50	GET	/pluginInfo/{id}	/pluginInfo/{}	/pluginInfo/{id}	CLAIM-S2-R0495	1	-	Call<SpinnakerPluginInfo>	-	PluginInfo	typed	0	0	0	kork@v7.254.0 kork-plugins/src/main/kotlin/com/netflix/spinnaker/kork/plugins/update/internal/Front50Service.kt:35
keel	front50	GET	/pluginInfo	/pluginInfo	/pluginInfo	CLAIM-S2-R0494	1	-	Call<Collection<SpinnakerPluginInfo>>	-	Collection<PluginInfo>	typed	0	0	0	kork@v7.254.0 kork-plugins/src/main/kotlin/com/netflix/spinnaker/kork/plugins/update/internal/Front50Service.kt:41
keel	front50	PUT	/pluginVersions/{serverGroupName}	/pluginVersions/{}	/pluginVersions/{serverGroupName}	CLAIM-S2-R0502	1	Map<String,String>	Call<PinnedVersions>	Map<String, String>	Map<String, PluginInfo.Release>	untyped-both	1	0	1	kork@v7.254.0 kork-plugins/src/main/kotlin/com/netflix/spinnaker/kork/plugins/update/internal/Front50Service.kt:49
