bom	caller	provider	verb	caller_path	mpath	category	interface	note
1.30.0	gate	clouddriver	GET	/_calls/clouddriver/health	/health	actuator	com.netflix.spinnaker.gate.services.internal.HealthCheckableService	
1.30.0	gate	clouddriver	GET	/_calls/clouddriver/installedPlugins	/installedPlugins	actuator	com.netflix.spinnaker.gate.services.internal.ClouddriverService	
1.30.0	gate	echo	GET	/_calls/echo/health	/health	actuator	com.netflix.spinnaker.gate.services.internal.HealthCheckableService	
1.30.0	gate	echo	GET	/_calls/echo/installedPlugins	/installedPlugins	actuator	com.netflix.spinnaker.gate.services.internal.EchoService	
1.30.0	gate	fiat	GET	/_calls/fiat/installedPlugins	/installedPlugins	actuator	com.netflix.spinnaker.gate.services.internal.ExtendedFiatService	
1.30.0	gate	front50	GET	/_calls/front50/health	/health	actuator	com.netflix.spinnaker.gate.services.internal.HealthCheckableService	
1.30.0	gate	front50	GET	/_calls/front50/installedPlugins	/installedPlugins	actuator	com.netflix.spinnaker.gate.services.internal.Front50Service	
1.30.0	gate	igor	GET	/_calls/igor/health	/health	actuator	com.netflix.spinnaker.gate.services.internal.HealthCheckableService	
1.30.0	gate	igor	GET	/_calls/igor/installedPlugins	/installedPlugins	actuator	com.netflix.spinnaker.gate.services.internal.IgorService	
1.30.0	gate	orca	GET	/_calls/orca/health	/health	actuator	com.netflix.spinnaker.gate.services.internal.HealthCheckableService	
1.30.0	gate	orca	GET	/_calls/orca/installedPlugins	/installedPlugins	actuator	com.netflix.spinnaker.gate.services.internal.OrcaService	
1.30.0	gate	rosco	GET	/_calls/rosco/installedPlugins	/installedPlugins	actuator	com.netflix.spinnaker.gate.services.internal.RoscoService	
1.30.0	orca	clouddriver	PUT	/_calls/clouddriver/admin/db/truncate/{namespace}	/admin/db/truncate/{}	framework	com.netflix.spinnaker.orca.clouddriver.CloudDriverCacheService	excluded by provenance: PUT /admin/db/truncate/{}
1.30.0	clouddriver	fiat	DELETE	/_calls/fiat/roles/{userId}	/roles/{}	indirect-fiat	com.netflix.spinnaker.fiat.shared.FiatService	dropped family (owner ruling 2026-09-12)
1.30.0	clouddriver	fiat	GET	/_calls/fiat/authorize/{userId}	/authorize/{}	indirect-fiat	com.netflix.spinnaker.fiat.shared.FiatService	dropped family (owner ruling 2026-09-12)
1.30.0	clouddriver	fiat	GET	/_calls/fiat/authorize/{userId}/{resourceType}/{resourceName}/{authorization}	/authorize/{}/{}/{}/{}	indirect-fiat	com.netflix.spinnaker.fiat.shared.FiatService	dropped family (owner ruling 2026-09-12)
1.30.0	clouddriver	fiat	POST	/_calls/fiat/authorize/{userId}/{resourceType}/create	/authorize/{}/{}/create	indirect-fiat	com.netflix.spinnaker.fiat.shared.FiatService	dropped family (owner ruling 2026-09-12)
1.30.0	clouddriver	fiat	POST	/_calls/fiat/roles/sync	/roles/sync	indirect-fiat	com.netflix.spinnaker.fiat.shared.FiatService	dropped family (owner ruling 2026-09-12)
1.30.0	clouddriver	fiat	POST	/_calls/fiat/roles/sync/serviceAccount/{serviceAccountId}	/roles/sync/serviceAccount/{}	indirect-fiat	com.netflix.spinnaker.fiat.shared.FiatService	dropped family (owner ruling 2026-09-12)
1.30.0	clouddriver	fiat	POST	/_calls/fiat/roles/{userId}	/roles/{}	indirect-fiat	com.netflix.spinnaker.fiat.shared.FiatService	dropped family (owner ruling 2026-09-12)
1.30.0	clouddriver	fiat	PUT	/_calls/fiat/roles/{userId}	/roles/{}	indirect-fiat	com.netflix.spinnaker.fiat.shared.FiatService	dropped family (owner ruling 2026-09-12)
1.30.0	echo	fiat	DELETE	/_calls/fiat/roles/{userId}	/roles/{}	indirect-fiat	com.netflix.spinnaker.fiat.shared.FiatService	dropped family (owner ruling 2026-09-12)
1.30.0	echo	fiat	GET	/_calls/fiat/authorize/{userId}	/authorize/{}	indirect-fiat	com.netflix.spinnaker.fiat.shared.FiatService	dropped family (owner ruling 2026-09-12)
1.30.0	echo	fiat	GET	/_calls/fiat/authorize/{userId}/{resourceType}/{resourceName}/{authorization}	/authorize/{}/{}/{}/{}	indirect-fiat	com.netflix.spinnaker.fiat.shared.FiatService	dropped family (owner ruling 2026-09-12)
1.30.0	echo	fiat	POST	/_calls/fiat/authorize/{userId}/{resourceType}/create	/authorize/{}/{}/create	indirect-fiat	com.netflix.spinnaker.fiat.shared.FiatService	dropped family (owner ruling 2026-09-12)
1.30.0	echo	fiat	POST	/_calls/fiat/roles/sync	/roles/sync	indirect-fiat	com.netflix.spinnaker.fiat.shared.FiatService	dropped family (owner ruling 2026-09-12)
1.30.0	echo	fiat	POST	/_calls/fiat/roles/sync/serviceAccount/{serviceAccountId}	/roles/sync/serviceAccount/{}	indirect-fiat	com.netflix.spinnaker.fiat.shared.FiatService	dropped family (owner ruling 2026-09-12)
1.30.0	echo	fiat	POST	/_calls/fiat/roles/{userId}	/roles/{}	indirect-fiat	com.netflix.spinnaker.fiat.shared.FiatService	dropped family (owner ruling 2026-09-12)
1.30.0	echo	fiat	PUT	/_calls/fiat/roles/{userId}	/roles/{}	indirect-fiat	com.netflix.spinnaker.fiat.shared.FiatService	dropped family (owner ruling 2026-09-12)
1.30.0	igor	fiat	DELETE	/_calls/fiat/roles/{userId}	/roles/{}	indirect-fiat	com.netflix.spinnaker.fiat.shared.FiatService	dropped family (owner ruling 2026-09-12)
1.30.0	igor	fiat	GET	/_calls/fiat/authorize/{userId}	/authorize/{}	indirect-fiat	com.netflix.spinnaker.fiat.shared.FiatService	dropped family (owner ruling 2026-09-12)
1.30.0	igor	fiat	GET	/_calls/fiat/authorize/{userId}/{resourceType}/{resourceName}/{authorization}	/authorize/{}/{}/{}/{}	indirect-fiat	com.netflix.spinnaker.fiat.shared.FiatService	dropped family (owner ruling 2026-09-12)
1.30.0	igor	fiat	POST	/_calls/fiat/authorize/{userId}/{resourceType}/create	/authorize/{}/{}/create	indirect-fiat	com.netflix.spinnaker.fiat.shared.FiatService	dropped family (owner ruling 2026-09-12)
1.30.0	igor	fiat	POST	/_calls/fiat/roles/sync	/roles/sync	indirect-fiat	com.netflix.spinnaker.fiat.shared.FiatService	dropped family (owner ruling 2026-09-12)
1.30.0	igor	fiat	POST	/_calls/fiat/roles/sync/serviceAccount/{serviceAccountId}	/roles/sync/serviceAccount/{}	indirect-fiat	com.netflix.spinnaker.fiat.shared.FiatService	dropped family (owner ruling 2026-09-12)
1.30.0	igor	fiat	POST	/_calls/fiat/roles/{userId}	/roles/{}	indirect-fiat	com.netflix.spinnaker.fiat.shared.FiatService	dropped family (owner ruling 2026-09-12)
1.30.0	igor	fiat	PUT	/_calls/fiat/roles/{userId}	/roles/{}	indirect-fiat	com.netflix.spinnaker.fiat.shared.FiatService	dropped family (owner ruling 2026-09-12)
1.30.0	clouddriver	front50	GET	/_calls/front50/pluginInfo	/pluginInfo	kork	com.netflix.spinnaker.kork.plugins.update.internal.Front50Service	dropped family (owner ruling 2026-09-12)
1.30.0	clouddriver	front50	GET	/_calls/front50/pluginInfo/{id}	/pluginInfo/{}	kork	com.netflix.spinnaker.kork.plugins.update.internal.Front50Service	dropped family (owner ruling 2026-09-12)
1.30.0	clouddriver	front50	PUT	/_calls/front50/pluginVersions/{serverGroupName}	/pluginVersions/{}	kork	com.netflix.spinnaker.kork.plugins.update.internal.Front50Service	dropped family (owner ruling 2026-09-12)
1.30.0	echo	front50	GET	/_calls/front50/pluginInfo	/pluginInfo	kork	com.netflix.spinnaker.kork.plugins.update.internal.Front50Service	dropped family (owner ruling 2026-09-12)
1.30.0	echo	front50	GET	/_calls/front50/pluginInfo/{id}	/pluginInfo/{}	kork	com.netflix.spinnaker.kork.plugins.update.internal.Front50Service	dropped family (owner ruling 2026-09-12)
1.30.0	echo	front50	PUT	/_calls/front50/pluginVersions/{serverGroupName}	/pluginVersions/{}	kork	com.netflix.spinnaker.kork.plugins.update.internal.Front50Service	dropped family (owner ruling 2026-09-12)
1.30.0	fiat	front50	GET	/_calls/front50/pluginInfo	/pluginInfo	kork	com.netflix.spinnaker.kork.plugins.update.internal.Front50Service	dropped family (owner ruling 2026-09-12)
1.30.0	fiat	front50	GET	/_calls/front50/pluginInfo/{id}	/pluginInfo/{}	kork	com.netflix.spinnaker.kork.plugins.update.internal.Front50Service	dropped family (owner ruling 2026-09-12)
1.30.0	fiat	front50	PUT	/_calls/front50/pluginVersions/{serverGroupName}	/pluginVersions/{}	kork	com.netflix.spinnaker.kork.plugins.update.internal.Front50Service	dropped family (owner ruling 2026-09-12)
1.30.0	front50	front50	GET	/_calls/front50/pluginInfo	/pluginInfo	kork	com.netflix.spinnaker.kork.plugins.update.internal.Front50Service	dropped family (owner ruling 2026-09-12)
1.30.0	front50	front50	GET	/_calls/front50/pluginInfo/{id}	/pluginInfo/{}	kork	com.netflix.spinnaker.kork.plugins.update.internal.Front50Service	dropped family (owner ruling 2026-09-12)
1.30.0	front50	front50	PUT	/_calls/front50/pluginVersions/{serverGroupName}	/pluginVersions/{}	kork	com.netflix.spinnaker.kork.plugins.update.internal.Front50Service	dropped family (owner ruling 2026-09-12)
1.30.0	gate	front50	GET	/_calls/front50/pluginInfo/{id}	/pluginInfo/{}	kork	com.netflix.spinnaker.kork.plugins.update.internal.Front50Service	dropped family (owner ruling 2026-09-12)
1.30.0	gate	front50	PUT	/_calls/front50/pluginVersions/{serverGroupName}	/pluginVersions/{}	kork	com.netflix.spinnaker.kork.plugins.update.internal.Front50Service	dropped family (owner ruling 2026-09-12)
1.30.0	igor	front50	GET	/_calls/front50/pluginInfo/{id}	/pluginInfo/{}	kork	com.netflix.spinnaker.kork.plugins.update.internal.Front50Service	dropped family (owner ruling 2026-09-12)
1.30.0	igor	front50	PUT	/_calls/front50/pluginVersions/{serverGroupName}	/pluginVersions/{}	kork	com.netflix.spinnaker.kork.plugins.update.internal.Front50Service	dropped family (owner ruling 2026-09-12)
1.30.0	kayenta	front50	GET	/_calls/front50/pluginInfo	/pluginInfo	kork	com.netflix.spinnaker.kork.plugins.update.internal.Front50Service	dropped family (owner ruling 2026-09-12)
1.30.0	kayenta	front50	GET	/_calls/front50/pluginInfo/{id}	/pluginInfo/{}	kork	com.netflix.spinnaker.kork.plugins.update.internal.Front50Service	dropped family (owner ruling 2026-09-12)
1.30.0	kayenta	front50	PUT	/_calls/front50/pluginVersions/{serverGroupName}	/pluginVersions/{}	kork	com.netflix.spinnaker.kork.plugins.update.internal.Front50Service	dropped family (owner ruling 2026-09-12)
1.30.0	orca	front50	GET	/_calls/front50/pluginInfo	/pluginInfo	kork	com.netflix.spinnaker.kork.plugins.update.internal.Front50Service	dropped family (owner ruling 2026-09-12)
1.30.0	orca	front50	GET	/_calls/front50/pluginInfo/{id}	/pluginInfo/{}	kork	com.netflix.spinnaker.kork.plugins.update.internal.Front50Service	dropped family (owner ruling 2026-09-12)
1.30.0	orca	front50	PUT	/_calls/front50/pluginVersions/{serverGroupName}	/pluginVersions/{}	kork	com.netflix.spinnaker.kork.plugins.update.internal.Front50Service	dropped family (owner ruling 2026-09-12)
1.30.0	rosco	front50	GET	/_calls/front50/pluginInfo	/pluginInfo	kork	com.netflix.spinnaker.kork.plugins.update.internal.Front50Service	dropped family (owner ruling 2026-09-12)
1.30.0	rosco	front50	GET	/_calls/front50/pluginInfo/{id}	/pluginInfo/{}	kork	com.netflix.spinnaker.kork.plugins.update.internal.Front50Service	dropped family (owner ruling 2026-09-12)
1.30.0	rosco	front50	PUT	/_calls/front50/pluginVersions/{serverGroupName}	/pluginVersions/{}	kork	com.netflix.spinnaker.kork.plugins.update.internal.Front50Service	dropped family (owner ruling 2026-09-12)
1.30.0	echo	keel	POST	/_calls/keel/artifacts/events	/artifacts/events	out-of-mesh	com.netflix.spinnaker.echo.services.KeelService	
1.30.0	gate	keel	DELETE	/_calls/keel/application/{application}/config	/application/{}/config	out-of-mesh	com.netflix.spinnaker.gate.services.internal.KeelService	
1.30.0	gate	keel	DELETE	/_calls/keel/application/{application}/pause	/application/{}/pause	out-of-mesh	com.netflix.spinnaker.gate.services.internal.KeelService	
1.30.0	gate	keel	DELETE	/_calls/keel/application/{application}/pin/{targetEnvironment}	/application/{}/pin/{}	out-of-mesh	com.netflix.spinnaker.gate.services.internal.KeelService	
1.30.0	gate	keel	DELETE	/_calls/keel/application/{application}/veto/{targetEnvironment}/{reference}/{version}	/application/{}/veto/{}/{}/{}	out-of-mesh	com.netflix.spinnaker.gate.services.internal.KeelService	
1.30.0	gate	keel	DELETE	/_calls/keel/delivery-configs/{name}	/delivery-configs/{}	out-of-mesh	com.netflix.spinnaker.gate.services.internal.KeelService	
1.30.0	gate	keel	DELETE	/_calls/keel/resources/{name}	/resources/{}	out-of-mesh	com.netflix.spinnaker.gate.services.internal.KeelService	
1.30.0	gate	keel	DELETE	/_calls/keel/resources/{name}/pause	/resources/{}/pause	out-of-mesh	com.netflix.spinnaker.gate.services.internal.KeelService	
1.30.0	gate	keel	GET	/_calls/keel/application/{application}	/application/{}	out-of-mesh	com.netflix.spinnaker.gate.services.internal.KeelService	
1.30.0	gate	keel	GET	/_calls/keel/application/{application}/config	/application/{}/config	out-of-mesh	com.netflix.spinnaker.gate.services.internal.KeelService	
1.30.0	gate	keel	GET	/_calls/keel/application/{application}/environment/{environment}/constraints	/application/{}/environment/{}/constraints	out-of-mesh	com.netflix.spinnaker.gate.services.internal.KeelService	
1.30.0	gate	keel	GET	/_calls/keel/delivery-configs/schema	/delivery-configs/schema	out-of-mesh	com.netflix.spinnaker.gate.services.internal.KeelService	
1.30.0	gate	keel	GET	/_calls/keel/delivery-configs/{name}	/delivery-configs/{}	out-of-mesh	com.netflix.spinnaker.gate.services.internal.KeelService	
1.30.0	gate	keel	GET	/_calls/keel/delivery-configs/{name}/artifacts	/delivery-configs/{}/artifacts	out-of-mesh	com.netflix.spinnaker.gate.services.internal.KeelService	
1.30.0	gate	keel	GET	/_calls/keel/environments/{application}	/environments/{}	out-of-mesh	com.netflix.spinnaker.gate.services.internal.KeelService	
1.30.0	gate	keel	GET	/_calls/keel/export/artifact/{cloudProvider}/{account}/{clusterName}	/export/artifact/{}/{}/{}	out-of-mesh	com.netflix.spinnaker.gate.services.internal.KeelService	
1.30.0	gate	keel	GET	/_calls/keel/export/{cloudProvider}/{account}/{type}/{name}	/export/{}/{}/{}/{}	out-of-mesh	com.netflix.spinnaker.gate.services.internal.KeelService	
1.30.0	gate	keel	GET	/_calls/keel/health	/health	out-of-mesh	com.netflix.spinnaker.gate.services.internal.HealthCheckableService	
1.30.0	gate	keel	GET	/_calls/keel/installedPlugins	/installedPlugins	out-of-mesh	com.netflix.spinnaker.gate.services.internal.KeelService	
1.30.0	gate	keel	GET	/_calls/keel/reports/adoption	/reports/adoption	out-of-mesh	com.netflix.spinnaker.gate.services.internal.KeelService	
1.30.0	gate	keel	GET	/_calls/keel/reports/onboarding	/reports/onboarding	out-of-mesh	com.netflix.spinnaker.gate.services.internal.KeelService	
1.30.0	gate	keel	GET	/_calls/keel/resources/events/{name}	/resources/events/{}	out-of-mesh	com.netflix.spinnaker.gate.services.internal.KeelService	
1.30.0	gate	keel	GET	/_calls/keel/resources/{name}	/resources/{}	out-of-mesh	com.netflix.spinnaker.gate.services.internal.KeelService	
1.30.0	gate	keel	GET	/_calls/keel/resources/{name}/status	/resources/{}/status	out-of-mesh	com.netflix.spinnaker.gate.services.internal.KeelService	
1.30.0	gate	keel	POST	/_calls/keel/application/{application}/environment/{environment}/constraint	/application/{}/environment/{}/constraint	out-of-mesh	com.netflix.spinnaker.gate.services.internal.KeelService	
1.30.0	gate	keel	POST	/_calls/keel/application/{application}/environment/{environment}/verifications	/application/{}/environment/{}/verifications	out-of-mesh	com.netflix.spinnaker.gate.services.internal.KeelService	
1.30.0	gate	keel	POST	/_calls/keel/application/{application}/environment/{environment}/verifications/retry	/application/{}/environment/{}/verifications/retry	out-of-mesh	com.netflix.spinnaker.gate.services.internal.KeelService	
1.30.0	gate	keel	POST	/_calls/keel/application/{application}/mark/bad	/application/{}/mark/bad	out-of-mesh	com.netflix.spinnaker.gate.services.internal.KeelService	
1.30.0	gate	keel	POST	/_calls/keel/application/{application}/mark/good	/application/{}/mark/good	out-of-mesh	com.netflix.spinnaker.gate.services.internal.KeelService	
1.30.0	gate	keel	POST	/_calls/keel/application/{application}/pause	/application/{}/pause	out-of-mesh	com.netflix.spinnaker.gate.services.internal.KeelService	
1.30.0	gate	keel	POST	/_calls/keel/application/{application}/pin	/application/{}/pin	out-of-mesh	com.netflix.spinnaker.gate.services.internal.KeelService	
1.30.0	gate	keel	POST	/_calls/keel/application/{application}/veto	/application/{}/veto	out-of-mesh	com.netflix.spinnaker.gate.services.internal.KeelService	
1.30.0	gate	keel	POST	/_calls/keel/delivery-configs	/delivery-configs	out-of-mesh	com.netflix.spinnaker.gate.services.internal.KeelService	
1.30.0	gate	keel	POST	/_calls/keel/delivery-configs/diff	/delivery-configs/diff	out-of-mesh	com.netflix.spinnaker.gate.services.internal.KeelService	
1.30.0	gate	keel	POST	/_calls/keel/delivery-configs/validate	/delivery-configs/validate	out-of-mesh	com.netflix.spinnaker.gate.services.internal.KeelService	
1.30.0	gate	keel	POST	/_calls/keel/graphql	/graphql	out-of-mesh	com.netflix.spinnaker.gate.services.internal.KeelService	
1.30.0	gate	keel	POST	/_calls/keel/resources	/resources	out-of-mesh	com.netflix.spinnaker.gate.services.internal.KeelService	
1.30.0	gate	keel	POST	/_calls/keel/resources/diff	/resources/diff	out-of-mesh	com.netflix.spinnaker.gate.services.internal.KeelService	
1.30.0	gate	keel	POST	/_calls/keel/resources/{name}/pause	/resources/{}/pause	out-of-mesh	com.netflix.spinnaker.gate.services.internal.KeelService	
1.30.0	igor	keel	POST	/_calls/keel/artifacts/events	/artifacts/events	out-of-mesh	com.netflix.spinnaker.igor.keel.KeelService	
1.30.0	orca	keel	DELETE	/_calls/keel/application/{application}/config	/application/{}/config	out-of-mesh	com.netflix.spinnaker.orca.KeelService	
1.30.0	orca	keel	POST	/_calls/keel/delivery-configs	/delivery-configs	out-of-mesh	com.netflix.spinnaker.orca.KeelService	
1.30.0	clouddriver	front50	GET	/_calls/front50/credentials	/credentials	stale	com.netflix.spinnaker.clouddriver.core.services.Front50Service	
1.30.0	echo	front50	POST	/_calls/front50/graphql	/graphql	stale	com.netflix.spinnaker.echo.services.Front50Service	
1.30.0	gate	clouddriver	GET	/_calls/clouddriver/applications/{name}/clusters/{account}/{cluster}/{type}/loadBalancers	/applications/{}/clusters/{}/{}/{}/loadBalancers	stale	com.netflix.spinnaker.gate.services.internal.ClouddriverService	
1.30.0	gate	clouddriver	POST	/_calls/clouddriver/applications/{name}/jobs/{account}/{region}/{jobName}	/applications/{}/jobs/{}/{}/{}	stale	com.netflix.spinnaker.gate.services.internal.ClouddriverService	
1.30.0	gate	front50	GET	/_calls/front50/credentials	/credentials	stale	com.netflix.spinnaker.gate.services.internal.Front50Service	
1.30.0	gate	front50	POST	/_calls/front50/pipelines/move	/pipelines/move	stale	com.netflix.spinnaker.gate.services.internal.Front50Service	
1.30.0	gate	front50	POST	/_calls/front50/strategies/move	/strategies/move	stale	com.netflix.spinnaker.gate.services.internal.Front50Service	
1.30.0	orca	echo	GET	/_calls/echo/events/recent/{type}/{since}	/events/recent/{}/{}	stale	com.netflix.spinnaker.orca.echo.EchoService	
1.30.0	orca	front50	GET	/_calls/front50/credentials	/credentials	stale	com.netflix.spinnaker.orca.front50.Front50Service	
1.30.1	gate	clouddriver	GET	/_calls/clouddriver/health	/health	actuator	com.netflix.spinnaker.gate.services.internal.HealthCheckableService	
1.30.1	gate	clouddriver	GET	/_calls/clouddriver/installedPlugins	/installedPlugins	actuator	com.netflix.spinnaker.gate.services.internal.ClouddriverService	
1.30.1	gate	echo	GET	/_calls/echo/health	/health	actuator	com.netflix.spinnaker.gate.services.internal.HealthCheckableService	
1.30.1	gate	echo	GET	/_calls/echo/installedPlugins	/installedPlugins	actuator	com.netflix.spinnaker.gate.services.internal.EchoService	
1.30.1	gate	fiat	GET	/_calls/fiat/installedPlugins	/installedPlugins	actuator	com.netflix.spinnaker.gate.services.internal.ExtendedFiatService	
1.30.1	gate	front50	GET	/_calls/front50/health	/health	actuator	com.netflix.spinnaker.gate.services.internal.HealthCheckableService	
1.30.1	gate	front50	GET	/_calls/front50/installedPlugins	/installedPlugins	actuator	com.netflix.spinnaker.gate.services.internal.Front50Service	
1.30.1	gate	igor	GET	/_calls/igor/health	/health	actuator	com.netflix.spinnaker.gate.services.internal.HealthCheckableService	
1.30.1	gate	igor	GET	/_calls/igor/installedPlugins	/installedPlugins	actuator	com.netflix.spinnaker.gate.services.internal.IgorService	
1.30.1	gate	orca	GET	/_calls/orca/health	/health	actuator	com.netflix.spinnaker.gate.services.internal.HealthCheckableService	
1.30.1	gate	orca	GET	/_calls/orca/installedPlugins	/installedPlugins	actuator	com.netflix.spinnaker.gate.services.internal.OrcaService	
1.30.1	gate	rosco	GET	/_calls/rosco/installedPlugins	/installedPlugins	actuator	com.netflix.spinnaker.gate.services.internal.RoscoService	
1.30.1	orca	clouddriver	PUT	/_calls/clouddriver/admin/db/truncate/{namespace}	/admin/db/truncate/{}	framework	com.netflix.spinnaker.orca.clouddriver.CloudDriverCacheService	excluded by provenance: PUT /admin/db/truncate/{}
1.30.1	clouddriver	fiat	DELETE	/_calls/fiat/roles/{userId}	/roles/{}	indirect-fiat	com.netflix.spinnaker.fiat.shared.FiatService	dropped family (owner ruling 2026-09-12)
1.30.1	clouddriver	fiat	GET	/_calls/fiat/authorize/{userId}	/authorize/{}	indirect-fiat	com.netflix.spinnaker.fiat.shared.FiatService	dropped family (owner ruling 2026-09-12)
1.30.1	clouddriver	fiat	GET	/_calls/fiat/authorize/{userId}/{resourceType}/{resourceName}/{authorization}	/authorize/{}/{}/{}/{}	indirect-fiat	com.netflix.spinnaker.fiat.shared.FiatService	dropped family (owner ruling 2026-09-12)
1.30.1	clouddriver	fiat	POST	/_calls/fiat/authorize/{userId}/{resourceType}/create	/authorize/{}/{}/create	indirect-fiat	com.netflix.spinnaker.fiat.shared.FiatService	dropped family (owner ruling 2026-09-12)
1.30.1	clouddriver	fiat	POST	/_calls/fiat/roles/sync	/roles/sync	indirect-fiat	com.netflix.spinnaker.fiat.shared.FiatService	dropped family (owner ruling 2026-09-12)
1.30.1	clouddriver	fiat	POST	/_calls/fiat/roles/sync/serviceAccount/{serviceAccountId}	/roles/sync/serviceAccount/{}	indirect-fiat	com.netflix.spinnaker.fiat.shared.FiatService	dropped family (owner ruling 2026-09-12)
1.30.1	clouddriver	fiat	POST	/_calls/fiat/roles/{userId}	/roles/{}	indirect-fiat	com.netflix.spinnaker.fiat.shared.FiatService	dropped family (owner ruling 2026-09-12)
1.30.1	clouddriver	fiat	PUT	/_calls/fiat/roles/{userId}	/roles/{}	indirect-fiat	com.netflix.spinnaker.fiat.shared.FiatService	dropped family (owner ruling 2026-09-12)
1.30.1	echo	fiat	DELETE	/_calls/fiat/roles/{userId}	/roles/{}	indirect-fiat	com.netflix.spinnaker.fiat.shared.FiatService	dropped family (owner ruling 2026-09-12)
1.30.1	echo	fiat	GET	/_calls/fiat/authorize/{userId}	/authorize/{}	indirect-fiat	com.netflix.spinnaker.fiat.shared.FiatService	dropped family (owner ruling 2026-09-12)
1.30.1	echo	fiat	GET	/_calls/fiat/authorize/{userId}/{resourceType}/{resourceName}/{authorization}	/authorize/{}/{}/{}/{}	indirect-fiat	com.netflix.spinnaker.fiat.shared.FiatService	dropped family (owner ruling 2026-09-12)
1.30.1	echo	fiat	POST	/_calls/fiat/authorize/{userId}/{resourceType}/create	/authorize/{}/{}/create	indirect-fiat	com.netflix.spinnaker.fiat.shared.FiatService	dropped family (owner ruling 2026-09-12)
1.30.1	echo	fiat	POST	/_calls/fiat/roles/sync	/roles/sync	indirect-fiat	com.netflix.spinnaker.fiat.shared.FiatService	dropped family (owner ruling 2026-09-12)
1.30.1	echo	fiat	POST	/_calls/fiat/roles/sync/serviceAccount/{serviceAccountId}	/roles/sync/serviceAccount/{}	indirect-fiat	com.netflix.spinnaker.fiat.shared.FiatService	dropped family (owner ruling 2026-09-12)
1.30.1	echo	fiat	POST	/_calls/fiat/roles/{userId}	/roles/{}	indirect-fiat	com.netflix.spinnaker.fiat.shared.FiatService	dropped family (owner ruling 2026-09-12)
1.30.1	echo	fiat	PUT	/_calls/fiat/roles/{userId}	/roles/{}	indirect-fiat	com.netflix.spinnaker.fiat.shared.FiatService	dropped family (owner ruling 2026-09-12)
1.30.1	igor	fiat	DELETE	/_calls/fiat/roles/{userId}	/roles/{}	indirect-fiat	com.netflix.spinnaker.fiat.shared.FiatService	dropped family (owner ruling 2026-09-12)
1.30.1	igor	fiat	GET	/_calls/fiat/authorize/{userId}	/authorize/{}	indirect-fiat	com.netflix.spinnaker.fiat.shared.FiatService	dropped family (owner ruling 2026-09-12)
1.30.1	igor	fiat	GET	/_calls/fiat/authorize/{userId}/{resourceType}/{resourceName}/{authorization}	/authorize/{}/{}/{}/{}	indirect-fiat	com.netflix.spinnaker.fiat.shared.FiatService	dropped family (owner ruling 2026-09-12)
1.30.1	igor	fiat	POST	/_calls/fiat/authorize/{userId}/{resourceType}/create	/authorize/{}/{}/create	indirect-fiat	com.netflix.spinnaker.fiat.shared.FiatService	dropped family (owner ruling 2026-09-12)
1.30.1	igor	fiat	POST	/_calls/fiat/roles/sync	/roles/sync	indirect-fiat	com.netflix.spinnaker.fiat.shared.FiatService	dropped family (owner ruling 2026-09-12)
1.30.1	igor	fiat	POST	/_calls/fiat/roles/sync/serviceAccount/{serviceAccountId}	/roles/sync/serviceAccount/{}	indirect-fiat	com.netflix.spinnaker.fiat.shared.FiatService	dropped family (owner ruling 2026-09-12)
1.30.1	igor	fiat	POST	/_calls/fiat/roles/{userId}	/roles/{}	indirect-fiat	com.netflix.spinnaker.fiat.shared.FiatService	dropped family (owner ruling 2026-09-12)
1.30.1	igor	fiat	PUT	/_calls/fiat/roles/{userId}	/roles/{}	indirect-fiat	com.netflix.spinnaker.fiat.shared.FiatService	dropped family (owner ruling 2026-09-12)
1.30.1	clouddriver	front50	GET	/_calls/front50/pluginInfo	/pluginInfo	kork	com.netflix.spinnaker.kork.plugins.update.internal.Front50Service	dropped family (owner ruling 2026-09-12)
1.30.1	clouddriver	front50	GET	/_calls/front50/pluginInfo/{id}	/pluginInfo/{}	kork	com.netflix.spinnaker.kork.plugins.update.internal.Front50Service	dropped family (owner ruling 2026-09-12)
1.30.1	clouddriver	front50	PUT	/_calls/front50/pluginVersions/{serverGroupName}	/pluginVersions/{}	kork	com.netflix.spinnaker.kork.plugins.update.internal.Front50Service	dropped family (owner ruling 2026-09-12)
1.30.1	echo	front50	GET	/_calls/front50/pluginInfo	/pluginInfo	kork	com.netflix.spinnaker.kork.plugins.update.internal.Front50Service	dropped family (owner ruling 2026-09-12)
1.30.1	echo	front50	GET	/_calls/front50/pluginInfo/{id}	/pluginInfo/{}	kork	com.netflix.spinnaker.kork.plugins.update.internal.Front50Service	dropped family (owner ruling 2026-09-12)
1.30.1	echo	front50	PUT	/_calls/front50/pluginVersions/{serverGroupName}	/pluginVersions/{}	kork	com.netflix.spinnaker.kork.plugins.update.internal.Front50Service	dropped family (owner ruling 2026-09-12)
1.30.1	fiat	front50	GET	/_calls/front50/pluginInfo	/pluginInfo	kork	com.netflix.spinnaker.kork.plugins.update.internal.Front50Service	dropped family (owner ruling 2026-09-12)
1.30.1	fiat	front50	GET	/_calls/front50/pluginInfo/{id}	/pluginInfo/{}	kork	com.netflix.spinnaker.kork.plugins.update.internal.Front50Service	dropped family (owner ruling 2026-09-12)
1.30.1	fiat	front50	PUT	/_calls/front50/pluginVersions/{serverGroupName}	/pluginVersions/{}	kork	com.netflix.spinnaker.kork.plugins.update.internal.Front50Service	dropped family (owner ruling 2026-09-12)
1.30.1	front50	front50	GET	/_calls/front50/pluginInfo	/pluginInfo	kork	com.netflix.spinnaker.kork.plugins.update.internal.Front50Service	dropped family (owner ruling 2026-09-12)
1.30.1	front50	front50	GET	/_calls/front50/pluginInfo/{id}	/pluginInfo/{}	kork	com.netflix.spinnaker.kork.plugins.update.internal.Front50Service	dropped family (owner ruling 2026-09-12)
1.30.1	front50	front50	PUT	/_calls/front50/pluginVersions/{serverGroupName}	/pluginVersions/{}	kork	com.netflix.spinnaker.kork.plugins.update.internal.Front50Service	dropped family (owner ruling 2026-09-12)
1.30.1	gate	front50	GET	/_calls/front50/pluginInfo/{id}	/pluginInfo/{}	kork	com.netflix.spinnaker.kork.plugins.update.internal.Front50Service	dropped family (owner ruling 2026-09-12)
1.30.1	gate	front50	PUT	/_calls/front50/pluginVersions/{serverGroupName}	/pluginVersions/{}	kork	com.netflix.spinnaker.kork.plugins.update.internal.Front50Service	dropped family (owner ruling 2026-09-12)
1.30.1	igor	front50	GET	/_calls/front50/pluginInfo/{id}	/pluginInfo/{}	kork	com.netflix.spinnaker.kork.plugins.update.internal.Front50Service	dropped family (owner ruling 2026-09-12)
1.30.1	igor	front50	PUT	/_calls/front50/pluginVersions/{serverGroupName}	/pluginVersions/{}	kork	com.netflix.spinnaker.kork.plugins.update.internal.Front50Service	dropped family (owner ruling 2026-09-12)
1.30.1	kayenta	front50	GET	/_calls/front50/pluginInfo	/pluginInfo	kork	com.netflix.spinnaker.kork.plugins.update.internal.Front50Service	dropped family (owner ruling 2026-09-12)
1.30.1	kayenta	front50	GET	/_calls/front50/pluginInfo/{id}	/pluginInfo/{}	kork	com.netflix.spinnaker.kork.plugins.update.internal.Front50Service	dropped family (owner ruling 2026-09-12)
1.30.1	kayenta	front50	PUT	/_calls/front50/pluginVersions/{serverGroupName}	/pluginVersions/{}	kork	com.netflix.spinnaker.kork.plugins.update.internal.Front50Service	dropped family (owner ruling 2026-09-12)
1.30.1	orca	front50	GET	/_calls/front50/pluginInfo	/pluginInfo	kork	com.netflix.spinnaker.kork.plugins.update.internal.Front50Service	dropped family (owner ruling 2026-09-12)
1.30.1	orca	front50	GET	/_calls/front50/pluginInfo/{id}	/pluginInfo/{}	kork	com.netflix.spinnaker.kork.plugins.update.internal.Front50Service	dropped family (owner ruling 2026-09-12)
1.30.1	orca	front50	PUT	/_calls/front50/pluginVersions/{serverGroupName}	/pluginVersions/{}	kork	com.netflix.spinnaker.kork.plugins.update.internal.Front50Service	dropped family (owner ruling 2026-09-12)
1.30.1	rosco	front50	GET	/_calls/front50/pluginInfo	/pluginInfo	kork	com.netflix.spinnaker.kork.plugins.update.internal.Front50Service	dropped family (owner ruling 2026-09-12)
1.30.1	rosco	front50	GET	/_calls/front50/pluginInfo/{id}	/pluginInfo/{}	kork	com.netflix.spinnaker.kork.plugins.update.internal.Front50Service	dropped family (owner ruling 2026-09-12)
1.30.1	rosco	front50	PUT	/_calls/front50/pluginVersions/{serverGroupName}	/pluginVersions/{}	kork	com.netflix.spinnaker.kork.plugins.update.internal.Front50Service	dropped family (owner ruling 2026-09-12)
1.30.1	echo	keel	POST	/_calls/keel/artifacts/events	/artifacts/events	out-of-mesh	com.netflix.spinnaker.echo.services.KeelService	
1.30.1	gate	keel	DELETE	/_calls/keel/application/{application}/config	/application/{}/config	out-of-mesh	com.netflix.spinnaker.gate.services.internal.KeelService	
1.30.1	gate	keel	DELETE	/_calls/keel/application/{application}/pause	/application/{}/pause	out-of-mesh	com.netflix.spinnaker.gate.services.internal.KeelService	
1.30.1	gate	keel	DELETE	/_calls/keel/application/{application}/pin/{targetEnvironment}	/application/{}/pin/{}	out-of-mesh	com.netflix.spinnaker.gate.services.internal.KeelService	
1.30.1	gate	keel	DELETE	/_calls/keel/application/{application}/veto/{targetEnvironment}/{reference}/{version}	/application/{}/veto/{}/{}/{}	out-of-mesh	com.netflix.spinnaker.gate.services.internal.KeelService	
1.30.1	gate	keel	DELETE	/_calls/keel/delivery-configs/{name}	/delivery-configs/{}	out-of-mesh	com.netflix.spinnaker.gate.services.internal.KeelService	
1.30.1	gate	keel	DELETE	/_calls/keel/resources/{name}	/resources/{}	out-of-mesh	com.netflix.spinnaker.gate.services.internal.KeelService	
1.30.1	gate	keel	DELETE	/_calls/keel/resources/{name}/pause	/resources/{}/pause	out-of-mesh	com.netflix.spinnaker.gate.services.internal.KeelService	
1.30.1	gate	keel	GET	/_calls/keel/application/{application}	/application/{}	out-of-mesh	com.netflix.spinnaker.gate.services.internal.KeelService	
1.30.1	gate	keel	GET	/_calls/keel/application/{application}/config	/application/{}/config	out-of-mesh	com.netflix.spinnaker.gate.services.internal.KeelService	
1.30.1	gate	keel	GET	/_calls/keel/application/{application}/environment/{environment}/constraints	/application/{}/environment/{}/constraints	out-of-mesh	com.netflix.spinnaker.gate.services.internal.KeelService	
1.30.1	gate	keel	GET	/_calls/keel/delivery-configs/schema	/delivery-configs/schema	out-of-mesh	com.netflix.spinnaker.gate.services.internal.KeelService	
1.30.1	gate	keel	GET	/_calls/keel/delivery-configs/{name}	/delivery-configs/{}	out-of-mesh	com.netflix.spinnaker.gate.services.internal.KeelService	
1.30.1	gate	keel	GET	/_calls/keel/delivery-configs/{name}/artifacts	/delivery-configs/{}/artifacts	out-of-mesh	com.netflix.spinnaker.gate.services.internal.KeelService	
1.30.1	gate	keel	GET	/_calls/keel/environments/{application}	/environments/{}	out-of-mesh	com.netflix.spinnaker.gate.services.internal.KeelService	
1.30.1	gate	keel	GET	/_calls/keel/export/artifact/{cloudProvider}/{account}/{clusterName}	/export/artifact/{}/{}/{}	out-of-mesh	com.netflix.spinnaker.gate.services.internal.KeelService	
1.30.1	gate	keel	GET	/_calls/keel/export/{cloudProvider}/{account}/{type}/{name}	/export/{}/{}/{}/{}	out-of-mesh	com.netflix.spinnaker.gate.services.internal.KeelService	
1.30.1	gate	keel	GET	/_calls/keel/health	/health	out-of-mesh	com.netflix.spinnaker.gate.services.internal.HealthCheckableService	
1.30.1	gate	keel	GET	/_calls/keel/installedPlugins	/installedPlugins	out-of-mesh	com.netflix.spinnaker.gate.services.internal.KeelService	
1.30.1	gate	keel	GET	/_calls/keel/reports/adoption	/reports/adoption	out-of-mesh	com.netflix.spinnaker.gate.services.internal.KeelService	
1.30.1	gate	keel	GET	/_calls/keel/reports/onboarding	/reports/onboarding	out-of-mesh	com.netflix.spinnaker.gate.services.internal.KeelService	
1.30.1	gate	keel	GET	/_calls/keel/resources/events/{name}	/resources/events/{}	out-of-mesh	com.netflix.spinnaker.gate.services.internal.KeelService	
1.30.1	gate	keel	GET	/_calls/keel/resources/{name}	/resources/{}	out-of-mesh	com.netflix.spinnaker.gate.services.internal.KeelService	
1.30.1	gate	keel	GET	/_calls/keel/resources/{name}/status	/resources/{}/status	out-of-mesh	com.netflix.spinnaker.gate.services.internal.KeelService	
1.30.1	gate	keel	POST	/_calls/keel/application/{application}/environment/{environment}/constraint	/application/{}/environment/{}/constraint	out-of-mesh	com.netflix.spinnaker.gate.services.internal.KeelService	
1.30.1	gate	keel	POST	/_calls/keel/application/{application}/environment/{environment}/verifications	/application/{}/environment/{}/verifications	out-of-mesh	com.netflix.spinnaker.gate.services.internal.KeelService	
1.30.1	gate	keel	POST	/_calls/keel/application/{application}/environment/{environment}/verifications/retry	/application/{}/environment/{}/verifications/retry	out-of-mesh	com.netflix.spinnaker.gate.services.internal.KeelService	
1.30.1	gate	keel	POST	/_calls/keel/application/{application}/mark/bad	/application/{}/mark/bad	out-of-mesh	com.netflix.spinnaker.gate.services.internal.KeelService	
1.30.1	gate	keel	POST	/_calls/keel/application/{application}/mark/good	/application/{}/mark/good	out-of-mesh	com.netflix.spinnaker.gate.services.internal.KeelService	
1.30.1	gate	keel	POST	/_calls/keel/application/{application}/pause	/application/{}/pause	out-of-mesh	com.netflix.spinnaker.gate.services.internal.KeelService	
1.30.1	gate	keel	POST	/_calls/keel/application/{application}/pin	/application/{}/pin	out-of-mesh	com.netflix.spinnaker.gate.services.internal.KeelService	
1.30.1	gate	keel	POST	/_calls/keel/application/{application}/veto	/application/{}/veto	out-of-mesh	com.netflix.spinnaker.gate.services.internal.KeelService	
1.30.1	gate	keel	POST	/_calls/keel/delivery-configs	/delivery-configs	out-of-mesh	com.netflix.spinnaker.gate.services.internal.KeelService	
1.30.1	gate	keel	POST	/_calls/keel/delivery-configs/diff	/delivery-configs/diff	out-of-mesh	com.netflix.spinnaker.gate.services.internal.KeelService	
1.30.1	gate	keel	POST	/_calls/keel/delivery-configs/validate	/delivery-configs/validate	out-of-mesh	com.netflix.spinnaker.gate.services.internal.KeelService	
1.30.1	gate	keel	POST	/_calls/keel/graphql	/graphql	out-of-mesh	com.netflix.spinnaker.gate.services.internal.KeelService	
1.30.1	gate	keel	POST	/_calls/keel/resources	/resources	out-of-mesh	com.netflix.spinnaker.gate.services.internal.KeelService	
1.30.1	gate	keel	POST	/_calls/keel/resources/diff	/resources/diff	out-of-mesh	com.netflix.spinnaker.gate.services.internal.KeelService	
1.30.1	gate	keel	POST	/_calls/keel/resources/{name}/pause	/resources/{}/pause	out-of-mesh	com.netflix.spinnaker.gate.services.internal.KeelService	
1.30.1	igor	keel	POST	/_calls/keel/artifacts/events	/artifacts/events	out-of-mesh	com.netflix.spinnaker.igor.keel.KeelService	
1.30.1	orca	keel	DELETE	/_calls/keel/application/{application}/config	/application/{}/config	out-of-mesh	com.netflix.spinnaker.orca.KeelService	
1.30.1	orca	keel	POST	/_calls/keel/delivery-configs	/delivery-configs	out-of-mesh	com.netflix.spinnaker.orca.KeelService	
1.30.1	clouddriver	front50	GET	/_calls/front50/credentials	/credentials	stale	com.netflix.spinnaker.clouddriver.core.services.Front50Service	
1.30.1	echo	front50	POST	/_calls/front50/graphql	/graphql	stale	com.netflix.spinnaker.echo.services.Front50Service	
1.30.1	gate	clouddriver	GET	/_calls/clouddriver/applications/{name}/clusters/{account}/{cluster}/{type}/loadBalancers	/applications/{}/clusters/{}/{}/{}/loadBalancers	stale	com.netflix.spinnaker.gate.services.internal.ClouddriverService	
1.30.1	gate	clouddriver	POST	/_calls/clouddriver/applications/{name}/jobs/{account}/{region}/{jobName}	/applications/{}/jobs/{}/{}/{}	stale	com.netflix.spinnaker.gate.services.internal.ClouddriverService	
1.30.1	gate	front50	GET	/_calls/front50/credentials	/credentials	stale	com.netflix.spinnaker.gate.services.internal.Front50Service	
1.30.1	gate	front50	POST	/_calls/front50/pipelines/move	/pipelines/move	stale	com.netflix.spinnaker.gate.services.internal.Front50Service	
1.30.1	gate	front50	POST	/_calls/front50/strategies/move	/strategies/move	stale	com.netflix.spinnaker.gate.services.internal.Front50Service	
1.30.1	orca	echo	GET	/_calls/echo/events/recent/{type}/{since}	/events/recent/{}/{}	stale	com.netflix.spinnaker.orca.echo.EchoService	
1.30.1	orca	front50	GET	/_calls/front50/credentials	/credentials	stale	com.netflix.spinnaker.orca.front50.Front50Service	
1.30.2	gate	clouddriver	GET	/_calls/clouddriver/health	/health	actuator	com.netflix.spinnaker.gate.services.internal.HealthCheckableService	
1.30.2	gate	clouddriver	GET	/_calls/clouddriver/installedPlugins	/installedPlugins	actuator	com.netflix.spinnaker.gate.services.internal.ClouddriverService	
1.30.2	gate	echo	GET	/_calls/echo/health	/health	actuator	com.netflix.spinnaker.gate.services.internal.HealthCheckableService	
1.30.2	gate	echo	GET	/_calls/echo/installedPlugins	/installedPlugins	actuator	com.netflix.spinnaker.gate.services.internal.EchoService	
1.30.2	gate	fiat	GET	/_calls/fiat/installedPlugins	/installedPlugins	actuator	com.netflix.spinnaker.gate.services.internal.ExtendedFiatService	
1.30.2	gate	front50	GET	/_calls/front50/health	/health	actuator	com.netflix.spinnaker.gate.services.internal.HealthCheckableService	
1.30.2	gate	front50	GET	/_calls/front50/installedPlugins	/installedPlugins	actuator	com.netflix.spinnaker.gate.services.internal.Front50Service	
1.30.2	gate	igor	GET	/_calls/igor/health	/health	actuator	com.netflix.spinnaker.gate.services.internal.HealthCheckableService	
1.30.2	gate	igor	GET	/_calls/igor/installedPlugins	/installedPlugins	actuator	com.netflix.spinnaker.gate.services.internal.IgorService	
1.30.2	gate	orca	GET	/_calls/orca/health	/health	actuator	com.netflix.spinnaker.gate.services.internal.HealthCheckableService	
1.30.2	gate	orca	GET	/_calls/orca/installedPlugins	/installedPlugins	actuator	com.netflix.spinnaker.gate.services.internal.OrcaService	
1.30.2	gate	rosco	GET	/_calls/rosco/installedPlugins	/installedPlugins	actuator	com.netflix.spinnaker.gate.services.internal.RoscoService	
1.30.2	orca	clouddriver	PUT	/_calls/clouddriver/admin/db/truncate/{namespace}	/admin/db/truncate/{}	framework	com.netflix.spinnaker.orca.clouddriver.CloudDriverCacheService	excluded by provenance: PUT /admin/db/truncate/{}
1.30.2	clouddriver	fiat	DELETE	/_calls/fiat/roles/{userId}	/roles/{}	indirect-fiat	com.netflix.spinnaker.fiat.shared.FiatService	dropped family (owner ruling 2026-09-12)
1.30.2	clouddriver	fiat	GET	/_calls/fiat/authorize/{userId}	/authorize/{}	indirect-fiat	com.netflix.spinnaker.fiat.shared.FiatService	dropped family (owner ruling 2026-09-12)
1.30.2	clouddriver	fiat	GET	/_calls/fiat/authorize/{userId}/{resourceType}/{resourceName}/{authorization}	/authorize/{}/{}/{}/{}	indirect-fiat	com.netflix.spinnaker.fiat.shared.FiatService	dropped family (owner ruling 2026-09-12)
1.30.2	clouddriver	fiat	POST	/_calls/fiat/authorize/{userId}/{resourceType}/create	/authorize/{}/{}/create	indirect-fiat	com.netflix.spinnaker.fiat.shared.FiatService	dropped family (owner ruling 2026-09-12)
1.30.2	clouddriver	fiat	POST	/_calls/fiat/roles/sync	/roles/sync	indirect-fiat	com.netflix.spinnaker.fiat.shared.FiatService	dropped family (owner ruling 2026-09-12)
1.30.2	clouddriver	fiat	POST	/_calls/fiat/roles/sync/serviceAccount/{serviceAccountId}	/roles/sync/serviceAccount/{}	indirect-fiat	com.netflix.spinnaker.fiat.shared.FiatService	dropped family (owner ruling 2026-09-12)
1.30.2	clouddriver	fiat	POST	/_calls/fiat/roles/{userId}	/roles/{}	indirect-fiat	com.netflix.spinnaker.fiat.shared.FiatService	dropped family (owner ruling 2026-09-12)
1.30.2	clouddriver	fiat	PUT	/_calls/fiat/roles/{userId}	/roles/{}	indirect-fiat	com.netflix.spinnaker.fiat.shared.FiatService	dropped family (owner ruling 2026-09-12)
1.30.2	echo	fiat	DELETE	/_calls/fiat/roles/{userId}	/roles/{}	indirect-fiat	com.netflix.spinnaker.fiat.shared.FiatService	dropped family (owner ruling 2026-09-12)
1.30.2	echo	fiat	GET	/_calls/fiat/authorize/{userId}	/authorize/{}	indirect-fiat	com.netflix.spinnaker.fiat.shared.FiatService	dropped family (owner ruling 2026-09-12)
1.30.2	echo	fiat	GET	/_calls/fiat/authorize/{userId}/{resourceType}/{resourceName}/{authorization}	/authorize/{}/{}/{}/{}	indirect-fiat	com.netflix.spinnaker.fiat.shared.FiatService	dropped family (owner ruling 2026-09-12)
1.30.2	echo	fiat	POST	/_calls/fiat/authorize/{userId}/{resourceType}/create	/authorize/{}/{}/create	indirect-fiat	com.netflix.spinnaker.fiat.shared.FiatService	dropped family (owner ruling 2026-09-12)
1.30.2	echo	fiat	POST	/_calls/fiat/roles/sync	/roles/sync	indirect-fiat	com.netflix.spinnaker.fiat.shared.FiatService	dropped family (owner ruling 2026-09-12)
1.30.2	echo	fiat	POST	/_calls/fiat/roles/sync/serviceAccount/{serviceAccountId}	/roles/sync/serviceAccount/{}	indirect-fiat	com.netflix.spinnaker.fiat.shared.FiatService	dropped family (owner ruling 2026-09-12)
1.30.2	echo	fiat	POST	/_calls/fiat/roles/{userId}	/roles/{}	indirect-fiat	com.netflix.spinnaker.fiat.shared.FiatService	dropped family (owner ruling 2026-09-12)
1.30.2	echo	fiat	PUT	/_calls/fiat/roles/{userId}	/roles/{}	indirect-fiat	com.netflix.spinnaker.fiat.shared.FiatService	dropped family (owner ruling 2026-09-12)
1.30.2	igor	fiat	DELETE	/_calls/fiat/roles/{userId}	/roles/{}	indirect-fiat	com.netflix.spinnaker.fiat.shared.FiatService	dropped family (owner ruling 2026-09-12)
1.30.2	igor	fiat	GET	/_calls/fiat/authorize/{userId}	/authorize/{}	indirect-fiat	com.netflix.spinnaker.fiat.shared.FiatService	dropped family (owner ruling 2026-09-12)
1.30.2	igor	fiat	GET	/_calls/fiat/authorize/{userId}/{resourceType}/{resourceName}/{authorization}	/authorize/{}/{}/{}/{}	indirect-fiat	com.netflix.spinnaker.fiat.shared.FiatService	dropped family (owner ruling 2026-09-12)
1.30.2	igor	fiat	POST	/_calls/fiat/authorize/{userId}/{resourceType}/create	/authorize/{}/{}/create	indirect-fiat	com.netflix.spinnaker.fiat.shared.FiatService	dropped family (owner ruling 2026-09-12)
1.30.2	igor	fiat	POST	/_calls/fiat/roles/sync	/roles/sync	indirect-fiat	com.netflix.spinnaker.fiat.shared.FiatService	dropped family (owner ruling 2026-09-12)
1.30.2	igor	fiat	POST	/_calls/fiat/roles/sync/serviceAccount/{serviceAccountId}	/roles/sync/serviceAccount/{}	indirect-fiat	com.netflix.spinnaker.fiat.shared.FiatService	dropped family (owner ruling 2026-09-12)
1.30.2	igor	fiat	POST	/_calls/fiat/roles/{userId}	/roles/{}	indirect-fiat	com.netflix.spinnaker.fiat.shared.FiatService	dropped family (owner ruling 2026-09-12)
1.30.2	igor	fiat	PUT	/_calls/fiat/roles/{userId}	/roles/{}	indirect-fiat	com.netflix.spinnaker.fiat.shared.FiatService	dropped family (owner ruling 2026-09-12)
1.30.2	clouddriver	front50	GET	/_calls/front50/pluginInfo	/pluginInfo	kork	com.netflix.spinnaker.kork.plugins.update.internal.Front50Service	dropped family (owner ruling 2026-09-12)
1.30.2	clouddriver	front50	GET	/_calls/front50/pluginInfo/{id}	/pluginInfo/{}	kork	com.netflix.spinnaker.kork.plugins.update.internal.Front50Service	dropped family (owner ruling 2026-09-12)
1.30.2	clouddriver	front50	PUT	/_calls/front50/pluginVersions/{serverGroupName}	/pluginVersions/{}	kork	com.netflix.spinnaker.kork.plugins.update.internal.Front50Service	dropped family (owner ruling 2026-09-12)
1.30.2	echo	front50	GET	/_calls/front50/pluginInfo	/pluginInfo	kork	com.netflix.spinnaker.kork.plugins.update.internal.Front50Service	dropped family (owner ruling 2026-09-12)
1.30.2	echo	front50	GET	/_calls/front50/pluginInfo/{id}	/pluginInfo/{}	kork	com.netflix.spinnaker.kork.plugins.update.internal.Front50Service	dropped family (owner ruling 2026-09-12)
1.30.2	echo	front50	PUT	/_calls/front50/pluginVersions/{serverGroupName}	/pluginVersions/{}	kork	com.netflix.spinnaker.kork.plugins.update.internal.Front50Service	dropped family (owner ruling 2026-09-12)
1.30.2	fiat	front50	GET	/_calls/front50/pluginInfo	/pluginInfo	kork	com.netflix.spinnaker.kork.plugins.update.internal.Front50Service	dropped family (owner ruling 2026-09-12)
1.30.2	fiat	front50	GET	/_calls/front50/pluginInfo/{id}	/pluginInfo/{}	kork	com.netflix.spinnaker.kork.plugins.update.internal.Front50Service	dropped family (owner ruling 2026-09-12)
1.30.2	fiat	front50	PUT	/_calls/front50/pluginVersions/{serverGroupName}	/pluginVersions/{}	kork	com.netflix.spinnaker.kork.plugins.update.internal.Front50Service	dropped family (owner ruling 2026-09-12)
1.30.2	front50	front50	GET	/_calls/front50/pluginInfo	/pluginInfo	kork	com.netflix.spinnaker.kork.plugins.update.internal.Front50Service	dropped family (owner ruling 2026-09-12)
1.30.2	front50	front50	GET	/_calls/front50/pluginInfo/{id}	/pluginInfo/{}	kork	com.netflix.spinnaker.kork.plugins.update.internal.Front50Service	dropped family (owner ruling 2026-09-12)
1.30.2	front50	front50	PUT	/_calls/front50/pluginVersions/{serverGroupName}	/pluginVersions/{}	kork	com.netflix.spinnaker.kork.plugins.update.internal.Front50Service	dropped family (owner ruling 2026-09-12)
1.30.2	gate	front50	GET	/_calls/front50/pluginInfo/{id}	/pluginInfo/{}	kork	com.netflix.spinnaker.kork.plugins.update.internal.Front50Service	dropped family (owner ruling 2026-09-12)
1.30.2	gate	front50	PUT	/_calls/front50/pluginVersions/{serverGroupName}	/pluginVersions/{}	kork	com.netflix.spinnaker.kork.plugins.update.internal.Front50Service	dropped family (owner ruling 2026-09-12)
1.30.2	igor	front50	GET	/_calls/front50/pluginInfo/{id}	/pluginInfo/{}	kork	com.netflix.spinnaker.kork.plugins.update.internal.Front50Service	dropped family (owner ruling 2026-09-12)
1.30.2	igor	front50	PUT	/_calls/front50/pluginVersions/{serverGroupName}	/pluginVersions/{}	kork	com.netflix.spinnaker.kork.plugins.update.internal.Front50Service	dropped family (owner ruling 2026-09-12)
1.30.2	kayenta	front50	GET	/_calls/front50/pluginInfo	/pluginInfo	kork	com.netflix.spinnaker.kork.plugins.update.internal.Front50Service	dropped family (owner ruling 2026-09-12)
1.30.2	kayenta	front50	GET	/_calls/front50/pluginInfo/{id}	/pluginInfo/{}	kork	com.netflix.spinnaker.kork.plugins.update.internal.Front50Service	dropped family (owner ruling 2026-09-12)
1.30.2	kayenta	front50	PUT	/_calls/front50/pluginVersions/{serverGroupName}	/pluginVersions/{}	kork	com.netflix.spinnaker.kork.plugins.update.internal.Front50Service	dropped family (owner ruling 2026-09-12)
1.30.2	orca	front50	GET	/_calls/front50/pluginInfo	/pluginInfo	kork	com.netflix.spinnaker.kork.plugins.update.internal.Front50Service	dropped family (owner ruling 2026-09-12)
1.30.2	orca	front50	GET	/_calls/front50/pluginInfo/{id}	/pluginInfo/{}	kork	com.netflix.spinnaker.kork.plugins.update.internal.Front50Service	dropped family (owner ruling 2026-09-12)
1.30.2	orca	front50	PUT	/_calls/front50/pluginVersions/{serverGroupName}	/pluginVersions/{}	kork	com.netflix.spinnaker.kork.plugins.update.internal.Front50Service	dropped family (owner ruling 2026-09-12)
1.30.2	rosco	front50	GET	/_calls/front50/pluginInfo	/pluginInfo	kork	com.netflix.spinnaker.kork.plugins.update.internal.Front50Service	dropped family (owner ruling 2026-09-12)
1.30.2	rosco	front50	GET	/_calls/front50/pluginInfo/{id}	/pluginInfo/{}	kork	com.netflix.spinnaker.kork.plugins.update.internal.Front50Service	dropped family (owner ruling 2026-09-12)
1.30.2	rosco	front50	PUT	/_calls/front50/pluginVersions/{serverGroupName}	/pluginVersions/{}	kork	com.netflix.spinnaker.kork.plugins.update.internal.Front50Service	dropped family (owner ruling 2026-09-12)
1.30.2	echo	keel	POST	/_calls/keel/artifacts/events	/artifacts/events	out-of-mesh	com.netflix.spinnaker.echo.services.KeelService	
1.30.2	gate	keel	DELETE	/_calls/keel/application/{application}/config	/application/{}/config	out-of-mesh	com.netflix.spinnaker.gate.services.internal.KeelService	
1.30.2	gate	keel	DELETE	/_calls/keel/application/{application}/pause	/application/{}/pause	out-of-mesh	com.netflix.spinnaker.gate.services.internal.KeelService	
1.30.2	gate	keel	DELETE	/_calls/keel/application/{application}/pin/{targetEnvironment}	/application/{}/pin/{}	out-of-mesh	com.netflix.spinnaker.gate.services.internal.KeelService	
1.30.2	gate	keel	DELETE	/_calls/keel/application/{application}/veto/{targetEnvironment}/{reference}/{version}	/application/{}/veto/{}/{}/{}	out-of-mesh	com.netflix.spinnaker.gate.services.internal.KeelService	
1.30.2	gate	keel	DELETE	/_calls/keel/delivery-configs/{name}	/delivery-configs/{}	out-of-mesh	com.netflix.spinnaker.gate.services.internal.KeelService	
1.30.2	gate	keel	DELETE	/_calls/keel/resources/{name}	/resources/{}	out-of-mesh	com.netflix.spinnaker.gate.services.internal.KeelService	
1.30.2	gate	keel	DELETE	/_calls/keel/resources/{name}/pause	/resources/{}/pause	out-of-mesh	com.netflix.spinnaker.gate.services.internal.KeelService	
1.30.2	gate	keel	GET	/_calls/keel/application/{application}	/application/{}	out-of-mesh	com.netflix.spinnaker.gate.services.internal.KeelService	
1.30.2	gate	keel	GET	/_calls/keel/application/{application}/config	/application/{}/config	out-of-mesh	com.netflix.spinnaker.gate.services.internal.KeelService	
1.30.2	gate	keel	GET	/_calls/keel/application/{application}/environment/{environment}/constraints	/application/{}/environment/{}/constraints	out-of-mesh	com.netflix.spinnaker.gate.services.internal.KeelService	
1.30.2	gate	keel	GET	/_calls/keel/delivery-configs/schema	/delivery-configs/schema	out-of-mesh	com.netflix.spinnaker.gate.services.internal.KeelService	
1.30.2	gate	keel	GET	/_calls/keel/delivery-configs/{name}	/delivery-configs/{}	out-of-mesh	com.netflix.spinnaker.gate.services.internal.KeelService	
1.30.2	gate	keel	GET	/_calls/keel/delivery-configs/{name}/artifacts	/delivery-configs/{}/artifacts	out-of-mesh	com.netflix.spinnaker.gate.services.internal.KeelService	
1.30.2	gate	keel	GET	/_calls/keel/environments/{application}	/environments/{}	out-of-mesh	com.netflix.spinnaker.gate.services.internal.KeelService	
1.30.2	gate	keel	GET	/_calls/keel/export/artifact/{cloudProvider}/{account}/{clusterName}	/export/artifact/{}/{}/{}	out-of-mesh	com.netflix.spinnaker.gate.services.internal.KeelService	
1.30.2	gate	keel	GET	/_calls/keel/export/{cloudProvider}/{account}/{type}/{name}	/export/{}/{}/{}/{}	out-of-mesh	com.netflix.spinnaker.gate.services.internal.KeelService	
1.30.2	gate	keel	GET	/_calls/keel/health	/health	out-of-mesh	com.netflix.spinnaker.gate.services.internal.HealthCheckableService	
1.30.2	gate	keel	GET	/_calls/keel/installedPlugins	/installedPlugins	out-of-mesh	com.netflix.spinnaker.gate.services.internal.KeelService	
1.30.2	gate	keel	GET	/_calls/keel/reports/adoption	/reports/adoption	out-of-mesh	com.netflix.spinnaker.gate.services.internal.KeelService	
1.30.2	gate	keel	GET	/_calls/keel/reports/onboarding	/reports/onboarding	out-of-mesh	com.netflix.spinnaker.gate.services.internal.KeelService	
1.30.2	gate	keel	GET	/_calls/keel/resources/events/{name}	/resources/events/{}	out-of-mesh	com.netflix.spinnaker.gate.services.internal.KeelService	
1.30.2	gate	keel	GET	/_calls/keel/resources/{name}	/resources/{}	out-of-mesh	com.netflix.spinnaker.gate.services.internal.KeelService	
1.30.2	gate	keel	GET	/_calls/keel/resources/{name}/status	/resources/{}/status	out-of-mesh	com.netflix.spinnaker.gate.services.internal.KeelService	
1.30.2	gate	keel	POST	/_calls/keel/application/{application}/environment/{environment}/constraint	/application/{}/environment/{}/constraint	out-of-mesh	com.netflix.spinnaker.gate.services.internal.KeelService	
1.30.2	gate	keel	POST	/_calls/keel/application/{application}/environment/{environment}/verifications	/application/{}/environment/{}/verifications	out-of-mesh	com.netflix.spinnaker.gate.services.internal.KeelService	
1.30.2	gate	keel	POST	/_calls/keel/application/{application}/environment/{environment}/verifications/retry	/application/{}/environment/{}/verifications/retry	out-of-mesh	com.netflix.spinnaker.gate.services.internal.KeelService	
1.30.2	gate	keel	POST	/_calls/keel/application/{application}/mark/bad	/application/{}/mark/bad	out-of-mesh	com.netflix.spinnaker.gate.services.internal.KeelService	
1.30.2	gate	keel	POST	/_calls/keel/application/{application}/mark/good	/application/{}/mark/good	out-of-mesh	com.netflix.spinnaker.gate.services.internal.KeelService	
1.30.2	gate	keel	POST	/_calls/keel/application/{application}/pause	/application/{}/pause	out-of-mesh	com.netflix.spinnaker.gate.services.internal.KeelService	
1.30.2	gate	keel	POST	/_calls/keel/application/{application}/pin	/application/{}/pin	out-of-mesh	com.netflix.spinnaker.gate.services.internal.KeelService	
1.30.2	gate	keel	POST	/_calls/keel/application/{application}/veto	/application/{}/veto	out-of-mesh	com.netflix.spinnaker.gate.services.internal.KeelService	
1.30.2	gate	keel	POST	/_calls/keel/delivery-configs	/delivery-configs	out-of-mesh	com.netflix.spinnaker.gate.services.internal.KeelService	
1.30.2	gate	keel	POST	/_calls/keel/delivery-configs/diff	/delivery-configs/diff	out-of-mesh	com.netflix.spinnaker.gate.services.internal.KeelService	
1.30.2	gate	keel	POST	/_calls/keel/delivery-configs/validate	/delivery-configs/validate	out-of-mesh	com.netflix.spinnaker.gate.services.internal.KeelService	
1.30.2	gate	keel	POST	/_calls/keel/graphql	/graphql	out-of-mesh	com.netflix.spinnaker.gate.services.internal.KeelService	
1.30.2	gate	keel	POST	/_calls/keel/resources	/resources	out-of-mesh	com.netflix.spinnaker.gate.services.internal.KeelService	
1.30.2	gate	keel	POST	/_calls/keel/resources/diff	/resources/diff	out-of-mesh	com.netflix.spinnaker.gate.services.internal.KeelService	
1.30.2	gate	keel	POST	/_calls/keel/resources/{name}/pause	/resources/{}/pause	out-of-mesh	com.netflix.spinnaker.gate.services.internal.KeelService	
1.30.2	igor	keel	POST	/_calls/keel/artifacts/events	/artifacts/events	out-of-mesh	com.netflix.spinnaker.igor.keel.KeelService	
1.30.2	orca	keel	DELETE	/_calls/keel/application/{application}/config	/application/{}/config	out-of-mesh	com.netflix.spinnaker.orca.KeelService	
1.30.2	orca	keel	POST	/_calls/keel/delivery-configs	/delivery-configs	out-of-mesh	com.netflix.spinnaker.orca.KeelService	
1.30.2	clouddriver	front50	GET	/_calls/front50/credentials	/credentials	stale	com.netflix.spinnaker.clouddriver.core.services.Front50Service	
1.30.2	echo	front50	POST	/_calls/front50/graphql	/graphql	stale	com.netflix.spinnaker.echo.services.Front50Service	
1.30.2	gate	clouddriver	GET	/_calls/clouddriver/applications/{name}/clusters/{account}/{cluster}/{type}/loadBalancers	/applications/{}/clusters/{}/{}/{}/loadBalancers	stale	com.netflix.spinnaker.gate.services.internal.ClouddriverService	
1.30.2	gate	clouddriver	POST	/_calls/clouddriver/applications/{name}/jobs/{account}/{region}/{jobName}	/applications/{}/jobs/{}/{}/{}	stale	com.netflix.spinnaker.gate.services.internal.ClouddriverService	
1.30.2	gate	front50	GET	/_calls/front50/credentials	/credentials	stale	com.netflix.spinnaker.gate.services.internal.Front50Service	
1.30.2	gate	front50	POST	/_calls/front50/pipelines/move	/pipelines/move	stale	com.netflix.spinnaker.gate.services.internal.Front50Service	
1.30.2	gate	front50	POST	/_calls/front50/strategies/move	/strategies/move	stale	com.netflix.spinnaker.gate.services.internal.Front50Service	
1.30.2	orca	echo	GET	/_calls/echo/events/recent/{type}/{since}	/events/recent/{}/{}	stale	com.netflix.spinnaker.orca.echo.EchoService	
1.30.2	orca	front50	GET	/_calls/front50/credentials	/credentials	stale	com.netflix.spinnaker.orca.front50.Front50Service	
1.30.3	gate	clouddriver	GET	/_calls/clouddriver/health	/health	actuator	com.netflix.spinnaker.gate.services.internal.HealthCheckableService	
1.30.3	gate	clouddriver	GET	/_calls/clouddriver/installedPlugins	/installedPlugins	actuator	com.netflix.spinnaker.gate.services.internal.ClouddriverService	
1.30.3	gate	echo	GET	/_calls/echo/health	/health	actuator	com.netflix.spinnaker.gate.services.internal.HealthCheckableService	
1.30.3	gate	echo	GET	/_calls/echo/installedPlugins	/installedPlugins	actuator	com.netflix.spinnaker.gate.services.internal.EchoService	
1.30.3	gate	fiat	GET	/_calls/fiat/installedPlugins	/installedPlugins	actuator	com.netflix.spinnaker.gate.services.internal.ExtendedFiatService	
1.30.3	gate	front50	GET	/_calls/front50/health	/health	actuator	com.netflix.spinnaker.gate.services.internal.HealthCheckableService	
1.30.3	gate	front50	GET	/_calls/front50/installedPlugins	/installedPlugins	actuator	com.netflix.spinnaker.gate.services.internal.Front50Service	
1.30.3	gate	igor	GET	/_calls/igor/health	/health	actuator	com.netflix.spinnaker.gate.services.internal.HealthCheckableService	
1.30.3	gate	igor	GET	/_calls/igor/installedPlugins	/installedPlugins	actuator	com.netflix.spinnaker.gate.services.internal.IgorService	
1.30.3	gate	orca	GET	/_calls/orca/health	/health	actuator	com.netflix.spinnaker.gate.services.internal.HealthCheckableService	
1.30.3	gate	orca	GET	/_calls/orca/installedPlugins	/installedPlugins	actuator	com.netflix.spinnaker.gate.services.internal.OrcaService	
1.30.3	gate	rosco	GET	/_calls/rosco/installedPlugins	/installedPlugins	actuator	com.netflix.spinnaker.gate.services.internal.RoscoService	
1.30.3	orca	clouddriver	PUT	/_calls/clouddriver/admin/db/truncate/{namespace}	/admin/db/truncate/{}	framework	com.netflix.spinnaker.orca.clouddriver.CloudDriverCacheService	excluded by provenance: PUT /admin/db/truncate/{}
1.30.3	clouddriver	fiat	DELETE	/_calls/fiat/roles/{userId}	/roles/{}	indirect-fiat	com.netflix.spinnaker.fiat.shared.FiatService	dropped family (owner ruling 2026-09-12)
1.30.3	clouddriver	fiat	GET	/_calls/fiat/authorize/{userId}	/authorize/{}	indirect-fiat	com.netflix.spinnaker.fiat.shared.FiatService	dropped family (owner ruling 2026-09-12)
1.30.3	clouddriver	fiat	GET	/_calls/fiat/authorize/{userId}/{resourceType}/{resourceName}/{authorization}	/authorize/{}/{}/{}/{}	indirect-fiat	com.netflix.spinnaker.fiat.shared.FiatService	dropped family (owner ruling 2026-09-12)
1.30.3	clouddriver	fiat	POST	/_calls/fiat/authorize/{userId}/{resourceType}/create	/authorize/{}/{}/create	indirect-fiat	com.netflix.spinnaker.fiat.shared.FiatService	dropped family (owner ruling 2026-09-12)
1.30.3	clouddriver	fiat	POST	/_calls/fiat/roles/sync	/roles/sync	indirect-fiat	com.netflix.spinnaker.fiat.shared.FiatService	dropped family (owner ruling 2026-09-12)
1.30.3	clouddriver	fiat	POST	/_calls/fiat/roles/sync/serviceAccount/{serviceAccountId}	/roles/sync/serviceAccount/{}	indirect-fiat	com.netflix.spinnaker.fiat.shared.FiatService	dropped family (owner ruling 2026-09-12)
1.30.3	clouddriver	fiat	POST	/_calls/fiat/roles/{userId}	/roles/{}	indirect-fiat	com.netflix.spinnaker.fiat.shared.FiatService	dropped family (owner ruling 2026-09-12)
1.30.3	clouddriver	fiat	PUT	/_calls/fiat/roles/{userId}	/roles/{}	indirect-fiat	com.netflix.spinnaker.fiat.shared.FiatService	dropped family (owner ruling 2026-09-12)
1.30.3	echo	fiat	DELETE	/_calls/fiat/roles/{userId}	/roles/{}	indirect-fiat	com.netflix.spinnaker.fiat.shared.FiatService	dropped family (owner ruling 2026-09-12)
1.30.3	echo	fiat	GET	/_calls/fiat/authorize/{userId}	/authorize/{}	indirect-fiat	com.netflix.spinnaker.fiat.shared.FiatService	dropped family (owner ruling 2026-09-12)
1.30.3	echo	fiat	GET	/_calls/fiat/authorize/{userId}/{resourceType}/{resourceName}/{authorization}	/authorize/{}/{}/{}/{}	indirect-fiat	com.netflix.spinnaker.fiat.shared.FiatService	dropped family (owner ruling 2026-09-12)
1.30.3	echo	fiat	POST	/_calls/fiat/authorize/{userId}/{resourceType}/create	/authorize/{}/{}/create	indirect-fiat	com.netflix.spinnaker.fiat.shared.FiatService	dropped family (owner ruling 2026-09-12)
1.30.3	echo	fiat	POST	/_calls/fiat/roles/sync	/roles/sync	indirect-fiat	com.netflix.spinnaker.fiat.shared.FiatService	dropped family (owner ruling 2026-09-12)
1.30.3	echo	fiat	POST	/_calls/fiat/roles/sync/serviceAccount/{serviceAccountId}	/roles/sync/serviceAccount/{}	indirect-fiat	com.netflix.spinnaker.fiat.shared.FiatService	dropped family (owner ruling 2026-09-12)
1.30.3	echo	fiat	POST	/_calls/fiat/roles/{userId}	/roles/{}	indirect-fiat	com.netflix.spinnaker.fiat.shared.FiatService	dropped family (owner ruling 2026-09-12)
1.30.3	echo	fiat	PUT	/_calls/fiat/roles/{userId}	/roles/{}	indirect-fiat	com.netflix.spinnaker.fiat.shared.FiatService	dropped family (owner ruling 2026-09-12)
1.30.3	igor	fiat	DELETE	/_calls/fiat/roles/{userId}	/roles/{}	indirect-fiat	com.netflix.spinnaker.fiat.shared.FiatService	dropped family (owner ruling 2026-09-12)
1.30.3	igor	fiat	GET	/_calls/fiat/authorize/{userId}	/authorize/{}	indirect-fiat	com.netflix.spinnaker.fiat.shared.FiatService	dropped family (owner ruling 2026-09-12)
1.30.3	igor	fiat	GET	/_calls/fiat/authorize/{userId}/{resourceType}/{resourceName}/{authorization}	/authorize/{}/{}/{}/{}	indirect-fiat	com.netflix.spinnaker.fiat.shared.FiatService	dropped family (owner ruling 2026-09-12)
1.30.3	igor	fiat	POST	/_calls/fiat/authorize/{userId}/{resourceType}/create	/authorize/{}/{}/create	indirect-fiat	com.netflix.spinnaker.fiat.shared.FiatService	dropped family (owner ruling 2026-09-12)
1.30.3	igor	fiat	POST	/_calls/fiat/roles/sync	/roles/sync	indirect-fiat	com.netflix.spinnaker.fiat.shared.FiatService	dropped family (owner ruling 2026-09-12)
1.30.3	igor	fiat	POST	/_calls/fiat/roles/sync/serviceAccount/{serviceAccountId}	/roles/sync/serviceAccount/{}	indirect-fiat	com.netflix.spinnaker.fiat.shared.FiatService	dropped family (owner ruling 2026-09-12)
1.30.3	igor	fiat	POST	/_calls/fiat/roles/{userId}	/roles/{}	indirect-fiat	com.netflix.spinnaker.fiat.shared.FiatService	dropped family (owner ruling 2026-09-12)
1.30.3	igor	fiat	PUT	/_calls/fiat/roles/{userId}	/roles/{}	indirect-fiat	com.netflix.spinnaker.fiat.shared.FiatService	dropped family (owner ruling 2026-09-12)
1.30.3	clouddriver	front50	GET	/_calls/front50/pluginInfo	/pluginInfo	kork	com.netflix.spinnaker.kork.plugins.update.internal.Front50Service	dropped family (owner ruling 2026-09-12)
1.30.3	clouddriver	front50	GET	/_calls/front50/pluginInfo/{id}	/pluginInfo/{}	kork	com.netflix.spinnaker.kork.plugins.update.internal.Front50Service	dropped family (owner ruling 2026-09-12)
1.30.3	clouddriver	front50	PUT	/_calls/front50/pluginVersions/{serverGroupName}	/pluginVersions/{}	kork	com.netflix.spinnaker.kork.plugins.update.internal.Front50Service	dropped family (owner ruling 2026-09-12)
1.30.3	echo	front50	GET	/_calls/front50/pluginInfo	/pluginInfo	kork	com.netflix.spinnaker.kork.plugins.update.internal.Front50Service	dropped family (owner ruling 2026-09-12)
1.30.3	echo	front50	GET	/_calls/front50/pluginInfo/{id}	/pluginInfo/{}	kork	com.netflix.spinnaker.kork.plugins.update.internal.Front50Service	dropped family (owner ruling 2026-09-12)
1.30.3	echo	front50	PUT	/_calls/front50/pluginVersions/{serverGroupName}	/pluginVersions/{}	kork	com.netflix.spinnaker.kork.plugins.update.internal.Front50Service	dropped family (owner ruling 2026-09-12)
1.30.3	fiat	front50	GET	/_calls/front50/pluginInfo	/pluginInfo	kork	com.netflix.spinnaker.kork.plugins.update.internal.Front50Service	dropped family (owner ruling 2026-09-12)
1.30.3	fiat	front50	GET	/_calls/front50/pluginInfo/{id}	/pluginInfo/{}	kork	com.netflix.spinnaker.kork.plugins.update.internal.Front50Service	dropped family (owner ruling 2026-09-12)
1.30.3	fiat	front50	PUT	/_calls/front50/pluginVersions/{serverGroupName}	/pluginVersions/{}	kork	com.netflix.spinnaker.kork.plugins.update.internal.Front50Service	dropped family (owner ruling 2026-09-12)
1.30.3	front50	front50	GET	/_calls/front50/pluginInfo	/pluginInfo	kork	com.netflix.spinnaker.kork.plugins.update.internal.Front50Service	dropped family (owner ruling 2026-09-12)
1.30.3	front50	front50	GET	/_calls/front50/pluginInfo/{id}	/pluginInfo/{}	kork	com.netflix.spinnaker.kork.plugins.update.internal.Front50Service	dropped family (owner ruling 2026-09-12)
1.30.3	front50	front50	PUT	/_calls/front50/pluginVersions/{serverGroupName}	/pluginVersions/{}	kork	com.netflix.spinnaker.kork.plugins.update.internal.Front50Service	dropped family (owner ruling 2026-09-12)
1.30.3	gate	front50	GET	/_calls/front50/pluginInfo/{id}	/pluginInfo/{}	kork	com.netflix.spinnaker.kork.plugins.update.internal.Front50Service	dropped family (owner ruling 2026-09-12)
1.30.3	gate	front50	PUT	/_calls/front50/pluginVersions/{serverGroupName}	/pluginVersions/{}	kork	com.netflix.spinnaker.kork.plugins.update.internal.Front50Service	dropped family (owner ruling 2026-09-12)
1.30.3	igor	front50	GET	/_calls/front50/pluginInfo/{id}	/pluginInfo/{}	kork	com.netflix.spinnaker.kork.plugins.update.internal.Front50Service	dropped family (owner ruling 2026-09-12)
1.30.3	igor	front50	PUT	/_calls/front50/pluginVersions/{serverGroupName}	/pluginVersions/{}	kork	com.netflix.spinnaker.kork.plugins.update.internal.Front50Service	dropped family (owner ruling 2026-09-12)
1.30.3	kayenta	front50	GET	/_calls/front50/pluginInfo	/pluginInfo	kork	com.netflix.spinnaker.kork.plugins.update.internal.Front50Service	dropped family (owner ruling 2026-09-12)
1.30.3	kayenta	front50	GET	/_calls/front50/pluginInfo/{id}	/pluginInfo/{}	kork	com.netflix.spinnaker.kork.plugins.update.internal.Front50Service	dropped family (owner ruling 2026-09-12)
1.30.3	kayenta	front50	PUT	/_calls/front50/pluginVersions/{serverGroupName}	/pluginVersions/{}	kork	com.netflix.spinnaker.kork.plugins.update.internal.Front50Service	dropped family (owner ruling 2026-09-12)
1.30.3	orca	front50	GET	/_calls/front50/pluginInfo	/pluginInfo	kork	com.netflix.spinnaker.kork.plugins.update.internal.Front50Service	dropped family (owner ruling 2026-09-12)
1.30.3	orca	front50	GET	/_calls/front50/pluginInfo/{id}	/pluginInfo/{}	kork	com.netflix.spinnaker.kork.plugins.update.internal.Front50Service	dropped family (owner ruling 2026-09-12)
1.30.3	orca	front50	PUT	/_calls/front50/pluginVersions/{serverGroupName}	/pluginVersions/{}	kork	com.netflix.spinnaker.kork.plugins.update.internal.Front50Service	dropped family (owner ruling 2026-09-12)
1.30.3	rosco	front50	GET	/_calls/front50/pluginInfo	/pluginInfo	kork	com.netflix.spinnaker.kork.plugins.update.internal.Front50Service	dropped family (owner ruling 2026-09-12)
1.30.3	rosco	front50	GET	/_calls/front50/pluginInfo/{id}	/pluginInfo/{}	kork	com.netflix.spinnaker.kork.plugins.update.internal.Front50Service	dropped family (owner ruling 2026-09-12)
1.30.3	rosco	front50	PUT	/_calls/front50/pluginVersions/{serverGroupName}	/pluginVersions/{}	kork	com.netflix.spinnaker.kork.plugins.update.internal.Front50Service	dropped family (owner ruling 2026-09-12)
1.30.3	echo	keel	POST	/_calls/keel/artifacts/events	/artifacts/events	out-of-mesh	com.netflix.spinnaker.echo.services.KeelService	
1.30.3	gate	keel	DELETE	/_calls/keel/application/{application}/config	/application/{}/config	out-of-mesh	com.netflix.spinnaker.gate.services.internal.KeelService	
1.30.3	gate	keel	DELETE	/_calls/keel/application/{application}/pause	/application/{}/pause	out-of-mesh	com.netflix.spinnaker.gate.services.internal.KeelService	
1.30.3	gate	keel	DELETE	/_calls/keel/application/{application}/pin/{targetEnvironment}	/application/{}/pin/{}	out-of-mesh	com.netflix.spinnaker.gate.services.internal.KeelService	
1.30.3	gate	keel	DELETE	/_calls/keel/application/{application}/veto/{targetEnvironment}/{reference}/{version}	/application/{}/veto/{}/{}/{}	out-of-mesh	com.netflix.spinnaker.gate.services.internal.KeelService	
1.30.3	gate	keel	DELETE	/_calls/keel/delivery-configs/{name}	/delivery-configs/{}	out-of-mesh	com.netflix.spinnaker.gate.services.internal.KeelService	
1.30.3	gate	keel	DELETE	/_calls/keel/resources/{name}	/resources/{}	out-of-mesh	com.netflix.spinnaker.gate.services.internal.KeelService	
1.30.3	gate	keel	DELETE	/_calls/keel/resources/{name}/pause	/resources/{}/pause	out-of-mesh	com.netflix.spinnaker.gate.services.internal.KeelService	
1.30.3	gate	keel	GET	/_calls/keel/application/{application}	/application/{}	out-of-mesh	com.netflix.spinnaker.gate.services.internal.KeelService	
1.30.3	gate	keel	GET	/_calls/keel/application/{application}/config	/application/{}/config	out-of-mesh	com.netflix.spinnaker.gate.services.internal.KeelService	
1.30.3	gate	keel	GET	/_calls/keel/application/{application}/environment/{environment}/constraints	/application/{}/environment/{}/constraints	out-of-mesh	com.netflix.spinnaker.gate.services.internal.KeelService	
1.30.3	gate	keel	GET	/_calls/keel/delivery-configs/schema	/delivery-configs/schema	out-of-mesh	com.netflix.spinnaker.gate.services.internal.KeelService	
1.30.3	gate	keel	GET	/_calls/keel/delivery-configs/{name}	/delivery-configs/{}	out-of-mesh	com.netflix.spinnaker.gate.services.internal.KeelService	
1.30.3	gate	keel	GET	/_calls/keel/delivery-configs/{name}/artifacts	/delivery-configs/{}/artifacts	out-of-mesh	com.netflix.spinnaker.gate.services.internal.KeelService	
1.30.3	gate	keel	GET	/_calls/keel/environments/{application}	/environments/{}	out-of-mesh	com.netflix.spinnaker.gate.services.internal.KeelService	
1.30.3	gate	keel	GET	/_calls/keel/export/artifact/{cloudProvider}/{account}/{clusterName}	/export/artifact/{}/{}/{}	out-of-mesh	com.netflix.spinnaker.gate.services.internal.KeelService	
1.30.3	gate	keel	GET	/_calls/keel/export/{cloudProvider}/{account}/{type}/{name}	/export/{}/{}/{}/{}	out-of-mesh	com.netflix.spinnaker.gate.services.internal.KeelService	
1.30.3	gate	keel	GET	/_calls/keel/health	/health	out-of-mesh	com.netflix.spinnaker.gate.services.internal.HealthCheckableService	
1.30.3	gate	keel	GET	/_calls/keel/installedPlugins	/installedPlugins	out-of-mesh	com.netflix.spinnaker.gate.services.internal.KeelService	
1.30.3	gate	keel	GET	/_calls/keel/reports/adoption	/reports/adoption	out-of-mesh	com.netflix.spinnaker.gate.services.internal.KeelService	
1.30.3	gate	keel	GET	/_calls/keel/reports/onboarding	/reports/onboarding	out-of-mesh	com.netflix.spinnaker.gate.services.internal.KeelService	
1.30.3	gate	keel	GET	/_calls/keel/resources/events/{name}	/resources/events/{}	out-of-mesh	com.netflix.spinnaker.gate.services.internal.KeelService	
1.30.3	gate	keel	GET	/_calls/keel/resources/{name}	/resources/{}	out-of-mesh	com.netflix.spinnaker.gate.services.internal.KeelService	
1.30.3	gate	keel	GET	/_calls/keel/resources/{name}/status	/resources/{}/status	out-of-mesh	com.netflix.spinnaker.gate.services.internal.KeelService	
1.30.3	gate	keel	POST	/_calls/keel/application/{application}/environment/{environment}/constraint	/application/{}/environment/{}/constraint	out-of-mesh	com.netflix.spinnaker.gate.services.internal.KeelService	
1.30.3	gate	keel	POST	/_calls/keel/application/{application}/environment/{environment}/verifications	/application/{}/environment/{}/verifications	out-of-mesh	com.netflix.spinnaker.gate.services.internal.KeelService	
1.30.3	gate	keel	POST	/_calls/keel/application/{application}/environment/{environment}/verifications/retry	/application/{}/environment/{}/verifications/retry	out-of-mesh	com.netflix.spinnaker.gate.services.internal.KeelService	
1.30.3	gate	keel	POST	/_calls/keel/application/{application}/mark/bad	/application/{}/mark/bad	out-of-mesh	com.netflix.spinnaker.gate.services.internal.KeelService	
1.30.3	gate	keel	POST	/_calls/keel/application/{application}/mark/good	/application/{}/mark/good	out-of-mesh	com.netflix.spinnaker.gate.services.internal.KeelService	
1.30.3	gate	keel	POST	/_calls/keel/application/{application}/pause	/application/{}/pause	out-of-mesh	com.netflix.spinnaker.gate.services.internal.KeelService	
1.30.3	gate	keel	POST	/_calls/keel/application/{application}/pin	/application/{}/pin	out-of-mesh	com.netflix.spinnaker.gate.services.internal.KeelService	
1.30.3	gate	keel	POST	/_calls/keel/application/{application}/veto	/application/{}/veto	out-of-mesh	com.netflix.spinnaker.gate.services.internal.KeelService	
1.30.3	gate	keel	POST	/_calls/keel/delivery-configs	/delivery-configs	out-of-mesh	com.netflix.spinnaker.gate.services.internal.KeelService	
1.30.3	gate	keel	POST	/_calls/keel/delivery-configs/diff	/delivery-configs/diff	out-of-mesh	com.netflix.spinnaker.gate.services.internal.KeelService	
1.30.3	gate	keel	POST	/_calls/keel/delivery-configs/validate	/delivery-configs/validate	out-of-mesh	com.netflix.spinnaker.gate.services.internal.KeelService	
1.30.3	gate	keel	POST	/_calls/keel/graphql	/graphql	out-of-mesh	com.netflix.spinnaker.gate.services.internal.KeelService	
1.30.3	gate	keel	POST	/_calls/keel/resources	/resources	out-of-mesh	com.netflix.spinnaker.gate.services.internal.KeelService	
1.30.3	gate	keel	POST	/_calls/keel/resources/diff	/resources/diff	out-of-mesh	com.netflix.spinnaker.gate.services.internal.KeelService	
1.30.3	gate	keel	POST	/_calls/keel/resources/{name}/pause	/resources/{}/pause	out-of-mesh	com.netflix.spinnaker.gate.services.internal.KeelService	
1.30.3	igor	keel	POST	/_calls/keel/artifacts/events	/artifacts/events	out-of-mesh	com.netflix.spinnaker.igor.keel.KeelService	
1.30.3	orca	keel	DELETE	/_calls/keel/application/{application}/config	/application/{}/config	out-of-mesh	com.netflix.spinnaker.orca.KeelService	
1.30.3	orca	keel	POST	/_calls/keel/delivery-configs	/delivery-configs	out-of-mesh	com.netflix.spinnaker.orca.KeelService	
1.30.3	clouddriver	front50	GET	/_calls/front50/credentials	/credentials	stale	com.netflix.spinnaker.clouddriver.core.services.Front50Service	
1.30.3	echo	front50	POST	/_calls/front50/graphql	/graphql	stale	com.netflix.spinnaker.echo.services.Front50Service	
1.30.3	gate	clouddriver	GET	/_calls/clouddriver/applications/{name}/clusters/{account}/{cluster}/{type}/loadBalancers	/applications/{}/clusters/{}/{}/{}/loadBalancers	stale	com.netflix.spinnaker.gate.services.internal.ClouddriverService	
1.30.3	gate	clouddriver	POST	/_calls/clouddriver/applications/{name}/jobs/{account}/{region}/{jobName}	/applications/{}/jobs/{}/{}/{}	stale	com.netflix.spinnaker.gate.services.internal.ClouddriverService	
1.30.3	gate	front50	GET	/_calls/front50/credentials	/credentials	stale	com.netflix.spinnaker.gate.services.internal.Front50Service	
1.30.3	gate	front50	POST	/_calls/front50/pipelines/move	/pipelines/move	stale	com.netflix.spinnaker.gate.services.internal.Front50Service	
1.30.3	gate	front50	POST	/_calls/front50/strategies/move	/strategies/move	stale	com.netflix.spinnaker.gate.services.internal.Front50Service	
1.30.3	orca	echo	GET	/_calls/echo/events/recent/{type}/{since}	/events/recent/{}/{}	stale	com.netflix.spinnaker.orca.echo.EchoService	
1.30.3	orca	front50	GET	/_calls/front50/credentials	/credentials	stale	com.netflix.spinnaker.orca.front50.Front50Service	
1.30.4	gate	clouddriver	GET	/_calls/clouddriver/health	/health	actuator	com.netflix.spinnaker.gate.services.internal.HealthCheckableService	
1.30.4	gate	clouddriver	GET	/_calls/clouddriver/installedPlugins	/installedPlugins	actuator	com.netflix.spinnaker.gate.services.internal.ClouddriverService	
1.30.4	gate	echo	GET	/_calls/echo/health	/health	actuator	com.netflix.spinnaker.gate.services.internal.HealthCheckableService	
1.30.4	gate	echo	GET	/_calls/echo/installedPlugins	/installedPlugins	actuator	com.netflix.spinnaker.gate.services.internal.EchoService	
1.30.4	gate	fiat	GET	/_calls/fiat/installedPlugins	/installedPlugins	actuator	com.netflix.spinnaker.gate.services.internal.ExtendedFiatService	
1.30.4	gate	front50	GET	/_calls/front50/health	/health	actuator	com.netflix.spinnaker.gate.services.internal.HealthCheckableService	
1.30.4	gate	front50	GET	/_calls/front50/installedPlugins	/installedPlugins	actuator	com.netflix.spinnaker.gate.services.internal.Front50Service	
1.30.4	gate	igor	GET	/_calls/igor/health	/health	actuator	com.netflix.spinnaker.gate.services.internal.HealthCheckableService	
1.30.4	gate	igor	GET	/_calls/igor/installedPlugins	/installedPlugins	actuator	com.netflix.spinnaker.gate.services.internal.IgorService	
1.30.4	gate	orca	GET	/_calls/orca/health	/health	actuator	com.netflix.spinnaker.gate.services.internal.HealthCheckableService	
1.30.4	gate	orca	GET	/_calls/orca/installedPlugins	/installedPlugins	actuator	com.netflix.spinnaker.gate.services.internal.OrcaService	
1.30.4	gate	rosco	GET	/_calls/rosco/installedPlugins	/installedPlugins	actuator	com.netflix.spinnaker.gate.services.internal.RoscoService	
1.30.4	orca	clouddriver	PUT	/_calls/clouddriver/admin/db/truncate/{namespace}	/admin/db/truncate/{}	framework	com.netflix.spinnaker.orca.clouddriver.CloudDriverCacheService	excluded by provenance: PUT /admin/db/truncate/{}
1.30.4	clouddriver	fiat	DELETE	/_calls/fiat/roles/{userId}	/roles/{}	indirect-fiat	com.netflix.spinnaker.fiat.shared.FiatService	dropped family (owner ruling 2026-09-12)
1.30.4	clouddriver	fiat	GET	/_calls/fiat/authorize/{userId}	/authorize/{}	indirect-fiat	com.netflix.spinnaker.fiat.shared.FiatService	dropped family (owner ruling 2026-09-12)
1.30.4	clouddriver	fiat	GET	/_calls/fiat/authorize/{userId}/{resourceType}/{resourceName}/{authorization}	/authorize/{}/{}/{}/{}	indirect-fiat	com.netflix.spinnaker.fiat.shared.FiatService	dropped family (owner ruling 2026-09-12)
1.30.4	clouddriver	fiat	POST	/_calls/fiat/authorize/{userId}/{resourceType}/create	/authorize/{}/{}/create	indirect-fiat	com.netflix.spinnaker.fiat.shared.FiatService	dropped family (owner ruling 2026-09-12)
1.30.4	clouddriver	fiat	POST	/_calls/fiat/roles/sync	/roles/sync	indirect-fiat	com.netflix.spinnaker.fiat.shared.FiatService	dropped family (owner ruling 2026-09-12)
1.30.4	clouddriver	fiat	POST	/_calls/fiat/roles/sync/serviceAccount/{serviceAccountId}	/roles/sync/serviceAccount/{}	indirect-fiat	com.netflix.spinnaker.fiat.shared.FiatService	dropped family (owner ruling 2026-09-12)
1.30.4	clouddriver	fiat	POST	/_calls/fiat/roles/{userId}	/roles/{}	indirect-fiat	com.netflix.spinnaker.fiat.shared.FiatService	dropped family (owner ruling 2026-09-12)
1.30.4	clouddriver	fiat	PUT	/_calls/fiat/roles/{userId}	/roles/{}	indirect-fiat	com.netflix.spinnaker.fiat.shared.FiatService	dropped family (owner ruling 2026-09-12)
1.30.4	echo	fiat	DELETE	/_calls/fiat/roles/{userId}	/roles/{}	indirect-fiat	com.netflix.spinnaker.fiat.shared.FiatService	dropped family (owner ruling 2026-09-12)
1.30.4	echo	fiat	GET	/_calls/fiat/authorize/{userId}	/authorize/{}	indirect-fiat	com.netflix.spinnaker.fiat.shared.FiatService	dropped family (owner ruling 2026-09-12)
1.30.4	echo	fiat	GET	/_calls/fiat/authorize/{userId}/{resourceType}/{resourceName}/{authorization}	/authorize/{}/{}/{}/{}	indirect-fiat	com.netflix.spinnaker.fiat.shared.FiatService	dropped family (owner ruling 2026-09-12)
1.30.4	echo	fiat	POST	/_calls/fiat/authorize/{userId}/{resourceType}/create	/authorize/{}/{}/create	indirect-fiat	com.netflix.spinnaker.fiat.shared.FiatService	dropped family (owner ruling 2026-09-12)
1.30.4	echo	fiat	POST	/_calls/fiat/roles/sync	/roles/sync	indirect-fiat	com.netflix.spinnaker.fiat.shared.FiatService	dropped family (owner ruling 2026-09-12)
1.30.4	echo	fiat	POST	/_calls/fiat/roles/sync/serviceAccount/{serviceAccountId}	/roles/sync/serviceAccount/{}	indirect-fiat	com.netflix.spinnaker.fiat.shared.FiatService	dropped family (owner ruling 2026-09-12)
1.30.4	echo	fiat	POST	/_calls/fiat/roles/{userId}	/roles/{}	indirect-fiat	com.netflix.spinnaker.fiat.shared.FiatService	dropped family (owner ruling 2026-09-12)
1.30.4	echo	fiat	PUT	/_calls/fiat/roles/{userId}	/roles/{}	indirect-fiat	com.netflix.spinnaker.fiat.shared.FiatService	dropped family (owner ruling 2026-09-12)
1.30.4	igor	fiat	DELETE	/_calls/fiat/roles/{userId}	/roles/{}	indirect-fiat	com.netflix.spinnaker.fiat.shared.FiatService	dropped family (owner ruling 2026-09-12)
1.30.4	igor	fiat	GET	/_calls/fiat/authorize/{userId}	/authorize/{}	indirect-fiat	com.netflix.spinnaker.fiat.shared.FiatService	dropped family (owner ruling 2026-09-12)
1.30.4	igor	fiat	GET	/_calls/fiat/authorize/{userId}/{resourceType}/{resourceName}/{authorization}	/authorize/{}/{}/{}/{}	indirect-fiat	com.netflix.spinnaker.fiat.shared.FiatService	dropped family (owner ruling 2026-09-12)
1.30.4	igor	fiat	POST	/_calls/fiat/authorize/{userId}/{resourceType}/create	/authorize/{}/{}/create	indirect-fiat	com.netflix.spinnaker.fiat.shared.FiatService	dropped family (owner ruling 2026-09-12)
1.30.4	igor	fiat	POST	/_calls/fiat/roles/sync	/roles/sync	indirect-fiat	com.netflix.spinnaker.fiat.shared.FiatService	dropped family (owner ruling 2026-09-12)
1.30.4	igor	fiat	POST	/_calls/fiat/roles/sync/serviceAccount/{serviceAccountId}	/roles/sync/serviceAccount/{}	indirect-fiat	com.netflix.spinnaker.fiat.shared.FiatService	dropped family (owner ruling 2026-09-12)
1.30.4	igor	fiat	POST	/_calls/fiat/roles/{userId}	/roles/{}	indirect-fiat	com.netflix.spinnaker.fiat.shared.FiatService	dropped family (owner ruling 2026-09-12)
1.30.4	igor	fiat	PUT	/_calls/fiat/roles/{userId}	/roles/{}	indirect-fiat	com.netflix.spinnaker.fiat.shared.FiatService	dropped family (owner ruling 2026-09-12)
1.30.4	clouddriver	front50	GET	/_calls/front50/pluginInfo	/pluginInfo	kork	com.netflix.spinnaker.kork.plugins.update.internal.Front50Service	dropped family (owner ruling 2026-09-12)
1.30.4	clouddriver	front50	GET	/_calls/front50/pluginInfo/{id}	/pluginInfo/{}	kork	com.netflix.spinnaker.kork.plugins.update.internal.Front50Service	dropped family (owner ruling 2026-09-12)
1.30.4	clouddriver	front50	PUT	/_calls/front50/pluginVersions/{serverGroupName}	/pluginVersions/{}	kork	com.netflix.spinnaker.kork.plugins.update.internal.Front50Service	dropped family (owner ruling 2026-09-12)
1.30.4	echo	front50	GET	/_calls/front50/pluginInfo	/pluginInfo	kork	com.netflix.spinnaker.kork.plugins.update.internal.Front50Service	dropped family (owner ruling 2026-09-12)
1.30.4	echo	front50	GET	/_calls/front50/pluginInfo/{id}	/pluginInfo/{}	kork	com.netflix.spinnaker.kork.plugins.update.internal.Front50Service	dropped family (owner ruling 2026-09-12)
1.30.4	echo	front50	PUT	/_calls/front50/pluginVersions/{serverGroupName}	/pluginVersions/{}	kork	com.netflix.spinnaker.kork.plugins.update.internal.Front50Service	dropped family (owner ruling 2026-09-12)
1.30.4	fiat	front50	GET	/_calls/front50/pluginInfo	/pluginInfo	kork	com.netflix.spinnaker.kork.plugins.update.internal.Front50Service	dropped family (owner ruling 2026-09-12)
1.30.4	fiat	front50	GET	/_calls/front50/pluginInfo/{id}	/pluginInfo/{}	kork	com.netflix.spinnaker.kork.plugins.update.internal.Front50Service	dropped family (owner ruling 2026-09-12)
1.30.4	fiat	front50	PUT	/_calls/front50/pluginVersions/{serverGroupName}	/pluginVersions/{}	kork	com.netflix.spinnaker.kork.plugins.update.internal.Front50Service	dropped family (owner ruling 2026-09-12)
1.30.4	front50	front50	GET	/_calls/front50/pluginInfo	/pluginInfo	kork	com.netflix.spinnaker.kork.plugins.update.internal.Front50Service	dropped family (owner ruling 2026-09-12)
1.30.4	front50	front50	GET	/_calls/front50/pluginInfo/{id}	/pluginInfo/{}	kork	com.netflix.spinnaker.kork.plugins.update.internal.Front50Service	dropped family (owner ruling 2026-09-12)
1.30.4	front50	front50	PUT	/_calls/front50/pluginVersions/{serverGroupName}	/pluginVersions/{}	kork	com.netflix.spinnaker.kork.plugins.update.internal.Front50Service	dropped family (owner ruling 2026-09-12)
1.30.4	gate	front50	GET	/_calls/front50/pluginInfo/{id}	/pluginInfo/{}	kork	com.netflix.spinnaker.kork.plugins.update.internal.Front50Service	dropped family (owner ruling 2026-09-12)
1.30.4	gate	front50	PUT	/_calls/front50/pluginVersions/{serverGroupName}	/pluginVersions/{}	kork	com.netflix.spinnaker.kork.plugins.update.internal.Front50Service	dropped family (owner ruling 2026-09-12)
1.30.4	igor	front50	GET	/_calls/front50/pluginInfo/{id}	/pluginInfo/{}	kork	com.netflix.spinnaker.kork.plugins.update.internal.Front50Service	dropped family (owner ruling 2026-09-12)
1.30.4	igor	front50	PUT	/_calls/front50/pluginVersions/{serverGroupName}	/pluginVersions/{}	kork	com.netflix.spinnaker.kork.plugins.update.internal.Front50Service	dropped family (owner ruling 2026-09-12)
1.30.4	kayenta	front50	GET	/_calls/front50/pluginInfo	/pluginInfo	kork	com.netflix.spinnaker.kork.plugins.update.internal.Front50Service	dropped family (owner ruling 2026-09-12)
1.30.4	kayenta	front50	GET	/_calls/front50/pluginInfo/{id}	/pluginInfo/{}	kork	com.netflix.spinnaker.kork.plugins.update.internal.Front50Service	dropped family (owner ruling 2026-09-12)
1.30.4	kayenta	front50	PUT	/_calls/front50/pluginVersions/{serverGroupName}	/pluginVersions/{}	kork	com.netflix.spinnaker.kork.plugins.update.internal.Front50Service	dropped family (owner ruling 2026-09-12)
1.30.4	orca	front50	GET	/_calls/front50/pluginInfo	/pluginInfo	kork	com.netflix.spinnaker.kork.plugins.update.internal.Front50Service	dropped family (owner ruling 2026-09-12)
1.30.4	orca	front50	GET	/_calls/front50/pluginInfo/{id}	/pluginInfo/{}	kork	com.netflix.spinnaker.kork.plugins.update.internal.Front50Service	dropped family (owner ruling 2026-09-12)
1.30.4	orca	front50	PUT	/_calls/front50/pluginVersions/{serverGroupName}	/pluginVersions/{}	kork	com.netflix.spinnaker.kork.plugins.update.internal.Front50Service	dropped family (owner ruling 2026-09-12)
1.30.4	rosco	front50	GET	/_calls/front50/pluginInfo	/pluginInfo	kork	com.netflix.spinnaker.kork.plugins.update.internal.Front50Service	dropped family (owner ruling 2026-09-12)
1.30.4	rosco	front50	GET	/_calls/front50/pluginInfo/{id}	/pluginInfo/{}	kork	com.netflix.spinnaker.kork.plugins.update.internal.Front50Service	dropped family (owner ruling 2026-09-12)
1.30.4	rosco	front50	PUT	/_calls/front50/pluginVersions/{serverGroupName}	/pluginVersions/{}	kork	com.netflix.spinnaker.kork.plugins.update.internal.Front50Service	dropped family (owner ruling 2026-09-12)
1.30.4	echo	keel	POST	/_calls/keel/artifacts/events	/artifacts/events	out-of-mesh	com.netflix.spinnaker.echo.services.KeelService	
1.30.4	gate	keel	DELETE	/_calls/keel/application/{application}/config	/application/{}/config	out-of-mesh	com.netflix.spinnaker.gate.services.internal.KeelService	
1.30.4	gate	keel	DELETE	/_calls/keel/application/{application}/pause	/application/{}/pause	out-of-mesh	com.netflix.spinnaker.gate.services.internal.KeelService	
1.30.4	gate	keel	DELETE	/_calls/keel/application/{application}/pin/{targetEnvironment}	/application/{}/pin/{}	out-of-mesh	com.netflix.spinnaker.gate.services.internal.KeelService	
1.30.4	gate	keel	DELETE	/_calls/keel/application/{application}/veto/{targetEnvironment}/{reference}/{version}	/application/{}/veto/{}/{}/{}	out-of-mesh	com.netflix.spinnaker.gate.services.internal.KeelService	
1.30.4	gate	keel	DELETE	/_calls/keel/delivery-configs/{name}	/delivery-configs/{}	out-of-mesh	com.netflix.spinnaker.gate.services.internal.KeelService	
1.30.4	gate	keel	DELETE	/_calls/keel/resources/{name}	/resources/{}	out-of-mesh	com.netflix.spinnaker.gate.services.internal.KeelService	
1.30.4	gate	keel	DELETE	/_calls/keel/resources/{name}/pause	/resources/{}/pause	out-of-mesh	com.netflix.spinnaker.gate.services.internal.KeelService	
1.30.4	gate	keel	GET	/_calls/keel/application/{application}	/application/{}	out-of-mesh	com.netflix.spinnaker.gate.services.internal.KeelService	
1.30.4	gate	keel	GET	/_calls/keel/application/{application}/config	/application/{}/config	out-of-mesh	com.netflix.spinnaker.gate.services.internal.KeelService	
1.30.4	gate	keel	GET	/_calls/keel/application/{application}/environment/{environment}/constraints	/application/{}/environment/{}/constraints	out-of-mesh	com.netflix.spinnaker.gate.services.internal.KeelService	
1.30.4	gate	keel	GET	/_calls/keel/delivery-configs/schema	/delivery-configs/schema	out-of-mesh	com.netflix.spinnaker.gate.services.internal.KeelService	
1.30.4	gate	keel	GET	/_calls/keel/delivery-configs/{name}	/delivery-configs/{}	out-of-mesh	com.netflix.spinnaker.gate.services.internal.KeelService	
1.30.4	gate	keel	GET	/_calls/keel/delivery-configs/{name}/artifacts	/delivery-configs/{}/artifacts	out-of-mesh	com.netflix.spinnaker.gate.services.internal.KeelService	
1.30.4	gate	keel	GET	/_calls/keel/environments/{application}	/environments/{}	out-of-mesh	com.netflix.spinnaker.gate.services.internal.KeelService	
1.30.4	gate	keel	GET	/_calls/keel/export/artifact/{cloudProvider}/{account}/{clusterName}	/export/artifact/{}/{}/{}	out-of-mesh	com.netflix.spinnaker.gate.services.internal.KeelService	
1.30.4	gate	keel	GET	/_calls/keel/export/{cloudProvider}/{account}/{type}/{name}	/export/{}/{}/{}/{}	out-of-mesh	com.netflix.spinnaker.gate.services.internal.KeelService	
1.30.4	gate	keel	GET	/_calls/keel/health	/health	out-of-mesh	com.netflix.spinnaker.gate.services.internal.HealthCheckableService	
1.30.4	gate	keel	GET	/_calls/keel/installedPlugins	/installedPlugins	out-of-mesh	com.netflix.spinnaker.gate.services.internal.KeelService	
1.30.4	gate	keel	GET	/_calls/keel/reports/adoption	/reports/adoption	out-of-mesh	com.netflix.spinnaker.gate.services.internal.KeelService	
1.30.4	gate	keel	GET	/_calls/keel/reports/onboarding	/reports/onboarding	out-of-mesh	com.netflix.spinnaker.gate.services.internal.KeelService	
1.30.4	gate	keel	GET	/_calls/keel/resources/events/{name}	/resources/events/{}	out-of-mesh	com.netflix.spinnaker.gate.services.internal.KeelService	
1.30.4	gate	keel	GET	/_calls/keel/resources/{name}	/resources/{}	out-of-mesh	com.netflix.spinnaker.gate.services.internal.KeelService	
1.30.4	gate	keel	GET	/_calls/keel/resources/{name}/status	/resources/{}/status	out-of-mesh	com.netflix.spinnaker.gate.services.internal.KeelService	
1.30.4	gate	keel	POST	/_calls/keel/application/{application}/environment/{environment}/constraint	/application/{}/environment/{}/constraint	out-of-mesh	com.netflix.spinnaker.gate.services.internal.KeelService	
1.30.4	gate	keel	POST	/_calls/keel/application/{application}/environment/{environment}/verifications	/application/{}/environment/{}/verifications	out-of-mesh	com.netflix.spinnaker.gate.services.internal.KeelService	
1.30.4	gate	keel	POST	/_calls/keel/application/{application}/environment/{environment}/verifications/retry	/application/{}/environment/{}/verifications/retry	out-of-mesh	com.netflix.spinnaker.gate.services.internal.KeelService	
1.30.4	gate	keel	POST	/_calls/keel/application/{application}/mark/bad	/application/{}/mark/bad	out-of-mesh	com.netflix.spinnaker.gate.services.internal.KeelService	
1.30.4	gate	keel	POST	/_calls/keel/application/{application}/mark/good	/application/{}/mark/good	out-of-mesh	com.netflix.spinnaker.gate.services.internal.KeelService	
1.30.4	gate	keel	POST	/_calls/keel/application/{application}/pause	/application/{}/pause	out-of-mesh	com.netflix.spinnaker.gate.services.internal.KeelService	
1.30.4	gate	keel	POST	/_calls/keel/application/{application}/pin	/application/{}/pin	out-of-mesh	com.netflix.spinnaker.gate.services.internal.KeelService	
1.30.4	gate	keel	POST	/_calls/keel/application/{application}/veto	/application/{}/veto	out-of-mesh	com.netflix.spinnaker.gate.services.internal.KeelService	
1.30.4	gate	keel	POST	/_calls/keel/delivery-configs	/delivery-configs	out-of-mesh	com.netflix.spinnaker.gate.services.internal.KeelService	
1.30.4	gate	keel	POST	/_calls/keel/delivery-configs/diff	/delivery-configs/diff	out-of-mesh	com.netflix.spinnaker.gate.services.internal.KeelService	
1.30.4	gate	keel	POST	/_calls/keel/delivery-configs/validate	/delivery-configs/validate	out-of-mesh	com.netflix.spinnaker.gate.services.internal.KeelService	
1.30.4	gate	keel	POST	/_calls/keel/graphql	/graphql	out-of-mesh	com.netflix.spinnaker.gate.services.internal.KeelService	
1.30.4	gate	keel	POST	/_calls/keel/resources	/resources	out-of-mesh	com.netflix.spinnaker.gate.services.internal.KeelService	
1.30.4	gate	keel	POST	/_calls/keel/resources/diff	/resources/diff	out-of-mesh	com.netflix.spinnaker.gate.services.internal.KeelService	
1.30.4	gate	keel	POST	/_calls/keel/resources/{name}/pause	/resources/{}/pause	out-of-mesh	com.netflix.spinnaker.gate.services.internal.KeelService	
1.30.4	igor	keel	POST	/_calls/keel/artifacts/events	/artifacts/events	out-of-mesh	com.netflix.spinnaker.igor.keel.KeelService	
1.30.4	orca	keel	DELETE	/_calls/keel/application/{application}/config	/application/{}/config	out-of-mesh	com.netflix.spinnaker.orca.KeelService	
1.30.4	orca	keel	POST	/_calls/keel/delivery-configs	/delivery-configs	out-of-mesh	com.netflix.spinnaker.orca.KeelService	
1.30.4	clouddriver	front50	GET	/_calls/front50/credentials	/credentials	stale	com.netflix.spinnaker.clouddriver.core.services.Front50Service	
1.30.4	echo	front50	POST	/_calls/front50/graphql	/graphql	stale	com.netflix.spinnaker.echo.services.Front50Service	
1.30.4	gate	clouddriver	GET	/_calls/clouddriver/applications/{name}/clusters/{account}/{cluster}/{type}/loadBalancers	/applications/{}/clusters/{}/{}/{}/loadBalancers	stale	com.netflix.spinnaker.gate.services.internal.ClouddriverService	
1.30.4	gate	clouddriver	POST	/_calls/clouddriver/applications/{name}/jobs/{account}/{region}/{jobName}	/applications/{}/jobs/{}/{}/{}	stale	com.netflix.spinnaker.gate.services.internal.ClouddriverService	
1.30.4	gate	front50	GET	/_calls/front50/credentials	/credentials	stale	com.netflix.spinnaker.gate.services.internal.Front50Service	
1.30.4	gate	front50	POST	/_calls/front50/pipelines/move	/pipelines/move	stale	com.netflix.spinnaker.gate.services.internal.Front50Service	
1.30.4	gate	front50	POST	/_calls/front50/strategies/move	/strategies/move	stale	com.netflix.spinnaker.gate.services.internal.Front50Service	
1.30.4	orca	echo	GET	/_calls/echo/events/recent/{type}/{since}	/events/recent/{}/{}	stale	com.netflix.spinnaker.orca.echo.EchoService	
1.30.4	orca	front50	GET	/_calls/front50/credentials	/credentials	stale	com.netflix.spinnaker.orca.front50.Front50Service	
1.30.5	gate	clouddriver	GET	/_calls/clouddriver/health	/health	actuator	com.netflix.spinnaker.gate.services.internal.HealthCheckableService	
1.30.5	gate	clouddriver	GET	/_calls/clouddriver/installedPlugins	/installedPlugins	actuator	com.netflix.spinnaker.gate.services.internal.ClouddriverService	
1.30.5	gate	echo	GET	/_calls/echo/health	/health	actuator	com.netflix.spinnaker.gate.services.internal.HealthCheckableService	
1.30.5	gate	echo	GET	/_calls/echo/installedPlugins	/installedPlugins	actuator	com.netflix.spinnaker.gate.services.internal.EchoService	
1.30.5	gate	fiat	GET	/_calls/fiat/installedPlugins	/installedPlugins	actuator	com.netflix.spinnaker.gate.services.internal.ExtendedFiatService	
1.30.5	gate	front50	GET	/_calls/front50/health	/health	actuator	com.netflix.spinnaker.gate.services.internal.HealthCheckableService	
1.30.5	gate	front50	GET	/_calls/front50/installedPlugins	/installedPlugins	actuator	com.netflix.spinnaker.gate.services.internal.Front50Service	
1.30.5	gate	igor	GET	/_calls/igor/health	/health	actuator	com.netflix.spinnaker.gate.services.internal.HealthCheckableService	
1.30.5	gate	igor	GET	/_calls/igor/installedPlugins	/installedPlugins	actuator	com.netflix.spinnaker.gate.services.internal.IgorService	
1.30.5	gate	orca	GET	/_calls/orca/health	/health	actuator	com.netflix.spinnaker.gate.services.internal.HealthCheckableService	
1.30.5	gate	orca	GET	/_calls/orca/installedPlugins	/installedPlugins	actuator	com.netflix.spinnaker.gate.services.internal.OrcaService	
1.30.5	gate	rosco	GET	/_calls/rosco/installedPlugins	/installedPlugins	actuator	com.netflix.spinnaker.gate.services.internal.RoscoService	
1.30.5	orca	clouddriver	PUT	/_calls/clouddriver/admin/db/truncate/{namespace}	/admin/db/truncate/{}	framework	com.netflix.spinnaker.orca.clouddriver.CloudDriverCacheService	excluded by provenance: PUT /admin/db/truncate/{}
1.30.5	clouddriver	fiat	DELETE	/_calls/fiat/roles/{userId}	/roles/{}	indirect-fiat	com.netflix.spinnaker.fiat.shared.FiatService	dropped family (owner ruling 2026-09-12)
1.30.5	clouddriver	fiat	GET	/_calls/fiat/authorize/{userId}	/authorize/{}	indirect-fiat	com.netflix.spinnaker.fiat.shared.FiatService	dropped family (owner ruling 2026-09-12)
1.30.5	clouddriver	fiat	GET	/_calls/fiat/authorize/{userId}/{resourceType}/{resourceName}/{authorization}	/authorize/{}/{}/{}/{}	indirect-fiat	com.netflix.spinnaker.fiat.shared.FiatService	dropped family (owner ruling 2026-09-12)
1.30.5	clouddriver	fiat	POST	/_calls/fiat/authorize/{userId}/{resourceType}/create	/authorize/{}/{}/create	indirect-fiat	com.netflix.spinnaker.fiat.shared.FiatService	dropped family (owner ruling 2026-09-12)
1.30.5	clouddriver	fiat	POST	/_calls/fiat/roles/sync	/roles/sync	indirect-fiat	com.netflix.spinnaker.fiat.shared.FiatService	dropped family (owner ruling 2026-09-12)
1.30.5	clouddriver	fiat	POST	/_calls/fiat/roles/sync/serviceAccount/{serviceAccountId}	/roles/sync/serviceAccount/{}	indirect-fiat	com.netflix.spinnaker.fiat.shared.FiatService	dropped family (owner ruling 2026-09-12)
1.30.5	clouddriver	fiat	POST	/_calls/fiat/roles/{userId}	/roles/{}	indirect-fiat	com.netflix.spinnaker.fiat.shared.FiatService	dropped family (owner ruling 2026-09-12)
1.30.5	clouddriver	fiat	PUT	/_calls/fiat/roles/{userId}	/roles/{}	indirect-fiat	com.netflix.spinnaker.fiat.shared.FiatService	dropped family (owner ruling 2026-09-12)
1.30.5	echo	fiat	DELETE	/_calls/fiat/roles/{userId}	/roles/{}	indirect-fiat	com.netflix.spinnaker.fiat.shared.FiatService	dropped family (owner ruling 2026-09-12)
1.30.5	echo	fiat	GET	/_calls/fiat/authorize/{userId}	/authorize/{}	indirect-fiat	com.netflix.spinnaker.fiat.shared.FiatService	dropped family (owner ruling 2026-09-12)
1.30.5	echo	fiat	GET	/_calls/fiat/authorize/{userId}/{resourceType}/{resourceName}/{authorization}	/authorize/{}/{}/{}/{}	indirect-fiat	com.netflix.spinnaker.fiat.shared.FiatService	dropped family (owner ruling 2026-09-12)
1.30.5	echo	fiat	POST	/_calls/fiat/authorize/{userId}/{resourceType}/create	/authorize/{}/{}/create	indirect-fiat	com.netflix.spinnaker.fiat.shared.FiatService	dropped family (owner ruling 2026-09-12)
1.30.5	echo	fiat	POST	/_calls/fiat/roles/sync	/roles/sync	indirect-fiat	com.netflix.spinnaker.fiat.shared.FiatService	dropped family (owner ruling 2026-09-12)
1.30.5	echo	fiat	POST	/_calls/fiat/roles/sync/serviceAccount/{serviceAccountId}	/roles/sync/serviceAccount/{}	indirect-fiat	com.netflix.spinnaker.fiat.shared.FiatService	dropped family (owner ruling 2026-09-12)
1.30.5	echo	fiat	POST	/_calls/fiat/roles/{userId}	/roles/{}	indirect-fiat	com.netflix.spinnaker.fiat.shared.FiatService	dropped family (owner ruling 2026-09-12)
1.30.5	echo	fiat	PUT	/_calls/fiat/roles/{userId}	/roles/{}	indirect-fiat	com.netflix.spinnaker.fiat.shared.FiatService	dropped family (owner ruling 2026-09-12)
1.30.5	igor	fiat	DELETE	/_calls/fiat/roles/{userId}	/roles/{}	indirect-fiat	com.netflix.spinnaker.fiat.shared.FiatService	dropped family (owner ruling 2026-09-12)
1.30.5	igor	fiat	GET	/_calls/fiat/authorize/{userId}	/authorize/{}	indirect-fiat	com.netflix.spinnaker.fiat.shared.FiatService	dropped family (owner ruling 2026-09-12)
1.30.5	igor	fiat	GET	/_calls/fiat/authorize/{userId}/{resourceType}/{resourceName}/{authorization}	/authorize/{}/{}/{}/{}	indirect-fiat	com.netflix.spinnaker.fiat.shared.FiatService	dropped family (owner ruling 2026-09-12)
1.30.5	igor	fiat	POST	/_calls/fiat/authorize/{userId}/{resourceType}/create	/authorize/{}/{}/create	indirect-fiat	com.netflix.spinnaker.fiat.shared.FiatService	dropped family (owner ruling 2026-09-12)
1.30.5	igor	fiat	POST	/_calls/fiat/roles/sync	/roles/sync	indirect-fiat	com.netflix.spinnaker.fiat.shared.FiatService	dropped family (owner ruling 2026-09-12)
1.30.5	igor	fiat	POST	/_calls/fiat/roles/sync/serviceAccount/{serviceAccountId}	/roles/sync/serviceAccount/{}	indirect-fiat	com.netflix.spinnaker.fiat.shared.FiatService	dropped family (owner ruling 2026-09-12)
1.30.5	igor	fiat	POST	/_calls/fiat/roles/{userId}	/roles/{}	indirect-fiat	com.netflix.spinnaker.fiat.shared.FiatService	dropped family (owner ruling 2026-09-12)
1.30.5	igor	fiat	PUT	/_calls/fiat/roles/{userId}	/roles/{}	indirect-fiat	com.netflix.spinnaker.fiat.shared.FiatService	dropped family (owner ruling 2026-09-12)
1.30.5	clouddriver	front50	GET	/_calls/front50/pluginInfo	/pluginInfo	kork	com.netflix.spinnaker.kork.plugins.update.internal.Front50Service	dropped family (owner ruling 2026-09-12)
1.30.5	clouddriver	front50	GET	/_calls/front50/pluginInfo/{id}	/pluginInfo/{}	kork	com.netflix.spinnaker.kork.plugins.update.internal.Front50Service	dropped family (owner ruling 2026-09-12)
1.30.5	clouddriver	front50	PUT	/_calls/front50/pluginVersions/{serverGroupName}	/pluginVersions/{}	kork	com.netflix.spinnaker.kork.plugins.update.internal.Front50Service	dropped family (owner ruling 2026-09-12)
1.30.5	echo	front50	GET	/_calls/front50/pluginInfo	/pluginInfo	kork	com.netflix.spinnaker.kork.plugins.update.internal.Front50Service	dropped family (owner ruling 2026-09-12)
1.30.5	echo	front50	GET	/_calls/front50/pluginInfo/{id}	/pluginInfo/{}	kork	com.netflix.spinnaker.kork.plugins.update.internal.Front50Service	dropped family (owner ruling 2026-09-12)
1.30.5	echo	front50	PUT	/_calls/front50/pluginVersions/{serverGroupName}	/pluginVersions/{}	kork	com.netflix.spinnaker.kork.plugins.update.internal.Front50Service	dropped family (owner ruling 2026-09-12)
1.30.5	fiat	front50	GET	/_calls/front50/pluginInfo	/pluginInfo	kork	com.netflix.spinnaker.kork.plugins.update.internal.Front50Service	dropped family (owner ruling 2026-09-12)
1.30.5	fiat	front50	GET	/_calls/front50/pluginInfo/{id}	/pluginInfo/{}	kork	com.netflix.spinnaker.kork.plugins.update.internal.Front50Service	dropped family (owner ruling 2026-09-12)
1.30.5	fiat	front50	PUT	/_calls/front50/pluginVersions/{serverGroupName}	/pluginVersions/{}	kork	com.netflix.spinnaker.kork.plugins.update.internal.Front50Service	dropped family (owner ruling 2026-09-12)
1.30.5	front50	front50	GET	/_calls/front50/pluginInfo	/pluginInfo	kork	com.netflix.spinnaker.kork.plugins.update.internal.Front50Service	dropped family (owner ruling 2026-09-12)
1.30.5	front50	front50	GET	/_calls/front50/pluginInfo/{id}	/pluginInfo/{}	kork	com.netflix.spinnaker.kork.plugins.update.internal.Front50Service	dropped family (owner ruling 2026-09-12)
1.30.5	front50	front50	PUT	/_calls/front50/pluginVersions/{serverGroupName}	/pluginVersions/{}	kork	com.netflix.spinnaker.kork.plugins.update.internal.Front50Service	dropped family (owner ruling 2026-09-12)
1.30.5	gate	front50	GET	/_calls/front50/pluginInfo/{id}	/pluginInfo/{}	kork	com.netflix.spinnaker.kork.plugins.update.internal.Front50Service	dropped family (owner ruling 2026-09-12)
1.30.5	gate	front50	PUT	/_calls/front50/pluginVersions/{serverGroupName}	/pluginVersions/{}	kork	com.netflix.spinnaker.kork.plugins.update.internal.Front50Service	dropped family (owner ruling 2026-09-12)
1.30.5	igor	front50	GET	/_calls/front50/pluginInfo/{id}	/pluginInfo/{}	kork	com.netflix.spinnaker.kork.plugins.update.internal.Front50Service	dropped family (owner ruling 2026-09-12)
1.30.5	igor	front50	PUT	/_calls/front50/pluginVersions/{serverGroupName}	/pluginVersions/{}	kork	com.netflix.spinnaker.kork.plugins.update.internal.Front50Service	dropped family (owner ruling 2026-09-12)
1.30.5	kayenta	front50	GET	/_calls/front50/pluginInfo	/pluginInfo	kork	com.netflix.spinnaker.kork.plugins.update.internal.Front50Service	dropped family (owner ruling 2026-09-12)
1.30.5	kayenta	front50	GET	/_calls/front50/pluginInfo/{id}	/pluginInfo/{}	kork	com.netflix.spinnaker.kork.plugins.update.internal.Front50Service	dropped family (owner ruling 2026-09-12)
1.30.5	kayenta	front50	PUT	/_calls/front50/pluginVersions/{serverGroupName}	/pluginVersions/{}	kork	com.netflix.spinnaker.kork.plugins.update.internal.Front50Service	dropped family (owner ruling 2026-09-12)
1.30.5	orca	front50	GET	/_calls/front50/pluginInfo	/pluginInfo	kork	com.netflix.spinnaker.kork.plugins.update.internal.Front50Service	dropped family (owner ruling 2026-09-12)
1.30.5	orca	front50	GET	/_calls/front50/pluginInfo/{id}	/pluginInfo/{}	kork	com.netflix.spinnaker.kork.plugins.update.internal.Front50Service	dropped family (owner ruling 2026-09-12)
1.30.5	orca	front50	PUT	/_calls/front50/pluginVersions/{serverGroupName}	/pluginVersions/{}	kork	com.netflix.spinnaker.kork.plugins.update.internal.Front50Service	dropped family (owner ruling 2026-09-12)
1.30.5	rosco	front50	GET	/_calls/front50/pluginInfo	/pluginInfo	kork	com.netflix.spinnaker.kork.plugins.update.internal.Front50Service	dropped family (owner ruling 2026-09-12)
1.30.5	rosco	front50	GET	/_calls/front50/pluginInfo/{id}	/pluginInfo/{}	kork	com.netflix.spinnaker.kork.plugins.update.internal.Front50Service	dropped family (owner ruling 2026-09-12)
1.30.5	rosco	front50	PUT	/_calls/front50/pluginVersions/{serverGroupName}	/pluginVersions/{}	kork	com.netflix.spinnaker.kork.plugins.update.internal.Front50Service	dropped family (owner ruling 2026-09-12)
1.30.5	echo	keel	POST	/_calls/keel/artifacts/events	/artifacts/events	out-of-mesh	com.netflix.spinnaker.echo.services.KeelService	
1.30.5	gate	keel	DELETE	/_calls/keel/application/{application}/config	/application/{}/config	out-of-mesh	com.netflix.spinnaker.gate.services.internal.KeelService	
1.30.5	gate	keel	DELETE	/_calls/keel/application/{application}/pause	/application/{}/pause	out-of-mesh	com.netflix.spinnaker.gate.services.internal.KeelService	
1.30.5	gate	keel	DELETE	/_calls/keel/application/{application}/pin/{targetEnvironment}	/application/{}/pin/{}	out-of-mesh	com.netflix.spinnaker.gate.services.internal.KeelService	
1.30.5	gate	keel	DELETE	/_calls/keel/application/{application}/veto/{targetEnvironment}/{reference}/{version}	/application/{}/veto/{}/{}/{}	out-of-mesh	com.netflix.spinnaker.gate.services.internal.KeelService	
1.30.5	gate	keel	DELETE	/_calls/keel/delivery-configs/{name}	/delivery-configs/{}	out-of-mesh	com.netflix.spinnaker.gate.services.internal.KeelService	
1.30.5	gate	keel	DELETE	/_calls/keel/resources/{name}	/resources/{}	out-of-mesh	com.netflix.spinnaker.gate.services.internal.KeelService	
1.30.5	gate	keel	DELETE	/_calls/keel/resources/{name}/pause	/resources/{}/pause	out-of-mesh	com.netflix.spinnaker.gate.services.internal.KeelService	
1.30.5	gate	keel	GET	/_calls/keel/application/{application}	/application/{}	out-of-mesh	com.netflix.spinnaker.gate.services.internal.KeelService	
1.30.5	gate	keel	GET	/_calls/keel/application/{application}/config	/application/{}/config	out-of-mesh	com.netflix.spinnaker.gate.services.internal.KeelService	
1.30.5	gate	keel	GET	/_calls/keel/application/{application}/environment/{environment}/constraints	/application/{}/environment/{}/constraints	out-of-mesh	com.netflix.spinnaker.gate.services.internal.KeelService	
1.30.5	gate	keel	GET	/_calls/keel/delivery-configs/schema	/delivery-configs/schema	out-of-mesh	com.netflix.spinnaker.gate.services.internal.KeelService	
1.30.5	gate	keel	GET	/_calls/keel/delivery-configs/{name}	/delivery-configs/{}	out-of-mesh	com.netflix.spinnaker.gate.services.internal.KeelService	
1.30.5	gate	keel	GET	/_calls/keel/delivery-configs/{name}/artifacts	/delivery-configs/{}/artifacts	out-of-mesh	com.netflix.spinnaker.gate.services.internal.KeelService	
1.30.5	gate	keel	GET	/_calls/keel/environments/{application}	/environments/{}	out-of-mesh	com.netflix.spinnaker.gate.services.internal.KeelService	
1.30.5	gate	keel	GET	/_calls/keel/export/artifact/{cloudProvider}/{account}/{clusterName}	/export/artifact/{}/{}/{}	out-of-mesh	com.netflix.spinnaker.gate.services.internal.KeelService	
1.30.5	gate	keel	GET	/_calls/keel/export/{cloudProvider}/{account}/{type}/{name}	/export/{}/{}/{}/{}	out-of-mesh	com.netflix.spinnaker.gate.services.internal.KeelService	
1.30.5	gate	keel	GET	/_calls/keel/health	/health	out-of-mesh	com.netflix.spinnaker.gate.services.internal.HealthCheckableService	
1.30.5	gate	keel	GET	/_calls/keel/installedPlugins	/installedPlugins	out-of-mesh	com.netflix.spinnaker.gate.services.internal.KeelService	
1.30.5	gate	keel	GET	/_calls/keel/reports/adoption	/reports/adoption	out-of-mesh	com.netflix.spinnaker.gate.services.internal.KeelService	
1.30.5	gate	keel	GET	/_calls/keel/reports/onboarding	/reports/onboarding	out-of-mesh	com.netflix.spinnaker.gate.services.internal.KeelService	
1.30.5	gate	keel	GET	/_calls/keel/resources/events/{name}	/resources/events/{}	out-of-mesh	com.netflix.spinnaker.gate.services.internal.KeelService	
1.30.5	gate	keel	GET	/_calls/keel/resources/{name}	/resources/{}	out-of-mesh	com.netflix.spinnaker.gate.services.internal.KeelService	
1.30.5	gate	keel	GET	/_calls/keel/resources/{name}/status	/resources/{}/status	out-of-mesh	com.netflix.spinnaker.gate.services.internal.KeelService	
1.30.5	gate	keel	POST	/_calls/keel/application/{application}/environment/{environment}/constraint	/application/{}/environment/{}/constraint	out-of-mesh	com.netflix.spinnaker.gate.services.internal.KeelService	
1.30.5	gate	keel	POST	/_calls/keel/application/{application}/environment/{environment}/verifications	/application/{}/environment/{}/verifications	out-of-mesh	com.netflix.spinnaker.gate.services.internal.KeelService	
1.30.5	gate	keel	POST	/_calls/keel/application/{application}/environment/{environment}/verifications/retry	/application/{}/environment/{}/verifications/retry	out-of-mesh	com.netflix.spinnaker.gate.services.internal.KeelService	
1.30.5	gate	keel	POST	/_calls/keel/application/{application}/mark/bad	/application/{}/mark/bad	out-of-mesh	com.netflix.spinnaker.gate.services.internal.KeelService	
1.30.5	gate	keel	POST	/_calls/keel/application/{application}/mark/good	/application/{}/mark/good	out-of-mesh	com.netflix.spinnaker.gate.services.internal.KeelService	
1.30.5	gate	keel	POST	/_calls/keel/application/{application}/pause	/application/{}/pause	out-of-mesh	com.netflix.spinnaker.gate.services.internal.KeelService	
1.30.5	gate	keel	POST	/_calls/keel/application/{application}/pin	/application/{}/pin	out-of-mesh	com.netflix.spinnaker.gate.services.internal.KeelService	
1.30.5	gate	keel	POST	/_calls/keel/application/{application}/veto	/application/{}/veto	out-of-mesh	com.netflix.spinnaker.gate.services.internal.KeelService	
1.30.5	gate	keel	POST	/_calls/keel/delivery-configs	/delivery-configs	out-of-mesh	com.netflix.spinnaker.gate.services.internal.KeelService	
1.30.5	gate	keel	POST	/_calls/keel/delivery-configs/diff	/delivery-configs/diff	out-of-mesh	com.netflix.spinnaker.gate.services.internal.KeelService	
1.30.5	gate	keel	POST	/_calls/keel/delivery-configs/validate	/delivery-configs/validate	out-of-mesh	com.netflix.spinnaker.gate.services.internal.KeelService	
1.30.5	gate	keel	POST	/_calls/keel/graphql	/graphql	out-of-mesh	com.netflix.spinnaker.gate.services.internal.KeelService	
1.30.5	gate	keel	POST	/_calls/keel/resources	/resources	out-of-mesh	com.netflix.spinnaker.gate.services.internal.KeelService	
1.30.5	gate	keel	POST	/_calls/keel/resources/diff	/resources/diff	out-of-mesh	com.netflix.spinnaker.gate.services.internal.KeelService	
1.30.5	gate	keel	POST	/_calls/keel/resources/{name}/pause	/resources/{}/pause	out-of-mesh	com.netflix.spinnaker.gate.services.internal.KeelService	
1.30.5	igor	keel	POST	/_calls/keel/artifacts/events	/artifacts/events	out-of-mesh	com.netflix.spinnaker.igor.keel.KeelService	
1.30.5	orca	keel	DELETE	/_calls/keel/application/{application}/config	/application/{}/config	out-of-mesh	com.netflix.spinnaker.orca.KeelService	
1.30.5	orca	keel	POST	/_calls/keel/delivery-configs	/delivery-configs	out-of-mesh	com.netflix.spinnaker.orca.KeelService	
1.30.5	clouddriver	front50	GET	/_calls/front50/credentials	/credentials	stale	com.netflix.spinnaker.clouddriver.core.services.Front50Service	
1.30.5	echo	front50	POST	/_calls/front50/graphql	/graphql	stale	com.netflix.spinnaker.echo.services.Front50Service	
1.30.5	gate	clouddriver	GET	/_calls/clouddriver/applications/{name}/clusters/{account}/{cluster}/{type}/loadBalancers	/applications/{}/clusters/{}/{}/{}/loadBalancers	stale	com.netflix.spinnaker.gate.services.internal.ClouddriverService	
1.30.5	gate	clouddriver	POST	/_calls/clouddriver/applications/{name}/jobs/{account}/{region}/{jobName}	/applications/{}/jobs/{}/{}/{}	stale	com.netflix.spinnaker.gate.services.internal.ClouddriverService	
1.30.5	gate	front50	GET	/_calls/front50/credentials	/credentials	stale	com.netflix.spinnaker.gate.services.internal.Front50Service	
1.30.5	gate	front50	POST	/_calls/front50/pipelines/move	/pipelines/move	stale	com.netflix.spinnaker.gate.services.internal.Front50Service	
1.30.5	gate	front50	POST	/_calls/front50/strategies/move	/strategies/move	stale	com.netflix.spinnaker.gate.services.internal.Front50Service	
1.30.5	orca	echo	GET	/_calls/echo/events/recent/{type}/{since}	/events/recent/{}/{}	stale	com.netflix.spinnaker.orca.echo.EchoService	
1.30.5	orca	front50	GET	/_calls/front50/credentials	/credentials	stale	com.netflix.spinnaker.orca.front50.Front50Service	
1.30.6	gate	clouddriver	GET	/_calls/clouddriver/health	/health	actuator	com.netflix.spinnaker.gate.services.internal.HealthCheckableService	
1.30.6	gate	clouddriver	GET	/_calls/clouddriver/installedPlugins	/installedPlugins	actuator	com.netflix.spinnaker.gate.services.internal.ClouddriverService	
1.30.6	gate	echo	GET	/_calls/echo/health	/health	actuator	com.netflix.spinnaker.gate.services.internal.HealthCheckableService	
1.30.6	gate	echo	GET	/_calls/echo/installedPlugins	/installedPlugins	actuator	com.netflix.spinnaker.gate.services.internal.EchoService	
1.30.6	gate	fiat	GET	/_calls/fiat/installedPlugins	/installedPlugins	actuator	com.netflix.spinnaker.gate.services.internal.ExtendedFiatService	
1.30.6	gate	front50	GET	/_calls/front50/health	/health	actuator	com.netflix.spinnaker.gate.services.internal.HealthCheckableService	
1.30.6	gate	front50	GET	/_calls/front50/installedPlugins	/installedPlugins	actuator	com.netflix.spinnaker.gate.services.internal.Front50Service	
1.30.6	gate	igor	GET	/_calls/igor/health	/health	actuator	com.netflix.spinnaker.gate.services.internal.HealthCheckableService	
1.30.6	gate	igor	GET	/_calls/igor/installedPlugins	/installedPlugins	actuator	com.netflix.spinnaker.gate.services.internal.IgorService	
1.30.6	gate	orca	GET	/_calls/orca/health	/health	actuator	com.netflix.spinnaker.gate.services.internal.HealthCheckableService	
1.30.6	gate	orca	GET	/_calls/orca/installedPlugins	/installedPlugins	actuator	com.netflix.spinnaker.gate.services.internal.OrcaService	
1.30.6	gate	rosco	GET	/_calls/rosco/installedPlugins	/installedPlugins	actuator	com.netflix.spinnaker.gate.services.internal.RoscoService	
1.30.6	orca	clouddriver	PUT	/_calls/clouddriver/admin/db/truncate/{namespace}	/admin/db/truncate/{}	framework	com.netflix.spinnaker.orca.clouddriver.CloudDriverCacheService	excluded by provenance: PUT /admin/db/truncate/{}
1.30.6	clouddriver	fiat	DELETE	/_calls/fiat/roles/{userId}	/roles/{}	indirect-fiat	com.netflix.spinnaker.fiat.shared.FiatService	dropped family (owner ruling 2026-09-12)
1.30.6	clouddriver	fiat	GET	/_calls/fiat/authorize/{userId}	/authorize/{}	indirect-fiat	com.netflix.spinnaker.fiat.shared.FiatService	dropped family (owner ruling 2026-09-12)
1.30.6	clouddriver	fiat	GET	/_calls/fiat/authorize/{userId}/{resourceType}/{resourceName}/{authorization}	/authorize/{}/{}/{}/{}	indirect-fiat	com.netflix.spinnaker.fiat.shared.FiatService	dropped family (owner ruling 2026-09-12)
1.30.6	clouddriver	fiat	POST	/_calls/fiat/authorize/{userId}/{resourceType}/create	/authorize/{}/{}/create	indirect-fiat	com.netflix.spinnaker.fiat.shared.FiatService	dropped family (owner ruling 2026-09-12)
1.30.6	clouddriver	fiat	POST	/_calls/fiat/roles/sync	/roles/sync	indirect-fiat	com.netflix.spinnaker.fiat.shared.FiatService	dropped family (owner ruling 2026-09-12)
1.30.6	clouddriver	fiat	POST	/_calls/fiat/roles/sync/serviceAccount/{serviceAccountId}	/roles/sync/serviceAccount/{}	indirect-fiat	com.netflix.spinnaker.fiat.shared.FiatService	dropped family (owner ruling 2026-09-12)
1.30.6	clouddriver	fiat	POST	/_calls/fiat/roles/{userId}	/roles/{}	indirect-fiat	com.netflix.spinnaker.fiat.shared.FiatService	dropped family (owner ruling 2026-09-12)
1.30.6	clouddriver	fiat	PUT	/_calls/fiat/roles/{userId}	/roles/{}	indirect-fiat	com.netflix.spinnaker.fiat.shared.FiatService	dropped family (owner ruling 2026-09-12)
1.30.6	echo	fiat	DELETE	/_calls/fiat/roles/{userId}	/roles/{}	indirect-fiat	com.netflix.spinnaker.fiat.shared.FiatService	dropped family (owner ruling 2026-09-12)
1.30.6	echo	fiat	GET	/_calls/fiat/authorize/{userId}	/authorize/{}	indirect-fiat	com.netflix.spinnaker.fiat.shared.FiatService	dropped family (owner ruling 2026-09-12)
1.30.6	echo	fiat	GET	/_calls/fiat/authorize/{userId}/{resourceType}/{resourceName}/{authorization}	/authorize/{}/{}/{}/{}	indirect-fiat	com.netflix.spinnaker.fiat.shared.FiatService	dropped family (owner ruling 2026-09-12)
1.30.6	echo	fiat	POST	/_calls/fiat/authorize/{userId}/{resourceType}/create	/authorize/{}/{}/create	indirect-fiat	com.netflix.spinnaker.fiat.shared.FiatService	dropped family (owner ruling 2026-09-12)
1.30.6	echo	fiat	POST	/_calls/fiat/roles/sync	/roles/sync	indirect-fiat	com.netflix.spinnaker.fiat.shared.FiatService	dropped family (owner ruling 2026-09-12)
1.30.6	echo	fiat	POST	/_calls/fiat/roles/sync/serviceAccount/{serviceAccountId}	/roles/sync/serviceAccount/{}	indirect-fiat	com.netflix.spinnaker.fiat.shared.FiatService	dropped family (owner ruling 2026-09-12)
1.30.6	echo	fiat	POST	/_calls/fiat/roles/{userId}	/roles/{}	indirect-fiat	com.netflix.spinnaker.fiat.shared.FiatService	dropped family (owner ruling 2026-09-12)
1.30.6	echo	fiat	PUT	/_calls/fiat/roles/{userId}	/roles/{}	indirect-fiat	com.netflix.spinnaker.fiat.shared.FiatService	dropped family (owner ruling 2026-09-12)
1.30.6	igor	fiat	DELETE	/_calls/fiat/roles/{userId}	/roles/{}	indirect-fiat	com.netflix.spinnaker.fiat.shared.FiatService	dropped family (owner ruling 2026-09-12)
1.30.6	igor	fiat	GET	/_calls/fiat/authorize/{userId}	/authorize/{}	indirect-fiat	com.netflix.spinnaker.fiat.shared.FiatService	dropped family (owner ruling 2026-09-12)
1.30.6	igor	fiat	GET	/_calls/fiat/authorize/{userId}/{resourceType}/{resourceName}/{authorization}	/authorize/{}/{}/{}/{}	indirect-fiat	com.netflix.spinnaker.fiat.shared.FiatService	dropped family (owner ruling 2026-09-12)
1.30.6	igor	fiat	POST	/_calls/fiat/authorize/{userId}/{resourceType}/create	/authorize/{}/{}/create	indirect-fiat	com.netflix.spinnaker.fiat.shared.FiatService	dropped family (owner ruling 2026-09-12)
1.30.6	igor	fiat	POST	/_calls/fiat/roles/sync	/roles/sync	indirect-fiat	com.netflix.spinnaker.fiat.shared.FiatService	dropped family (owner ruling 2026-09-12)
1.30.6	igor	fiat	POST	/_calls/fiat/roles/sync/serviceAccount/{serviceAccountId}	/roles/sync/serviceAccount/{}	indirect-fiat	com.netflix.spinnaker.fiat.shared.FiatService	dropped family (owner ruling 2026-09-12)
1.30.6	igor	fiat	POST	/_calls/fiat/roles/{userId}	/roles/{}	indirect-fiat	com.netflix.spinnaker.fiat.shared.FiatService	dropped family (owner ruling 2026-09-12)
1.30.6	igor	fiat	PUT	/_calls/fiat/roles/{userId}	/roles/{}	indirect-fiat	com.netflix.spinnaker.fiat.shared.FiatService	dropped family (owner ruling 2026-09-12)
1.30.6	clouddriver	front50	GET	/_calls/front50/pluginInfo	/pluginInfo	kork	com.netflix.spinnaker.kork.plugins.update.internal.Front50Service	dropped family (owner ruling 2026-09-12)
1.30.6	clouddriver	front50	GET	/_calls/front50/pluginInfo/{id}	/pluginInfo/{}	kork	com.netflix.spinnaker.kork.plugins.update.internal.Front50Service	dropped family (owner ruling 2026-09-12)
1.30.6	clouddriver	front50	PUT	/_calls/front50/pluginVersions/{serverGroupName}	/pluginVersions/{}	kork	com.netflix.spinnaker.kork.plugins.update.internal.Front50Service	dropped family (owner ruling 2026-09-12)
1.30.6	echo	front50	GET	/_calls/front50/pluginInfo	/pluginInfo	kork	com.netflix.spinnaker.kork.plugins.update.internal.Front50Service	dropped family (owner ruling 2026-09-12)
1.30.6	echo	front50	GET	/_calls/front50/pluginInfo/{id}	/pluginInfo/{}	kork	com.netflix.spinnaker.kork.plugins.update.internal.Front50Service	dropped family (owner ruling 2026-09-12)
1.30.6	echo	front50	PUT	/_calls/front50/pluginVersions/{serverGroupName}	/pluginVersions/{}	kork	com.netflix.spinnaker.kork.plugins.update.internal.Front50Service	dropped family (owner ruling 2026-09-12)
1.30.6	fiat	front50	GET	/_calls/front50/pluginInfo	/pluginInfo	kork	com.netflix.spinnaker.kork.plugins.update.internal.Front50Service	dropped family (owner ruling 2026-09-12)
1.30.6	fiat	front50	GET	/_calls/front50/pluginInfo/{id}	/pluginInfo/{}	kork	com.netflix.spinnaker.kork.plugins.update.internal.Front50Service	dropped family (owner ruling 2026-09-12)
1.30.6	fiat	front50	PUT	/_calls/front50/pluginVersions/{serverGroupName}	/pluginVersions/{}	kork	com.netflix.spinnaker.kork.plugins.update.internal.Front50Service	dropped family (owner ruling 2026-09-12)
1.30.6	front50	front50	GET	/_calls/front50/pluginInfo	/pluginInfo	kork	com.netflix.spinnaker.kork.plugins.update.internal.Front50Service	dropped family (owner ruling 2026-09-12)
1.30.6	front50	front50	GET	/_calls/front50/pluginInfo/{id}	/pluginInfo/{}	kork	com.netflix.spinnaker.kork.plugins.update.internal.Front50Service	dropped family (owner ruling 2026-09-12)
1.30.6	front50	front50	PUT	/_calls/front50/pluginVersions/{serverGroupName}	/pluginVersions/{}	kork	com.netflix.spinnaker.kork.plugins.update.internal.Front50Service	dropped family (owner ruling 2026-09-12)
1.30.6	gate	front50	GET	/_calls/front50/pluginInfo/{id}	/pluginInfo/{}	kork	com.netflix.spinnaker.kork.plugins.update.internal.Front50Service	dropped family (owner ruling 2026-09-12)
1.30.6	gate	front50	PUT	/_calls/front50/pluginVersions/{serverGroupName}	/pluginVersions/{}	kork	com.netflix.spinnaker.kork.plugins.update.internal.Front50Service	dropped family (owner ruling 2026-09-12)
1.30.6	igor	front50	GET	/_calls/front50/pluginInfo/{id}	/pluginInfo/{}	kork	com.netflix.spinnaker.kork.plugins.update.internal.Front50Service	dropped family (owner ruling 2026-09-12)
1.30.6	igor	front50	PUT	/_calls/front50/pluginVersions/{serverGroupName}	/pluginVersions/{}	kork	com.netflix.spinnaker.kork.plugins.update.internal.Front50Service	dropped family (owner ruling 2026-09-12)
1.30.6	kayenta	front50	GET	/_calls/front50/pluginInfo	/pluginInfo	kork	com.netflix.spinnaker.kork.plugins.update.internal.Front50Service	dropped family (owner ruling 2026-09-12)
1.30.6	kayenta	front50	GET	/_calls/front50/pluginInfo/{id}	/pluginInfo/{}	kork	com.netflix.spinnaker.kork.plugins.update.internal.Front50Service	dropped family (owner ruling 2026-09-12)
1.30.6	kayenta	front50	PUT	/_calls/front50/pluginVersions/{serverGroupName}	/pluginVersions/{}	kork	com.netflix.spinnaker.kork.plugins.update.internal.Front50Service	dropped family (owner ruling 2026-09-12)
1.30.6	orca	front50	GET	/_calls/front50/pluginInfo	/pluginInfo	kork	com.netflix.spinnaker.kork.plugins.update.internal.Front50Service	dropped family (owner ruling 2026-09-12)
1.30.6	orca	front50	GET	/_calls/front50/pluginInfo/{id}	/pluginInfo/{}	kork	com.netflix.spinnaker.kork.plugins.update.internal.Front50Service	dropped family (owner ruling 2026-09-12)
1.30.6	orca	front50	PUT	/_calls/front50/pluginVersions/{serverGroupName}	/pluginVersions/{}	kork	com.netflix.spinnaker.kork.plugins.update.internal.Front50Service	dropped family (owner ruling 2026-09-12)
1.30.6	rosco	front50	GET	/_calls/front50/pluginInfo	/pluginInfo	kork	com.netflix.spinnaker.kork.plugins.update.internal.Front50Service	dropped family (owner ruling 2026-09-12)
1.30.6	rosco	front50	GET	/_calls/front50/pluginInfo/{id}	/pluginInfo/{}	kork	com.netflix.spinnaker.kork.plugins.update.internal.Front50Service	dropped family (owner ruling 2026-09-12)
1.30.6	rosco	front50	PUT	/_calls/front50/pluginVersions/{serverGroupName}	/pluginVersions/{}	kork	com.netflix.spinnaker.kork.plugins.update.internal.Front50Service	dropped family (owner ruling 2026-09-12)
1.30.6	echo	keel	POST	/_calls/keel/artifacts/events	/artifacts/events	out-of-mesh	com.netflix.spinnaker.echo.services.KeelService	
1.30.6	gate	keel	DELETE	/_calls/keel/application/{application}/config	/application/{}/config	out-of-mesh	com.netflix.spinnaker.gate.services.internal.KeelService	
1.30.6	gate	keel	DELETE	/_calls/keel/application/{application}/pause	/application/{}/pause	out-of-mesh	com.netflix.spinnaker.gate.services.internal.KeelService	
1.30.6	gate	keel	DELETE	/_calls/keel/application/{application}/pin/{targetEnvironment}	/application/{}/pin/{}	out-of-mesh	com.netflix.spinnaker.gate.services.internal.KeelService	
1.30.6	gate	keel	DELETE	/_calls/keel/application/{application}/veto/{targetEnvironment}/{reference}/{version}	/application/{}/veto/{}/{}/{}	out-of-mesh	com.netflix.spinnaker.gate.services.internal.KeelService	
1.30.6	gate	keel	DELETE	/_calls/keel/delivery-configs/{name}	/delivery-configs/{}	out-of-mesh	com.netflix.spinnaker.gate.services.internal.KeelService	
1.30.6	gate	keel	DELETE	/_calls/keel/resources/{name}	/resources/{}	out-of-mesh	com.netflix.spinnaker.gate.services.internal.KeelService	
1.30.6	gate	keel	DELETE	/_calls/keel/resources/{name}/pause	/resources/{}/pause	out-of-mesh	com.netflix.spinnaker.gate.services.internal.KeelService	
1.30.6	gate	keel	GET	/_calls/keel/application/{application}	/application/{}	out-of-mesh	com.netflix.spinnaker.gate.services.internal.KeelService	
1.30.6	gate	keel	GET	/_calls/keel/application/{application}/config	/application/{}/config	out-of-mesh	com.netflix.spinnaker.gate.services.internal.KeelService	
1.30.6	gate	keel	GET	/_calls/keel/application/{application}/environment/{environment}/constraints	/application/{}/environment/{}/constraints	out-of-mesh	com.netflix.spinnaker.gate.services.internal.KeelService	
1.30.6	gate	keel	GET	/_calls/keel/delivery-configs/schema	/delivery-configs/schema	out-of-mesh	com.netflix.spinnaker.gate.services.internal.KeelService	
1.30.6	gate	keel	GET	/_calls/keel/delivery-configs/{name}	/delivery-configs/{}	out-of-mesh	com.netflix.spinnaker.gate.services.internal.KeelService	
1.30.6	gate	keel	GET	/_calls/keel/delivery-configs/{name}/artifacts	/delivery-configs/{}/artifacts	out-of-mesh	com.netflix.spinnaker.gate.services.internal.KeelService	
1.30.6	gate	keel	GET	/_calls/keel/environments/{application}	/environments/{}	out-of-mesh	com.netflix.spinnaker.gate.services.internal.KeelService	
1.30.6	gate	keel	GET	/_calls/keel/export/artifact/{cloudProvider}/{account}/{clusterName}	/export/artifact/{}/{}/{}	out-of-mesh	com.netflix.spinnaker.gate.services.internal.KeelService	
1.30.6	gate	keel	GET	/_calls/keel/export/{cloudProvider}/{account}/{type}/{name}	/export/{}/{}/{}/{}	out-of-mesh	com.netflix.spinnaker.gate.services.internal.KeelService	
1.30.6	gate	keel	GET	/_calls/keel/health	/health	out-of-mesh	com.netflix.spinnaker.gate.services.internal.HealthCheckableService	
1.30.6	gate	keel	GET	/_calls/keel/installedPlugins	/installedPlugins	out-of-mesh	com.netflix.spinnaker.gate.services.internal.KeelService	
1.30.6	gate	keel	GET	/_calls/keel/reports/adoption	/reports/adoption	out-of-mesh	com.netflix.spinnaker.gate.services.internal.KeelService	
1.30.6	gate	keel	GET	/_calls/keel/reports/onboarding	/reports/onboarding	out-of-mesh	com.netflix.spinnaker.gate.services.internal.KeelService	
1.30.6	gate	keel	GET	/_calls/keel/resources/events/{name}	/resources/events/{}	out-of-mesh	com.netflix.spinnaker.gate.services.internal.KeelService	
1.30.6	gate	keel	GET	/_calls/keel/resources/{name}	/resources/{}	out-of-mesh	com.netflix.spinnaker.gate.services.internal.KeelService	
1.30.6	gate	keel	GET	/_calls/keel/resources/{name}/status	/resources/{}/status	out-of-mesh	com.netflix.spinnaker.gate.services.internal.KeelService	
1.30.6	gate	keel	POST	/_calls/keel/application/{application}/environment/{environment}/constraint	/application/{}/environment/{}/constraint	out-of-mesh	com.netflix.spinnaker.gate.services.internal.KeelService	
1.30.6	gate	keel	POST	/_calls/keel/application/{application}/environment/{environment}/verifications	/application/{}/environment/{}/verifications	out-of-mesh	com.netflix.spinnaker.gate.services.internal.KeelService	
1.30.6	gate	keel	POST	/_calls/keel/application/{application}/environment/{environment}/verifications/retry	/application/{}/environment/{}/verifications/retry	out-of-mesh	com.netflix.spinnaker.gate.services.internal.KeelService	
1.30.6	gate	keel	POST	/_calls/keel/application/{application}/mark/bad	/application/{}/mark/bad	out-of-mesh	com.netflix.spinnaker.gate.services.internal.KeelService	
1.30.6	gate	keel	POST	/_calls/keel/application/{application}/mark/good	/application/{}/mark/good	out-of-mesh	com.netflix.spinnaker.gate.services.internal.KeelService	
1.30.6	gate	keel	POST	/_calls/keel/application/{application}/pause	/application/{}/pause	out-of-mesh	com.netflix.spinnaker.gate.services.internal.KeelService	
1.30.6	gate	keel	POST	/_calls/keel/application/{application}/pin	/application/{}/pin	out-of-mesh	com.netflix.spinnaker.gate.services.internal.KeelService	
1.30.6	gate	keel	POST	/_calls/keel/application/{application}/veto	/application/{}/veto	out-of-mesh	com.netflix.spinnaker.gate.services.internal.KeelService	
1.30.6	gate	keel	POST	/_calls/keel/delivery-configs	/delivery-configs	out-of-mesh	com.netflix.spinnaker.gate.services.internal.KeelService	
1.30.6	gate	keel	POST	/_calls/keel/delivery-configs/diff	/delivery-configs/diff	out-of-mesh	com.netflix.spinnaker.gate.services.internal.KeelService	
1.30.6	gate	keel	POST	/_calls/keel/delivery-configs/validate	/delivery-configs/validate	out-of-mesh	com.netflix.spinnaker.gate.services.internal.KeelService	
1.30.6	gate	keel	POST	/_calls/keel/graphql	/graphql	out-of-mesh	com.netflix.spinnaker.gate.services.internal.KeelService	
1.30.6	gate	keel	POST	/_calls/keel/resources	/resources	out-of-mesh	com.netflix.spinnaker.gate.services.internal.KeelService	
1.30.6	gate	keel	POST	/_calls/keel/resources/diff	/resources/diff	out-of-mesh	com.netflix.spinnaker.gate.services.internal.KeelService	
1.30.6	gate	keel	POST	/_calls/keel/resources/{name}/pause	/resources/{}/pause	out-of-mesh	com.netflix.spinnaker.gate.services.internal.KeelService	
1.30.6	igor	keel	POST	/_calls/keel/artifacts/events	/artifacts/events	out-of-mesh	com.netflix.spinnaker.igor.keel.KeelService	
1.30.6	orca	keel	DELETE	/_calls/keel/application/{application}/config	/application/{}/config	out-of-mesh	com.netflix.spinnaker.orca.KeelService	
1.30.6	orca	keel	POST	/_calls/keel/delivery-configs	/delivery-configs	out-of-mesh	com.netflix.spinnaker.orca.KeelService	
1.30.6	clouddriver	front50	GET	/_calls/front50/credentials	/credentials	stale	com.netflix.spinnaker.clouddriver.core.services.Front50Service	
1.30.6	echo	front50	POST	/_calls/front50/graphql	/graphql	stale	com.netflix.spinnaker.echo.services.Front50Service	
1.30.6	gate	clouddriver	GET	/_calls/clouddriver/applications/{name}/clusters/{account}/{cluster}/{type}/loadBalancers	/applications/{}/clusters/{}/{}/{}/loadBalancers	stale	com.netflix.spinnaker.gate.services.internal.ClouddriverService	
1.30.6	gate	clouddriver	POST	/_calls/clouddriver/applications/{name}/jobs/{account}/{region}/{jobName}	/applications/{}/jobs/{}/{}/{}	stale	com.netflix.spinnaker.gate.services.internal.ClouddriverService	
1.30.6	gate	front50	GET	/_calls/front50/credentials	/credentials	stale	com.netflix.spinnaker.gate.services.internal.Front50Service	
1.30.6	gate	front50	POST	/_calls/front50/pipelines/move	/pipelines/move	stale	com.netflix.spinnaker.gate.services.internal.Front50Service	
1.30.6	gate	front50	POST	/_calls/front50/strategies/move	/strategies/move	stale	com.netflix.spinnaker.gate.services.internal.Front50Service	
1.30.6	orca	echo	GET	/_calls/echo/events/recent/{type}/{since}	/events/recent/{}/{}	stale	com.netflix.spinnaker.orca.echo.EchoService	
1.30.6	orca	front50	GET	/_calls/front50/credentials	/credentials	stale	com.netflix.spinnaker.orca.front50.Front50Service	
1.31.0	gate	clouddriver	GET	/_calls/clouddriver/health	/health	actuator	com.netflix.spinnaker.gate.services.internal.HealthCheckableService	
1.31.0	gate	clouddriver	GET	/_calls/clouddriver/installedPlugins	/installedPlugins	actuator	com.netflix.spinnaker.gate.services.internal.ClouddriverService	
1.31.0	gate	echo	GET	/_calls/echo/health	/health	actuator	com.netflix.spinnaker.gate.services.internal.HealthCheckableService	
1.31.0	gate	echo	GET	/_calls/echo/installedPlugins	/installedPlugins	actuator	com.netflix.spinnaker.gate.services.internal.EchoService	
1.31.0	gate	fiat	GET	/_calls/fiat/installedPlugins	/installedPlugins	actuator	com.netflix.spinnaker.gate.services.internal.ExtendedFiatService	
1.31.0	gate	front50	GET	/_calls/front50/health	/health	actuator	com.netflix.spinnaker.gate.services.internal.HealthCheckableService	
1.31.0	gate	front50	GET	/_calls/front50/installedPlugins	/installedPlugins	actuator	com.netflix.spinnaker.gate.services.internal.Front50Service	
1.31.0	gate	igor	GET	/_calls/igor/health	/health	actuator	com.netflix.spinnaker.gate.services.internal.HealthCheckableService	
1.31.0	gate	igor	GET	/_calls/igor/installedPlugins	/installedPlugins	actuator	com.netflix.spinnaker.gate.services.internal.IgorService	
1.31.0	gate	orca	GET	/_calls/orca/health	/health	actuator	com.netflix.spinnaker.gate.services.internal.HealthCheckableService	
1.31.0	gate	orca	GET	/_calls/orca/installedPlugins	/installedPlugins	actuator	com.netflix.spinnaker.gate.services.internal.OrcaService	
1.31.0	gate	rosco	GET	/_calls/rosco/installedPlugins	/installedPlugins	actuator	com.netflix.spinnaker.gate.services.internal.RoscoService	
1.31.0	orca	clouddriver	PUT	/_calls/clouddriver/admin/db/truncate/{namespace}	/admin/db/truncate/{}	framework	com.netflix.spinnaker.orca.clouddriver.CloudDriverCacheService	excluded by provenance: PUT /admin/db/truncate/{}
1.31.0	clouddriver	fiat	DELETE	/_calls/fiat/roles/{userId}	/roles/{}	indirect-fiat	com.netflix.spinnaker.fiat.shared.FiatService	dropped family (owner ruling 2026-09-12)
1.31.0	clouddriver	fiat	GET	/_calls/fiat/authorize/{userId}	/authorize/{}	indirect-fiat	com.netflix.spinnaker.fiat.shared.FiatService	dropped family (owner ruling 2026-09-12)
1.31.0	clouddriver	fiat	GET	/_calls/fiat/authorize/{userId}/{resourceType}/{resourceName}/{authorization}	/authorize/{}/{}/{}/{}	indirect-fiat	com.netflix.spinnaker.fiat.shared.FiatService	dropped family (owner ruling 2026-09-12)
1.31.0	clouddriver	fiat	POST	/_calls/fiat/authorize/{userId}/{resourceType}/create	/authorize/{}/{}/create	indirect-fiat	com.netflix.spinnaker.fiat.shared.FiatService	dropped family (owner ruling 2026-09-12)
1.31.0	clouddriver	fiat	POST	/_calls/fiat/roles/sync	/roles/sync	indirect-fiat	com.netflix.spinnaker.fiat.shared.FiatService	dropped family (owner ruling 2026-09-12)
1.31.0	clouddriver	fiat	POST	/_calls/fiat/roles/sync/serviceAccount/{serviceAccountId}	/roles/sync/serviceAccount/{}	indirect-fiat	com.netflix.spinnaker.fiat.shared.FiatService	dropped family (owner ruling 2026-09-12)
1.31.0	clouddriver	fiat	POST	/_calls/fiat/roles/{userId}	/roles/{}	indirect-fiat	com.netflix.spinnaker.fiat.shared.FiatService	dropped family (owner ruling 2026-09-12)
1.31.0	clouddriver	fiat	PUT	/_calls/fiat/roles/{userId}	/roles/{}	indirect-fiat	com.netflix.spinnaker.fiat.shared.FiatService	dropped family (owner ruling 2026-09-12)
1.31.0	echo	fiat	DELETE	/_calls/fiat/roles/{userId}	/roles/{}	indirect-fiat	com.netflix.spinnaker.fiat.shared.FiatService	dropped family (owner ruling 2026-09-12)
1.31.0	echo	fiat	GET	/_calls/fiat/authorize/{userId}	/authorize/{}	indirect-fiat	com.netflix.spinnaker.fiat.shared.FiatService	dropped family (owner ruling 2026-09-12)
1.31.0	echo	fiat	GET	/_calls/fiat/authorize/{userId}/{resourceType}/{resourceName}/{authorization}	/authorize/{}/{}/{}/{}	indirect-fiat	com.netflix.spinnaker.fiat.shared.FiatService	dropped family (owner ruling 2026-09-12)
1.31.0	echo	fiat	POST	/_calls/fiat/authorize/{userId}/{resourceType}/create	/authorize/{}/{}/create	indirect-fiat	com.netflix.spinnaker.fiat.shared.FiatService	dropped family (owner ruling 2026-09-12)
1.31.0	echo	fiat	POST	/_calls/fiat/roles/sync	/roles/sync	indirect-fiat	com.netflix.spinnaker.fiat.shared.FiatService	dropped family (owner ruling 2026-09-12)
1.31.0	echo	fiat	POST	/_calls/fiat/roles/sync/serviceAccount/{serviceAccountId}	/roles/sync/serviceAccount/{}	indirect-fiat	com.netflix.spinnaker.fiat.shared.FiatService	dropped family (owner ruling 2026-09-12)
1.31.0	echo	fiat	POST	/_calls/fiat/roles/{userId}	/roles/{}	indirect-fiat	com.netflix.spinnaker.fiat.shared.FiatService	dropped family (owner ruling 2026-09-12)
1.31.0	echo	fiat	PUT	/_calls/fiat/roles/{userId}	/roles/{}	indirect-fiat	com.netflix.spinnaker.fiat.shared.FiatService	dropped family (owner ruling 2026-09-12)
1.31.0	igor	fiat	DELETE	/_calls/fiat/roles/{userId}	/roles/{}	indirect-fiat	com.netflix.spinnaker.fiat.shared.FiatService	dropped family (owner ruling 2026-09-12)
1.31.0	igor	fiat	GET	/_calls/fiat/authorize/{userId}	/authorize/{}	indirect-fiat	com.netflix.spinnaker.fiat.shared.FiatService	dropped family (owner ruling 2026-09-12)
1.31.0	igor	fiat	GET	/_calls/fiat/authorize/{userId}/{resourceType}/{resourceName}/{authorization}	/authorize/{}/{}/{}/{}	indirect-fiat	com.netflix.spinnaker.fiat.shared.FiatService	dropped family (owner ruling 2026-09-12)
1.31.0	igor	fiat	POST	/_calls/fiat/authorize/{userId}/{resourceType}/create	/authorize/{}/{}/create	indirect-fiat	com.netflix.spinnaker.fiat.shared.FiatService	dropped family (owner ruling 2026-09-12)
1.31.0	igor	fiat	POST	/_calls/fiat/roles/sync	/roles/sync	indirect-fiat	com.netflix.spinnaker.fiat.shared.FiatService	dropped family (owner ruling 2026-09-12)
1.31.0	igor	fiat	POST	/_calls/fiat/roles/sync/serviceAccount/{serviceAccountId}	/roles/sync/serviceAccount/{}	indirect-fiat	com.netflix.spinnaker.fiat.shared.FiatService	dropped family (owner ruling 2026-09-12)
1.31.0	igor	fiat	POST	/_calls/fiat/roles/{userId}	/roles/{}	indirect-fiat	com.netflix.spinnaker.fiat.shared.FiatService	dropped family (owner ruling 2026-09-12)
1.31.0	igor	fiat	PUT	/_calls/fiat/roles/{userId}	/roles/{}	indirect-fiat	com.netflix.spinnaker.fiat.shared.FiatService	dropped family (owner ruling 2026-09-12)
1.31.0	clouddriver	front50	GET	/_calls/front50/pluginInfo	/pluginInfo	kork	com.netflix.spinnaker.kork.plugins.update.internal.Front50Service	dropped family (owner ruling 2026-09-12)
1.31.0	clouddriver	front50	GET	/_calls/front50/pluginInfo/{id}	/pluginInfo/{}	kork	com.netflix.spinnaker.kork.plugins.update.internal.Front50Service	dropped family (owner ruling 2026-09-12)
1.31.0	clouddriver	front50	PUT	/_calls/front50/pluginVersions/{serverGroupName}	/pluginVersions/{}	kork	com.netflix.spinnaker.kork.plugins.update.internal.Front50Service	dropped family (owner ruling 2026-09-12)
1.31.0	echo	front50	GET	/_calls/front50/pluginInfo	/pluginInfo	kork	com.netflix.spinnaker.kork.plugins.update.internal.Front50Service	dropped family (owner ruling 2026-09-12)
1.31.0	echo	front50	GET	/_calls/front50/pluginInfo/{id}	/pluginInfo/{}	kork	com.netflix.spinnaker.kork.plugins.update.internal.Front50Service	dropped family (owner ruling 2026-09-12)
1.31.0	echo	front50	PUT	/_calls/front50/pluginVersions/{serverGroupName}	/pluginVersions/{}	kork	com.netflix.spinnaker.kork.plugins.update.internal.Front50Service	dropped family (owner ruling 2026-09-12)
1.31.0	fiat	front50	GET	/_calls/front50/pluginInfo	/pluginInfo	kork	com.netflix.spinnaker.kork.plugins.update.internal.Front50Service	dropped family (owner ruling 2026-09-12)
1.31.0	fiat	front50	GET	/_calls/front50/pluginInfo/{id}	/pluginInfo/{}	kork	com.netflix.spinnaker.kork.plugins.update.internal.Front50Service	dropped family (owner ruling 2026-09-12)
1.31.0	fiat	front50	PUT	/_calls/front50/pluginVersions/{serverGroupName}	/pluginVersions/{}	kork	com.netflix.spinnaker.kork.plugins.update.internal.Front50Service	dropped family (owner ruling 2026-09-12)
1.31.0	front50	front50	GET	/_calls/front50/pluginInfo	/pluginInfo	kork	com.netflix.spinnaker.kork.plugins.update.internal.Front50Service	dropped family (owner ruling 2026-09-12)
1.31.0	front50	front50	GET	/_calls/front50/pluginInfo/{id}	/pluginInfo/{}	kork	com.netflix.spinnaker.kork.plugins.update.internal.Front50Service	dropped family (owner ruling 2026-09-12)
1.31.0	front50	front50	PUT	/_calls/front50/pluginVersions/{serverGroupName}	/pluginVersions/{}	kork	com.netflix.spinnaker.kork.plugins.update.internal.Front50Service	dropped family (owner ruling 2026-09-12)
1.31.0	gate	front50	GET	/_calls/front50/pluginInfo/{id}	/pluginInfo/{}	kork	com.netflix.spinnaker.kork.plugins.update.internal.Front50Service	dropped family (owner ruling 2026-09-12)
1.31.0	gate	front50	PUT	/_calls/front50/pluginVersions/{serverGroupName}	/pluginVersions/{}	kork	com.netflix.spinnaker.kork.plugins.update.internal.Front50Service	dropped family (owner ruling 2026-09-12)
1.31.0	igor	front50	GET	/_calls/front50/pluginInfo/{id}	/pluginInfo/{}	kork	com.netflix.spinnaker.kork.plugins.update.internal.Front50Service	dropped family (owner ruling 2026-09-12)
1.31.0	igor	front50	PUT	/_calls/front50/pluginVersions/{serverGroupName}	/pluginVersions/{}	kork	com.netflix.spinnaker.kork.plugins.update.internal.Front50Service	dropped family (owner ruling 2026-09-12)
1.31.0	kayenta	front50	GET	/_calls/front50/pluginInfo	/pluginInfo	kork	com.netflix.spinnaker.kork.plugins.update.internal.Front50Service	dropped family (owner ruling 2026-09-12)
1.31.0	kayenta	front50	GET	/_calls/front50/pluginInfo/{id}	/pluginInfo/{}	kork	com.netflix.spinnaker.kork.plugins.update.internal.Front50Service	dropped family (owner ruling 2026-09-12)
1.31.0	kayenta	front50	PUT	/_calls/front50/pluginVersions/{serverGroupName}	/pluginVersions/{}	kork	com.netflix.spinnaker.kork.plugins.update.internal.Front50Service	dropped family (owner ruling 2026-09-12)
1.31.0	orca	front50	GET	/_calls/front50/pluginInfo	/pluginInfo	kork	com.netflix.spinnaker.kork.plugins.update.internal.Front50Service	dropped family (owner ruling 2026-09-12)
1.31.0	orca	front50	GET	/_calls/front50/pluginInfo/{id}	/pluginInfo/{}	kork	com.netflix.spinnaker.kork.plugins.update.internal.Front50Service	dropped family (owner ruling 2026-09-12)
1.31.0	orca	front50	PUT	/_calls/front50/pluginVersions/{serverGroupName}	/pluginVersions/{}	kork	com.netflix.spinnaker.kork.plugins.update.internal.Front50Service	dropped family (owner ruling 2026-09-12)
1.31.0	rosco	front50	GET	/_calls/front50/pluginInfo	/pluginInfo	kork	com.netflix.spinnaker.kork.plugins.update.internal.Front50Service	dropped family (owner ruling 2026-09-12)
1.31.0	rosco	front50	GET	/_calls/front50/pluginInfo/{id}	/pluginInfo/{}	kork	com.netflix.spinnaker.kork.plugins.update.internal.Front50Service	dropped family (owner ruling 2026-09-12)
1.31.0	rosco	front50	PUT	/_calls/front50/pluginVersions/{serverGroupName}	/pluginVersions/{}	kork	com.netflix.spinnaker.kork.plugins.update.internal.Front50Service	dropped family (owner ruling 2026-09-12)
1.31.0	echo	keel	POST	/_calls/keel/artifacts/events	/artifacts/events	out-of-mesh	com.netflix.spinnaker.echo.services.KeelService	
1.31.0	gate	keel	DELETE	/_calls/keel/application/{application}/config	/application/{}/config	out-of-mesh	com.netflix.spinnaker.gate.services.internal.KeelService	
1.31.0	gate	keel	DELETE	/_calls/keel/application/{application}/pause	/application/{}/pause	out-of-mesh	com.netflix.spinnaker.gate.services.internal.KeelService	
1.31.0	gate	keel	DELETE	/_calls/keel/application/{application}/pin/{targetEnvironment}	/application/{}/pin/{}	out-of-mesh	com.netflix.spinnaker.gate.services.internal.KeelService	
1.31.0	gate	keel	DELETE	/_calls/keel/application/{application}/veto/{targetEnvironment}/{reference}/{version}	/application/{}/veto/{}/{}/{}	out-of-mesh	com.netflix.spinnaker.gate.services.internal.KeelService	
1.31.0	gate	keel	DELETE	/_calls/keel/delivery-configs/{name}	/delivery-configs/{}	out-of-mesh	com.netflix.spinnaker.gate.services.internal.KeelService	
1.31.0	gate	keel	DELETE	/_calls/keel/resources/{name}	/resources/{}	out-of-mesh	com.netflix.spinnaker.gate.services.internal.KeelService	
1.31.0	gate	keel	DELETE	/_calls/keel/resources/{name}/pause	/resources/{}/pause	out-of-mesh	com.netflix.spinnaker.gate.services.internal.KeelService	
1.31.0	gate	keel	GET	/_calls/keel/application/{application}	/application/{}	out-of-mesh	com.netflix.spinnaker.gate.services.internal.KeelService	
1.31.0	gate	keel	GET	/_calls/keel/application/{application}/config	/application/{}/config	out-of-mesh	com.netflix.spinnaker.gate.services.internal.KeelService	
1.31.0	gate	keel	GET	/_calls/keel/application/{application}/environment/{environment}/constraints	/application/{}/environment/{}/constraints	out-of-mesh	com.netflix.spinnaker.gate.services.internal.KeelService	
1.31.0	gate	keel	GET	/_calls/keel/delivery-configs/schema	/delivery-configs/schema	out-of-mesh	com.netflix.spinnaker.gate.services.internal.KeelService	
1.31.0	gate	keel	GET	/_calls/keel/delivery-configs/{name}	/delivery-configs/{}	out-of-mesh	com.netflix.spinnaker.gate.services.internal.KeelService	
1.31.0	gate	keel	GET	/_calls/keel/delivery-configs/{name}/artifacts	/delivery-configs/{}/artifacts	out-of-mesh	com.netflix.spinnaker.gate.services.internal.KeelService	
1.31.0	gate	keel	GET	/_calls/keel/environments/{application}	/environments/{}	out-of-mesh	com.netflix.spinnaker.gate.services.internal.KeelService	
1.31.0	gate	keel	GET	/_calls/keel/export/artifact/{cloudProvider}/{account}/{clusterName}	/export/artifact/{}/{}/{}	out-of-mesh	com.netflix.spinnaker.gate.services.internal.KeelService	
1.31.0	gate	keel	GET	/_calls/keel/export/{cloudProvider}/{account}/{type}/{name}	/export/{}/{}/{}/{}	out-of-mesh	com.netflix.spinnaker.gate.services.internal.KeelService	
1.31.0	gate	keel	GET	/_calls/keel/health	/health	out-of-mesh	com.netflix.spinnaker.gate.services.internal.HealthCheckableService	
1.31.0	gate	keel	GET	/_calls/keel/installedPlugins	/installedPlugins	out-of-mesh	com.netflix.spinnaker.gate.services.internal.KeelService	
1.31.0	gate	keel	GET	/_calls/keel/reports/adoption	/reports/adoption	out-of-mesh	com.netflix.spinnaker.gate.services.internal.KeelService	
1.31.0	gate	keel	GET	/_calls/keel/reports/onboarding	/reports/onboarding	out-of-mesh	com.netflix.spinnaker.gate.services.internal.KeelService	
1.31.0	gate	keel	GET	/_calls/keel/resources/events/{name}	/resources/events/{}	out-of-mesh	com.netflix.spinnaker.gate.services.internal.KeelService	
1.31.0	gate	keel	GET	/_calls/keel/resources/{name}	/resources/{}	out-of-mesh	com.netflix.spinnaker.gate.services.internal.KeelService	
1.31.0	gate	keel	GET	/_calls/keel/resources/{name}/status	/resources/{}/status	out-of-mesh	com.netflix.spinnaker.gate.services.internal.KeelService	
1.31.0	gate	keel	POST	/_calls/keel/application/{application}/environment/{environment}/constraint	/application/{}/environment/{}/constraint	out-of-mesh	com.netflix.spinnaker.gate.services.internal.KeelService	
1.31.0	gate	keel	POST	/_calls/keel/application/{application}/environment/{environment}/verifications	/application/{}/environment/{}/verifications	out-of-mesh	com.netflix.spinnaker.gate.services.internal.KeelService	
1.31.0	gate	keel	POST	/_calls/keel/application/{application}/environment/{environment}/verifications/retry	/application/{}/environment/{}/verifications/retry	out-of-mesh	com.netflix.spinnaker.gate.services.internal.KeelService	
1.31.0	gate	keel	POST	/_calls/keel/application/{application}/mark/bad	/application/{}/mark/bad	out-of-mesh	com.netflix.spinnaker.gate.services.internal.KeelService	
1.31.0	gate	keel	POST	/_calls/keel/application/{application}/mark/good	/application/{}/mark/good	out-of-mesh	com.netflix.spinnaker.gate.services.internal.KeelService	
1.31.0	gate	keel	POST	/_calls/keel/application/{application}/pause	/application/{}/pause	out-of-mesh	com.netflix.spinnaker.gate.services.internal.KeelService	
1.31.0	gate	keel	POST	/_calls/keel/application/{application}/pin	/application/{}/pin	out-of-mesh	com.netflix.spinnaker.gate.services.internal.KeelService	
1.31.0	gate	keel	POST	/_calls/keel/application/{application}/veto	/application/{}/veto	out-of-mesh	com.netflix.spinnaker.gate.services.internal.KeelService	
1.31.0	gate	keel	POST	/_calls/keel/delivery-configs	/delivery-configs	out-of-mesh	com.netflix.spinnaker.gate.services.internal.KeelService	
1.31.0	gate	keel	POST	/_calls/keel/delivery-configs/diff	/delivery-configs/diff	out-of-mesh	com.netflix.spinnaker.gate.services.internal.KeelService	
1.31.0	gate	keel	POST	/_calls/keel/delivery-configs/validate	/delivery-configs/validate	out-of-mesh	com.netflix.spinnaker.gate.services.internal.KeelService	
1.31.0	gate	keel	POST	/_calls/keel/graphql	/graphql	out-of-mesh	com.netflix.spinnaker.gate.services.internal.KeelService	
1.31.0	gate	keel	POST	/_calls/keel/resources	/resources	out-of-mesh	com.netflix.spinnaker.gate.services.internal.KeelService	
1.31.0	gate	keel	POST	/_calls/keel/resources/diff	/resources/diff	out-of-mesh	com.netflix.spinnaker.gate.services.internal.KeelService	
1.31.0	gate	keel	POST	/_calls/keel/resources/{name}/pause	/resources/{}/pause	out-of-mesh	com.netflix.spinnaker.gate.services.internal.KeelService	
1.31.0	igor	keel	POST	/_calls/keel/artifacts/events	/artifacts/events	out-of-mesh	com.netflix.spinnaker.igor.keel.KeelService	
1.31.0	orca	keel	DELETE	/_calls/keel/application/{application}/config	/application/{}/config	out-of-mesh	com.netflix.spinnaker.orca.KeelService	
1.31.0	orca	keel	POST	/_calls/keel/delivery-configs	/delivery-configs	out-of-mesh	com.netflix.spinnaker.orca.KeelService	
1.31.0	clouddriver	front50	GET	/_calls/front50/credentials	/credentials	stale	com.netflix.spinnaker.clouddriver.core.services.Front50Service	
1.31.0	echo	front50	POST	/_calls/front50/graphql	/graphql	stale	com.netflix.spinnaker.echo.services.Front50Service	
1.31.0	gate	clouddriver	GET	/_calls/clouddriver/applications/{name}/clusters/{account}/{cluster}/{type}/loadBalancers	/applications/{}/clusters/{}/{}/{}/loadBalancers	stale	com.netflix.spinnaker.gate.services.internal.ClouddriverService	
1.31.0	gate	clouddriver	POST	/_calls/clouddriver/applications/{name}/jobs/{account}/{region}/{jobName}	/applications/{}/jobs/{}/{}/{}	stale	com.netflix.spinnaker.gate.services.internal.ClouddriverService	
1.31.0	gate	front50	GET	/_calls/front50/credentials	/credentials	stale	com.netflix.spinnaker.gate.services.internal.Front50Service	
1.31.0	gate	front50	POST	/_calls/front50/pipelines/move	/pipelines/move	stale	com.netflix.spinnaker.gate.services.internal.Front50Service	
1.31.0	gate	front50	POST	/_calls/front50/strategies/move	/strategies/move	stale	com.netflix.spinnaker.gate.services.internal.Front50Service	
1.31.0	orca	echo	GET	/_calls/echo/events/recent/{type}/{since}	/events/recent/{}/{}	stale	com.netflix.spinnaker.orca.echo.EchoService	
1.31.0	orca	front50	GET	/_calls/front50/credentials	/credentials	stale	com.netflix.spinnaker.orca.front50.Front50Service	
1.31.1	gate	clouddriver	GET	/_calls/clouddriver/health	/health	actuator	com.netflix.spinnaker.gate.services.internal.HealthCheckableService	
1.31.1	gate	clouddriver	GET	/_calls/clouddriver/installedPlugins	/installedPlugins	actuator	com.netflix.spinnaker.gate.services.internal.ClouddriverService	
1.31.1	gate	echo	GET	/_calls/echo/health	/health	actuator	com.netflix.spinnaker.gate.services.internal.HealthCheckableService	
1.31.1	gate	echo	GET	/_calls/echo/installedPlugins	/installedPlugins	actuator	com.netflix.spinnaker.gate.services.internal.EchoService	
1.31.1	gate	fiat	GET	/_calls/fiat/installedPlugins	/installedPlugins	actuator	com.netflix.spinnaker.gate.services.internal.ExtendedFiatService	
1.31.1	gate	front50	GET	/_calls/front50/health	/health	actuator	com.netflix.spinnaker.gate.services.internal.HealthCheckableService	
1.31.1	gate	front50	GET	/_calls/front50/installedPlugins	/installedPlugins	actuator	com.netflix.spinnaker.gate.services.internal.Front50Service	
1.31.1	gate	igor	GET	/_calls/igor/health	/health	actuator	com.netflix.spinnaker.gate.services.internal.HealthCheckableService	
1.31.1	gate	igor	GET	/_calls/igor/installedPlugins	/installedPlugins	actuator	com.netflix.spinnaker.gate.services.internal.IgorService	
1.31.1	gate	orca	GET	/_calls/orca/health	/health	actuator	com.netflix.spinnaker.gate.services.internal.HealthCheckableService	
1.31.1	gate	orca	GET	/_calls/orca/installedPlugins	/installedPlugins	actuator	com.netflix.spinnaker.gate.services.internal.OrcaService	
1.31.1	gate	rosco	GET	/_calls/rosco/installedPlugins	/installedPlugins	actuator	com.netflix.spinnaker.gate.services.internal.RoscoService	
1.31.1	orca	clouddriver	PUT	/_calls/clouddriver/admin/db/truncate/{namespace}	/admin/db/truncate/{}	framework	com.netflix.spinnaker.orca.clouddriver.CloudDriverCacheService	excluded by provenance: PUT /admin/db/truncate/{}
1.31.1	clouddriver	fiat	DELETE	/_calls/fiat/roles/{userId}	/roles/{}	indirect-fiat	com.netflix.spinnaker.fiat.shared.FiatService	dropped family (owner ruling 2026-09-12)
1.31.1	clouddriver	fiat	GET	/_calls/fiat/authorize/{userId}	/authorize/{}	indirect-fiat	com.netflix.spinnaker.fiat.shared.FiatService	dropped family (owner ruling 2026-09-12)
1.31.1	clouddriver	fiat	GET	/_calls/fiat/authorize/{userId}/{resourceType}/{resourceName}/{authorization}	/authorize/{}/{}/{}/{}	indirect-fiat	com.netflix.spinnaker.fiat.shared.FiatService	dropped family (owner ruling 2026-09-12)
1.31.1	clouddriver	fiat	POST	/_calls/fiat/authorize/{userId}/{resourceType}/create	/authorize/{}/{}/create	indirect-fiat	com.netflix.spinnaker.fiat.shared.FiatService	dropped family (owner ruling 2026-09-12)
1.31.1	clouddriver	fiat	POST	/_calls/fiat/roles/sync	/roles/sync	indirect-fiat	com.netflix.spinnaker.fiat.shared.FiatService	dropped family (owner ruling 2026-09-12)
1.31.1	clouddriver	fiat	POST	/_calls/fiat/roles/sync/serviceAccount/{serviceAccountId}	/roles/sync/serviceAccount/{}	indirect-fiat	com.netflix.spinnaker.fiat.shared.FiatService	dropped family (owner ruling 2026-09-12)
1.31.1	clouddriver	fiat	POST	/_calls/fiat/roles/{userId}	/roles/{}	indirect-fiat	com.netflix.spinnaker.fiat.shared.FiatService	dropped family (owner ruling 2026-09-12)
1.31.1	clouddriver	fiat	PUT	/_calls/fiat/roles/{userId}	/roles/{}	indirect-fiat	com.netflix.spinnaker.fiat.shared.FiatService	dropped family (owner ruling 2026-09-12)
1.31.1	echo	fiat	DELETE	/_calls/fiat/roles/{userId}	/roles/{}	indirect-fiat	com.netflix.spinnaker.fiat.shared.FiatService	dropped family (owner ruling 2026-09-12)
1.31.1	echo	fiat	GET	/_calls/fiat/authorize/{userId}	/authorize/{}	indirect-fiat	com.netflix.spinnaker.fiat.shared.FiatService	dropped family (owner ruling 2026-09-12)
1.31.1	echo	fiat	GET	/_calls/fiat/authorize/{userId}/{resourceType}/{resourceName}/{authorization}	/authorize/{}/{}/{}/{}	indirect-fiat	com.netflix.spinnaker.fiat.shared.FiatService	dropped family (owner ruling 2026-09-12)
1.31.1	echo	fiat	POST	/_calls/fiat/authorize/{userId}/{resourceType}/create	/authorize/{}/{}/create	indirect-fiat	com.netflix.spinnaker.fiat.shared.FiatService	dropped family (owner ruling 2026-09-12)
1.31.1	echo	fiat	POST	/_calls/fiat/roles/sync	/roles/sync	indirect-fiat	com.netflix.spinnaker.fiat.shared.FiatService	dropped family (owner ruling 2026-09-12)
1.31.1	echo	fiat	POST	/_calls/fiat/roles/sync/serviceAccount/{serviceAccountId}	/roles/sync/serviceAccount/{}	indirect-fiat	com.netflix.spinnaker.fiat.shared.FiatService	dropped family (owner ruling 2026-09-12)
1.31.1	echo	fiat	POST	/_calls/fiat/roles/{userId}	/roles/{}	indirect-fiat	com.netflix.spinnaker.fiat.shared.FiatService	dropped family (owner ruling 2026-09-12)
1.31.1	echo	fiat	PUT	/_calls/fiat/roles/{userId}	/roles/{}	indirect-fiat	com.netflix.spinnaker.fiat.shared.FiatService	dropped family (owner ruling 2026-09-12)
1.31.1	igor	fiat	DELETE	/_calls/fiat/roles/{userId}	/roles/{}	indirect-fiat	com.netflix.spinnaker.fiat.shared.FiatService	dropped family (owner ruling 2026-09-12)
1.31.1	igor	fiat	GET	/_calls/fiat/authorize/{userId}	/authorize/{}	indirect-fiat	com.netflix.spinnaker.fiat.shared.FiatService	dropped family (owner ruling 2026-09-12)
1.31.1	igor	fiat	GET	/_calls/fiat/authorize/{userId}/{resourceType}/{resourceName}/{authorization}	/authorize/{}/{}/{}/{}	indirect-fiat	com.netflix.spinnaker.fiat.shared.FiatService	dropped family (owner ruling 2026-09-12)
1.31.1	igor	fiat	POST	/_calls/fiat/authorize/{userId}/{resourceType}/create	/authorize/{}/{}/create	indirect-fiat	com.netflix.spinnaker.fiat.shared.FiatService	dropped family (owner ruling 2026-09-12)
1.31.1	igor	fiat	POST	/_calls/fiat/roles/sync	/roles/sync	indirect-fiat	com.netflix.spinnaker.fiat.shared.FiatService	dropped family (owner ruling 2026-09-12)
1.31.1	igor	fiat	POST	/_calls/fiat/roles/sync/serviceAccount/{serviceAccountId}	/roles/sync/serviceAccount/{}	indirect-fiat	com.netflix.spinnaker.fiat.shared.FiatService	dropped family (owner ruling 2026-09-12)
1.31.1	igor	fiat	POST	/_calls/fiat/roles/{userId}	/roles/{}	indirect-fiat	com.netflix.spinnaker.fiat.shared.FiatService	dropped family (owner ruling 2026-09-12)
1.31.1	igor	fiat	PUT	/_calls/fiat/roles/{userId}	/roles/{}	indirect-fiat	com.netflix.spinnaker.fiat.shared.FiatService	dropped family (owner ruling 2026-09-12)
1.31.1	clouddriver	front50	GET	/_calls/front50/pluginInfo	/pluginInfo	kork	com.netflix.spinnaker.kork.plugins.update.internal.Front50Service	dropped family (owner ruling 2026-09-12)
1.31.1	clouddriver	front50	GET	/_calls/front50/pluginInfo/{id}	/pluginInfo/{}	kork	com.netflix.spinnaker.kork.plugins.update.internal.Front50Service	dropped family (owner ruling 2026-09-12)
1.31.1	clouddriver	front50	PUT	/_calls/front50/pluginVersions/{serverGroupName}	/pluginVersions/{}	kork	com.netflix.spinnaker.kork.plugins.update.internal.Front50Service	dropped family (owner ruling 2026-09-12)
1.31.1	echo	front50	GET	/_calls/front50/pluginInfo	/pluginInfo	kork	com.netflix.spinnaker.kork.plugins.update.internal.Front50Service	dropped family (owner ruling 2026-09-12)
1.31.1	echo	front50	GET	/_calls/front50/pluginInfo/{id}	/pluginInfo/{}	kork	com.netflix.spinnaker.kork.plugins.update.internal.Front50Service	dropped family (owner ruling 2026-09-12)
1.31.1	echo	front50	PUT	/_calls/front50/pluginVersions/{serverGroupName}	/pluginVersions/{}	kork	com.netflix.spinnaker.kork.plugins.update.internal.Front50Service	dropped family (owner ruling 2026-09-12)
1.31.1	fiat	front50	GET	/_calls/front50/pluginInfo	/pluginInfo	kork	com.netflix.spinnaker.kork.plugins.update.internal.Front50Service	dropped family (owner ruling 2026-09-12)
1.31.1	fiat	front50	GET	/_calls/front50/pluginInfo/{id}	/pluginInfo/{}	kork	com.netflix.spinnaker.kork.plugins.update.internal.Front50Service	dropped family (owner ruling 2026-09-12)
1.31.1	fiat	front50	PUT	/_calls/front50/pluginVersions/{serverGroupName}	/pluginVersions/{}	kork	com.netflix.spinnaker.kork.plugins.update.internal.Front50Service	dropped family (owner ruling 2026-09-12)
1.31.1	front50	front50	GET	/_calls/front50/pluginInfo	/pluginInfo	kork	com.netflix.spinnaker.kork.plugins.update.internal.Front50Service	dropped family (owner ruling 2026-09-12)
1.31.1	front50	front50	GET	/_calls/front50/pluginInfo/{id}	/pluginInfo/{}	kork	com.netflix.spinnaker.kork.plugins.update.internal.Front50Service	dropped family (owner ruling 2026-09-12)
1.31.1	front50	front50	PUT	/_calls/front50/pluginVersions/{serverGroupName}	/pluginVersions/{}	kork	com.netflix.spinnaker.kork.plugins.update.internal.Front50Service	dropped family (owner ruling 2026-09-12)
1.31.1	gate	front50	GET	/_calls/front50/pluginInfo/{id}	/pluginInfo/{}	kork	com.netflix.spinnaker.kork.plugins.update.internal.Front50Service	dropped family (owner ruling 2026-09-12)
1.31.1	gate	front50	PUT	/_calls/front50/pluginVersions/{serverGroupName}	/pluginVersions/{}	kork	com.netflix.spinnaker.kork.plugins.update.internal.Front50Service	dropped family (owner ruling 2026-09-12)
1.31.1	igor	front50	GET	/_calls/front50/pluginInfo/{id}	/pluginInfo/{}	kork	com.netflix.spinnaker.kork.plugins.update.internal.Front50Service	dropped family (owner ruling 2026-09-12)
1.31.1	igor	front50	PUT	/_calls/front50/pluginVersions/{serverGroupName}	/pluginVersions/{}	kork	com.netflix.spinnaker.kork.plugins.update.internal.Front50Service	dropped family (owner ruling 2026-09-12)
1.31.1	kayenta	front50	GET	/_calls/front50/pluginInfo	/pluginInfo	kork	com.netflix.spinnaker.kork.plugins.update.internal.Front50Service	dropped family (owner ruling 2026-09-12)
1.31.1	kayenta	front50	GET	/_calls/front50/pluginInfo/{id}	/pluginInfo/{}	kork	com.netflix.spinnaker.kork.plugins.update.internal.Front50Service	dropped family (owner ruling 2026-09-12)
1.31.1	kayenta	front50	PUT	/_calls/front50/pluginVersions/{serverGroupName}	/pluginVersions/{}	kork	com.netflix.spinnaker.kork.plugins.update.internal.Front50Service	dropped family (owner ruling 2026-09-12)
1.31.1	orca	front50	GET	/_calls/front50/pluginInfo	/pluginInfo	kork	com.netflix.spinnaker.kork.plugins.update.internal.Front50Service	dropped family (owner ruling 2026-09-12)
1.31.1	orca	front50	GET	/_calls/front50/pluginInfo/{id}	/pluginInfo/{}	kork	com.netflix.spinnaker.kork.plugins.update.internal.Front50Service	dropped family (owner ruling 2026-09-12)
1.31.1	orca	front50	PUT	/_calls/front50/pluginVersions/{serverGroupName}	/pluginVersions/{}	kork	com.netflix.spinnaker.kork.plugins.update.internal.Front50Service	dropped family (owner ruling 2026-09-12)
1.31.1	rosco	front50	GET	/_calls/front50/pluginInfo	/pluginInfo	kork	com.netflix.spinnaker.kork.plugins.update.internal.Front50Service	dropped family (owner ruling 2026-09-12)
1.31.1	rosco	front50	GET	/_calls/front50/pluginInfo/{id}	/pluginInfo/{}	kork	com.netflix.spinnaker.kork.plugins.update.internal.Front50Service	dropped family (owner ruling 2026-09-12)
1.31.1	rosco	front50	PUT	/_calls/front50/pluginVersions/{serverGroupName}	/pluginVersions/{}	kork	com.netflix.spinnaker.kork.plugins.update.internal.Front50Service	dropped family (owner ruling 2026-09-12)
1.31.1	echo	keel	POST	/_calls/keel/artifacts/events	/artifacts/events	out-of-mesh	com.netflix.spinnaker.echo.services.KeelService	
1.31.1	gate	keel	DELETE	/_calls/keel/application/{application}/config	/application/{}/config	out-of-mesh	com.netflix.spinnaker.gate.services.internal.KeelService	
1.31.1	gate	keel	DELETE	/_calls/keel/application/{application}/pause	/application/{}/pause	out-of-mesh	com.netflix.spinnaker.gate.services.internal.KeelService	
1.31.1	gate	keel	DELETE	/_calls/keel/application/{application}/pin/{targetEnvironment}	/application/{}/pin/{}	out-of-mesh	com.netflix.spinnaker.gate.services.internal.KeelService	
1.31.1	gate	keel	DELETE	/_calls/keel/application/{application}/veto/{targetEnvironment}/{reference}/{version}	/application/{}/veto/{}/{}/{}	out-of-mesh	com.netflix.spinnaker.gate.services.internal.KeelService	
1.31.1	gate	keel	DELETE	/_calls/keel/delivery-configs/{name}	/delivery-configs/{}	out-of-mesh	com.netflix.spinnaker.gate.services.internal.KeelService	
1.31.1	gate	keel	DELETE	/_calls/keel/resources/{name}	/resources/{}	out-of-mesh	com.netflix.spinnaker.gate.services.internal.KeelService	
1.31.1	gate	keel	DELETE	/_calls/keel/resources/{name}/pause	/resources/{}/pause	out-of-mesh	com.netflix.spinnaker.gate.services.internal.KeelService	
1.31.1	gate	keel	GET	/_calls/keel/application/{application}	/application/{}	out-of-mesh	com.netflix.spinnaker.gate.services.internal.KeelService	
1.31.1	gate	keel	GET	/_calls/keel/application/{application}/config	/application/{}/config	out-of-mesh	com.netflix.spinnaker.gate.services.internal.KeelService	
1.31.1	gate	keel	GET	/_calls/keel/application/{application}/environment/{environment}/constraints	/application/{}/environment/{}/constraints	out-of-mesh	com.netflix.spinnaker.gate.services.internal.KeelService	
1.31.1	gate	keel	GET	/_calls/keel/delivery-configs/schema	/delivery-configs/schema	out-of-mesh	com.netflix.spinnaker.gate.services.internal.KeelService	
1.31.1	gate	keel	GET	/_calls/keel/delivery-configs/{name}	/delivery-configs/{}	out-of-mesh	com.netflix.spinnaker.gate.services.internal.KeelService	
1.31.1	gate	keel	GET	/_calls/keel/delivery-configs/{name}/artifacts	/delivery-configs/{}/artifacts	out-of-mesh	com.netflix.spinnaker.gate.services.internal.KeelService	
1.31.1	gate	keel	GET	/_calls/keel/environments/{application}	/environments/{}	out-of-mesh	com.netflix.spinnaker.gate.services.internal.KeelService	
1.31.1	gate	keel	GET	/_calls/keel/export/artifact/{cloudProvider}/{account}/{clusterName}	/export/artifact/{}/{}/{}	out-of-mesh	com.netflix.spinnaker.gate.services.internal.KeelService	
1.31.1	gate	keel	GET	/_calls/keel/export/{cloudProvider}/{account}/{type}/{name}	/export/{}/{}/{}/{}	out-of-mesh	com.netflix.spinnaker.gate.services.internal.KeelService	
1.31.1	gate	keel	GET	/_calls/keel/health	/health	out-of-mesh	com.netflix.spinnaker.gate.services.internal.HealthCheckableService	
1.31.1	gate	keel	GET	/_calls/keel/installedPlugins	/installedPlugins	out-of-mesh	com.netflix.spinnaker.gate.services.internal.KeelService	
1.31.1	gate	keel	GET	/_calls/keel/reports/adoption	/reports/adoption	out-of-mesh	com.netflix.spinnaker.gate.services.internal.KeelService	
1.31.1	gate	keel	GET	/_calls/keel/reports/onboarding	/reports/onboarding	out-of-mesh	com.netflix.spinnaker.gate.services.internal.KeelService	
1.31.1	gate	keel	GET	/_calls/keel/resources/events/{name}	/resources/events/{}	out-of-mesh	com.netflix.spinnaker.gate.services.internal.KeelService	
1.31.1	gate	keel	GET	/_calls/keel/resources/{name}	/resources/{}	out-of-mesh	com.netflix.spinnaker.gate.services.internal.KeelService	
1.31.1	gate	keel	GET	/_calls/keel/resources/{name}/status	/resources/{}/status	out-of-mesh	com.netflix.spinnaker.gate.services.internal.KeelService	
1.31.1	gate	keel	POST	/_calls/keel/application/{application}/environment/{environment}/constraint	/application/{}/environment/{}/constraint	out-of-mesh	com.netflix.spinnaker.gate.services.internal.KeelService	
1.31.1	gate	keel	POST	/_calls/keel/application/{application}/environment/{environment}/verifications	/application/{}/environment/{}/verifications	out-of-mesh	com.netflix.spinnaker.gate.services.internal.KeelService	
1.31.1	gate	keel	POST	/_calls/keel/application/{application}/environment/{environment}/verifications/retry	/application/{}/environment/{}/verifications/retry	out-of-mesh	com.netflix.spinnaker.gate.services.internal.KeelService	
1.31.1	gate	keel	POST	/_calls/keel/application/{application}/mark/bad	/application/{}/mark/bad	out-of-mesh	com.netflix.spinnaker.gate.services.internal.KeelService	
1.31.1	gate	keel	POST	/_calls/keel/application/{application}/mark/good	/application/{}/mark/good	out-of-mesh	com.netflix.spinnaker.gate.services.internal.KeelService	
1.31.1	gate	keel	POST	/_calls/keel/application/{application}/pause	/application/{}/pause	out-of-mesh	com.netflix.spinnaker.gate.services.internal.KeelService	
1.31.1	gate	keel	POST	/_calls/keel/application/{application}/pin	/application/{}/pin	out-of-mesh	com.netflix.spinnaker.gate.services.internal.KeelService	
1.31.1	gate	keel	POST	/_calls/keel/application/{application}/veto	/application/{}/veto	out-of-mesh	com.netflix.spinnaker.gate.services.internal.KeelService	
1.31.1	gate	keel	POST	/_calls/keel/delivery-configs	/delivery-configs	out-of-mesh	com.netflix.spinnaker.gate.services.internal.KeelService	
1.31.1	gate	keel	POST	/_calls/keel/delivery-configs/diff	/delivery-configs/diff	out-of-mesh	com.netflix.spinnaker.gate.services.internal.KeelService	
1.31.1	gate	keel	POST	/_calls/keel/delivery-configs/validate	/delivery-configs/validate	out-of-mesh	com.netflix.spinnaker.gate.services.internal.KeelService	
1.31.1	gate	keel	POST	/_calls/keel/graphql	/graphql	out-of-mesh	com.netflix.spinnaker.gate.services.internal.KeelService	
1.31.1	gate	keel	POST	/_calls/keel/resources	/resources	out-of-mesh	com.netflix.spinnaker.gate.services.internal.KeelService	
1.31.1	gate	keel	POST	/_calls/keel/resources/diff	/resources/diff	out-of-mesh	com.netflix.spinnaker.gate.services.internal.KeelService	
1.31.1	gate	keel	POST	/_calls/keel/resources/{name}/pause	/resources/{}/pause	out-of-mesh	com.netflix.spinnaker.gate.services.internal.KeelService	
1.31.1	igor	keel	POST	/_calls/keel/artifacts/events	/artifacts/events	out-of-mesh	com.netflix.spinnaker.igor.keel.KeelService	
1.31.1	orca	keel	DELETE	/_calls/keel/application/{application}/config	/application/{}/config	out-of-mesh	com.netflix.spinnaker.orca.KeelService	
1.31.1	orca	keel	POST	/_calls/keel/delivery-configs	/delivery-configs	out-of-mesh	com.netflix.spinnaker.orca.KeelService	
1.31.1	clouddriver	front50	GET	/_calls/front50/credentials	/credentials	stale	com.netflix.spinnaker.clouddriver.core.services.Front50Service	
1.31.1	echo	front50	POST	/_calls/front50/graphql	/graphql	stale	com.netflix.spinnaker.echo.services.Front50Service	
1.31.1	gate	clouddriver	GET	/_calls/clouddriver/applications/{name}/clusters/{account}/{cluster}/{type}/loadBalancers	/applications/{}/clusters/{}/{}/{}/loadBalancers	stale	com.netflix.spinnaker.gate.services.internal.ClouddriverService	
1.31.1	gate	clouddriver	POST	/_calls/clouddriver/applications/{name}/jobs/{account}/{region}/{jobName}	/applications/{}/jobs/{}/{}/{}	stale	com.netflix.spinnaker.gate.services.internal.ClouddriverService	
1.31.1	gate	front50	GET	/_calls/front50/credentials	/credentials	stale	com.netflix.spinnaker.gate.services.internal.Front50Service	
1.31.1	gate	front50	POST	/_calls/front50/pipelines/move	/pipelines/move	stale	com.netflix.spinnaker.gate.services.internal.Front50Service	
1.31.1	gate	front50	POST	/_calls/front50/strategies/move	/strategies/move	stale	com.netflix.spinnaker.gate.services.internal.Front50Service	
1.31.1	orca	echo	GET	/_calls/echo/events/recent/{type}/{since}	/events/recent/{}/{}	stale	com.netflix.spinnaker.orca.echo.EchoService	
1.31.1	orca	front50	GET	/_calls/front50/credentials	/credentials	stale	com.netflix.spinnaker.orca.front50.Front50Service	
1.31.2	gate	clouddriver	GET	/_calls/clouddriver/health	/health	actuator	com.netflix.spinnaker.gate.services.internal.HealthCheckableService	
1.31.2	gate	clouddriver	GET	/_calls/clouddriver/installedPlugins	/installedPlugins	actuator	com.netflix.spinnaker.gate.services.internal.ClouddriverService	
1.31.2	gate	echo	GET	/_calls/echo/health	/health	actuator	com.netflix.spinnaker.gate.services.internal.HealthCheckableService	
1.31.2	gate	echo	GET	/_calls/echo/installedPlugins	/installedPlugins	actuator	com.netflix.spinnaker.gate.services.internal.EchoService	
1.31.2	gate	fiat	GET	/_calls/fiat/installedPlugins	/installedPlugins	actuator	com.netflix.spinnaker.gate.services.internal.ExtendedFiatService	
1.31.2	gate	front50	GET	/_calls/front50/health	/health	actuator	com.netflix.spinnaker.gate.services.internal.HealthCheckableService	
1.31.2	gate	front50	GET	/_calls/front50/installedPlugins	/installedPlugins	actuator	com.netflix.spinnaker.gate.services.internal.Front50Service	
1.31.2	gate	igor	GET	/_calls/igor/health	/health	actuator	com.netflix.spinnaker.gate.services.internal.HealthCheckableService	
1.31.2	gate	igor	GET	/_calls/igor/installedPlugins	/installedPlugins	actuator	com.netflix.spinnaker.gate.services.internal.IgorService	
1.31.2	gate	orca	GET	/_calls/orca/health	/health	actuator	com.netflix.spinnaker.gate.services.internal.HealthCheckableService	
1.31.2	gate	orca	GET	/_calls/orca/installedPlugins	/installedPlugins	actuator	com.netflix.spinnaker.gate.services.internal.OrcaService	
1.31.2	gate	rosco	GET	/_calls/rosco/installedPlugins	/installedPlugins	actuator	com.netflix.spinnaker.gate.services.internal.RoscoService	
1.31.2	orca	clouddriver	PUT	/_calls/clouddriver/admin/db/truncate/{namespace}	/admin/db/truncate/{}	framework	com.netflix.spinnaker.orca.clouddriver.CloudDriverCacheService	excluded by provenance: PUT /admin/db/truncate/{}
1.31.2	clouddriver	fiat	DELETE	/_calls/fiat/roles/{userId}	/roles/{}	indirect-fiat	com.netflix.spinnaker.fiat.shared.FiatService	dropped family (owner ruling 2026-09-12)
1.31.2	clouddriver	fiat	GET	/_calls/fiat/authorize/{userId}	/authorize/{}	indirect-fiat	com.netflix.spinnaker.fiat.shared.FiatService	dropped family (owner ruling 2026-09-12)
1.31.2	clouddriver	fiat	GET	/_calls/fiat/authorize/{userId}/{resourceType}/{resourceName}/{authorization}	/authorize/{}/{}/{}/{}	indirect-fiat	com.netflix.spinnaker.fiat.shared.FiatService	dropped family (owner ruling 2026-09-12)
1.31.2	clouddriver	fiat	POST	/_calls/fiat/authorize/{userId}/{resourceType}/create	/authorize/{}/{}/create	indirect-fiat	com.netflix.spinnaker.fiat.shared.FiatService	dropped family (owner ruling 2026-09-12)
1.31.2	clouddriver	fiat	POST	/_calls/fiat/roles/sync	/roles/sync	indirect-fiat	com.netflix.spinnaker.fiat.shared.FiatService	dropped family (owner ruling 2026-09-12)
1.31.2	clouddriver	fiat	POST	/_calls/fiat/roles/sync/serviceAccount/{serviceAccountId}	/roles/sync/serviceAccount/{}	indirect-fiat	com.netflix.spinnaker.fiat.shared.FiatService	dropped family (owner ruling 2026-09-12)
1.31.2	clouddriver	fiat	POST	/_calls/fiat/roles/{userId}	/roles/{}	indirect-fiat	com.netflix.spinnaker.fiat.shared.FiatService	dropped family (owner ruling 2026-09-12)
1.31.2	clouddriver	fiat	PUT	/_calls/fiat/roles/{userId}	/roles/{}	indirect-fiat	com.netflix.spinnaker.fiat.shared.FiatService	dropped family (owner ruling 2026-09-12)
1.31.2	echo	fiat	DELETE	/_calls/fiat/roles/{userId}	/roles/{}	indirect-fiat	com.netflix.spinnaker.fiat.shared.FiatService	dropped family (owner ruling 2026-09-12)
1.31.2	echo	fiat	GET	/_calls/fiat/authorize/{userId}	/authorize/{}	indirect-fiat	com.netflix.spinnaker.fiat.shared.FiatService	dropped family (owner ruling 2026-09-12)
1.31.2	echo	fiat	GET	/_calls/fiat/authorize/{userId}/{resourceType}/{resourceName}/{authorization}	/authorize/{}/{}/{}/{}	indirect-fiat	com.netflix.spinnaker.fiat.shared.FiatService	dropped family (owner ruling 2026-09-12)
1.31.2	echo	fiat	POST	/_calls/fiat/authorize/{userId}/{resourceType}/create	/authorize/{}/{}/create	indirect-fiat	com.netflix.spinnaker.fiat.shared.FiatService	dropped family (owner ruling 2026-09-12)
1.31.2	echo	fiat	POST	/_calls/fiat/roles/sync	/roles/sync	indirect-fiat	com.netflix.spinnaker.fiat.shared.FiatService	dropped family (owner ruling 2026-09-12)
1.31.2	echo	fiat	POST	/_calls/fiat/roles/sync/serviceAccount/{serviceAccountId}	/roles/sync/serviceAccount/{}	indirect-fiat	com.netflix.spinnaker.fiat.shared.FiatService	dropped family (owner ruling 2026-09-12)
1.31.2	echo	fiat	POST	/_calls/fiat/roles/{userId}	/roles/{}	indirect-fiat	com.netflix.spinnaker.fiat.shared.FiatService	dropped family (owner ruling 2026-09-12)
1.31.2	echo	fiat	PUT	/_calls/fiat/roles/{userId}	/roles/{}	indirect-fiat	com.netflix.spinnaker.fiat.shared.FiatService	dropped family (owner ruling 2026-09-12)
1.31.2	igor	fiat	DELETE	/_calls/fiat/roles/{userId}	/roles/{}	indirect-fiat	com.netflix.spinnaker.fiat.shared.FiatService	dropped family (owner ruling 2026-09-12)
1.31.2	igor	fiat	GET	/_calls/fiat/authorize/{userId}	/authorize/{}	indirect-fiat	com.netflix.spinnaker.fiat.shared.FiatService	dropped family (owner ruling 2026-09-12)
1.31.2	igor	fiat	GET	/_calls/fiat/authorize/{userId}/{resourceType}/{resourceName}/{authorization}	/authorize/{}/{}/{}/{}	indirect-fiat	com.netflix.spinnaker.fiat.shared.FiatService	dropped family (owner ruling 2026-09-12)
1.31.2	igor	fiat	POST	/_calls/fiat/authorize/{userId}/{resourceType}/create	/authorize/{}/{}/create	indirect-fiat	com.netflix.spinnaker.fiat.shared.FiatService	dropped family (owner ruling 2026-09-12)
1.31.2	igor	fiat	POST	/_calls/fiat/roles/sync	/roles/sync	indirect-fiat	com.netflix.spinnaker.fiat.shared.FiatService	dropped family (owner ruling 2026-09-12)
1.31.2	igor	fiat	POST	/_calls/fiat/roles/sync/serviceAccount/{serviceAccountId}	/roles/sync/serviceAccount/{}	indirect-fiat	com.netflix.spinnaker.fiat.shared.FiatService	dropped family (owner ruling 2026-09-12)
1.31.2	igor	fiat	POST	/_calls/fiat/roles/{userId}	/roles/{}	indirect-fiat	com.netflix.spinnaker.fiat.shared.FiatService	dropped family (owner ruling 2026-09-12)
1.31.2	igor	fiat	PUT	/_calls/fiat/roles/{userId}	/roles/{}	indirect-fiat	com.netflix.spinnaker.fiat.shared.FiatService	dropped family (owner ruling 2026-09-12)
1.31.2	clouddriver	front50	GET	/_calls/front50/pluginInfo	/pluginInfo	kork	com.netflix.spinnaker.kork.plugins.update.internal.Front50Service	dropped family (owner ruling 2026-09-12)
1.31.2	clouddriver	front50	GET	/_calls/front50/pluginInfo/{id}	/pluginInfo/{}	kork	com.netflix.spinnaker.kork.plugins.update.internal.Front50Service	dropped family (owner ruling 2026-09-12)
1.31.2	clouddriver	front50	PUT	/_calls/front50/pluginVersions/{serverGroupName}	/pluginVersions/{}	kork	com.netflix.spinnaker.kork.plugins.update.internal.Front50Service	dropped family (owner ruling 2026-09-12)
1.31.2	echo	front50	GET	/_calls/front50/pluginInfo	/pluginInfo	kork	com.netflix.spinnaker.kork.plugins.update.internal.Front50Service	dropped family (owner ruling 2026-09-12)
1.31.2	echo	front50	GET	/_calls/front50/pluginInfo/{id}	/pluginInfo/{}	kork	com.netflix.spinnaker.kork.plugins.update.internal.Front50Service	dropped family (owner ruling 2026-09-12)
1.31.2	echo	front50	PUT	/_calls/front50/pluginVersions/{serverGroupName}	/pluginVersions/{}	kork	com.netflix.spinnaker.kork.plugins.update.internal.Front50Service	dropped family (owner ruling 2026-09-12)
1.31.2	fiat	front50	GET	/_calls/front50/pluginInfo	/pluginInfo	kork	com.netflix.spinnaker.kork.plugins.update.internal.Front50Service	dropped family (owner ruling 2026-09-12)
1.31.2	fiat	front50	GET	/_calls/front50/pluginInfo/{id}	/pluginInfo/{}	kork	com.netflix.spinnaker.kork.plugins.update.internal.Front50Service	dropped family (owner ruling 2026-09-12)
1.31.2	fiat	front50	PUT	/_calls/front50/pluginVersions/{serverGroupName}	/pluginVersions/{}	kork	com.netflix.spinnaker.kork.plugins.update.internal.Front50Service	dropped family (owner ruling 2026-09-12)
1.31.2	front50	front50	GET	/_calls/front50/pluginInfo	/pluginInfo	kork	com.netflix.spinnaker.kork.plugins.update.internal.Front50Service	dropped family (owner ruling 2026-09-12)
1.31.2	front50	front50	GET	/_calls/front50/pluginInfo/{id}	/pluginInfo/{}	kork	com.netflix.spinnaker.kork.plugins.update.internal.Front50Service	dropped family (owner ruling 2026-09-12)
1.31.2	front50	front50	PUT	/_calls/front50/pluginVersions/{serverGroupName}	/pluginVersions/{}	kork	com.netflix.spinnaker.kork.plugins.update.internal.Front50Service	dropped family (owner ruling 2026-09-12)
1.31.2	gate	front50	GET	/_calls/front50/pluginInfo/{id}	/pluginInfo/{}	kork	com.netflix.spinnaker.kork.plugins.update.internal.Front50Service	dropped family (owner ruling 2026-09-12)
1.31.2	gate	front50	PUT	/_calls/front50/pluginVersions/{serverGroupName}	/pluginVersions/{}	kork	com.netflix.spinnaker.kork.plugins.update.internal.Front50Service	dropped family (owner ruling 2026-09-12)
1.31.2	igor	front50	GET	/_calls/front50/pluginInfo/{id}	/pluginInfo/{}	kork	com.netflix.spinnaker.kork.plugins.update.internal.Front50Service	dropped family (owner ruling 2026-09-12)
1.31.2	igor	front50	PUT	/_calls/front50/pluginVersions/{serverGroupName}	/pluginVersions/{}	kork	com.netflix.spinnaker.kork.plugins.update.internal.Front50Service	dropped family (owner ruling 2026-09-12)
1.31.2	kayenta	front50	GET	/_calls/front50/pluginInfo	/pluginInfo	kork	com.netflix.spinnaker.kork.plugins.update.internal.Front50Service	dropped family (owner ruling 2026-09-12)
1.31.2	kayenta	front50	GET	/_calls/front50/pluginInfo/{id}	/pluginInfo/{}	kork	com.netflix.spinnaker.kork.plugins.update.internal.Front50Service	dropped family (owner ruling 2026-09-12)
1.31.2	kayenta	front50	PUT	/_calls/front50/pluginVersions/{serverGroupName}	/pluginVersions/{}	kork	com.netflix.spinnaker.kork.plugins.update.internal.Front50Service	dropped family (owner ruling 2026-09-12)
1.31.2	orca	front50	GET	/_calls/front50/pluginInfo	/pluginInfo	kork	com.netflix.spinnaker.kork.plugins.update.internal.Front50Service	dropped family (owner ruling 2026-09-12)
1.31.2	orca	front50	GET	/_calls/front50/pluginInfo/{id}	/pluginInfo/{}	kork	com.netflix.spinnaker.kork.plugins.update.internal.Front50Service	dropped family (owner ruling 2026-09-12)
1.31.2	orca	front50	PUT	/_calls/front50/pluginVersions/{serverGroupName}	/pluginVersions/{}	kork	com.netflix.spinnaker.kork.plugins.update.internal.Front50Service	dropped family (owner ruling 2026-09-12)
1.31.2	rosco	front50	GET	/_calls/front50/pluginInfo	/pluginInfo	kork	com.netflix.spinnaker.kork.plugins.update.internal.Front50Service	dropped family (owner ruling 2026-09-12)
1.31.2	rosco	front50	GET	/_calls/front50/pluginInfo/{id}	/pluginInfo/{}	kork	com.netflix.spinnaker.kork.plugins.update.internal.Front50Service	dropped family (owner ruling 2026-09-12)
1.31.2	rosco	front50	PUT	/_calls/front50/pluginVersions/{serverGroupName}	/pluginVersions/{}	kork	com.netflix.spinnaker.kork.plugins.update.internal.Front50Service	dropped family (owner ruling 2026-09-12)
1.31.2	echo	keel	POST	/_calls/keel/artifacts/events	/artifacts/events	out-of-mesh	com.netflix.spinnaker.echo.services.KeelService	
1.31.2	gate	keel	DELETE	/_calls/keel/application/{application}/config	/application/{}/config	out-of-mesh	com.netflix.spinnaker.gate.services.internal.KeelService	
1.31.2	gate	keel	DELETE	/_calls/keel/application/{application}/pause	/application/{}/pause	out-of-mesh	com.netflix.spinnaker.gate.services.internal.KeelService	
1.31.2	gate	keel	DELETE	/_calls/keel/application/{application}/pin/{targetEnvironment}	/application/{}/pin/{}	out-of-mesh	com.netflix.spinnaker.gate.services.internal.KeelService	
1.31.2	gate	keel	DELETE	/_calls/keel/application/{application}/veto/{targetEnvironment}/{reference}/{version}	/application/{}/veto/{}/{}/{}	out-of-mesh	com.netflix.spinnaker.gate.services.internal.KeelService	
1.31.2	gate	keel	DELETE	/_calls/keel/delivery-configs/{name}	/delivery-configs/{}	out-of-mesh	com.netflix.spinnaker.gate.services.internal.KeelService	
1.31.2	gate	keel	DELETE	/_calls/keel/resources/{name}	/resources/{}	out-of-mesh	com.netflix.spinnaker.gate.services.internal.KeelService	
1.31.2	gate	keel	DELETE	/_calls/keel/resources/{name}/pause	/resources/{}/pause	out-of-mesh	com.netflix.spinnaker.gate.services.internal.KeelService	
1.31.2	gate	keel	GET	/_calls/keel/application/{application}	/application/{}	out-of-mesh	com.netflix.spinnaker.gate.services.internal.KeelService	
1.31.2	gate	keel	GET	/_calls/keel/application/{application}/config	/application/{}/config	out-of-mesh	com.netflix.spinnaker.gate.services.internal.KeelService	
1.31.2	gate	keel	GET	/_calls/keel/application/{application}/environment/{environment}/constraints	/application/{}/environment/{}/constraints	out-of-mesh	com.netflix.spinnaker.gate.services.internal.KeelService	
1.31.2	gate	keel	GET	/_calls/keel/delivery-configs/schema	/delivery-configs/schema	out-of-mesh	com.netflix.spinnaker.gate.services.internal.KeelService	
1.31.2	gate	keel	GET	/_calls/keel/delivery-configs/{name}	/delivery-configs/{}	out-of-mesh	com.netflix.spinnaker.gate.services.internal.KeelService	
1.31.2	gate	keel	GET	/_calls/keel/delivery-configs/{name}/artifacts	/delivery-configs/{}/artifacts	out-of-mesh	com.netflix.spinnaker.gate.services.internal.KeelService	
1.31.2	gate	keel	GET	/_calls/keel/environments/{application}	/environments/{}	out-of-mesh	com.netflix.spinnaker.gate.services.internal.KeelService	
1.31.2	gate	keel	GET	/_calls/keel/export/artifact/{cloudProvider}/{account}/{clusterName}	/export/artifact/{}/{}/{}	out-of-mesh	com.netflix.spinnaker.gate.services.internal.KeelService	
1.31.2	gate	keel	GET	/_calls/keel/export/{cloudProvider}/{account}/{type}/{name}	/export/{}/{}/{}/{}	out-of-mesh	com.netflix.spinnaker.gate.services.internal.KeelService	
1.31.2	gate	keel	GET	/_calls/keel/health	/health	out-of-mesh	com.netflix.spinnaker.gate.services.internal.HealthCheckableService	
1.31.2	gate	keel	GET	/_calls/keel/installedPlugins	/installedPlugins	out-of-mesh	com.netflix.spinnaker.gate.services.internal.KeelService	
1.31.2	gate	keel	GET	/_calls/keel/reports/adoption	/reports/adoption	out-of-mesh	com.netflix.spinnaker.gate.services.internal.KeelService	
1.31.2	gate	keel	GET	/_calls/keel/reports/onboarding	/reports/onboarding	out-of-mesh	com.netflix.spinnaker.gate.services.internal.KeelService	
1.31.2	gate	keel	GET	/_calls/keel/resources/events/{name}	/resources/events/{}	out-of-mesh	com.netflix.spinnaker.gate.services.internal.KeelService	
1.31.2	gate	keel	GET	/_calls/keel/resources/{name}	/resources/{}	out-of-mesh	com.netflix.spinnaker.gate.services.internal.KeelService	
1.31.2	gate	keel	GET	/_calls/keel/resources/{name}/status	/resources/{}/status	out-of-mesh	com.netflix.spinnaker.gate.services.internal.KeelService	
1.31.2	gate	keel	POST	/_calls/keel/application/{application}/environment/{environment}/constraint	/application/{}/environment/{}/constraint	out-of-mesh	com.netflix.spinnaker.gate.services.internal.KeelService	
1.31.2	gate	keel	POST	/_calls/keel/application/{application}/environment/{environment}/verifications	/application/{}/environment/{}/verifications	out-of-mesh	com.netflix.spinnaker.gate.services.internal.KeelService	
1.31.2	gate	keel	POST	/_calls/keel/application/{application}/environment/{environment}/verifications/retry	/application/{}/environment/{}/verifications/retry	out-of-mesh	com.netflix.spinnaker.gate.services.internal.KeelService	
1.31.2	gate	keel	POST	/_calls/keel/application/{application}/mark/bad	/application/{}/mark/bad	out-of-mesh	com.netflix.spinnaker.gate.services.internal.KeelService	
1.31.2	gate	keel	POST	/_calls/keel/application/{application}/mark/good	/application/{}/mark/good	out-of-mesh	com.netflix.spinnaker.gate.services.internal.KeelService	
1.31.2	gate	keel	POST	/_calls/keel/application/{application}/pause	/application/{}/pause	out-of-mesh	com.netflix.spinnaker.gate.services.internal.KeelService	
1.31.2	gate	keel	POST	/_calls/keel/application/{application}/pin	/application/{}/pin	out-of-mesh	com.netflix.spinnaker.gate.services.internal.KeelService	
1.31.2	gate	keel	POST	/_calls/keel/application/{application}/veto	/application/{}/veto	out-of-mesh	com.netflix.spinnaker.gate.services.internal.KeelService	
1.31.2	gate	keel	POST	/_calls/keel/delivery-configs	/delivery-configs	out-of-mesh	com.netflix.spinnaker.gate.services.internal.KeelService	
1.31.2	gate	keel	POST	/_calls/keel/delivery-configs/diff	/delivery-configs/diff	out-of-mesh	com.netflix.spinnaker.gate.services.internal.KeelService	
1.31.2	gate	keel	POST	/_calls/keel/delivery-configs/validate	/delivery-configs/validate	out-of-mesh	com.netflix.spinnaker.gate.services.internal.KeelService	
1.31.2	gate	keel	POST	/_calls/keel/graphql	/graphql	out-of-mesh	com.netflix.spinnaker.gate.services.internal.KeelService	
1.31.2	gate	keel	POST	/_calls/keel/resources	/resources	out-of-mesh	com.netflix.spinnaker.gate.services.internal.KeelService	
1.31.2	gate	keel	POST	/_calls/keel/resources/diff	/resources/diff	out-of-mesh	com.netflix.spinnaker.gate.services.internal.KeelService	
1.31.2	gate	keel	POST	/_calls/keel/resources/{name}/pause	/resources/{}/pause	out-of-mesh	com.netflix.spinnaker.gate.services.internal.KeelService	
1.31.2	igor	keel	POST	/_calls/keel/artifacts/events	/artifacts/events	out-of-mesh	com.netflix.spinnaker.igor.keel.KeelService	
1.31.2	orca	keel	DELETE	/_calls/keel/application/{application}/config	/application/{}/config	out-of-mesh	com.netflix.spinnaker.orca.KeelService	
1.31.2	orca	keel	POST	/_calls/keel/delivery-configs	/delivery-configs	out-of-mesh	com.netflix.spinnaker.orca.KeelService	
1.31.2	clouddriver	front50	GET	/_calls/front50/credentials	/credentials	stale	com.netflix.spinnaker.clouddriver.core.services.Front50Service	
1.31.2	echo	front50	POST	/_calls/front50/graphql	/graphql	stale	com.netflix.spinnaker.echo.services.Front50Service	
1.31.2	gate	clouddriver	GET	/_calls/clouddriver/applications/{name}/clusters/{account}/{cluster}/{type}/loadBalancers	/applications/{}/clusters/{}/{}/{}/loadBalancers	stale	com.netflix.spinnaker.gate.services.internal.ClouddriverService	
1.31.2	gate	clouddriver	POST	/_calls/clouddriver/applications/{name}/jobs/{account}/{region}/{jobName}	/applications/{}/jobs/{}/{}/{}	stale	com.netflix.spinnaker.gate.services.internal.ClouddriverService	
1.31.2	gate	front50	GET	/_calls/front50/credentials	/credentials	stale	com.netflix.spinnaker.gate.services.internal.Front50Service	
1.31.2	gate	front50	POST	/_calls/front50/pipelines/move	/pipelines/move	stale	com.netflix.spinnaker.gate.services.internal.Front50Service	
1.31.2	gate	front50	POST	/_calls/front50/strategies/move	/strategies/move	stale	com.netflix.spinnaker.gate.services.internal.Front50Service	
1.31.2	orca	echo	GET	/_calls/echo/events/recent/{type}/{since}	/events/recent/{}/{}	stale	com.netflix.spinnaker.orca.echo.EchoService	
1.31.2	orca	front50	GET	/_calls/front50/credentials	/credentials	stale	com.netflix.spinnaker.orca.front50.Front50Service	
1.31.3	gate	clouddriver	GET	/_calls/clouddriver/health	/health	actuator	com.netflix.spinnaker.gate.services.internal.HealthCheckableService	
1.31.3	gate	clouddriver	GET	/_calls/clouddriver/installedPlugins	/installedPlugins	actuator	com.netflix.spinnaker.gate.services.internal.ClouddriverService	
1.31.3	gate	echo	GET	/_calls/echo/health	/health	actuator	com.netflix.spinnaker.gate.services.internal.HealthCheckableService	
1.31.3	gate	echo	GET	/_calls/echo/installedPlugins	/installedPlugins	actuator	com.netflix.spinnaker.gate.services.internal.EchoService	
1.31.3	gate	fiat	GET	/_calls/fiat/installedPlugins	/installedPlugins	actuator	com.netflix.spinnaker.gate.services.internal.ExtendedFiatService	
1.31.3	gate	front50	GET	/_calls/front50/health	/health	actuator	com.netflix.spinnaker.gate.services.internal.HealthCheckableService	
1.31.3	gate	front50	GET	/_calls/front50/installedPlugins	/installedPlugins	actuator	com.netflix.spinnaker.gate.services.internal.Front50Service	
1.31.3	gate	igor	GET	/_calls/igor/health	/health	actuator	com.netflix.spinnaker.gate.services.internal.HealthCheckableService	
1.31.3	gate	igor	GET	/_calls/igor/installedPlugins	/installedPlugins	actuator	com.netflix.spinnaker.gate.services.internal.IgorService	
1.31.3	gate	orca	GET	/_calls/orca/health	/health	actuator	com.netflix.spinnaker.gate.services.internal.HealthCheckableService	
1.31.3	gate	orca	GET	/_calls/orca/installedPlugins	/installedPlugins	actuator	com.netflix.spinnaker.gate.services.internal.OrcaService	
1.31.3	gate	rosco	GET	/_calls/rosco/installedPlugins	/installedPlugins	actuator	com.netflix.spinnaker.gate.services.internal.RoscoService	
1.31.3	orca	clouddriver	PUT	/_calls/clouddriver/admin/db/truncate/{namespace}	/admin/db/truncate/{}	framework	com.netflix.spinnaker.orca.clouddriver.CloudDriverCacheService	excluded by provenance: PUT /admin/db/truncate/{}
1.31.3	clouddriver	fiat	DELETE	/_calls/fiat/roles/{userId}	/roles/{}	indirect-fiat	com.netflix.spinnaker.fiat.shared.FiatService	dropped family (owner ruling 2026-09-12)
1.31.3	clouddriver	fiat	GET	/_calls/fiat/authorize/{userId}	/authorize/{}	indirect-fiat	com.netflix.spinnaker.fiat.shared.FiatService	dropped family (owner ruling 2026-09-12)
1.31.3	clouddriver	fiat	GET	/_calls/fiat/authorize/{userId}/{resourceType}/{resourceName}/{authorization}	/authorize/{}/{}/{}/{}	indirect-fiat	com.netflix.spinnaker.fiat.shared.FiatService	dropped family (owner ruling 2026-09-12)
1.31.3	clouddriver	fiat	POST	/_calls/fiat/authorize/{userId}/{resourceType}/create	/authorize/{}/{}/create	indirect-fiat	com.netflix.spinnaker.fiat.shared.FiatService	dropped family (owner ruling 2026-09-12)
1.31.3	clouddriver	fiat	POST	/_calls/fiat/roles/sync	/roles/sync	indirect-fiat	com.netflix.spinnaker.fiat.shared.FiatService	dropped family (owner ruling 2026-09-12)
1.31.3	clouddriver	fiat	POST	/_calls/fiat/roles/sync/serviceAccount/{serviceAccountId}	/roles/sync/serviceAccount/{}	indirect-fiat	com.netflix.spinnaker.fiat.shared.FiatService	dropped family (owner ruling 2026-09-12)
1.31.3	clouddriver	fiat	POST	/_calls/fiat/roles/{userId}	/roles/{}	indirect-fiat	com.netflix.spinnaker.fiat.shared.FiatService	dropped family (owner ruling 2026-09-12)
1.31.3	clouddriver	fiat	PUT	/_calls/fiat/roles/{userId}	/roles/{}	indirect-fiat	com.netflix.spinnaker.fiat.shared.FiatService	dropped family (owner ruling 2026-09-12)
1.31.3	echo	fiat	DELETE	/_calls/fiat/roles/{userId}	/roles/{}	indirect-fiat	com.netflix.spinnaker.fiat.shared.FiatService	dropped family (owner ruling 2026-09-12)
1.31.3	echo	fiat	GET	/_calls/fiat/authorize/{userId}	/authorize/{}	indirect-fiat	com.netflix.spinnaker.fiat.shared.FiatService	dropped family (owner ruling 2026-09-12)
1.31.3	echo	fiat	GET	/_calls/fiat/authorize/{userId}/{resourceType}/{resourceName}/{authorization}	/authorize/{}/{}/{}/{}	indirect-fiat	com.netflix.spinnaker.fiat.shared.FiatService	dropped family (owner ruling 2026-09-12)
1.31.3	echo	fiat	POST	/_calls/fiat/authorize/{userId}/{resourceType}/create	/authorize/{}/{}/create	indirect-fiat	com.netflix.spinnaker.fiat.shared.FiatService	dropped family (owner ruling 2026-09-12)
1.31.3	echo	fiat	POST	/_calls/fiat/roles/sync	/roles/sync	indirect-fiat	com.netflix.spinnaker.fiat.shared.FiatService	dropped family (owner ruling 2026-09-12)
1.31.3	echo	fiat	POST	/_calls/fiat/roles/sync/serviceAccount/{serviceAccountId}	/roles/sync/serviceAccount/{}	indirect-fiat	com.netflix.spinnaker.fiat.shared.FiatService	dropped family (owner ruling 2026-09-12)
1.31.3	echo	fiat	POST	/_calls/fiat/roles/{userId}	/roles/{}	indirect-fiat	com.netflix.spinnaker.fiat.shared.FiatService	dropped family (owner ruling 2026-09-12)
1.31.3	echo	fiat	PUT	/_calls/fiat/roles/{userId}	/roles/{}	indirect-fiat	com.netflix.spinnaker.fiat.shared.FiatService	dropped family (owner ruling 2026-09-12)
1.31.3	igor	fiat	DELETE	/_calls/fiat/roles/{userId}	/roles/{}	indirect-fiat	com.netflix.spinnaker.fiat.shared.FiatService	dropped family (owner ruling 2026-09-12)
1.31.3	igor	fiat	GET	/_calls/fiat/authorize/{userId}	/authorize/{}	indirect-fiat	com.netflix.spinnaker.fiat.shared.FiatService	dropped family (owner ruling 2026-09-12)
1.31.3	igor	fiat	GET	/_calls/fiat/authorize/{userId}/{resourceType}/{resourceName}/{authorization}	/authorize/{}/{}/{}/{}	indirect-fiat	com.netflix.spinnaker.fiat.shared.FiatService	dropped family (owner ruling 2026-09-12)
1.31.3	igor	fiat	POST	/_calls/fiat/authorize/{userId}/{resourceType}/create	/authorize/{}/{}/create	indirect-fiat	com.netflix.spinnaker.fiat.shared.FiatService	dropped family (owner ruling 2026-09-12)
1.31.3	igor	fiat	POST	/_calls/fiat/roles/sync	/roles/sync	indirect-fiat	com.netflix.spinnaker.fiat.shared.FiatService	dropped family (owner ruling 2026-09-12)
1.31.3	igor	fiat	POST	/_calls/fiat/roles/sync/serviceAccount/{serviceAccountId}	/roles/sync/serviceAccount/{}	indirect-fiat	com.netflix.spinnaker.fiat.shared.FiatService	dropped family (owner ruling 2026-09-12)
1.31.3	igor	fiat	POST	/_calls/fiat/roles/{userId}	/roles/{}	indirect-fiat	com.netflix.spinnaker.fiat.shared.FiatService	dropped family (owner ruling 2026-09-12)
1.31.3	igor	fiat	PUT	/_calls/fiat/roles/{userId}	/roles/{}	indirect-fiat	com.netflix.spinnaker.fiat.shared.FiatService	dropped family (owner ruling 2026-09-12)
1.31.3	clouddriver	front50	GET	/_calls/front50/pluginInfo	/pluginInfo	kork	com.netflix.spinnaker.kork.plugins.update.internal.Front50Service	dropped family (owner ruling 2026-09-12)
1.31.3	clouddriver	front50	GET	/_calls/front50/pluginInfo/{id}	/pluginInfo/{}	kork	com.netflix.spinnaker.kork.plugins.update.internal.Front50Service	dropped family (owner ruling 2026-09-12)
1.31.3	clouddriver	front50	PUT	/_calls/front50/pluginVersions/{serverGroupName}	/pluginVersions/{}	kork	com.netflix.spinnaker.kork.plugins.update.internal.Front50Service	dropped family (owner ruling 2026-09-12)
1.31.3	echo	front50	GET	/_calls/front50/pluginInfo	/pluginInfo	kork	com.netflix.spinnaker.kork.plugins.update.internal.Front50Service	dropped family (owner ruling 2026-09-12)
1.31.3	echo	front50	GET	/_calls/front50/pluginInfo/{id}	/pluginInfo/{}	kork	com.netflix.spinnaker.kork.plugins.update.internal.Front50Service	dropped family (owner ruling 2026-09-12)
1.31.3	echo	front50	PUT	/_calls/front50/pluginVersions/{serverGroupName}	/pluginVersions/{}	kork	com.netflix.spinnaker.kork.plugins.update.internal.Front50Service	dropped family (owner ruling 2026-09-12)
1.31.3	fiat	front50	GET	/_calls/front50/pluginInfo	/pluginInfo	kork	com.netflix.spinnaker.kork.plugins.update.internal.Front50Service	dropped family (owner ruling 2026-09-12)
1.31.3	fiat	front50	GET	/_calls/front50/pluginInfo/{id}	/pluginInfo/{}	kork	com.netflix.spinnaker.kork.plugins.update.internal.Front50Service	dropped family (owner ruling 2026-09-12)
1.31.3	fiat	front50	PUT	/_calls/front50/pluginVersions/{serverGroupName}	/pluginVersions/{}	kork	com.netflix.spinnaker.kork.plugins.update.internal.Front50Service	dropped family (owner ruling 2026-09-12)
1.31.3	front50	front50	GET	/_calls/front50/pluginInfo	/pluginInfo	kork	com.netflix.spinnaker.kork.plugins.update.internal.Front50Service	dropped family (owner ruling 2026-09-12)
1.31.3	front50	front50	GET	/_calls/front50/pluginInfo/{id}	/pluginInfo/{}	kork	com.netflix.spinnaker.kork.plugins.update.internal.Front50Service	dropped family (owner ruling 2026-09-12)
1.31.3	front50	front50	PUT	/_calls/front50/pluginVersions/{serverGroupName}	/pluginVersions/{}	kork	com.netflix.spinnaker.kork.plugins.update.internal.Front50Service	dropped family (owner ruling 2026-09-12)
1.31.3	gate	front50	GET	/_calls/front50/pluginInfo/{id}	/pluginInfo/{}	kork	com.netflix.spinnaker.kork.plugins.update.internal.Front50Service	dropped family (owner ruling 2026-09-12)
1.31.3	gate	front50	PUT	/_calls/front50/pluginVersions/{serverGroupName}	/pluginVersions/{}	kork	com.netflix.spinnaker.kork.plugins.update.internal.Front50Service	dropped family (owner ruling 2026-09-12)
1.31.3	igor	front50	GET	/_calls/front50/pluginInfo/{id}	/pluginInfo/{}	kork	com.netflix.spinnaker.kork.plugins.update.internal.Front50Service	dropped family (owner ruling 2026-09-12)
1.31.3	igor	front50	PUT	/_calls/front50/pluginVersions/{serverGroupName}	/pluginVersions/{}	kork	com.netflix.spinnaker.kork.plugins.update.internal.Front50Service	dropped family (owner ruling 2026-09-12)
1.31.3	kayenta	front50	GET	/_calls/front50/pluginInfo	/pluginInfo	kork	com.netflix.spinnaker.kork.plugins.update.internal.Front50Service	dropped family (owner ruling 2026-09-12)
1.31.3	kayenta	front50	GET	/_calls/front50/pluginInfo/{id}	/pluginInfo/{}	kork	com.netflix.spinnaker.kork.plugins.update.internal.Front50Service	dropped family (owner ruling 2026-09-12)
1.31.3	kayenta	front50	PUT	/_calls/front50/pluginVersions/{serverGroupName}	/pluginVersions/{}	kork	com.netflix.spinnaker.kork.plugins.update.internal.Front50Service	dropped family (owner ruling 2026-09-12)
1.31.3	orca	front50	GET	/_calls/front50/pluginInfo	/pluginInfo	kork	com.netflix.spinnaker.kork.plugins.update.internal.Front50Service	dropped family (owner ruling 2026-09-12)
1.31.3	orca	front50	GET	/_calls/front50/pluginInfo/{id}	/pluginInfo/{}	kork	com.netflix.spinnaker.kork.plugins.update.internal.Front50Service	dropped family (owner ruling 2026-09-12)
1.31.3	orca	front50	PUT	/_calls/front50/pluginVersions/{serverGroupName}	/pluginVersions/{}	kork	com.netflix.spinnaker.kork.plugins.update.internal.Front50Service	dropped family (owner ruling 2026-09-12)
1.31.3	rosco	front50	GET	/_calls/front50/pluginInfo	/pluginInfo	kork	com.netflix.spinnaker.kork.plugins.update.internal.Front50Service	dropped family (owner ruling 2026-09-12)
1.31.3	rosco	front50	GET	/_calls/front50/pluginInfo/{id}	/pluginInfo/{}	kork	com.netflix.spinnaker.kork.plugins.update.internal.Front50Service	dropped family (owner ruling 2026-09-12)
1.31.3	rosco	front50	PUT	/_calls/front50/pluginVersions/{serverGroupName}	/pluginVersions/{}	kork	com.netflix.spinnaker.kork.plugins.update.internal.Front50Service	dropped family (owner ruling 2026-09-12)
1.31.3	echo	keel	POST	/_calls/keel/artifacts/events	/artifacts/events	out-of-mesh	com.netflix.spinnaker.echo.services.KeelService	
1.31.3	gate	keel	DELETE	/_calls/keel/application/{application}/config	/application/{}/config	out-of-mesh	com.netflix.spinnaker.gate.services.internal.KeelService	
1.31.3	gate	keel	DELETE	/_calls/keel/application/{application}/pause	/application/{}/pause	out-of-mesh	com.netflix.spinnaker.gate.services.internal.KeelService	
1.31.3	gate	keel	DELETE	/_calls/keel/application/{application}/pin/{targetEnvironment}	/application/{}/pin/{}	out-of-mesh	com.netflix.spinnaker.gate.services.internal.KeelService	
1.31.3	gate	keel	DELETE	/_calls/keel/application/{application}/veto/{targetEnvironment}/{reference}/{version}	/application/{}/veto/{}/{}/{}	out-of-mesh	com.netflix.spinnaker.gate.services.internal.KeelService	
1.31.3	gate	keel	DELETE	/_calls/keel/delivery-configs/{name}	/delivery-configs/{}	out-of-mesh	com.netflix.spinnaker.gate.services.internal.KeelService	
1.31.3	gate	keel	DELETE	/_calls/keel/resources/{name}	/resources/{}	out-of-mesh	com.netflix.spinnaker.gate.services.internal.KeelService	
1.31.3	gate	keel	DELETE	/_calls/keel/resources/{name}/pause	/resources/{}/pause	out-of-mesh	com.netflix.spinnaker.gate.services.internal.KeelService	
1.31.3	gate	keel	GET	/_calls/keel/application/{application}	/application/{}	out-of-mesh	com.netflix.spinnaker.gate.services.internal.KeelService	
1.31.3	gate	keel	GET	/_calls/keel/application/{application}/config	/application/{}/config	out-of-mesh	com.netflix.spinnaker.gate.services.internal.KeelService	
1.31.3	gate	keel	GET	/_calls/keel/application/{application}/environment/{environment}/constraints	/application/{}/environment/{}/constraints	out-of-mesh	com.netflix.spinnaker.gate.services.internal.KeelService	
1.31.3	gate	keel	GET	/_calls/keel/delivery-configs/schema	/delivery-configs/schema	out-of-mesh	com.netflix.spinnaker.gate.services.internal.KeelService	
1.31.3	gate	keel	GET	/_calls/keel/delivery-configs/{name}	/delivery-configs/{}	out-of-mesh	com.netflix.spinnaker.gate.services.internal.KeelService	
1.31.3	gate	keel	GET	/_calls/keel/delivery-configs/{name}/artifacts	/delivery-configs/{}/artifacts	out-of-mesh	com.netflix.spinnaker.gate.services.internal.KeelService	
1.31.3	gate	keel	GET	/_calls/keel/environments/{application}	/environments/{}	out-of-mesh	com.netflix.spinnaker.gate.services.internal.KeelService	
1.31.3	gate	keel	GET	/_calls/keel/export/artifact/{cloudProvider}/{account}/{clusterName}	/export/artifact/{}/{}/{}	out-of-mesh	com.netflix.spinnaker.gate.services.internal.KeelService	
1.31.3	gate	keel	GET	/_calls/keel/export/{cloudProvider}/{account}/{type}/{name}	/export/{}/{}/{}/{}	out-of-mesh	com.netflix.spinnaker.gate.services.internal.KeelService	
1.31.3	gate	keel	GET	/_calls/keel/health	/health	out-of-mesh	com.netflix.spinnaker.gate.services.internal.HealthCheckableService	
1.31.3	gate	keel	GET	/_calls/keel/installedPlugins	/installedPlugins	out-of-mesh	com.netflix.spinnaker.gate.services.internal.KeelService	
1.31.3	gate	keel	GET	/_calls/keel/reports/adoption	/reports/adoption	out-of-mesh	com.netflix.spinnaker.gate.services.internal.KeelService	
1.31.3	gate	keel	GET	/_calls/keel/reports/onboarding	/reports/onboarding	out-of-mesh	com.netflix.spinnaker.gate.services.internal.KeelService	
1.31.3	gate	keel	GET	/_calls/keel/resources/events/{name}	/resources/events/{}	out-of-mesh	com.netflix.spinnaker.gate.services.internal.KeelService	
1.31.3	gate	keel	GET	/_calls/keel/resources/{name}	/resources/{}	out-of-mesh	com.netflix.spinnaker.gate.services.internal.KeelService	
1.31.3	gate	keel	GET	/_calls/keel/resources/{name}/status	/resources/{}/status	out-of-mesh	com.netflix.spinnaker.gate.services.internal.KeelService	
1.31.3	gate	keel	POST	/_calls/keel/application/{application}/environment/{environment}/constraint	/application/{}/environment/{}/constraint	out-of-mesh	com.netflix.spinnaker.gate.services.internal.KeelService	
1.31.3	gate	keel	POST	/_calls/keel/application/{application}/environment/{environment}/verifications	/application/{}/environment/{}/verifications	out-of-mesh	com.netflix.spinnaker.gate.services.internal.KeelService	
1.31.3	gate	keel	POST	/_calls/keel/application/{application}/environment/{environment}/verifications/retry	/application/{}/environment/{}/verifications/retry	out-of-mesh	com.netflix.spinnaker.gate.services.internal.KeelService	
1.31.3	gate	keel	POST	/_calls/keel/application/{application}/mark/bad	/application/{}/mark/bad	out-of-mesh	com.netflix.spinnaker.gate.services.internal.KeelService	
1.31.3	gate	keel	POST	/_calls/keel/application/{application}/mark/good	/application/{}/mark/good	out-of-mesh	com.netflix.spinnaker.gate.services.internal.KeelService	
1.31.3	gate	keel	POST	/_calls/keel/application/{application}/pause	/application/{}/pause	out-of-mesh	com.netflix.spinnaker.gate.services.internal.KeelService	
1.31.3	gate	keel	POST	/_calls/keel/application/{application}/pin	/application/{}/pin	out-of-mesh	com.netflix.spinnaker.gate.services.internal.KeelService	
1.31.3	gate	keel	POST	/_calls/keel/application/{application}/veto	/application/{}/veto	out-of-mesh	com.netflix.spinnaker.gate.services.internal.KeelService	
1.31.3	gate	keel	POST	/_calls/keel/delivery-configs	/delivery-configs	out-of-mesh	com.netflix.spinnaker.gate.services.internal.KeelService	
1.31.3	gate	keel	POST	/_calls/keel/delivery-configs/diff	/delivery-configs/diff	out-of-mesh	com.netflix.spinnaker.gate.services.internal.KeelService	
1.31.3	gate	keel	POST	/_calls/keel/delivery-configs/validate	/delivery-configs/validate	out-of-mesh	com.netflix.spinnaker.gate.services.internal.KeelService	
1.31.3	gate	keel	POST	/_calls/keel/graphql	/graphql	out-of-mesh	com.netflix.spinnaker.gate.services.internal.KeelService	
1.31.3	gate	keel	POST	/_calls/keel/resources	/resources	out-of-mesh	com.netflix.spinnaker.gate.services.internal.KeelService	
1.31.3	gate	keel	POST	/_calls/keel/resources/diff	/resources/diff	out-of-mesh	com.netflix.spinnaker.gate.services.internal.KeelService	
1.31.3	gate	keel	POST	/_calls/keel/resources/{name}/pause	/resources/{}/pause	out-of-mesh	com.netflix.spinnaker.gate.services.internal.KeelService	
1.31.3	igor	keel	POST	/_calls/keel/artifacts/events	/artifacts/events	out-of-mesh	com.netflix.spinnaker.igor.keel.KeelService	
1.31.3	orca	keel	DELETE	/_calls/keel/application/{application}/config	/application/{}/config	out-of-mesh	com.netflix.spinnaker.orca.KeelService	
1.31.3	orca	keel	POST	/_calls/keel/delivery-configs	/delivery-configs	out-of-mesh	com.netflix.spinnaker.orca.KeelService	
1.31.3	clouddriver	front50	GET	/_calls/front50/credentials	/credentials	stale	com.netflix.spinnaker.clouddriver.core.services.Front50Service	
1.31.3	echo	front50	POST	/_calls/front50/graphql	/graphql	stale	com.netflix.spinnaker.echo.services.Front50Service	
1.31.3	gate	clouddriver	GET	/_calls/clouddriver/applications/{name}/clusters/{account}/{cluster}/{type}/loadBalancers	/applications/{}/clusters/{}/{}/{}/loadBalancers	stale	com.netflix.spinnaker.gate.services.internal.ClouddriverService	
1.31.3	gate	clouddriver	POST	/_calls/clouddriver/applications/{name}/jobs/{account}/{region}/{jobName}	/applications/{}/jobs/{}/{}/{}	stale	com.netflix.spinnaker.gate.services.internal.ClouddriverService	
1.31.3	gate	front50	GET	/_calls/front50/credentials	/credentials	stale	com.netflix.spinnaker.gate.services.internal.Front50Service	
1.31.3	gate	front50	POST	/_calls/front50/pipelines/move	/pipelines/move	stale	com.netflix.spinnaker.gate.services.internal.Front50Service	
1.31.3	gate	front50	POST	/_calls/front50/strategies/move	/strategies/move	stale	com.netflix.spinnaker.gate.services.internal.Front50Service	
1.31.3	orca	echo	GET	/_calls/echo/events/recent/{type}/{since}	/events/recent/{}/{}	stale	com.netflix.spinnaker.orca.echo.EchoService	
1.31.3	orca	front50	GET	/_calls/front50/credentials	/credentials	stale	com.netflix.spinnaker.orca.front50.Front50Service	
1.32.0	gate	clouddriver	GET	/_calls/clouddriver/health	/health	actuator	com.netflix.spinnaker.gate.services.internal.HealthCheckableService	
1.32.0	gate	clouddriver	GET	/_calls/clouddriver/installedPlugins	/installedPlugins	actuator	com.netflix.spinnaker.gate.services.internal.ClouddriverService	
1.32.0	gate	echo	GET	/_calls/echo/health	/health	actuator	com.netflix.spinnaker.gate.services.internal.HealthCheckableService	
1.32.0	gate	echo	GET	/_calls/echo/installedPlugins	/installedPlugins	actuator	com.netflix.spinnaker.gate.services.internal.EchoService	
1.32.0	gate	fiat	GET	/_calls/fiat/installedPlugins	/installedPlugins	actuator	com.netflix.spinnaker.gate.services.internal.ExtendedFiatService	
1.32.0	gate	front50	GET	/_calls/front50/health	/health	actuator	com.netflix.spinnaker.gate.services.internal.HealthCheckableService	
1.32.0	gate	front50	GET	/_calls/front50/installedPlugins	/installedPlugins	actuator	com.netflix.spinnaker.gate.services.internal.Front50Service	
1.32.0	gate	igor	GET	/_calls/igor/health	/health	actuator	com.netflix.spinnaker.gate.services.internal.HealthCheckableService	
1.32.0	gate	igor	GET	/_calls/igor/installedPlugins	/installedPlugins	actuator	com.netflix.spinnaker.gate.services.internal.IgorService	
1.32.0	gate	orca	GET	/_calls/orca/health	/health	actuator	com.netflix.spinnaker.gate.services.internal.HealthCheckableService	
1.32.0	gate	orca	GET	/_calls/orca/installedPlugins	/installedPlugins	actuator	com.netflix.spinnaker.gate.services.internal.OrcaService	
1.32.0	gate	rosco	GET	/_calls/rosco/installedPlugins	/installedPlugins	actuator	com.netflix.spinnaker.gate.services.internal.RoscoService	
1.32.0	orca	clouddriver	PUT	/_calls/clouddriver/admin/db/truncate/{namespace}	/admin/db/truncate/{}	framework	com.netflix.spinnaker.orca.clouddriver.CloudDriverCacheService	excluded by provenance: PUT /admin/db/truncate/{}
1.32.0	clouddriver	fiat	DELETE	/_calls/fiat/roles/{userId}	/roles/{}	indirect-fiat	com.netflix.spinnaker.fiat.shared.FiatService	dropped family (owner ruling 2026-09-12)
1.32.0	clouddriver	fiat	GET	/_calls/fiat/authorize/{userId}	/authorize/{}	indirect-fiat	com.netflix.spinnaker.fiat.shared.FiatService	dropped family (owner ruling 2026-09-12)
1.32.0	clouddriver	fiat	GET	/_calls/fiat/authorize/{userId}/{resourceType}/{resourceName}/{authorization}	/authorize/{}/{}/{}/{}	indirect-fiat	com.netflix.spinnaker.fiat.shared.FiatService	dropped family (owner ruling 2026-09-12)
1.32.0	clouddriver	fiat	POST	/_calls/fiat/authorize/{userId}/{resourceType}/create	/authorize/{}/{}/create	indirect-fiat	com.netflix.spinnaker.fiat.shared.FiatService	dropped family (owner ruling 2026-09-12)
1.32.0	clouddriver	fiat	POST	/_calls/fiat/roles/sync	/roles/sync	indirect-fiat	com.netflix.spinnaker.fiat.shared.FiatService	dropped family (owner ruling 2026-09-12)
1.32.0	clouddriver	fiat	POST	/_calls/fiat/roles/sync/serviceAccount/{serviceAccountId}	/roles/sync/serviceAccount/{}	indirect-fiat	com.netflix.spinnaker.fiat.shared.FiatService	dropped family (owner ruling 2026-09-12)
1.32.0	clouddriver	fiat	POST	/_calls/fiat/roles/{userId}	/roles/{}	indirect-fiat	com.netflix.spinnaker.fiat.shared.FiatService	dropped family (owner ruling 2026-09-12)
1.32.0	clouddriver	fiat	PUT	/_calls/fiat/roles/{userId}	/roles/{}	indirect-fiat	com.netflix.spinnaker.fiat.shared.FiatService	dropped family (owner ruling 2026-09-12)
1.32.0	echo	fiat	DELETE	/_calls/fiat/roles/{userId}	/roles/{}	indirect-fiat	com.netflix.spinnaker.fiat.shared.FiatService	dropped family (owner ruling 2026-09-12)
1.32.0	echo	fiat	GET	/_calls/fiat/authorize/{userId}	/authorize/{}	indirect-fiat	com.netflix.spinnaker.fiat.shared.FiatService	dropped family (owner ruling 2026-09-12)
1.32.0	echo	fiat	GET	/_calls/fiat/authorize/{userId}/{resourceType}/{resourceName}/{authorization}	/authorize/{}/{}/{}/{}	indirect-fiat	com.netflix.spinnaker.fiat.shared.FiatService	dropped family (owner ruling 2026-09-12)
1.32.0	echo	fiat	POST	/_calls/fiat/authorize/{userId}/{resourceType}/create	/authorize/{}/{}/create	indirect-fiat	com.netflix.spinnaker.fiat.shared.FiatService	dropped family (owner ruling 2026-09-12)
1.32.0	echo	fiat	POST	/_calls/fiat/roles/sync	/roles/sync	indirect-fiat	com.netflix.spinnaker.fiat.shared.FiatService	dropped family (owner ruling 2026-09-12)
1.32.0	echo	fiat	POST	/_calls/fiat/roles/sync/serviceAccount/{serviceAccountId}	/roles/sync/serviceAccount/{}	indirect-fiat	com.netflix.spinnaker.fiat.shared.FiatService	dropped family (owner ruling 2026-09-12)
1.32.0	echo	fiat	POST	/_calls/fiat/roles/{userId}	/roles/{}	indirect-fiat	com.netflix.spinnaker.fiat.shared.FiatService	dropped family (owner ruling 2026-09-12)
1.32.0	echo	fiat	PUT	/_calls/fiat/roles/{userId}	/roles/{}	indirect-fiat	com.netflix.spinnaker.fiat.shared.FiatService	dropped family (owner ruling 2026-09-12)
1.32.0	igor	fiat	DELETE	/_calls/fiat/roles/{userId}	/roles/{}	indirect-fiat	com.netflix.spinnaker.fiat.shared.FiatService	dropped family (owner ruling 2026-09-12)
1.32.0	igor	fiat	GET	/_calls/fiat/authorize/{userId}	/authorize/{}	indirect-fiat	com.netflix.spinnaker.fiat.shared.FiatService	dropped family (owner ruling 2026-09-12)
1.32.0	igor	fiat	GET	/_calls/fiat/authorize/{userId}/{resourceType}/{resourceName}/{authorization}	/authorize/{}/{}/{}/{}	indirect-fiat	com.netflix.spinnaker.fiat.shared.FiatService	dropped family (owner ruling 2026-09-12)
1.32.0	igor	fiat	POST	/_calls/fiat/authorize/{userId}/{resourceType}/create	/authorize/{}/{}/create	indirect-fiat	com.netflix.spinnaker.fiat.shared.FiatService	dropped family (owner ruling 2026-09-12)
1.32.0	igor	fiat	POST	/_calls/fiat/roles/sync	/roles/sync	indirect-fiat	com.netflix.spinnaker.fiat.shared.FiatService	dropped family (owner ruling 2026-09-12)
1.32.0	igor	fiat	POST	/_calls/fiat/roles/sync/serviceAccount/{serviceAccountId}	/roles/sync/serviceAccount/{}	indirect-fiat	com.netflix.spinnaker.fiat.shared.FiatService	dropped family (owner ruling 2026-09-12)
1.32.0	igor	fiat	POST	/_calls/fiat/roles/{userId}	/roles/{}	indirect-fiat	com.netflix.spinnaker.fiat.shared.FiatService	dropped family (owner ruling 2026-09-12)
1.32.0	igor	fiat	PUT	/_calls/fiat/roles/{userId}	/roles/{}	indirect-fiat	com.netflix.spinnaker.fiat.shared.FiatService	dropped family (owner ruling 2026-09-12)
1.32.0	clouddriver	front50	GET	/_calls/front50/pluginInfo	/pluginInfo	kork	com.netflix.spinnaker.kork.plugins.update.internal.Front50Service	dropped family (owner ruling 2026-09-12)
1.32.0	clouddriver	front50	GET	/_calls/front50/pluginInfo/{id}	/pluginInfo/{}	kork	com.netflix.spinnaker.kork.plugins.update.internal.Front50Service	dropped family (owner ruling 2026-09-12)
1.32.0	clouddriver	front50	PUT	/_calls/front50/pluginVersions/{serverGroupName}	/pluginVersions/{}	kork	com.netflix.spinnaker.kork.plugins.update.internal.Front50Service	dropped family (owner ruling 2026-09-12)
1.32.0	echo	front50	GET	/_calls/front50/pluginInfo	/pluginInfo	kork	com.netflix.spinnaker.kork.plugins.update.internal.Front50Service	dropped family (owner ruling 2026-09-12)
1.32.0	echo	front50	GET	/_calls/front50/pluginInfo/{id}	/pluginInfo/{}	kork	com.netflix.spinnaker.kork.plugins.update.internal.Front50Service	dropped family (owner ruling 2026-09-12)
1.32.0	echo	front50	PUT	/_calls/front50/pluginVersions/{serverGroupName}	/pluginVersions/{}	kork	com.netflix.spinnaker.kork.plugins.update.internal.Front50Service	dropped family (owner ruling 2026-09-12)
1.32.0	fiat	front50	GET	/_calls/front50/pluginInfo	/pluginInfo	kork	com.netflix.spinnaker.kork.plugins.update.internal.Front50Service	dropped family (owner ruling 2026-09-12)
1.32.0	fiat	front50	GET	/_calls/front50/pluginInfo/{id}	/pluginInfo/{}	kork	com.netflix.spinnaker.kork.plugins.update.internal.Front50Service	dropped family (owner ruling 2026-09-12)
1.32.0	fiat	front50	PUT	/_calls/front50/pluginVersions/{serverGroupName}	/pluginVersions/{}	kork	com.netflix.spinnaker.kork.plugins.update.internal.Front50Service	dropped family (owner ruling 2026-09-12)
1.32.0	front50	front50	GET	/_calls/front50/pluginInfo	/pluginInfo	kork	com.netflix.spinnaker.kork.plugins.update.internal.Front50Service	dropped family (owner ruling 2026-09-12)
1.32.0	front50	front50	GET	/_calls/front50/pluginInfo/{id}	/pluginInfo/{}	kork	com.netflix.spinnaker.kork.plugins.update.internal.Front50Service	dropped family (owner ruling 2026-09-12)
1.32.0	front50	front50	PUT	/_calls/front50/pluginVersions/{serverGroupName}	/pluginVersions/{}	kork	com.netflix.spinnaker.kork.plugins.update.internal.Front50Service	dropped family (owner ruling 2026-09-12)
1.32.0	gate	front50	GET	/_calls/front50/pluginInfo/{id}	/pluginInfo/{}	kork	com.netflix.spinnaker.kork.plugins.update.internal.Front50Service	dropped family (owner ruling 2026-09-12)
1.32.0	gate	front50	PUT	/_calls/front50/pluginVersions/{serverGroupName}	/pluginVersions/{}	kork	com.netflix.spinnaker.kork.plugins.update.internal.Front50Service	dropped family (owner ruling 2026-09-12)
1.32.0	igor	front50	GET	/_calls/front50/pluginInfo/{id}	/pluginInfo/{}	kork	com.netflix.spinnaker.kork.plugins.update.internal.Front50Service	dropped family (owner ruling 2026-09-12)
1.32.0	igor	front50	PUT	/_calls/front50/pluginVersions/{serverGroupName}	/pluginVersions/{}	kork	com.netflix.spinnaker.kork.plugins.update.internal.Front50Service	dropped family (owner ruling 2026-09-12)
1.32.0	kayenta	front50	GET	/_calls/front50/pluginInfo	/pluginInfo	kork	com.netflix.spinnaker.kork.plugins.update.internal.Front50Service	dropped family (owner ruling 2026-09-12)
1.32.0	kayenta	front50	GET	/_calls/front50/pluginInfo/{id}	/pluginInfo/{}	kork	com.netflix.spinnaker.kork.plugins.update.internal.Front50Service	dropped family (owner ruling 2026-09-12)
1.32.0	kayenta	front50	PUT	/_calls/front50/pluginVersions/{serverGroupName}	/pluginVersions/{}	kork	com.netflix.spinnaker.kork.plugins.update.internal.Front50Service	dropped family (owner ruling 2026-09-12)
1.32.0	orca	front50	GET	/_calls/front50/pluginInfo	/pluginInfo	kork	com.netflix.spinnaker.kork.plugins.update.internal.Front50Service	dropped family (owner ruling 2026-09-12)
1.32.0	orca	front50	GET	/_calls/front50/pluginInfo/{id}	/pluginInfo/{}	kork	com.netflix.spinnaker.kork.plugins.update.internal.Front50Service	dropped family (owner ruling 2026-09-12)
1.32.0	orca	front50	PUT	/_calls/front50/pluginVersions/{serverGroupName}	/pluginVersions/{}	kork	com.netflix.spinnaker.kork.plugins.update.internal.Front50Service	dropped family (owner ruling 2026-09-12)
1.32.0	rosco	front50	GET	/_calls/front50/pluginInfo	/pluginInfo	kork	com.netflix.spinnaker.kork.plugins.update.internal.Front50Service	dropped family (owner ruling 2026-09-12)
1.32.0	rosco	front50	GET	/_calls/front50/pluginInfo/{id}	/pluginInfo/{}	kork	com.netflix.spinnaker.kork.plugins.update.internal.Front50Service	dropped family (owner ruling 2026-09-12)
1.32.0	rosco	front50	PUT	/_calls/front50/pluginVersions/{serverGroupName}	/pluginVersions/{}	kork	com.netflix.spinnaker.kork.plugins.update.internal.Front50Service	dropped family (owner ruling 2026-09-12)
1.32.0	echo	keel	POST	/_calls/keel/artifacts/events	/artifacts/events	out-of-mesh	com.netflix.spinnaker.echo.services.KeelService	
1.32.0	gate	keel	DELETE	/_calls/keel/application/{application}/config	/application/{}/config	out-of-mesh	com.netflix.spinnaker.gate.services.internal.KeelService	
1.32.0	gate	keel	DELETE	/_calls/keel/application/{application}/pause	/application/{}/pause	out-of-mesh	com.netflix.spinnaker.gate.services.internal.KeelService	
1.32.0	gate	keel	DELETE	/_calls/keel/application/{application}/pin/{targetEnvironment}	/application/{}/pin/{}	out-of-mesh	com.netflix.spinnaker.gate.services.internal.KeelService	
1.32.0	gate	keel	DELETE	/_calls/keel/application/{application}/veto/{targetEnvironment}/{reference}/{version}	/application/{}/veto/{}/{}/{}	out-of-mesh	com.netflix.spinnaker.gate.services.internal.KeelService	
1.32.0	gate	keel	DELETE	/_calls/keel/delivery-configs/{name}	/delivery-configs/{}	out-of-mesh	com.netflix.spinnaker.gate.services.internal.KeelService	
1.32.0	gate	keel	DELETE	/_calls/keel/resources/{name}	/resources/{}	out-of-mesh	com.netflix.spinnaker.gate.services.internal.KeelService	
1.32.0	gate	keel	DELETE	/_calls/keel/resources/{name}/pause	/resources/{}/pause	out-of-mesh	com.netflix.spinnaker.gate.services.internal.KeelService	
1.32.0	gate	keel	GET	/_calls/keel/application/{application}	/application/{}	out-of-mesh	com.netflix.spinnaker.gate.services.internal.KeelService	
1.32.0	gate	keel	GET	/_calls/keel/application/{application}/config	/application/{}/config	out-of-mesh	com.netflix.spinnaker.gate.services.internal.KeelService	
1.32.0	gate	keel	GET	/_calls/keel/application/{application}/environment/{environment}/constraints	/application/{}/environment/{}/constraints	out-of-mesh	com.netflix.spinnaker.gate.services.internal.KeelService	
1.32.0	gate	keel	GET	/_calls/keel/delivery-configs/schema	/delivery-configs/schema	out-of-mesh	com.netflix.spinnaker.gate.services.internal.KeelService	
1.32.0	gate	keel	GET	/_calls/keel/delivery-configs/{name}	/delivery-configs/{}	out-of-mesh	com.netflix.spinnaker.gate.services.internal.KeelService	
1.32.0	gate	keel	GET	/_calls/keel/delivery-configs/{name}/artifacts	/delivery-configs/{}/artifacts	out-of-mesh	com.netflix.spinnaker.gate.services.internal.KeelService	
1.32.0	gate	keel	GET	/_calls/keel/environments/{application}	/environments/{}	out-of-mesh	com.netflix.spinnaker.gate.services.internal.KeelService	
1.32.0	gate	keel	GET	/_calls/keel/export/artifact/{cloudProvider}/{account}/{clusterName}	/export/artifact/{}/{}/{}	out-of-mesh	com.netflix.spinnaker.gate.services.internal.KeelService	
1.32.0	gate	keel	GET	/_calls/keel/export/{cloudProvider}/{account}/{type}/{name}	/export/{}/{}/{}/{}	out-of-mesh	com.netflix.spinnaker.gate.services.internal.KeelService	
1.32.0	gate	keel	GET	/_calls/keel/health	/health	out-of-mesh	com.netflix.spinnaker.gate.services.internal.HealthCheckableService	
1.32.0	gate	keel	GET	/_calls/keel/installedPlugins	/installedPlugins	out-of-mesh	com.netflix.spinnaker.gate.services.internal.KeelService	
1.32.0	gate	keel	GET	/_calls/keel/reports/adoption	/reports/adoption	out-of-mesh	com.netflix.spinnaker.gate.services.internal.KeelService	
1.32.0	gate	keel	GET	/_calls/keel/reports/onboarding	/reports/onboarding	out-of-mesh	com.netflix.spinnaker.gate.services.internal.KeelService	
1.32.0	gate	keel	GET	/_calls/keel/resources/events/{name}	/resources/events/{}	out-of-mesh	com.netflix.spinnaker.gate.services.internal.KeelService	
1.32.0	gate	keel	GET	/_calls/keel/resources/{name}	/resources/{}	out-of-mesh	com.netflix.spinnaker.gate.services.internal.KeelService	
1.32.0	gate	keel	GET	/_calls/keel/resources/{name}/status	/resources/{}/status	out-of-mesh	com.netflix.spinnaker.gate.services.internal.KeelService	
1.32.0	gate	keel	POST	/_calls/keel/application/{application}/environment/{environment}/constraint	/application/{}/environment/{}/constraint	out-of-mesh	com.netflix.spinnaker.gate.services.internal.KeelService	
1.32.0	gate	keel	POST	/_calls/keel/application/{application}/environment/{environment}/verifications	/application/{}/environment/{}/verifications	out-of-mesh	com.netflix.spinnaker.gate.services.internal.KeelService	
1.32.0	gate	keel	POST	/_calls/keel/application/{application}/environment/{environment}/verifications/retry	/application/{}/environment/{}/verifications/retry	out-of-mesh	com.netflix.spinnaker.gate.services.internal.KeelService	
1.32.0	gate	keel	POST	/_calls/keel/application/{application}/mark/bad	/application/{}/mark/bad	out-of-mesh	com.netflix.spinnaker.gate.services.internal.KeelService	
1.32.0	gate	keel	POST	/_calls/keel/application/{application}/mark/good	/application/{}/mark/good	out-of-mesh	com.netflix.spinnaker.gate.services.internal.KeelService	
1.32.0	gate	keel	POST	/_calls/keel/application/{application}/pause	/application/{}/pause	out-of-mesh	com.netflix.spinnaker.gate.services.internal.KeelService	
1.32.0	gate	keel	POST	/_calls/keel/application/{application}/pin	/application/{}/pin	out-of-mesh	com.netflix.spinnaker.gate.services.internal.KeelService	
1.32.0	gate	keel	POST	/_calls/keel/application/{application}/veto	/application/{}/veto	out-of-mesh	com.netflix.spinnaker.gate.services.internal.KeelService	
1.32.0	gate	keel	POST	/_calls/keel/delivery-configs	/delivery-configs	out-of-mesh	com.netflix.spinnaker.gate.services.internal.KeelService	
1.32.0	gate	keel	POST	/_calls/keel/delivery-configs/diff	/delivery-configs/diff	out-of-mesh	com.netflix.spinnaker.gate.services.internal.KeelService	
1.32.0	gate	keel	POST	/_calls/keel/delivery-configs/validate	/delivery-configs/validate	out-of-mesh	com.netflix.spinnaker.gate.services.internal.KeelService	
1.32.0	gate	keel	POST	/_calls/keel/graphql	/graphql	out-of-mesh	com.netflix.spinnaker.gate.services.internal.KeelService	
1.32.0	gate	keel	POST	/_calls/keel/resources	/resources	out-of-mesh	com.netflix.spinnaker.gate.services.internal.KeelService	
1.32.0	gate	keel	POST	/_calls/keel/resources/diff	/resources/diff	out-of-mesh	com.netflix.spinnaker.gate.services.internal.KeelService	
1.32.0	gate	keel	POST	/_calls/keel/resources/{name}/pause	/resources/{}/pause	out-of-mesh	com.netflix.spinnaker.gate.services.internal.KeelService	
1.32.0	igor	keel	POST	/_calls/keel/artifacts/events	/artifacts/events	out-of-mesh	com.netflix.spinnaker.igor.keel.KeelService	
1.32.0	orca	keel	DELETE	/_calls/keel/application/{application}/config	/application/{}/config	out-of-mesh	com.netflix.spinnaker.orca.KeelService	
1.32.0	orca	keel	POST	/_calls/keel/delivery-configs	/delivery-configs	out-of-mesh	com.netflix.spinnaker.orca.KeelService	
1.32.0	clouddriver	front50	GET	/_calls/front50/credentials	/credentials	stale	com.netflix.spinnaker.clouddriver.core.services.Front50Service	
1.32.0	echo	front50	POST	/_calls/front50/graphql	/graphql	stale	com.netflix.spinnaker.echo.services.Front50Service	
1.32.0	gate	clouddriver	GET	/_calls/clouddriver/applications/{name}/clusters/{account}/{cluster}/{type}/loadBalancers	/applications/{}/clusters/{}/{}/{}/loadBalancers	stale	com.netflix.spinnaker.gate.services.internal.ClouddriverService	
1.32.0	gate	clouddriver	POST	/_calls/clouddriver/applications/{name}/jobs/{account}/{region}/{jobName}	/applications/{}/jobs/{}/{}/{}	stale	com.netflix.spinnaker.gate.services.internal.ClouddriverService	
1.32.0	gate	front50	GET	/_calls/front50/credentials	/credentials	stale	com.netflix.spinnaker.gate.services.internal.Front50Service	
1.32.0	gate	front50	POST	/_calls/front50/pipelines/move	/pipelines/move	stale	com.netflix.spinnaker.gate.services.internal.Front50Service	
1.32.0	gate	front50	POST	/_calls/front50/strategies/move	/strategies/move	stale	com.netflix.spinnaker.gate.services.internal.Front50Service	
1.32.0	orca	echo	GET	/_calls/echo/events/recent/{type}/{since}	/events/recent/{}/{}	stale	com.netflix.spinnaker.orca.echo.EchoService	
1.32.0	orca	front50	GET	/_calls/front50/credentials	/credentials	stale	com.netflix.spinnaker.orca.front50.Front50Service	
1.32.1	gate	clouddriver	GET	/_calls/clouddriver/health	/health	actuator	com.netflix.spinnaker.gate.services.internal.HealthCheckableService	
1.32.1	gate	clouddriver	GET	/_calls/clouddriver/installedPlugins	/installedPlugins	actuator	com.netflix.spinnaker.gate.services.internal.ClouddriverService	
1.32.1	gate	echo	GET	/_calls/echo/health	/health	actuator	com.netflix.spinnaker.gate.services.internal.HealthCheckableService	
1.32.1	gate	echo	GET	/_calls/echo/installedPlugins	/installedPlugins	actuator	com.netflix.spinnaker.gate.services.internal.EchoService	
1.32.1	gate	fiat	GET	/_calls/fiat/installedPlugins	/installedPlugins	actuator	com.netflix.spinnaker.gate.services.internal.ExtendedFiatService	
1.32.1	gate	front50	GET	/_calls/front50/health	/health	actuator	com.netflix.spinnaker.gate.services.internal.HealthCheckableService	
1.32.1	gate	front50	GET	/_calls/front50/installedPlugins	/installedPlugins	actuator	com.netflix.spinnaker.gate.services.internal.Front50Service	
1.32.1	gate	igor	GET	/_calls/igor/health	/health	actuator	com.netflix.spinnaker.gate.services.internal.HealthCheckableService	
1.32.1	gate	igor	GET	/_calls/igor/installedPlugins	/installedPlugins	actuator	com.netflix.spinnaker.gate.services.internal.IgorService	
1.32.1	gate	orca	GET	/_calls/orca/health	/health	actuator	com.netflix.spinnaker.gate.services.internal.HealthCheckableService	
1.32.1	gate	orca	GET	/_calls/orca/installedPlugins	/installedPlugins	actuator	com.netflix.spinnaker.gate.services.internal.OrcaService	
1.32.1	gate	rosco	GET	/_calls/rosco/installedPlugins	/installedPlugins	actuator	com.netflix.spinnaker.gate.services.internal.RoscoService	
1.32.1	orca	clouddriver	PUT	/_calls/clouddriver/admin/db/truncate/{namespace}	/admin/db/truncate/{}	framework	com.netflix.spinnaker.orca.clouddriver.CloudDriverCacheService	excluded by provenance: PUT /admin/db/truncate/{}
1.32.1	clouddriver	fiat	DELETE	/_calls/fiat/roles/{userId}	/roles/{}	indirect-fiat	com.netflix.spinnaker.fiat.shared.FiatService	dropped family (owner ruling 2026-09-12)
1.32.1	clouddriver	fiat	GET	/_calls/fiat/authorize/{userId}	/authorize/{}	indirect-fiat	com.netflix.spinnaker.fiat.shared.FiatService	dropped family (owner ruling 2026-09-12)
1.32.1	clouddriver	fiat	GET	/_calls/fiat/authorize/{userId}/{resourceType}/{resourceName}/{authorization}	/authorize/{}/{}/{}/{}	indirect-fiat	com.netflix.spinnaker.fiat.shared.FiatService	dropped family (owner ruling 2026-09-12)
1.32.1	clouddriver	fiat	POST	/_calls/fiat/authorize/{userId}/{resourceType}/create	/authorize/{}/{}/create	indirect-fiat	com.netflix.spinnaker.fiat.shared.FiatService	dropped family (owner ruling 2026-09-12)
1.32.1	clouddriver	fiat	POST	/_calls/fiat/roles/sync	/roles/sync	indirect-fiat	com.netflix.spinnaker.fiat.shared.FiatService	dropped family (owner ruling 2026-09-12)
1.32.1	clouddriver	fiat	POST	/_calls/fiat/roles/sync/serviceAccount/{serviceAccountId}	/roles/sync/serviceAccount/{}	indirect-fiat	com.netflix.spinnaker.fiat.shared.FiatService	dropped family (owner ruling 2026-09-12)
1.32.1	clouddriver	fiat	POST	/_calls/fiat/roles/{userId}	/roles/{}	indirect-fiat	com.netflix.spinnaker.fiat.shared.FiatService	dropped family (owner ruling 2026-09-12)
1.32.1	clouddriver	fiat	PUT	/_calls/fiat/roles/{userId}	/roles/{}	indirect-fiat	com.netflix.spinnaker.fiat.shared.FiatService	dropped family (owner ruling 2026-09-12)
1.32.1	echo	fiat	DELETE	/_calls/fiat/roles/{userId}	/roles/{}	indirect-fiat	com.netflix.spinnaker.fiat.shared.FiatService	dropped family (owner ruling 2026-09-12)
1.32.1	echo	fiat	GET	/_calls/fiat/authorize/{userId}	/authorize/{}	indirect-fiat	com.netflix.spinnaker.fiat.shared.FiatService	dropped family (owner ruling 2026-09-12)
1.32.1	echo	fiat	GET	/_calls/fiat/authorize/{userId}/{resourceType}/{resourceName}/{authorization}	/authorize/{}/{}/{}/{}	indirect-fiat	com.netflix.spinnaker.fiat.shared.FiatService	dropped family (owner ruling 2026-09-12)
1.32.1	echo	fiat	POST	/_calls/fiat/authorize/{userId}/{resourceType}/create	/authorize/{}/{}/create	indirect-fiat	com.netflix.spinnaker.fiat.shared.FiatService	dropped family (owner ruling 2026-09-12)
1.32.1	echo	fiat	POST	/_calls/fiat/roles/sync	/roles/sync	indirect-fiat	com.netflix.spinnaker.fiat.shared.FiatService	dropped family (owner ruling 2026-09-12)
1.32.1	echo	fiat	POST	/_calls/fiat/roles/sync/serviceAccount/{serviceAccountId}	/roles/sync/serviceAccount/{}	indirect-fiat	com.netflix.spinnaker.fiat.shared.FiatService	dropped family (owner ruling 2026-09-12)
1.32.1	echo	fiat	POST	/_calls/fiat/roles/{userId}	/roles/{}	indirect-fiat	com.netflix.spinnaker.fiat.shared.FiatService	dropped family (owner ruling 2026-09-12)
1.32.1	echo	fiat	PUT	/_calls/fiat/roles/{userId}	/roles/{}	indirect-fiat	com.netflix.spinnaker.fiat.shared.FiatService	dropped family (owner ruling 2026-09-12)
1.32.1	igor	fiat	DELETE	/_calls/fiat/roles/{userId}	/roles/{}	indirect-fiat	com.netflix.spinnaker.fiat.shared.FiatService	dropped family (owner ruling 2026-09-12)
1.32.1	igor	fiat	GET	/_calls/fiat/authorize/{userId}	/authorize/{}	indirect-fiat	com.netflix.spinnaker.fiat.shared.FiatService	dropped family (owner ruling 2026-09-12)
1.32.1	igor	fiat	GET	/_calls/fiat/authorize/{userId}/{resourceType}/{resourceName}/{authorization}	/authorize/{}/{}/{}/{}	indirect-fiat	com.netflix.spinnaker.fiat.shared.FiatService	dropped family (owner ruling 2026-09-12)
1.32.1	igor	fiat	POST	/_calls/fiat/authorize/{userId}/{resourceType}/create	/authorize/{}/{}/create	indirect-fiat	com.netflix.spinnaker.fiat.shared.FiatService	dropped family (owner ruling 2026-09-12)
1.32.1	igor	fiat	POST	/_calls/fiat/roles/sync	/roles/sync	indirect-fiat	com.netflix.spinnaker.fiat.shared.FiatService	dropped family (owner ruling 2026-09-12)
1.32.1	igor	fiat	POST	/_calls/fiat/roles/sync/serviceAccount/{serviceAccountId}	/roles/sync/serviceAccount/{}	indirect-fiat	com.netflix.spinnaker.fiat.shared.FiatService	dropped family (owner ruling 2026-09-12)
1.32.1	igor	fiat	POST	/_calls/fiat/roles/{userId}	/roles/{}	indirect-fiat	com.netflix.spinnaker.fiat.shared.FiatService	dropped family (owner ruling 2026-09-12)
1.32.1	igor	fiat	PUT	/_calls/fiat/roles/{userId}	/roles/{}	indirect-fiat	com.netflix.spinnaker.fiat.shared.FiatService	dropped family (owner ruling 2026-09-12)
1.32.1	clouddriver	front50	GET	/_calls/front50/pluginInfo	/pluginInfo	kork	com.netflix.spinnaker.kork.plugins.update.internal.Front50Service	dropped family (owner ruling 2026-09-12)
1.32.1	clouddriver	front50	GET	/_calls/front50/pluginInfo/{id}	/pluginInfo/{}	kork	com.netflix.spinnaker.kork.plugins.update.internal.Front50Service	dropped family (owner ruling 2026-09-12)
1.32.1	clouddriver	front50	PUT	/_calls/front50/pluginVersions/{serverGroupName}	/pluginVersions/{}	kork	com.netflix.spinnaker.kork.plugins.update.internal.Front50Service	dropped family (owner ruling 2026-09-12)
1.32.1	echo	front50	GET	/_calls/front50/pluginInfo	/pluginInfo	kork	com.netflix.spinnaker.kork.plugins.update.internal.Front50Service	dropped family (owner ruling 2026-09-12)
1.32.1	echo	front50	GET	/_calls/front50/pluginInfo/{id}	/pluginInfo/{}	kork	com.netflix.spinnaker.kork.plugins.update.internal.Front50Service	dropped family (owner ruling 2026-09-12)
1.32.1	echo	front50	PUT	/_calls/front50/pluginVersions/{serverGroupName}	/pluginVersions/{}	kork	com.netflix.spinnaker.kork.plugins.update.internal.Front50Service	dropped family (owner ruling 2026-09-12)
1.32.1	fiat	front50	GET	/_calls/front50/pluginInfo	/pluginInfo	kork	com.netflix.spinnaker.kork.plugins.update.internal.Front50Service	dropped family (owner ruling 2026-09-12)
1.32.1	fiat	front50	GET	/_calls/front50/pluginInfo/{id}	/pluginInfo/{}	kork	com.netflix.spinnaker.kork.plugins.update.internal.Front50Service	dropped family (owner ruling 2026-09-12)
1.32.1	fiat	front50	PUT	/_calls/front50/pluginVersions/{serverGroupName}	/pluginVersions/{}	kork	com.netflix.spinnaker.kork.plugins.update.internal.Front50Service	dropped family (owner ruling 2026-09-12)
1.32.1	front50	front50	GET	/_calls/front50/pluginInfo	/pluginInfo	kork	com.netflix.spinnaker.kork.plugins.update.internal.Front50Service	dropped family (owner ruling 2026-09-12)
1.32.1	front50	front50	GET	/_calls/front50/pluginInfo/{id}	/pluginInfo/{}	kork	com.netflix.spinnaker.kork.plugins.update.internal.Front50Service	dropped family (owner ruling 2026-09-12)
1.32.1	front50	front50	PUT	/_calls/front50/pluginVersions/{serverGroupName}	/pluginVersions/{}	kork	com.netflix.spinnaker.kork.plugins.update.internal.Front50Service	dropped family (owner ruling 2026-09-12)
1.32.1	gate	front50	GET	/_calls/front50/pluginInfo/{id}	/pluginInfo/{}	kork	com.netflix.spinnaker.kork.plugins.update.internal.Front50Service	dropped family (owner ruling 2026-09-12)
1.32.1	gate	front50	PUT	/_calls/front50/pluginVersions/{serverGroupName}	/pluginVersions/{}	kork	com.netflix.spinnaker.kork.plugins.update.internal.Front50Service	dropped family (owner ruling 2026-09-12)
1.32.1	igor	front50	GET	/_calls/front50/pluginInfo/{id}	/pluginInfo/{}	kork	com.netflix.spinnaker.kork.plugins.update.internal.Front50Service	dropped family (owner ruling 2026-09-12)
1.32.1	igor	front50	PUT	/_calls/front50/pluginVersions/{serverGroupName}	/pluginVersions/{}	kork	com.netflix.spinnaker.kork.plugins.update.internal.Front50Service	dropped family (owner ruling 2026-09-12)
1.32.1	kayenta	front50	GET	/_calls/front50/pluginInfo	/pluginInfo	kork	com.netflix.spinnaker.kork.plugins.update.internal.Front50Service	dropped family (owner ruling 2026-09-12)
1.32.1	kayenta	front50	GET	/_calls/front50/pluginInfo/{id}	/pluginInfo/{}	kork	com.netflix.spinnaker.kork.plugins.update.internal.Front50Service	dropped family (owner ruling 2026-09-12)
1.32.1	kayenta	front50	PUT	/_calls/front50/pluginVersions/{serverGroupName}	/pluginVersions/{}	kork	com.netflix.spinnaker.kork.plugins.update.internal.Front50Service	dropped family (owner ruling 2026-09-12)
1.32.1	orca	front50	GET	/_calls/front50/pluginInfo	/pluginInfo	kork	com.netflix.spinnaker.kork.plugins.update.internal.Front50Service	dropped family (owner ruling 2026-09-12)
1.32.1	orca	front50	GET	/_calls/front50/pluginInfo/{id}	/pluginInfo/{}	kork	com.netflix.spinnaker.kork.plugins.update.internal.Front50Service	dropped family (owner ruling 2026-09-12)
1.32.1	orca	front50	PUT	/_calls/front50/pluginVersions/{serverGroupName}	/pluginVersions/{}	kork	com.netflix.spinnaker.kork.plugins.update.internal.Front50Service	dropped family (owner ruling 2026-09-12)
1.32.1	rosco	front50	GET	/_calls/front50/pluginInfo	/pluginInfo	kork	com.netflix.spinnaker.kork.plugins.update.internal.Front50Service	dropped family (owner ruling 2026-09-12)
1.32.1	rosco	front50	GET	/_calls/front50/pluginInfo/{id}	/pluginInfo/{}	kork	com.netflix.spinnaker.kork.plugins.update.internal.Front50Service	dropped family (owner ruling 2026-09-12)
1.32.1	rosco	front50	PUT	/_calls/front50/pluginVersions/{serverGroupName}	/pluginVersions/{}	kork	com.netflix.spinnaker.kork.plugins.update.internal.Front50Service	dropped family (owner ruling 2026-09-12)
1.32.1	echo	keel	POST	/_calls/keel/artifacts/events	/artifacts/events	out-of-mesh	com.netflix.spinnaker.echo.services.KeelService	
1.32.1	gate	keel	DELETE	/_calls/keel/application/{application}/config	/application/{}/config	out-of-mesh	com.netflix.spinnaker.gate.services.internal.KeelService	
1.32.1	gate	keel	DELETE	/_calls/keel/application/{application}/pause	/application/{}/pause	out-of-mesh	com.netflix.spinnaker.gate.services.internal.KeelService	
1.32.1	gate	keel	DELETE	/_calls/keel/application/{application}/pin/{targetEnvironment}	/application/{}/pin/{}	out-of-mesh	com.netflix.spinnaker.gate.services.internal.KeelService	
1.32.1	gate	keel	DELETE	/_calls/keel/application/{application}/veto/{targetEnvironment}/{reference}/{version}	/application/{}/veto/{}/{}/{}	out-of-mesh	com.netflix.spinnaker.gate.services.internal.KeelService	
1.32.1	gate	keel	DELETE	/_calls/keel/delivery-configs/{name}	/delivery-configs/{}	out-of-mesh	com.netflix.spinnaker.gate.services.internal.KeelService	
1.32.1	gate	keel	DELETE	/_calls/keel/resources/{name}	/resources/{}	out-of-mesh	com.netflix.spinnaker.gate.services.internal.KeelService	
1.32.1	gate	keel	DELETE	/_calls/keel/resources/{name}/pause	/resources/{}/pause	out-of-mesh	com.netflix.spinnaker.gate.services.internal.KeelService	
1.32.1	gate	keel	GET	/_calls/keel/application/{application}	/application/{}	out-of-mesh	com.netflix.spinnaker.gate.services.internal.KeelService	
1.32.1	gate	keel	GET	/_calls/keel/application/{application}/config	/application/{}/config	out-of-mesh	com.netflix.spinnaker.gate.services.internal.KeelService	
1.32.1	gate	keel	GET	/_calls/keel/application/{application}/environment/{environment}/constraints	/application/{}/environment/{}/constraints	out-of-mesh	com.netflix.spinnaker.gate.services.internal.KeelService	
1.32.1	gate	keel	GET	/_calls/keel/delivery-configs/schema	/delivery-configs/schema	out-of-mesh	com.netflix.spinnaker.gate.services.internal.KeelService	
1.32.1	gate	keel	GET	/_calls/keel/delivery-configs/{name}	/delivery-configs/{}	out-of-mesh	com.netflix.spinnaker.gate.services.internal.KeelService	
1.32.1	gate	keel	GET	/_calls/keel/delivery-configs/{name}/artifacts	/delivery-configs/{}/artifacts	out-of-mesh	com.netflix.spinnaker.gate.services.internal.KeelService	
1.32.1	gate	keel	GET	/_calls/keel/environments/{application}	/environments/{}	out-of-mesh	com.netflix.spinnaker.gate.services.internal.KeelService	
1.32.1	gate	keel	GET	/_calls/keel/export/artifact/{cloudProvider}/{account}/{clusterName}	/export/artifact/{}/{}/{}	out-of-mesh	com.netflix.spinnaker.gate.services.internal.KeelService	
1.32.1	gate	keel	GET	/_calls/keel/export/{cloudProvider}/{account}/{type}/{name}	/export/{}/{}/{}/{}	out-of-mesh	com.netflix.spinnaker.gate.services.internal.KeelService	
1.32.1	gate	keel	GET	/_calls/keel/health	/health	out-of-mesh	com.netflix.spinnaker.gate.services.internal.HealthCheckableService	
1.32.1	gate	keel	GET	/_calls/keel/installedPlugins	/installedPlugins	out-of-mesh	com.netflix.spinnaker.gate.services.internal.KeelService	
1.32.1	gate	keel	GET	/_calls/keel/reports/adoption	/reports/adoption	out-of-mesh	com.netflix.spinnaker.gate.services.internal.KeelService	
1.32.1	gate	keel	GET	/_calls/keel/reports/onboarding	/reports/onboarding	out-of-mesh	com.netflix.spinnaker.gate.services.internal.KeelService	
1.32.1	gate	keel	GET	/_calls/keel/resources/events/{name}	/resources/events/{}	out-of-mesh	com.netflix.spinnaker.gate.services.internal.KeelService	
1.32.1	gate	keel	GET	/_calls/keel/resources/{name}	/resources/{}	out-of-mesh	com.netflix.spinnaker.gate.services.internal.KeelService	
1.32.1	gate	keel	GET	/_calls/keel/resources/{name}/status	/resources/{}/status	out-of-mesh	com.netflix.spinnaker.gate.services.internal.KeelService	
1.32.1	gate	keel	POST	/_calls/keel/application/{application}/environment/{environment}/constraint	/application/{}/environment/{}/constraint	out-of-mesh	com.netflix.spinnaker.gate.services.internal.KeelService	
1.32.1	gate	keel	POST	/_calls/keel/application/{application}/environment/{environment}/verifications	/application/{}/environment/{}/verifications	out-of-mesh	com.netflix.spinnaker.gate.services.internal.KeelService	
1.32.1	gate	keel	POST	/_calls/keel/application/{application}/environment/{environment}/verifications/retry	/application/{}/environment/{}/verifications/retry	out-of-mesh	com.netflix.spinnaker.gate.services.internal.KeelService	
1.32.1	gate	keel	POST	/_calls/keel/application/{application}/mark/bad	/application/{}/mark/bad	out-of-mesh	com.netflix.spinnaker.gate.services.internal.KeelService	
1.32.1	gate	keel	POST	/_calls/keel/application/{application}/mark/good	/application/{}/mark/good	out-of-mesh	com.netflix.spinnaker.gate.services.internal.KeelService	
1.32.1	gate	keel	POST	/_calls/keel/application/{application}/pause	/application/{}/pause	out-of-mesh	com.netflix.spinnaker.gate.services.internal.KeelService	
1.32.1	gate	keel	POST	/_calls/keel/application/{application}/pin	/application/{}/pin	out-of-mesh	com.netflix.spinnaker.gate.services.internal.KeelService	
1.32.1	gate	keel	POST	/_calls/keel/application/{application}/veto	/application/{}/veto	out-of-mesh	com.netflix.spinnaker.gate.services.internal.KeelService	
1.32.1	gate	keel	POST	/_calls/keel/delivery-configs	/delivery-configs	out-of-mesh	com.netflix.spinnaker.gate.services.internal.KeelService	
1.32.1	gate	keel	POST	/_calls/keel/delivery-configs/diff	/delivery-configs/diff	out-of-mesh	com.netflix.spinnaker.gate.services.internal.KeelService	
1.32.1	gate	keel	POST	/_calls/keel/delivery-configs/validate	/delivery-configs/validate	out-of-mesh	com.netflix.spinnaker.gate.services.internal.KeelService	
1.32.1	gate	keel	POST	/_calls/keel/graphql	/graphql	out-of-mesh	com.netflix.spinnaker.gate.services.internal.KeelService	
1.32.1	gate	keel	POST	/_calls/keel/resources	/resources	out-of-mesh	com.netflix.spinnaker.gate.services.internal.KeelService	
1.32.1	gate	keel	POST	/_calls/keel/resources/diff	/resources/diff	out-of-mesh	com.netflix.spinnaker.gate.services.internal.KeelService	
1.32.1	gate	keel	POST	/_calls/keel/resources/{name}/pause	/resources/{}/pause	out-of-mesh	com.netflix.spinnaker.gate.services.internal.KeelService	
1.32.1	igor	keel	POST	/_calls/keel/artifacts/events	/artifacts/events	out-of-mesh	com.netflix.spinnaker.igor.keel.KeelService	
1.32.1	orca	keel	DELETE	/_calls/keel/application/{application}/config	/application/{}/config	out-of-mesh	com.netflix.spinnaker.orca.KeelService	
1.32.1	orca	keel	POST	/_calls/keel/delivery-configs	/delivery-configs	out-of-mesh	com.netflix.spinnaker.orca.KeelService	
1.32.1	clouddriver	front50	GET	/_calls/front50/credentials	/credentials	stale	com.netflix.spinnaker.clouddriver.core.services.Front50Service	
1.32.1	echo	front50	POST	/_calls/front50/graphql	/graphql	stale	com.netflix.spinnaker.echo.services.Front50Service	
1.32.1	gate	clouddriver	GET	/_calls/clouddriver/applications/{name}/clusters/{account}/{cluster}/{type}/loadBalancers	/applications/{}/clusters/{}/{}/{}/loadBalancers	stale	com.netflix.spinnaker.gate.services.internal.ClouddriverService	
1.32.1	gate	clouddriver	POST	/_calls/clouddriver/applications/{name}/jobs/{account}/{region}/{jobName}	/applications/{}/jobs/{}/{}/{}	stale	com.netflix.spinnaker.gate.services.internal.ClouddriverService	
1.32.1	gate	front50	GET	/_calls/front50/credentials	/credentials	stale	com.netflix.spinnaker.gate.services.internal.Front50Service	
1.32.1	gate	front50	POST	/_calls/front50/pipelines/move	/pipelines/move	stale	com.netflix.spinnaker.gate.services.internal.Front50Service	
1.32.1	gate	front50	POST	/_calls/front50/strategies/move	/strategies/move	stale	com.netflix.spinnaker.gate.services.internal.Front50Service	
1.32.1	orca	echo	GET	/_calls/echo/events/recent/{type}/{since}	/events/recent/{}/{}	stale	com.netflix.spinnaker.orca.echo.EchoService	
1.32.1	orca	front50	GET	/_calls/front50/credentials	/credentials	stale	com.netflix.spinnaker.orca.front50.Front50Service	
1.32.2	gate	clouddriver	GET	/_calls/clouddriver/health	/health	actuator	com.netflix.spinnaker.gate.services.internal.HealthCheckableService	
1.32.2	gate	clouddriver	GET	/_calls/clouddriver/installedPlugins	/installedPlugins	actuator	com.netflix.spinnaker.gate.services.internal.ClouddriverService	
1.32.2	gate	echo	GET	/_calls/echo/health	/health	actuator	com.netflix.spinnaker.gate.services.internal.HealthCheckableService	
1.32.2	gate	echo	GET	/_calls/echo/installedPlugins	/installedPlugins	actuator	com.netflix.spinnaker.gate.services.internal.EchoService	
1.32.2	gate	fiat	GET	/_calls/fiat/installedPlugins	/installedPlugins	actuator	com.netflix.spinnaker.gate.services.internal.ExtendedFiatService	
1.32.2	gate	front50	GET	/_calls/front50/health	/health	actuator	com.netflix.spinnaker.gate.services.internal.HealthCheckableService	
1.32.2	gate	front50	GET	/_calls/front50/installedPlugins	/installedPlugins	actuator	com.netflix.spinnaker.gate.services.internal.Front50Service	
1.32.2	gate	igor	GET	/_calls/igor/health	/health	actuator	com.netflix.spinnaker.gate.services.internal.HealthCheckableService	
1.32.2	gate	igor	GET	/_calls/igor/installedPlugins	/installedPlugins	actuator	com.netflix.spinnaker.gate.services.internal.IgorService	
1.32.2	gate	orca	GET	/_calls/orca/health	/health	actuator	com.netflix.spinnaker.gate.services.internal.HealthCheckableService	
1.32.2	gate	orca	GET	/_calls/orca/installedPlugins	/installedPlugins	actuator	com.netflix.spinnaker.gate.services.internal.OrcaService	
1.32.2	gate	rosco	GET	/_calls/rosco/installedPlugins	/installedPlugins	actuator	com.netflix.spinnaker.gate.services.internal.RoscoService	
1.32.2	orca	clouddriver	PUT	/_calls/clouddriver/admin/db/truncate/{namespace}	/admin/db/truncate/{}	framework	com.netflix.spinnaker.orca.clouddriver.CloudDriverCacheService	excluded by provenance: PUT /admin/db/truncate/{}
1.32.2	clouddriver	fiat	DELETE	/_calls/fiat/roles/{userId}	/roles/{}	indirect-fiat	com.netflix.spinnaker.fiat.shared.FiatService	dropped family (owner ruling 2026-09-12)
1.32.2	clouddriver	fiat	GET	/_calls/fiat/authorize/{userId}	/authorize/{}	indirect-fiat	com.netflix.spinnaker.fiat.shared.FiatService	dropped family (owner ruling 2026-09-12)
1.32.2	clouddriver	fiat	GET	/_calls/fiat/authorize/{userId}/{resourceType}/{resourceName}/{authorization}	/authorize/{}/{}/{}/{}	indirect-fiat	com.netflix.spinnaker.fiat.shared.FiatService	dropped family (owner ruling 2026-09-12)
1.32.2	clouddriver	fiat	POST	/_calls/fiat/authorize/{userId}/{resourceType}/create	/authorize/{}/{}/create	indirect-fiat	com.netflix.spinnaker.fiat.shared.FiatService	dropped family (owner ruling 2026-09-12)
1.32.2	clouddriver	fiat	POST	/_calls/fiat/roles/sync	/roles/sync	indirect-fiat	com.netflix.spinnaker.fiat.shared.FiatService	dropped family (owner ruling 2026-09-12)
1.32.2	clouddriver	fiat	POST	/_calls/fiat/roles/sync/serviceAccount/{serviceAccountId}	/roles/sync/serviceAccount/{}	indirect-fiat	com.netflix.spinnaker.fiat.shared.FiatService	dropped family (owner ruling 2026-09-12)
1.32.2	clouddriver	fiat	POST	/_calls/fiat/roles/{userId}	/roles/{}	indirect-fiat	com.netflix.spinnaker.fiat.shared.FiatService	dropped family (owner ruling 2026-09-12)
1.32.2	clouddriver	fiat	PUT	/_calls/fiat/roles/{userId}	/roles/{}	indirect-fiat	com.netflix.spinnaker.fiat.shared.FiatService	dropped family (owner ruling 2026-09-12)
1.32.2	echo	fiat	DELETE	/_calls/fiat/roles/{userId}	/roles/{}	indirect-fiat	com.netflix.spinnaker.fiat.shared.FiatService	dropped family (owner ruling 2026-09-12)
1.32.2	echo	fiat	GET	/_calls/fiat/authorize/{userId}	/authorize/{}	indirect-fiat	com.netflix.spinnaker.fiat.shared.FiatService	dropped family (owner ruling 2026-09-12)
1.32.2	echo	fiat	GET	/_calls/fiat/authorize/{userId}/{resourceType}/{resourceName}/{authorization}	/authorize/{}/{}/{}/{}	indirect-fiat	com.netflix.spinnaker.fiat.shared.FiatService	dropped family (owner ruling 2026-09-12)
1.32.2	echo	fiat	POST	/_calls/fiat/authorize/{userId}/{resourceType}/create	/authorize/{}/{}/create	indirect-fiat	com.netflix.spinnaker.fiat.shared.FiatService	dropped family (owner ruling 2026-09-12)
1.32.2	echo	fiat	POST	/_calls/fiat/roles/sync	/roles/sync	indirect-fiat	com.netflix.spinnaker.fiat.shared.FiatService	dropped family (owner ruling 2026-09-12)
1.32.2	echo	fiat	POST	/_calls/fiat/roles/sync/serviceAccount/{serviceAccountId}	/roles/sync/serviceAccount/{}	indirect-fiat	com.netflix.spinnaker.fiat.shared.FiatService	dropped family (owner ruling 2026-09-12)
1.32.2	echo	fiat	POST	/_calls/fiat/roles/{userId}	/roles/{}	indirect-fiat	com.netflix.spinnaker.fiat.shared.FiatService	dropped family (owner ruling 2026-09-12)
1.32.2	echo	fiat	PUT	/_calls/fiat/roles/{userId}	/roles/{}	indirect-fiat	com.netflix.spinnaker.fiat.shared.FiatService	dropped family (owner ruling 2026-09-12)
1.32.2	igor	fiat	DELETE	/_calls/fiat/roles/{userId}	/roles/{}	indirect-fiat	com.netflix.spinnaker.fiat.shared.FiatService	dropped family (owner ruling 2026-09-12)
1.32.2	igor	fiat	GET	/_calls/fiat/authorize/{userId}	/authorize/{}	indirect-fiat	com.netflix.spinnaker.fiat.shared.FiatService	dropped family (owner ruling 2026-09-12)
1.32.2	igor	fiat	GET	/_calls/fiat/authorize/{userId}/{resourceType}/{resourceName}/{authorization}	/authorize/{}/{}/{}/{}	indirect-fiat	com.netflix.spinnaker.fiat.shared.FiatService	dropped family (owner ruling 2026-09-12)
1.32.2	igor	fiat	POST	/_calls/fiat/authorize/{userId}/{resourceType}/create	/authorize/{}/{}/create	indirect-fiat	com.netflix.spinnaker.fiat.shared.FiatService	dropped family (owner ruling 2026-09-12)
1.32.2	igor	fiat	POST	/_calls/fiat/roles/sync	/roles/sync	indirect-fiat	com.netflix.spinnaker.fiat.shared.FiatService	dropped family (owner ruling 2026-09-12)
1.32.2	igor	fiat	POST	/_calls/fiat/roles/sync/serviceAccount/{serviceAccountId}	/roles/sync/serviceAccount/{}	indirect-fiat	com.netflix.spinnaker.fiat.shared.FiatService	dropped family (owner ruling 2026-09-12)
1.32.2	igor	fiat	POST	/_calls/fiat/roles/{userId}	/roles/{}	indirect-fiat	com.netflix.spinnaker.fiat.shared.FiatService	dropped family (owner ruling 2026-09-12)
1.32.2	igor	fiat	PUT	/_calls/fiat/roles/{userId}	/roles/{}	indirect-fiat	com.netflix.spinnaker.fiat.shared.FiatService	dropped family (owner ruling 2026-09-12)
1.32.2	clouddriver	front50	GET	/_calls/front50/pluginInfo	/pluginInfo	kork	com.netflix.spinnaker.kork.plugins.update.internal.Front50Service	dropped family (owner ruling 2026-09-12)
1.32.2	clouddriver	front50	GET	/_calls/front50/pluginInfo/{id}	/pluginInfo/{}	kork	com.netflix.spinnaker.kork.plugins.update.internal.Front50Service	dropped family (owner ruling 2026-09-12)
1.32.2	clouddriver	front50	PUT	/_calls/front50/pluginVersions/{serverGroupName}	/pluginVersions/{}	kork	com.netflix.spinnaker.kork.plugins.update.internal.Front50Service	dropped family (owner ruling 2026-09-12)
1.32.2	echo	front50	GET	/_calls/front50/pluginInfo	/pluginInfo	kork	com.netflix.spinnaker.kork.plugins.update.internal.Front50Service	dropped family (owner ruling 2026-09-12)
1.32.2	echo	front50	GET	/_calls/front50/pluginInfo/{id}	/pluginInfo/{}	kork	com.netflix.spinnaker.kork.plugins.update.internal.Front50Service	dropped family (owner ruling 2026-09-12)
1.32.2	echo	front50	PUT	/_calls/front50/pluginVersions/{serverGroupName}	/pluginVersions/{}	kork	com.netflix.spinnaker.kork.plugins.update.internal.Front50Service	dropped family (owner ruling 2026-09-12)
1.32.2	fiat	front50	GET	/_calls/front50/pluginInfo	/pluginInfo	kork	com.netflix.spinnaker.kork.plugins.update.internal.Front50Service	dropped family (owner ruling 2026-09-12)
1.32.2	fiat	front50	GET	/_calls/front50/pluginInfo/{id}	/pluginInfo/{}	kork	com.netflix.spinnaker.kork.plugins.update.internal.Front50Service	dropped family (owner ruling 2026-09-12)
1.32.2	fiat	front50	PUT	/_calls/front50/pluginVersions/{serverGroupName}	/pluginVersions/{}	kork	com.netflix.spinnaker.kork.plugins.update.internal.Front50Service	dropped family (owner ruling 2026-09-12)
1.32.2	front50	front50	GET	/_calls/front50/pluginInfo	/pluginInfo	kork	com.netflix.spinnaker.kork.plugins.update.internal.Front50Service	dropped family (owner ruling 2026-09-12)
1.32.2	front50	front50	GET	/_calls/front50/pluginInfo/{id}	/pluginInfo/{}	kork	com.netflix.spinnaker.kork.plugins.update.internal.Front50Service	dropped family (owner ruling 2026-09-12)
1.32.2	front50	front50	PUT	/_calls/front50/pluginVersions/{serverGroupName}	/pluginVersions/{}	kork	com.netflix.spinnaker.kork.plugins.update.internal.Front50Service	dropped family (owner ruling 2026-09-12)
1.32.2	gate	front50	GET	/_calls/front50/pluginInfo/{id}	/pluginInfo/{}	kork	com.netflix.spinnaker.kork.plugins.update.internal.Front50Service	dropped family (owner ruling 2026-09-12)
1.32.2	gate	front50	PUT	/_calls/front50/pluginVersions/{serverGroupName}	/pluginVersions/{}	kork	com.netflix.spinnaker.kork.plugins.update.internal.Front50Service	dropped family (owner ruling 2026-09-12)
1.32.2	igor	front50	GET	/_calls/front50/pluginInfo/{id}	/pluginInfo/{}	kork	com.netflix.spinnaker.kork.plugins.update.internal.Front50Service	dropped family (owner ruling 2026-09-12)
1.32.2	igor	front50	PUT	/_calls/front50/pluginVersions/{serverGroupName}	/pluginVersions/{}	kork	com.netflix.spinnaker.kork.plugins.update.internal.Front50Service	dropped family (owner ruling 2026-09-12)
1.32.2	kayenta	front50	GET	/_calls/front50/pluginInfo	/pluginInfo	kork	com.netflix.spinnaker.kork.plugins.update.internal.Front50Service	dropped family (owner ruling 2026-09-12)
1.32.2	kayenta	front50	GET	/_calls/front50/pluginInfo/{id}	/pluginInfo/{}	kork	com.netflix.spinnaker.kork.plugins.update.internal.Front50Service	dropped family (owner ruling 2026-09-12)
1.32.2	kayenta	front50	PUT	/_calls/front50/pluginVersions/{serverGroupName}	/pluginVersions/{}	kork	com.netflix.spinnaker.kork.plugins.update.internal.Front50Service	dropped family (owner ruling 2026-09-12)
1.32.2	orca	front50	GET	/_calls/front50/pluginInfo	/pluginInfo	kork	com.netflix.spinnaker.kork.plugins.update.internal.Front50Service	dropped family (owner ruling 2026-09-12)
1.32.2	orca	front50	GET	/_calls/front50/pluginInfo/{id}	/pluginInfo/{}	kork	com.netflix.spinnaker.kork.plugins.update.internal.Front50Service	dropped family (owner ruling 2026-09-12)
1.32.2	orca	front50	PUT	/_calls/front50/pluginVersions/{serverGroupName}	/pluginVersions/{}	kork	com.netflix.spinnaker.kork.plugins.update.internal.Front50Service	dropped family (owner ruling 2026-09-12)
1.32.2	rosco	front50	GET	/_calls/front50/pluginInfo	/pluginInfo	kork	com.netflix.spinnaker.kork.plugins.update.internal.Front50Service	dropped family (owner ruling 2026-09-12)
1.32.2	rosco	front50	GET	/_calls/front50/pluginInfo/{id}	/pluginInfo/{}	kork	com.netflix.spinnaker.kork.plugins.update.internal.Front50Service	dropped family (owner ruling 2026-09-12)
1.32.2	rosco	front50	PUT	/_calls/front50/pluginVersions/{serverGroupName}	/pluginVersions/{}	kork	com.netflix.spinnaker.kork.plugins.update.internal.Front50Service	dropped family (owner ruling 2026-09-12)
1.32.2	echo	keel	POST	/_calls/keel/artifacts/events	/artifacts/events	out-of-mesh	com.netflix.spinnaker.echo.services.KeelService	
1.32.2	gate	keel	DELETE	/_calls/keel/application/{application}/config	/application/{}/config	out-of-mesh	com.netflix.spinnaker.gate.services.internal.KeelService	
1.32.2	gate	keel	DELETE	/_calls/keel/application/{application}/pause	/application/{}/pause	out-of-mesh	com.netflix.spinnaker.gate.services.internal.KeelService	
1.32.2	gate	keel	DELETE	/_calls/keel/application/{application}/pin/{targetEnvironment}	/application/{}/pin/{}	out-of-mesh	com.netflix.spinnaker.gate.services.internal.KeelService	
1.32.2	gate	keel	DELETE	/_calls/keel/application/{application}/veto/{targetEnvironment}/{reference}/{version}	/application/{}/veto/{}/{}/{}	out-of-mesh	com.netflix.spinnaker.gate.services.internal.KeelService	
1.32.2	gate	keel	DELETE	/_calls/keel/delivery-configs/{name}	/delivery-configs/{}	out-of-mesh	com.netflix.spinnaker.gate.services.internal.KeelService	
1.32.2	gate	keel	DELETE	/_calls/keel/resources/{name}	/resources/{}	out-of-mesh	com.netflix.spinnaker.gate.services.internal.KeelService	
1.32.2	gate	keel	DELETE	/_calls/keel/resources/{name}/pause	/resources/{}/pause	out-of-mesh	com.netflix.spinnaker.gate.services.internal.KeelService	
1.32.2	gate	keel	GET	/_calls/keel/application/{application}	/application/{}	out-of-mesh	com.netflix.spinnaker.gate.services.internal.KeelService	
1.32.2	gate	keel	GET	/_calls/keel/application/{application}/config	/application/{}/config	out-of-mesh	com.netflix.spinnaker.gate.services.internal.KeelService	
1.32.2	gate	keel	GET	/_calls/keel/application/{application}/environment/{environment}/constraints	/application/{}/environment/{}/constraints	out-of-mesh	com.netflix.spinnaker.gate.services.internal.KeelService	
1.32.2	gate	keel	GET	/_calls/keel/delivery-configs/schema	/delivery-configs/schema	out-of-mesh	com.netflix.spinnaker.gate.services.internal.KeelService	
1.32.2	gate	keel	GET	/_calls/keel/delivery-configs/{name}	/delivery-configs/{}	out-of-mesh	com.netflix.spinnaker.gate.services.internal.KeelService	
1.32.2	gate	keel	GET	/_calls/keel/delivery-configs/{name}/artifacts	/delivery-configs/{}/artifacts	out-of-mesh	com.netflix.spinnaker.gate.services.internal.KeelService	
1.32.2	gate	keel	GET	/_calls/keel/environments/{application}	/environments/{}	out-of-mesh	com.netflix.spinnaker.gate.services.internal.KeelService	
1.32.2	gate	keel	GET	/_calls/keel/export/artifact/{cloudProvider}/{account}/{clusterName}	/export/artifact/{}/{}/{}	out-of-mesh	com.netflix.spinnaker.gate.services.internal.KeelService	
1.32.2	gate	keel	GET	/_calls/keel/export/{cloudProvider}/{account}/{type}/{name}	/export/{}/{}/{}/{}	out-of-mesh	com.netflix.spinnaker.gate.services.internal.KeelService	
1.32.2	gate	keel	GET	/_calls/keel/health	/health	out-of-mesh	com.netflix.spinnaker.gate.services.internal.HealthCheckableService	
1.32.2	gate	keel	GET	/_calls/keel/installedPlugins	/installedPlugins	out-of-mesh	com.netflix.spinnaker.gate.services.internal.KeelService	
1.32.2	gate	keel	GET	/_calls/keel/reports/adoption	/reports/adoption	out-of-mesh	com.netflix.spinnaker.gate.services.internal.KeelService	
1.32.2	gate	keel	GET	/_calls/keel/reports/onboarding	/reports/onboarding	out-of-mesh	com.netflix.spinnaker.gate.services.internal.KeelService	
1.32.2	gate	keel	GET	/_calls/keel/resources/events/{name}	/resources/events/{}	out-of-mesh	com.netflix.spinnaker.gate.services.internal.KeelService	
1.32.2	gate	keel	GET	/_calls/keel/resources/{name}	/resources/{}	out-of-mesh	com.netflix.spinnaker.gate.services.internal.KeelService	
1.32.2	gate	keel	GET	/_calls/keel/resources/{name}/status	/resources/{}/status	out-of-mesh	com.netflix.spinnaker.gate.services.internal.KeelService	
1.32.2	gate	keel	POST	/_calls/keel/application/{application}/environment/{environment}/constraint	/application/{}/environment/{}/constraint	out-of-mesh	com.netflix.spinnaker.gate.services.internal.KeelService	
1.32.2	gate	keel	POST	/_calls/keel/application/{application}/environment/{environment}/verifications	/application/{}/environment/{}/verifications	out-of-mesh	com.netflix.spinnaker.gate.services.internal.KeelService	
1.32.2	gate	keel	POST	/_calls/keel/application/{application}/environment/{environment}/verifications/retry	/application/{}/environment/{}/verifications/retry	out-of-mesh	com.netflix.spinnaker.gate.services.internal.KeelService	
1.32.2	gate	keel	POST	/_calls/keel/application/{application}/mark/bad	/application/{}/mark/bad	out-of-mesh	com.netflix.spinnaker.gate.services.internal.KeelService	
1.32.2	gate	keel	POST	/_calls/keel/application/{application}/mark/good	/application/{}/mark/good	out-of-mesh	com.netflix.spinnaker.gate.services.internal.KeelService	
1.32.2	gate	keel	POST	/_calls/keel/application/{application}/pause	/application/{}/pause	out-of-mesh	com.netflix.spinnaker.gate.services.internal.KeelService	
1.32.2	gate	keel	POST	/_calls/keel/application/{application}/pin	/application/{}/pin	out-of-mesh	com.netflix.spinnaker.gate.services.internal.KeelService	
1.32.2	gate	keel	POST	/_calls/keel/application/{application}/veto	/application/{}/veto	out-of-mesh	com.netflix.spinnaker.gate.services.internal.KeelService	
1.32.2	gate	keel	POST	/_calls/keel/delivery-configs	/delivery-configs	out-of-mesh	com.netflix.spinnaker.gate.services.internal.KeelService	
1.32.2	gate	keel	POST	/_calls/keel/delivery-configs/diff	/delivery-configs/diff	out-of-mesh	com.netflix.spinnaker.gate.services.internal.KeelService	
1.32.2	gate	keel	POST	/_calls/keel/delivery-configs/validate	/delivery-configs/validate	out-of-mesh	com.netflix.spinnaker.gate.services.internal.KeelService	
1.32.2	gate	keel	POST	/_calls/keel/graphql	/graphql	out-of-mesh	com.netflix.spinnaker.gate.services.internal.KeelService	
1.32.2	gate	keel	POST	/_calls/keel/resources	/resources	out-of-mesh	com.netflix.spinnaker.gate.services.internal.KeelService	
1.32.2	gate	keel	POST	/_calls/keel/resources/diff	/resources/diff	out-of-mesh	com.netflix.spinnaker.gate.services.internal.KeelService	
1.32.2	gate	keel	POST	/_calls/keel/resources/{name}/pause	/resources/{}/pause	out-of-mesh	com.netflix.spinnaker.gate.services.internal.KeelService	
1.32.2	igor	keel	POST	/_calls/keel/artifacts/events	/artifacts/events	out-of-mesh	com.netflix.spinnaker.igor.keel.KeelService	
1.32.2	orca	keel	DELETE	/_calls/keel/application/{application}/config	/application/{}/config	out-of-mesh	com.netflix.spinnaker.orca.KeelService	
1.32.2	orca	keel	POST	/_calls/keel/delivery-configs	/delivery-configs	out-of-mesh	com.netflix.spinnaker.orca.KeelService	
1.32.2	clouddriver	front50	GET	/_calls/front50/credentials	/credentials	stale	com.netflix.spinnaker.clouddriver.core.services.Front50Service	
1.32.2	echo	front50	POST	/_calls/front50/graphql	/graphql	stale	com.netflix.spinnaker.echo.services.Front50Service	
1.32.2	gate	clouddriver	GET	/_calls/clouddriver/applications/{name}/clusters/{account}/{cluster}/{type}/loadBalancers	/applications/{}/clusters/{}/{}/{}/loadBalancers	stale	com.netflix.spinnaker.gate.services.internal.ClouddriverService	
1.32.2	gate	clouddriver	POST	/_calls/clouddriver/applications/{name}/jobs/{account}/{region}/{jobName}	/applications/{}/jobs/{}/{}/{}	stale	com.netflix.spinnaker.gate.services.internal.ClouddriverService	
1.32.2	gate	front50	GET	/_calls/front50/credentials	/credentials	stale	com.netflix.spinnaker.gate.services.internal.Front50Service	
1.32.2	gate	front50	POST	/_calls/front50/pipelines/move	/pipelines/move	stale	com.netflix.spinnaker.gate.services.internal.Front50Service	
1.32.2	gate	front50	POST	/_calls/front50/strategies/move	/strategies/move	stale	com.netflix.spinnaker.gate.services.internal.Front50Service	
1.32.2	orca	echo	GET	/_calls/echo/events/recent/{type}/{since}	/events/recent/{}/{}	stale	com.netflix.spinnaker.orca.echo.EchoService	
1.32.2	orca	front50	GET	/_calls/front50/credentials	/credentials	stale	com.netflix.spinnaker.orca.front50.Front50Service	
1.32.3	gate	clouddriver	GET	/_calls/clouddriver/health	/health	actuator	com.netflix.spinnaker.gate.services.internal.HealthCheckableService	
1.32.3	gate	clouddriver	GET	/_calls/clouddriver/installedPlugins	/installedPlugins	actuator	com.netflix.spinnaker.gate.services.internal.ClouddriverService	
1.32.3	gate	echo	GET	/_calls/echo/health	/health	actuator	com.netflix.spinnaker.gate.services.internal.HealthCheckableService	
1.32.3	gate	echo	GET	/_calls/echo/installedPlugins	/installedPlugins	actuator	com.netflix.spinnaker.gate.services.internal.EchoService	
1.32.3	gate	fiat	GET	/_calls/fiat/installedPlugins	/installedPlugins	actuator	com.netflix.spinnaker.gate.services.internal.ExtendedFiatService	
1.32.3	gate	front50	GET	/_calls/front50/health	/health	actuator	com.netflix.spinnaker.gate.services.internal.HealthCheckableService	
1.32.3	gate	front50	GET	/_calls/front50/installedPlugins	/installedPlugins	actuator	com.netflix.spinnaker.gate.services.internal.Front50Service	
1.32.3	gate	igor	GET	/_calls/igor/health	/health	actuator	com.netflix.spinnaker.gate.services.internal.HealthCheckableService	
1.32.3	gate	igor	GET	/_calls/igor/installedPlugins	/installedPlugins	actuator	com.netflix.spinnaker.gate.services.internal.IgorService	
1.32.3	gate	orca	GET	/_calls/orca/health	/health	actuator	com.netflix.spinnaker.gate.services.internal.HealthCheckableService	
1.32.3	gate	orca	GET	/_calls/orca/installedPlugins	/installedPlugins	actuator	com.netflix.spinnaker.gate.services.internal.OrcaService	
1.32.3	gate	rosco	GET	/_calls/rosco/installedPlugins	/installedPlugins	actuator	com.netflix.spinnaker.gate.services.internal.RoscoService	
1.32.3	orca	clouddriver	PUT	/_calls/clouddriver/admin/db/truncate/{namespace}	/admin/db/truncate/{}	framework	com.netflix.spinnaker.orca.clouddriver.CloudDriverCacheService	excluded by provenance: PUT /admin/db/truncate/{}
1.32.3	clouddriver	fiat	DELETE	/_calls/fiat/roles/{userId}	/roles/{}	indirect-fiat	com.netflix.spinnaker.fiat.shared.FiatService	dropped family (owner ruling 2026-09-12)
1.32.3	clouddriver	fiat	GET	/_calls/fiat/authorize/{userId}	/authorize/{}	indirect-fiat	com.netflix.spinnaker.fiat.shared.FiatService	dropped family (owner ruling 2026-09-12)
1.32.3	clouddriver	fiat	GET	/_calls/fiat/authorize/{userId}/{resourceType}/{resourceName}/{authorization}	/authorize/{}/{}/{}/{}	indirect-fiat	com.netflix.spinnaker.fiat.shared.FiatService	dropped family (owner ruling 2026-09-12)
1.32.3	clouddriver	fiat	POST	/_calls/fiat/authorize/{userId}/{resourceType}/create	/authorize/{}/{}/create	indirect-fiat	com.netflix.spinnaker.fiat.shared.FiatService	dropped family (owner ruling 2026-09-12)
1.32.3	clouddriver	fiat	POST	/_calls/fiat/roles/sync	/roles/sync	indirect-fiat	com.netflix.spinnaker.fiat.shared.FiatService	dropped family (owner ruling 2026-09-12)
1.32.3	clouddriver	fiat	POST	/_calls/fiat/roles/sync/serviceAccount/{serviceAccountId}	/roles/sync/serviceAccount/{}	indirect-fiat	com.netflix.spinnaker.fiat.shared.FiatService	dropped family (owner ruling 2026-09-12)
1.32.3	clouddriver	fiat	POST	/_calls/fiat/roles/{userId}	/roles/{}	indirect-fiat	com.netflix.spinnaker.fiat.shared.FiatService	dropped family (owner ruling 2026-09-12)
1.32.3	clouddriver	fiat	PUT	/_calls/fiat/roles/{userId}	/roles/{}	indirect-fiat	com.netflix.spinnaker.fiat.shared.FiatService	dropped family (owner ruling 2026-09-12)
1.32.3	echo	fiat	DELETE	/_calls/fiat/roles/{userId}	/roles/{}	indirect-fiat	com.netflix.spinnaker.fiat.shared.FiatService	dropped family (owner ruling 2026-09-12)
1.32.3	echo	fiat	GET	/_calls/fiat/authorize/{userId}	/authorize/{}	indirect-fiat	com.netflix.spinnaker.fiat.shared.FiatService	dropped family (owner ruling 2026-09-12)
1.32.3	echo	fiat	GET	/_calls/fiat/authorize/{userId}/{resourceType}/{resourceName}/{authorization}	/authorize/{}/{}/{}/{}	indirect-fiat	com.netflix.spinnaker.fiat.shared.FiatService	dropped family (owner ruling 2026-09-12)
1.32.3	echo	fiat	POST	/_calls/fiat/authorize/{userId}/{resourceType}/create	/authorize/{}/{}/create	indirect-fiat	com.netflix.spinnaker.fiat.shared.FiatService	dropped family (owner ruling 2026-09-12)
1.32.3	echo	fiat	POST	/_calls/fiat/roles/sync	/roles/sync	indirect-fiat	com.netflix.spinnaker.fiat.shared.FiatService	dropped family (owner ruling 2026-09-12)
1.32.3	echo	fiat	POST	/_calls/fiat/roles/sync/serviceAccount/{serviceAccountId}	/roles/sync/serviceAccount/{}	indirect-fiat	com.netflix.spinnaker.fiat.shared.FiatService	dropped family (owner ruling 2026-09-12)
1.32.3	echo	fiat	POST	/_calls/fiat/roles/{userId}	/roles/{}	indirect-fiat	com.netflix.spinnaker.fiat.shared.FiatService	dropped family (owner ruling 2026-09-12)
1.32.3	echo	fiat	PUT	/_calls/fiat/roles/{userId}	/roles/{}	indirect-fiat	com.netflix.spinnaker.fiat.shared.FiatService	dropped family (owner ruling 2026-09-12)
1.32.3	igor	fiat	DELETE	/_calls/fiat/roles/{userId}	/roles/{}	indirect-fiat	com.netflix.spinnaker.fiat.shared.FiatService	dropped family (owner ruling 2026-09-12)
1.32.3	igor	fiat	GET	/_calls/fiat/authorize/{userId}	/authorize/{}	indirect-fiat	com.netflix.spinnaker.fiat.shared.FiatService	dropped family (owner ruling 2026-09-12)
1.32.3	igor	fiat	GET	/_calls/fiat/authorize/{userId}/{resourceType}/{resourceName}/{authorization}	/authorize/{}/{}/{}/{}	indirect-fiat	com.netflix.spinnaker.fiat.shared.FiatService	dropped family (owner ruling 2026-09-12)
1.32.3	igor	fiat	POST	/_calls/fiat/authorize/{userId}/{resourceType}/create	/authorize/{}/{}/create	indirect-fiat	com.netflix.spinnaker.fiat.shared.FiatService	dropped family (owner ruling 2026-09-12)
1.32.3	igor	fiat	POST	/_calls/fiat/roles/sync	/roles/sync	indirect-fiat	com.netflix.spinnaker.fiat.shared.FiatService	dropped family (owner ruling 2026-09-12)
1.32.3	igor	fiat	POST	/_calls/fiat/roles/sync/serviceAccount/{serviceAccountId}	/roles/sync/serviceAccount/{}	indirect-fiat	com.netflix.spinnaker.fiat.shared.FiatService	dropped family (owner ruling 2026-09-12)
1.32.3	igor	fiat	POST	/_calls/fiat/roles/{userId}	/roles/{}	indirect-fiat	com.netflix.spinnaker.fiat.shared.FiatService	dropped family (owner ruling 2026-09-12)
1.32.3	igor	fiat	PUT	/_calls/fiat/roles/{userId}	/roles/{}	indirect-fiat	com.netflix.spinnaker.fiat.shared.FiatService	dropped family (owner ruling 2026-09-12)
1.32.3	clouddriver	front50	GET	/_calls/front50/pluginInfo	/pluginInfo	kork	com.netflix.spinnaker.kork.plugins.update.internal.Front50Service	dropped family (owner ruling 2026-09-12)
1.32.3	clouddriver	front50	GET	/_calls/front50/pluginInfo/{id}	/pluginInfo/{}	kork	com.netflix.spinnaker.kork.plugins.update.internal.Front50Service	dropped family (owner ruling 2026-09-12)
1.32.3	clouddriver	front50	PUT	/_calls/front50/pluginVersions/{serverGroupName}	/pluginVersions/{}	kork	com.netflix.spinnaker.kork.plugins.update.internal.Front50Service	dropped family (owner ruling 2026-09-12)
1.32.3	echo	front50	GET	/_calls/front50/pluginInfo	/pluginInfo	kork	com.netflix.spinnaker.kork.plugins.update.internal.Front50Service	dropped family (owner ruling 2026-09-12)
1.32.3	echo	front50	GET	/_calls/front50/pluginInfo/{id}	/pluginInfo/{}	kork	com.netflix.spinnaker.kork.plugins.update.internal.Front50Service	dropped family (owner ruling 2026-09-12)
1.32.3	echo	front50	PUT	/_calls/front50/pluginVersions/{serverGroupName}	/pluginVersions/{}	kork	com.netflix.spinnaker.kork.plugins.update.internal.Front50Service	dropped family (owner ruling 2026-09-12)
1.32.3	fiat	front50	GET	/_calls/front50/pluginInfo	/pluginInfo	kork	com.netflix.spinnaker.kork.plugins.update.internal.Front50Service	dropped family (owner ruling 2026-09-12)
1.32.3	fiat	front50	GET	/_calls/front50/pluginInfo/{id}	/pluginInfo/{}	kork	com.netflix.spinnaker.kork.plugins.update.internal.Front50Service	dropped family (owner ruling 2026-09-12)
1.32.3	fiat	front50	PUT	/_calls/front50/pluginVersions/{serverGroupName}	/pluginVersions/{}	kork	com.netflix.spinnaker.kork.plugins.update.internal.Front50Service	dropped family (owner ruling 2026-09-12)
1.32.3	front50	front50	GET	/_calls/front50/pluginInfo	/pluginInfo	kork	com.netflix.spinnaker.kork.plugins.update.internal.Front50Service	dropped family (owner ruling 2026-09-12)
1.32.3	front50	front50	GET	/_calls/front50/pluginInfo/{id}	/pluginInfo/{}	kork	com.netflix.spinnaker.kork.plugins.update.internal.Front50Service	dropped family (owner ruling 2026-09-12)
1.32.3	front50	front50	PUT	/_calls/front50/pluginVersions/{serverGroupName}	/pluginVersions/{}	kork	com.netflix.spinnaker.kork.plugins.update.internal.Front50Service	dropped family (owner ruling 2026-09-12)
1.32.3	gate	front50	GET	/_calls/front50/pluginInfo/{id}	/pluginInfo/{}	kork	com.netflix.spinnaker.kork.plugins.update.internal.Front50Service	dropped family (owner ruling 2026-09-12)
1.32.3	gate	front50	PUT	/_calls/front50/pluginVersions/{serverGroupName}	/pluginVersions/{}	kork	com.netflix.spinnaker.kork.plugins.update.internal.Front50Service	dropped family (owner ruling 2026-09-12)
1.32.3	igor	front50	GET	/_calls/front50/pluginInfo/{id}	/pluginInfo/{}	kork	com.netflix.spinnaker.kork.plugins.update.internal.Front50Service	dropped family (owner ruling 2026-09-12)
1.32.3	igor	front50	PUT	/_calls/front50/pluginVersions/{serverGroupName}	/pluginVersions/{}	kork	com.netflix.spinnaker.kork.plugins.update.internal.Front50Service	dropped family (owner ruling 2026-09-12)
1.32.3	kayenta	front50	GET	/_calls/front50/pluginInfo	/pluginInfo	kork	com.netflix.spinnaker.kork.plugins.update.internal.Front50Service	dropped family (owner ruling 2026-09-12)
1.32.3	kayenta	front50	GET	/_calls/front50/pluginInfo/{id}	/pluginInfo/{}	kork	com.netflix.spinnaker.kork.plugins.update.internal.Front50Service	dropped family (owner ruling 2026-09-12)
1.32.3	kayenta	front50	PUT	/_calls/front50/pluginVersions/{serverGroupName}	/pluginVersions/{}	kork	com.netflix.spinnaker.kork.plugins.update.internal.Front50Service	dropped family (owner ruling 2026-09-12)
1.32.3	orca	front50	GET	/_calls/front50/pluginInfo	/pluginInfo	kork	com.netflix.spinnaker.kork.plugins.update.internal.Front50Service	dropped family (owner ruling 2026-09-12)
1.32.3	orca	front50	GET	/_calls/front50/pluginInfo/{id}	/pluginInfo/{}	kork	com.netflix.spinnaker.kork.plugins.update.internal.Front50Service	dropped family (owner ruling 2026-09-12)
1.32.3	orca	front50	PUT	/_calls/front50/pluginVersions/{serverGroupName}	/pluginVersions/{}	kork	com.netflix.spinnaker.kork.plugins.update.internal.Front50Service	dropped family (owner ruling 2026-09-12)
1.32.3	rosco	front50	GET	/_calls/front50/pluginInfo	/pluginInfo	kork	com.netflix.spinnaker.kork.plugins.update.internal.Front50Service	dropped family (owner ruling 2026-09-12)
1.32.3	rosco	front50	GET	/_calls/front50/pluginInfo/{id}	/pluginInfo/{}	kork	com.netflix.spinnaker.kork.plugins.update.internal.Front50Service	dropped family (owner ruling 2026-09-12)
1.32.3	rosco	front50	PUT	/_calls/front50/pluginVersions/{serverGroupName}	/pluginVersions/{}	kork	com.netflix.spinnaker.kork.plugins.update.internal.Front50Service	dropped family (owner ruling 2026-09-12)
1.32.3	echo	keel	POST	/_calls/keel/artifacts/events	/artifacts/events	out-of-mesh	com.netflix.spinnaker.echo.services.KeelService	
1.32.3	gate	keel	DELETE	/_calls/keel/application/{application}/config	/application/{}/config	out-of-mesh	com.netflix.spinnaker.gate.services.internal.KeelService	
1.32.3	gate	keel	DELETE	/_calls/keel/application/{application}/pause	/application/{}/pause	out-of-mesh	com.netflix.spinnaker.gate.services.internal.KeelService	
1.32.3	gate	keel	DELETE	/_calls/keel/application/{application}/pin/{targetEnvironment}	/application/{}/pin/{}	out-of-mesh	com.netflix.spinnaker.gate.services.internal.KeelService	
1.32.3	gate	keel	DELETE	/_calls/keel/application/{application}/veto/{targetEnvironment}/{reference}/{version}	/application/{}/veto/{}/{}/{}	out-of-mesh	com.netflix.spinnaker.gate.services.internal.KeelService	
1.32.3	gate	keel	DELETE	/_calls/keel/delivery-configs/{name}	/delivery-configs/{}	out-of-mesh	com.netflix.spinnaker.gate.services.internal.KeelService	
1.32.3	gate	keel	DELETE	/_calls/keel/resources/{name}	/resources/{}	out-of-mesh	com.netflix.spinnaker.gate.services.internal.KeelService	
1.32.3	gate	keel	DELETE	/_calls/keel/resources/{name}/pause	/resources/{}/pause	out-of-mesh	com.netflix.spinnaker.gate.services.internal.KeelService	
1.32.3	gate	keel	GET	/_calls/keel/application/{application}	/application/{}	out-of-mesh	com.netflix.spinnaker.gate.services.internal.KeelService	
1.32.3	gate	keel	GET	/_calls/keel/application/{application}/config	/application/{}/config	out-of-mesh	com.netflix.spinnaker.gate.services.internal.KeelService	
1.32.3	gate	keel	GET	/_calls/keel/application/{application}/environment/{environment}/constraints	/application/{}/environment/{}/constraints	out-of-mesh	com.netflix.spinnaker.gate.services.internal.KeelService	
1.32.3	gate	keel	GET	/_calls/keel/delivery-configs/schema	/delivery-configs/schema	out-of-mesh	com.netflix.spinnaker.gate.services.internal.KeelService	
1.32.3	gate	keel	GET	/_calls/keel/delivery-configs/{name}	/delivery-configs/{}	out-of-mesh	com.netflix.spinnaker.gate.services.internal.KeelService	
1.32.3	gate	keel	GET	/_calls/keel/delivery-configs/{name}/artifacts	/delivery-configs/{}/artifacts	out-of-mesh	com.netflix.spinnaker.gate.services.internal.KeelService	
1.32.3	gate	keel	GET	/_calls/keel/environments/{application}	/environments/{}	out-of-mesh	com.netflix.spinnaker.gate.services.internal.KeelService	
1.32.3	gate	keel	GET	/_calls/keel/export/artifact/{cloudProvider}/{account}/{clusterName}	/export/artifact/{}/{}/{}	out-of-mesh	com.netflix.spinnaker.gate.services.internal.KeelService	
1.32.3	gate	keel	GET	/_calls/keel/export/{cloudProvider}/{account}/{type}/{name}	/export/{}/{}/{}/{}	out-of-mesh	com.netflix.spinnaker.gate.services.internal.KeelService	
1.32.3	gate	keel	GET	/_calls/keel/health	/health	out-of-mesh	com.netflix.spinnaker.gate.services.internal.HealthCheckableService	
1.32.3	gate	keel	GET	/_calls/keel/installedPlugins	/installedPlugins	out-of-mesh	com.netflix.spinnaker.gate.services.internal.KeelService	
1.32.3	gate	keel	GET	/_calls/keel/reports/adoption	/reports/adoption	out-of-mesh	com.netflix.spinnaker.gate.services.internal.KeelService	
1.32.3	gate	keel	GET	/_calls/keel/reports/onboarding	/reports/onboarding	out-of-mesh	com.netflix.spinnaker.gate.services.internal.KeelService	
1.32.3	gate	keel	GET	/_calls/keel/resources/events/{name}	/resources/events/{}	out-of-mesh	com.netflix.spinnaker.gate.services.internal.KeelService	
1.32.3	gate	keel	GET	/_calls/keel/resources/{name}	/resources/{}	out-of-mesh	com.netflix.spinnaker.gate.services.internal.KeelService	
1.32.3	gate	keel	GET	/_calls/keel/resources/{name}/status	/resources/{}/status	out-of-mesh	com.netflix.spinnaker.gate.services.internal.KeelService	
1.32.3	gate	keel	POST	/_calls/keel/application/{application}/environment/{environment}/constraint	/application/{}/environment/{}/constraint	out-of-mesh	com.netflix.spinnaker.gate.services.internal.KeelService	
1.32.3	gate	keel	POST	/_calls/keel/application/{application}/environment/{environment}/verifications	/application/{}/environment/{}/verifications	out-of-mesh	com.netflix.spinnaker.gate.services.internal.KeelService	
1.32.3	gate	keel	POST	/_calls/keel/application/{application}/environment/{environment}/verifications/retry	/application/{}/environment/{}/verifications/retry	out-of-mesh	com.netflix.spinnaker.gate.services.internal.KeelService	
1.32.3	gate	keel	POST	/_calls/keel/application/{application}/mark/bad	/application/{}/mark/bad	out-of-mesh	com.netflix.spinnaker.gate.services.internal.KeelService	
1.32.3	gate	keel	POST	/_calls/keel/application/{application}/mark/good	/application/{}/mark/good	out-of-mesh	com.netflix.spinnaker.gate.services.internal.KeelService	
1.32.3	gate	keel	POST	/_calls/keel/application/{application}/pause	/application/{}/pause	out-of-mesh	com.netflix.spinnaker.gate.services.internal.KeelService	
1.32.3	gate	keel	POST	/_calls/keel/application/{application}/pin	/application/{}/pin	out-of-mesh	com.netflix.spinnaker.gate.services.internal.KeelService	
1.32.3	gate	keel	POST	/_calls/keel/application/{application}/veto	/application/{}/veto	out-of-mesh	com.netflix.spinnaker.gate.services.internal.KeelService	
1.32.3	gate	keel	POST	/_calls/keel/delivery-configs	/delivery-configs	out-of-mesh	com.netflix.spinnaker.gate.services.internal.KeelService	
1.32.3	gate	keel	POST	/_calls/keel/delivery-configs/diff	/delivery-configs/diff	out-of-mesh	com.netflix.spinnaker.gate.services.internal.KeelService	
1.32.3	gate	keel	POST	/_calls/keel/delivery-configs/validate	/delivery-configs/validate	out-of-mesh	com.netflix.spinnaker.gate.services.internal.KeelService	
1.32.3	gate	keel	POST	/_calls/keel/graphql	/graphql	out-of-mesh	com.netflix.spinnaker.gate.services.internal.KeelService	
1.32.3	gate	keel	POST	/_calls/keel/resources	/resources	out-of-mesh	com.netflix.spinnaker.gate.services.internal.KeelService	
1.32.3	gate	keel	POST	/_calls/keel/resources/diff	/resources/diff	out-of-mesh	com.netflix.spinnaker.gate.services.internal.KeelService	
1.32.3	gate	keel	POST	/_calls/keel/resources/{name}/pause	/resources/{}/pause	out-of-mesh	com.netflix.spinnaker.gate.services.internal.KeelService	
1.32.3	igor	keel	POST	/_calls/keel/artifacts/events	/artifacts/events	out-of-mesh	com.netflix.spinnaker.igor.keel.KeelService	
1.32.3	orca	keel	DELETE	/_calls/keel/application/{application}/config	/application/{}/config	out-of-mesh	com.netflix.spinnaker.orca.KeelService	
1.32.3	orca	keel	POST	/_calls/keel/delivery-configs	/delivery-configs	out-of-mesh	com.netflix.spinnaker.orca.KeelService	
1.32.3	clouddriver	front50	GET	/_calls/front50/credentials	/credentials	stale	com.netflix.spinnaker.clouddriver.core.services.Front50Service	
1.32.3	echo	front50	POST	/_calls/front50/graphql	/graphql	stale	com.netflix.spinnaker.echo.services.Front50Service	
1.32.3	gate	clouddriver	GET	/_calls/clouddriver/applications/{name}/clusters/{account}/{cluster}/{type}/loadBalancers	/applications/{}/clusters/{}/{}/{}/loadBalancers	stale	com.netflix.spinnaker.gate.services.internal.ClouddriverService	
1.32.3	gate	clouddriver	POST	/_calls/clouddriver/applications/{name}/jobs/{account}/{region}/{jobName}	/applications/{}/jobs/{}/{}/{}	stale	com.netflix.spinnaker.gate.services.internal.ClouddriverService	
1.32.3	gate	front50	GET	/_calls/front50/credentials	/credentials	stale	com.netflix.spinnaker.gate.services.internal.Front50Service	
1.32.3	gate	front50	POST	/_calls/front50/pipelines/move	/pipelines/move	stale	com.netflix.spinnaker.gate.services.internal.Front50Service	
1.32.3	gate	front50	POST	/_calls/front50/strategies/move	/strategies/move	stale	com.netflix.spinnaker.gate.services.internal.Front50Service	
1.32.3	orca	echo	GET	/_calls/echo/events/recent/{type}/{since}	/events/recent/{}/{}	stale	com.netflix.spinnaker.orca.echo.EchoService	
1.32.3	orca	front50	GET	/_calls/front50/credentials	/credentials	stale	com.netflix.spinnaker.orca.front50.Front50Service	
1.32.4	gate	clouddriver	GET	/_calls/clouddriver/health	/health	actuator	com.netflix.spinnaker.gate.services.internal.HealthCheckableService	
1.32.4	gate	clouddriver	GET	/_calls/clouddriver/installedPlugins	/installedPlugins	actuator	com.netflix.spinnaker.gate.services.internal.ClouddriverService	
1.32.4	gate	echo	GET	/_calls/echo/health	/health	actuator	com.netflix.spinnaker.gate.services.internal.HealthCheckableService	
1.32.4	gate	echo	GET	/_calls/echo/installedPlugins	/installedPlugins	actuator	com.netflix.spinnaker.gate.services.internal.EchoService	
1.32.4	gate	fiat	GET	/_calls/fiat/installedPlugins	/installedPlugins	actuator	com.netflix.spinnaker.gate.services.internal.ExtendedFiatService	
1.32.4	gate	front50	GET	/_calls/front50/health	/health	actuator	com.netflix.spinnaker.gate.services.internal.HealthCheckableService	
1.32.4	gate	front50	GET	/_calls/front50/installedPlugins	/installedPlugins	actuator	com.netflix.spinnaker.gate.services.internal.Front50Service	
1.32.4	gate	igor	GET	/_calls/igor/health	/health	actuator	com.netflix.spinnaker.gate.services.internal.HealthCheckableService	
1.32.4	gate	igor	GET	/_calls/igor/installedPlugins	/installedPlugins	actuator	com.netflix.spinnaker.gate.services.internal.IgorService	
1.32.4	gate	orca	GET	/_calls/orca/health	/health	actuator	com.netflix.spinnaker.gate.services.internal.HealthCheckableService	
1.32.4	gate	orca	GET	/_calls/orca/installedPlugins	/installedPlugins	actuator	com.netflix.spinnaker.gate.services.internal.OrcaService	
1.32.4	gate	rosco	GET	/_calls/rosco/installedPlugins	/installedPlugins	actuator	com.netflix.spinnaker.gate.services.internal.RoscoService	
1.32.4	orca	clouddriver	PUT	/_calls/clouddriver/admin/db/truncate/{namespace}	/admin/db/truncate/{}	framework	com.netflix.spinnaker.orca.clouddriver.CloudDriverCacheService	excluded by provenance: PUT /admin/db/truncate/{}
1.32.4	clouddriver	fiat	DELETE	/_calls/fiat/roles/{userId}	/roles/{}	indirect-fiat	com.netflix.spinnaker.fiat.shared.FiatService	dropped family (owner ruling 2026-09-12)
1.32.4	clouddriver	fiat	GET	/_calls/fiat/authorize/{userId}	/authorize/{}	indirect-fiat	com.netflix.spinnaker.fiat.shared.FiatService	dropped family (owner ruling 2026-09-12)
1.32.4	clouddriver	fiat	GET	/_calls/fiat/authorize/{userId}/{resourceType}/{resourceName}/{authorization}	/authorize/{}/{}/{}/{}	indirect-fiat	com.netflix.spinnaker.fiat.shared.FiatService	dropped family (owner ruling 2026-09-12)
1.32.4	clouddriver	fiat	POST	/_calls/fiat/authorize/{userId}/{resourceType}/create	/authorize/{}/{}/create	indirect-fiat	com.netflix.spinnaker.fiat.shared.FiatService	dropped family (owner ruling 2026-09-12)
1.32.4	clouddriver	fiat	POST	/_calls/fiat/roles/sync	/roles/sync	indirect-fiat	com.netflix.spinnaker.fiat.shared.FiatService	dropped family (owner ruling 2026-09-12)
1.32.4	clouddriver	fiat	POST	/_calls/fiat/roles/sync/serviceAccount/{serviceAccountId}	/roles/sync/serviceAccount/{}	indirect-fiat	com.netflix.spinnaker.fiat.shared.FiatService	dropped family (owner ruling 2026-09-12)
1.32.4	clouddriver	fiat	POST	/_calls/fiat/roles/{userId}	/roles/{}	indirect-fiat	com.netflix.spinnaker.fiat.shared.FiatService	dropped family (owner ruling 2026-09-12)
1.32.4	clouddriver	fiat	PUT	/_calls/fiat/roles/{userId}	/roles/{}	indirect-fiat	com.netflix.spinnaker.fiat.shared.FiatService	dropped family (owner ruling 2026-09-12)
1.32.4	echo	fiat	DELETE	/_calls/fiat/roles/{userId}	/roles/{}	indirect-fiat	com.netflix.spinnaker.fiat.shared.FiatService	dropped family (owner ruling 2026-09-12)
1.32.4	echo	fiat	GET	/_calls/fiat/authorize/{userId}	/authorize/{}	indirect-fiat	com.netflix.spinnaker.fiat.shared.FiatService	dropped family (owner ruling 2026-09-12)
1.32.4	echo	fiat	GET	/_calls/fiat/authorize/{userId}/{resourceType}/{resourceName}/{authorization}	/authorize/{}/{}/{}/{}	indirect-fiat	com.netflix.spinnaker.fiat.shared.FiatService	dropped family (owner ruling 2026-09-12)
1.32.4	echo	fiat	POST	/_calls/fiat/authorize/{userId}/{resourceType}/create	/authorize/{}/{}/create	indirect-fiat	com.netflix.spinnaker.fiat.shared.FiatService	dropped family (owner ruling 2026-09-12)
1.32.4	echo	fiat	POST	/_calls/fiat/roles/sync	/roles/sync	indirect-fiat	com.netflix.spinnaker.fiat.shared.FiatService	dropped family (owner ruling 2026-09-12)
1.32.4	echo	fiat	POST	/_calls/fiat/roles/sync/serviceAccount/{serviceAccountId}	/roles/sync/serviceAccount/{}	indirect-fiat	com.netflix.spinnaker.fiat.shared.FiatService	dropped family (owner ruling 2026-09-12)
1.32.4	echo	fiat	POST	/_calls/fiat/roles/{userId}	/roles/{}	indirect-fiat	com.netflix.spinnaker.fiat.shared.FiatService	dropped family (owner ruling 2026-09-12)
1.32.4	echo	fiat	PUT	/_calls/fiat/roles/{userId}	/roles/{}	indirect-fiat	com.netflix.spinnaker.fiat.shared.FiatService	dropped family (owner ruling 2026-09-12)
1.32.4	igor	fiat	DELETE	/_calls/fiat/roles/{userId}	/roles/{}	indirect-fiat	com.netflix.spinnaker.fiat.shared.FiatService	dropped family (owner ruling 2026-09-12)
1.32.4	igor	fiat	GET	/_calls/fiat/authorize/{userId}	/authorize/{}	indirect-fiat	com.netflix.spinnaker.fiat.shared.FiatService	dropped family (owner ruling 2026-09-12)
1.32.4	igor	fiat	GET	/_calls/fiat/authorize/{userId}/{resourceType}/{resourceName}/{authorization}	/authorize/{}/{}/{}/{}	indirect-fiat	com.netflix.spinnaker.fiat.shared.FiatService	dropped family (owner ruling 2026-09-12)
1.32.4	igor	fiat	POST	/_calls/fiat/authorize/{userId}/{resourceType}/create	/authorize/{}/{}/create	indirect-fiat	com.netflix.spinnaker.fiat.shared.FiatService	dropped family (owner ruling 2026-09-12)
1.32.4	igor	fiat	POST	/_calls/fiat/roles/sync	/roles/sync	indirect-fiat	com.netflix.spinnaker.fiat.shared.FiatService	dropped family (owner ruling 2026-09-12)
1.32.4	igor	fiat	POST	/_calls/fiat/roles/sync/serviceAccount/{serviceAccountId}	/roles/sync/serviceAccount/{}	indirect-fiat	com.netflix.spinnaker.fiat.shared.FiatService	dropped family (owner ruling 2026-09-12)
1.32.4	igor	fiat	POST	/_calls/fiat/roles/{userId}	/roles/{}	indirect-fiat	com.netflix.spinnaker.fiat.shared.FiatService	dropped family (owner ruling 2026-09-12)
1.32.4	igor	fiat	PUT	/_calls/fiat/roles/{userId}	/roles/{}	indirect-fiat	com.netflix.spinnaker.fiat.shared.FiatService	dropped family (owner ruling 2026-09-12)
1.32.4	clouddriver	front50	GET	/_calls/front50/pluginInfo	/pluginInfo	kork	com.netflix.spinnaker.kork.plugins.update.internal.Front50Service	dropped family (owner ruling 2026-09-12)
1.32.4	clouddriver	front50	GET	/_calls/front50/pluginInfo/{id}	/pluginInfo/{}	kork	com.netflix.spinnaker.kork.plugins.update.internal.Front50Service	dropped family (owner ruling 2026-09-12)
1.32.4	clouddriver	front50	PUT	/_calls/front50/pluginVersions/{serverGroupName}	/pluginVersions/{}	kork	com.netflix.spinnaker.kork.plugins.update.internal.Front50Service	dropped family (owner ruling 2026-09-12)
1.32.4	echo	front50	GET	/_calls/front50/pluginInfo	/pluginInfo	kork	com.netflix.spinnaker.kork.plugins.update.internal.Front50Service	dropped family (owner ruling 2026-09-12)
1.32.4	echo	front50	GET	/_calls/front50/pluginInfo/{id}	/pluginInfo/{}	kork	com.netflix.spinnaker.kork.plugins.update.internal.Front50Service	dropped family (owner ruling 2026-09-12)
1.32.4	echo	front50	PUT	/_calls/front50/pluginVersions/{serverGroupName}	/pluginVersions/{}	kork	com.netflix.spinnaker.kork.plugins.update.internal.Front50Service	dropped family (owner ruling 2026-09-12)
1.32.4	fiat	front50	GET	/_calls/front50/pluginInfo	/pluginInfo	kork	com.netflix.spinnaker.kork.plugins.update.internal.Front50Service	dropped family (owner ruling 2026-09-12)
1.32.4	fiat	front50	GET	/_calls/front50/pluginInfo/{id}	/pluginInfo/{}	kork	com.netflix.spinnaker.kork.plugins.update.internal.Front50Service	dropped family (owner ruling 2026-09-12)
1.32.4	fiat	front50	PUT	/_calls/front50/pluginVersions/{serverGroupName}	/pluginVersions/{}	kork	com.netflix.spinnaker.kork.plugins.update.internal.Front50Service	dropped family (owner ruling 2026-09-12)
1.32.4	front50	front50	GET	/_calls/front50/pluginInfo	/pluginInfo	kork	com.netflix.spinnaker.kork.plugins.update.internal.Front50Service	dropped family (owner ruling 2026-09-12)
1.32.4	front50	front50	GET	/_calls/front50/pluginInfo/{id}	/pluginInfo/{}	kork	com.netflix.spinnaker.kork.plugins.update.internal.Front50Service	dropped family (owner ruling 2026-09-12)
1.32.4	front50	front50	PUT	/_calls/front50/pluginVersions/{serverGroupName}	/pluginVersions/{}	kork	com.netflix.spinnaker.kork.plugins.update.internal.Front50Service	dropped family (owner ruling 2026-09-12)
1.32.4	gate	front50	GET	/_calls/front50/pluginInfo/{id}	/pluginInfo/{}	kork	com.netflix.spinnaker.kork.plugins.update.internal.Front50Service	dropped family (owner ruling 2026-09-12)
1.32.4	gate	front50	PUT	/_calls/front50/pluginVersions/{serverGroupName}	/pluginVersions/{}	kork	com.netflix.spinnaker.kork.plugins.update.internal.Front50Service	dropped family (owner ruling 2026-09-12)
1.32.4	igor	front50	GET	/_calls/front50/pluginInfo/{id}	/pluginInfo/{}	kork	com.netflix.spinnaker.kork.plugins.update.internal.Front50Service	dropped family (owner ruling 2026-09-12)
1.32.4	igor	front50	PUT	/_calls/front50/pluginVersions/{serverGroupName}	/pluginVersions/{}	kork	com.netflix.spinnaker.kork.plugins.update.internal.Front50Service	dropped family (owner ruling 2026-09-12)
1.32.4	kayenta	front50	GET	/_calls/front50/pluginInfo	/pluginInfo	kork	com.netflix.spinnaker.kork.plugins.update.internal.Front50Service	dropped family (owner ruling 2026-09-12)
1.32.4	kayenta	front50	GET	/_calls/front50/pluginInfo/{id}	/pluginInfo/{}	kork	com.netflix.spinnaker.kork.plugins.update.internal.Front50Service	dropped family (owner ruling 2026-09-12)
1.32.4	kayenta	front50	PUT	/_calls/front50/pluginVersions/{serverGroupName}	/pluginVersions/{}	kork	com.netflix.spinnaker.kork.plugins.update.internal.Front50Service	dropped family (owner ruling 2026-09-12)
1.32.4	orca	front50	GET	/_calls/front50/pluginInfo	/pluginInfo	kork	com.netflix.spinnaker.kork.plugins.update.internal.Front50Service	dropped family (owner ruling 2026-09-12)
1.32.4	orca	front50	GET	/_calls/front50/pluginInfo/{id}	/pluginInfo/{}	kork	com.netflix.spinnaker.kork.plugins.update.internal.Front50Service	dropped family (owner ruling 2026-09-12)
1.32.4	orca	front50	PUT	/_calls/front50/pluginVersions/{serverGroupName}	/pluginVersions/{}	kork	com.netflix.spinnaker.kork.plugins.update.internal.Front50Service	dropped family (owner ruling 2026-09-12)
1.32.4	rosco	front50	GET	/_calls/front50/pluginInfo	/pluginInfo	kork	com.netflix.spinnaker.kork.plugins.update.internal.Front50Service	dropped family (owner ruling 2026-09-12)
1.32.4	rosco	front50	GET	/_calls/front50/pluginInfo/{id}	/pluginInfo/{}	kork	com.netflix.spinnaker.kork.plugins.update.internal.Front50Service	dropped family (owner ruling 2026-09-12)
1.32.4	rosco	front50	PUT	/_calls/front50/pluginVersions/{serverGroupName}	/pluginVersions/{}	kork	com.netflix.spinnaker.kork.plugins.update.internal.Front50Service	dropped family (owner ruling 2026-09-12)
1.32.4	echo	keel	POST	/_calls/keel/artifacts/events	/artifacts/events	out-of-mesh	com.netflix.spinnaker.echo.services.KeelService	
1.32.4	gate	keel	DELETE	/_calls/keel/application/{application}/config	/application/{}/config	out-of-mesh	com.netflix.spinnaker.gate.services.internal.KeelService	
1.32.4	gate	keel	DELETE	/_calls/keel/application/{application}/pause	/application/{}/pause	out-of-mesh	com.netflix.spinnaker.gate.services.internal.KeelService	
1.32.4	gate	keel	DELETE	/_calls/keel/application/{application}/pin/{targetEnvironment}	/application/{}/pin/{}	out-of-mesh	com.netflix.spinnaker.gate.services.internal.KeelService	
1.32.4	gate	keel	DELETE	/_calls/keel/application/{application}/veto/{targetEnvironment}/{reference}/{version}	/application/{}/veto/{}/{}/{}	out-of-mesh	com.netflix.spinnaker.gate.services.internal.KeelService	
1.32.4	gate	keel	DELETE	/_calls/keel/delivery-configs/{name}	/delivery-configs/{}	out-of-mesh	com.netflix.spinnaker.gate.services.internal.KeelService	
1.32.4	gate	keel	DELETE	/_calls/keel/resources/{name}	/resources/{}	out-of-mesh	com.netflix.spinnaker.gate.services.internal.KeelService	
1.32.4	gate	keel	DELETE	/_calls/keel/resources/{name}/pause	/resources/{}/pause	out-of-mesh	com.netflix.spinnaker.gate.services.internal.KeelService	
1.32.4	gate	keel	GET	/_calls/keel/application/{application}	/application/{}	out-of-mesh	com.netflix.spinnaker.gate.services.internal.KeelService	
1.32.4	gate	keel	GET	/_calls/keel/application/{application}/config	/application/{}/config	out-of-mesh	com.netflix.spinnaker.gate.services.internal.KeelService	
1.32.4	gate	keel	GET	/_calls/keel/application/{application}/environment/{environment}/constraints	/application/{}/environment/{}/constraints	out-of-mesh	com.netflix.spinnaker.gate.services.internal.KeelService	
1.32.4	gate	keel	GET	/_calls/keel/delivery-configs/schema	/delivery-configs/schema	out-of-mesh	com.netflix.spinnaker.gate.services.internal.KeelService	
1.32.4	gate	keel	GET	/_calls/keel/delivery-configs/{name}	/delivery-configs/{}	out-of-mesh	com.netflix.spinnaker.gate.services.internal.KeelService	
1.32.4	gate	keel	GET	/_calls/keel/delivery-configs/{name}/artifacts	/delivery-configs/{}/artifacts	out-of-mesh	com.netflix.spinnaker.gate.services.internal.KeelService	
1.32.4	gate	keel	GET	/_calls/keel/environments/{application}	/environments/{}	out-of-mesh	com.netflix.spinnaker.gate.services.internal.KeelService	
1.32.4	gate	keel	GET	/_calls/keel/export/artifact/{cloudProvider}/{account}/{clusterName}	/export/artifact/{}/{}/{}	out-of-mesh	com.netflix.spinnaker.gate.services.internal.KeelService	
1.32.4	gate	keel	GET	/_calls/keel/export/{cloudProvider}/{account}/{type}/{name}	/export/{}/{}/{}/{}	out-of-mesh	com.netflix.spinnaker.gate.services.internal.KeelService	
1.32.4	gate	keel	GET	/_calls/keel/health	/health	out-of-mesh	com.netflix.spinnaker.gate.services.internal.HealthCheckableService	
1.32.4	gate	keel	GET	/_calls/keel/installedPlugins	/installedPlugins	out-of-mesh	com.netflix.spinnaker.gate.services.internal.KeelService	
1.32.4	gate	keel	GET	/_calls/keel/reports/adoption	/reports/adoption	out-of-mesh	com.netflix.spinnaker.gate.services.internal.KeelService	
1.32.4	gate	keel	GET	/_calls/keel/reports/onboarding	/reports/onboarding	out-of-mesh	com.netflix.spinnaker.gate.services.internal.KeelService	
1.32.4	gate	keel	GET	/_calls/keel/resources/events/{name}	/resources/events/{}	out-of-mesh	com.netflix.spinnaker.gate.services.internal.KeelService	
1.32.4	gate	keel	GET	/_calls/keel/resources/{name}	/resources/{}	out-of-mesh	com.netflix.spinnaker.gate.services.internal.KeelService	
1.32.4	gate	keel	GET	/_calls/keel/resources/{name}/status	/resources/{}/status	out-of-mesh	com.netflix.spinnaker.gate.services.internal.KeelService	
1.32.4	gate	keel	POST	/_calls/keel/application/{application}/environment/{environment}/constraint	/application/{}/environment/{}/constraint	out-of-mesh	com.netflix.spinnaker.gate.services.internal.KeelService	
1.32.4	gate	keel	POST	/_calls/keel/application/{application}/environment/{environment}/verifications	/application/{}/environment/{}/verifications	out-of-mesh	com.netflix.spinnaker.gate.services.internal.KeelService	
1.32.4	gate	keel	POST	/_calls/keel/application/{application}/environment/{environment}/verifications/retry	/application/{}/environment/{}/verifications/retry	out-of-mesh	com.netflix.spinnaker.gate.services.internal.KeelService	
1.32.4	gate	keel	POST	/_calls/keel/application/{application}/mark/bad	/application/{}/mark/bad	out-of-mesh	com.netflix.spinnaker.gate.services.internal.KeelService	
1.32.4	gate	keel	POST	/_calls/keel/application/{application}/mark/good	/application/{}/mark/good	out-of-mesh	com.netflix.spinnaker.gate.services.internal.KeelService	
1.32.4	gate	keel	POST	/_calls/keel/application/{application}/pause	/application/{}/pause	out-of-mesh	com.netflix.spinnaker.gate.services.internal.KeelService	
1.32.4	gate	keel	POST	/_calls/keel/application/{application}/pin	/application/{}/pin	out-of-mesh	com.netflix.spinnaker.gate.services.internal.KeelService	
1.32.4	gate	keel	POST	/_calls/keel/application/{application}/veto	/application/{}/veto	out-of-mesh	com.netflix.spinnaker.gate.services.internal.KeelService	
1.32.4	gate	keel	POST	/_calls/keel/delivery-configs	/delivery-configs	out-of-mesh	com.netflix.spinnaker.gate.services.internal.KeelService	
1.32.4	gate	keel	POST	/_calls/keel/delivery-configs/diff	/delivery-configs/diff	out-of-mesh	com.netflix.spinnaker.gate.services.internal.KeelService	
1.32.4	gate	keel	POST	/_calls/keel/delivery-configs/validate	/delivery-configs/validate	out-of-mesh	com.netflix.spinnaker.gate.services.internal.KeelService	
1.32.4	gate	keel	POST	/_calls/keel/graphql	/graphql	out-of-mesh	com.netflix.spinnaker.gate.services.internal.KeelService	
1.32.4	gate	keel	POST	/_calls/keel/resources	/resources	out-of-mesh	com.netflix.spinnaker.gate.services.internal.KeelService	
1.32.4	gate	keel	POST	/_calls/keel/resources/diff	/resources/diff	out-of-mesh	com.netflix.spinnaker.gate.services.internal.KeelService	
1.32.4	gate	keel	POST	/_calls/keel/resources/{name}/pause	/resources/{}/pause	out-of-mesh	com.netflix.spinnaker.gate.services.internal.KeelService	
1.32.4	igor	keel	POST	/_calls/keel/artifacts/events	/artifacts/events	out-of-mesh	com.netflix.spinnaker.igor.keel.KeelService	
1.32.4	orca	keel	DELETE	/_calls/keel/application/{application}/config	/application/{}/config	out-of-mesh	com.netflix.spinnaker.orca.KeelService	
1.32.4	orca	keel	POST	/_calls/keel/delivery-configs	/delivery-configs	out-of-mesh	com.netflix.spinnaker.orca.KeelService	
1.32.4	clouddriver	front50	GET	/_calls/front50/credentials	/credentials	stale	com.netflix.spinnaker.clouddriver.core.services.Front50Service	
1.32.4	echo	front50	POST	/_calls/front50/graphql	/graphql	stale	com.netflix.spinnaker.echo.services.Front50Service	
1.32.4	gate	clouddriver	GET	/_calls/clouddriver/applications/{name}/clusters/{account}/{cluster}/{type}/loadBalancers	/applications/{}/clusters/{}/{}/{}/loadBalancers	stale	com.netflix.spinnaker.gate.services.internal.ClouddriverService	
1.32.4	gate	clouddriver	POST	/_calls/clouddriver/applications/{name}/jobs/{account}/{region}/{jobName}	/applications/{}/jobs/{}/{}/{}	stale	com.netflix.spinnaker.gate.services.internal.ClouddriverService	
1.32.4	gate	front50	GET	/_calls/front50/credentials	/credentials	stale	com.netflix.spinnaker.gate.services.internal.Front50Service	
1.32.4	gate	front50	POST	/_calls/front50/pipelines/move	/pipelines/move	stale	com.netflix.spinnaker.gate.services.internal.Front50Service	
1.32.4	gate	front50	POST	/_calls/front50/strategies/move	/strategies/move	stale	com.netflix.spinnaker.gate.services.internal.Front50Service	
1.32.4	orca	echo	GET	/_calls/echo/events/recent/{type}/{since}	/events/recent/{}/{}	stale	com.netflix.spinnaker.orca.echo.EchoService	
1.32.4	orca	front50	GET	/_calls/front50/credentials	/credentials	stale	com.netflix.spinnaker.orca.front50.Front50Service	
1.33.0	gate	clouddriver	GET	/_calls/clouddriver/health	/health	actuator	com.netflix.spinnaker.gate.services.internal.HealthCheckableService	
1.33.0	gate	clouddriver	GET	/_calls/clouddriver/installedPlugins	/installedPlugins	actuator	com.netflix.spinnaker.gate.services.internal.ClouddriverService	
1.33.0	gate	echo	GET	/_calls/echo/health	/health	actuator	com.netflix.spinnaker.gate.services.internal.HealthCheckableService	
1.33.0	gate	echo	GET	/_calls/echo/installedPlugins	/installedPlugins	actuator	com.netflix.spinnaker.gate.services.internal.EchoService	
1.33.0	gate	fiat	GET	/_calls/fiat/installedPlugins	/installedPlugins	actuator	com.netflix.spinnaker.gate.services.internal.ExtendedFiatService	
1.33.0	gate	front50	GET	/_calls/front50/health	/health	actuator	com.netflix.spinnaker.gate.services.internal.HealthCheckableService	
1.33.0	gate	front50	GET	/_calls/front50/installedPlugins	/installedPlugins	actuator	com.netflix.spinnaker.gate.services.internal.Front50Service	
1.33.0	gate	igor	GET	/_calls/igor/health	/health	actuator	com.netflix.spinnaker.gate.services.internal.HealthCheckableService	
1.33.0	gate	igor	GET	/_calls/igor/installedPlugins	/installedPlugins	actuator	com.netflix.spinnaker.gate.services.internal.IgorService	
1.33.0	gate	orca	GET	/_calls/orca/health	/health	actuator	com.netflix.spinnaker.gate.services.internal.HealthCheckableService	
1.33.0	gate	orca	GET	/_calls/orca/installedPlugins	/installedPlugins	actuator	com.netflix.spinnaker.gate.services.internal.OrcaService	
1.33.0	gate	rosco	GET	/_calls/rosco/installedPlugins	/installedPlugins	actuator	com.netflix.spinnaker.gate.services.internal.RoscoService	
1.33.0	orca	clouddriver	PUT	/_calls/clouddriver/admin/db/truncate/{namespace}	/admin/db/truncate/{}	framework	com.netflix.spinnaker.orca.clouddriver.CloudDriverCacheService	excluded by provenance: PUT /admin/db/truncate/{}
1.33.0	clouddriver	fiat	DELETE	/_calls/fiat/roles/{userId}	/roles/{}	indirect-fiat	com.netflix.spinnaker.fiat.shared.FiatService	dropped family (owner ruling 2026-09-12)
1.33.0	clouddriver	fiat	GET	/_calls/fiat/authorize/{userId}	/authorize/{}	indirect-fiat	com.netflix.spinnaker.fiat.shared.FiatService	dropped family (owner ruling 2026-09-12)
1.33.0	clouddriver	fiat	GET	/_calls/fiat/authorize/{userId}/{resourceType}/{resourceName}/{authorization}	/authorize/{}/{}/{}/{}	indirect-fiat	com.netflix.spinnaker.fiat.shared.FiatService	dropped family (owner ruling 2026-09-12)
1.33.0	clouddriver	fiat	POST	/_calls/fiat/authorize/{userId}/{resourceType}/create	/authorize/{}/{}/create	indirect-fiat	com.netflix.spinnaker.fiat.shared.FiatService	dropped family (owner ruling 2026-09-12)
1.33.0	clouddriver	fiat	POST	/_calls/fiat/roles/sync	/roles/sync	indirect-fiat	com.netflix.spinnaker.fiat.shared.FiatService	dropped family (owner ruling 2026-09-12)
1.33.0	clouddriver	fiat	POST	/_calls/fiat/roles/sync/serviceAccount/{serviceAccountId}	/roles/sync/serviceAccount/{}	indirect-fiat	com.netflix.spinnaker.fiat.shared.FiatService	dropped family (owner ruling 2026-09-12)
1.33.0	clouddriver	fiat	POST	/_calls/fiat/roles/{userId}	/roles/{}	indirect-fiat	com.netflix.spinnaker.fiat.shared.FiatService	dropped family (owner ruling 2026-09-12)
1.33.0	clouddriver	fiat	PUT	/_calls/fiat/roles/{userId}	/roles/{}	indirect-fiat	com.netflix.spinnaker.fiat.shared.FiatService	dropped family (owner ruling 2026-09-12)
1.33.0	echo	fiat	DELETE	/_calls/fiat/roles/{userId}	/roles/{}	indirect-fiat	com.netflix.spinnaker.fiat.shared.FiatService	dropped family (owner ruling 2026-09-12)
1.33.0	echo	fiat	GET	/_calls/fiat/authorize/{userId}	/authorize/{}	indirect-fiat	com.netflix.spinnaker.fiat.shared.FiatService	dropped family (owner ruling 2026-09-12)
1.33.0	echo	fiat	GET	/_calls/fiat/authorize/{userId}/{resourceType}/{resourceName}/{authorization}	/authorize/{}/{}/{}/{}	indirect-fiat	com.netflix.spinnaker.fiat.shared.FiatService	dropped family (owner ruling 2026-09-12)
1.33.0	echo	fiat	POST	/_calls/fiat/authorize/{userId}/{resourceType}/create	/authorize/{}/{}/create	indirect-fiat	com.netflix.spinnaker.fiat.shared.FiatService	dropped family (owner ruling 2026-09-12)
1.33.0	echo	fiat	POST	/_calls/fiat/roles/sync	/roles/sync	indirect-fiat	com.netflix.spinnaker.fiat.shared.FiatService	dropped family (owner ruling 2026-09-12)
1.33.0	echo	fiat	POST	/_calls/fiat/roles/sync/serviceAccount/{serviceAccountId}	/roles/sync/serviceAccount/{}	indirect-fiat	com.netflix.spinnaker.fiat.shared.FiatService	dropped family (owner ruling 2026-09-12)
1.33.0	echo	fiat	POST	/_calls/fiat/roles/{userId}	/roles/{}	indirect-fiat	com.netflix.spinnaker.fiat.shared.FiatService	dropped family (owner ruling 2026-09-12)
1.33.0	echo	fiat	PUT	/_calls/fiat/roles/{userId}	/roles/{}	indirect-fiat	com.netflix.spinnaker.fiat.shared.FiatService	dropped family (owner ruling 2026-09-12)
1.33.0	igor	fiat	DELETE	/_calls/fiat/roles/{userId}	/roles/{}	indirect-fiat	com.netflix.spinnaker.fiat.shared.FiatService	dropped family (owner ruling 2026-09-12)
1.33.0	igor	fiat	GET	/_calls/fiat/authorize/{userId}	/authorize/{}	indirect-fiat	com.netflix.spinnaker.fiat.shared.FiatService	dropped family (owner ruling 2026-09-12)
1.33.0	igor	fiat	GET	/_calls/fiat/authorize/{userId}/{resourceType}/{resourceName}/{authorization}	/authorize/{}/{}/{}/{}	indirect-fiat	com.netflix.spinnaker.fiat.shared.FiatService	dropped family (owner ruling 2026-09-12)
1.33.0	igor	fiat	POST	/_calls/fiat/authorize/{userId}/{resourceType}/create	/authorize/{}/{}/create	indirect-fiat	com.netflix.spinnaker.fiat.shared.FiatService	dropped family (owner ruling 2026-09-12)
1.33.0	igor	fiat	POST	/_calls/fiat/roles/sync	/roles/sync	indirect-fiat	com.netflix.spinnaker.fiat.shared.FiatService	dropped family (owner ruling 2026-09-12)
1.33.0	igor	fiat	POST	/_calls/fiat/roles/sync/serviceAccount/{serviceAccountId}	/roles/sync/serviceAccount/{}	indirect-fiat	com.netflix.spinnaker.fiat.shared.FiatService	dropped family (owner ruling 2026-09-12)
1.33.0	igor	fiat	POST	/_calls/fiat/roles/{userId}	/roles/{}	indirect-fiat	com.netflix.spinnaker.fiat.shared.FiatService	dropped family (owner ruling 2026-09-12)
1.33.0	igor	fiat	PUT	/_calls/fiat/roles/{userId}	/roles/{}	indirect-fiat	com.netflix.spinnaker.fiat.shared.FiatService	dropped family (owner ruling 2026-09-12)
1.33.0	clouddriver	front50	GET	/_calls/front50/pluginInfo	/pluginInfo	kork	com.netflix.spinnaker.kork.plugins.update.internal.Front50Service	dropped family (owner ruling 2026-09-12)
1.33.0	clouddriver	front50	GET	/_calls/front50/pluginInfo/{id}	/pluginInfo/{}	kork	com.netflix.spinnaker.kork.plugins.update.internal.Front50Service	dropped family (owner ruling 2026-09-12)
1.33.0	clouddriver	front50	PUT	/_calls/front50/pluginVersions/{serverGroupName}	/pluginVersions/{}	kork	com.netflix.spinnaker.kork.plugins.update.internal.Front50Service	dropped family (owner ruling 2026-09-12)
1.33.0	echo	front50	GET	/_calls/front50/pluginInfo	/pluginInfo	kork	com.netflix.spinnaker.kork.plugins.update.internal.Front50Service	dropped family (owner ruling 2026-09-12)
1.33.0	echo	front50	GET	/_calls/front50/pluginInfo/{id}	/pluginInfo/{}	kork	com.netflix.spinnaker.kork.plugins.update.internal.Front50Service	dropped family (owner ruling 2026-09-12)
1.33.0	echo	front50	PUT	/_calls/front50/pluginVersions/{serverGroupName}	/pluginVersions/{}	kork	com.netflix.spinnaker.kork.plugins.update.internal.Front50Service	dropped family (owner ruling 2026-09-12)
1.33.0	fiat	front50	GET	/_calls/front50/pluginInfo	/pluginInfo	kork	com.netflix.spinnaker.kork.plugins.update.internal.Front50Service	dropped family (owner ruling 2026-09-12)
1.33.0	fiat	front50	GET	/_calls/front50/pluginInfo/{id}	/pluginInfo/{}	kork	com.netflix.spinnaker.kork.plugins.update.internal.Front50Service	dropped family (owner ruling 2026-09-12)
1.33.0	fiat	front50	PUT	/_calls/front50/pluginVersions/{serverGroupName}	/pluginVersions/{}	kork	com.netflix.spinnaker.kork.plugins.update.internal.Front50Service	dropped family (owner ruling 2026-09-12)
1.33.0	front50	front50	GET	/_calls/front50/pluginInfo	/pluginInfo	kork	com.netflix.spinnaker.kork.plugins.update.internal.Front50Service	dropped family (owner ruling 2026-09-12)
1.33.0	front50	front50	GET	/_calls/front50/pluginInfo/{id}	/pluginInfo/{}	kork	com.netflix.spinnaker.kork.plugins.update.internal.Front50Service	dropped family (owner ruling 2026-09-12)
1.33.0	front50	front50	PUT	/_calls/front50/pluginVersions/{serverGroupName}	/pluginVersions/{}	kork	com.netflix.spinnaker.kork.plugins.update.internal.Front50Service	dropped family (owner ruling 2026-09-12)
1.33.0	gate	front50	GET	/_calls/front50/pluginInfo/{id}	/pluginInfo/{}	kork	com.netflix.spinnaker.kork.plugins.update.internal.Front50Service	dropped family (owner ruling 2026-09-12)
1.33.0	gate	front50	PUT	/_calls/front50/pluginVersions/{serverGroupName}	/pluginVersions/{}	kork	com.netflix.spinnaker.kork.plugins.update.internal.Front50Service	dropped family (owner ruling 2026-09-12)
1.33.0	igor	front50	GET	/_calls/front50/pluginInfo/{id}	/pluginInfo/{}	kork	com.netflix.spinnaker.kork.plugins.update.internal.Front50Service	dropped family (owner ruling 2026-09-12)
1.33.0	igor	front50	PUT	/_calls/front50/pluginVersions/{serverGroupName}	/pluginVersions/{}	kork	com.netflix.spinnaker.kork.plugins.update.internal.Front50Service	dropped family (owner ruling 2026-09-12)
1.33.0	kayenta	front50	GET	/_calls/front50/pluginInfo	/pluginInfo	kork	com.netflix.spinnaker.kork.plugins.update.internal.Front50Service	dropped family (owner ruling 2026-09-12)
1.33.0	kayenta	front50	GET	/_calls/front50/pluginInfo/{id}	/pluginInfo/{}	kork	com.netflix.spinnaker.kork.plugins.update.internal.Front50Service	dropped family (owner ruling 2026-09-12)
1.33.0	kayenta	front50	PUT	/_calls/front50/pluginVersions/{serverGroupName}	/pluginVersions/{}	kork	com.netflix.spinnaker.kork.plugins.update.internal.Front50Service	dropped family (owner ruling 2026-09-12)
1.33.0	orca	front50	GET	/_calls/front50/pluginInfo	/pluginInfo	kork	com.netflix.spinnaker.kork.plugins.update.internal.Front50Service	dropped family (owner ruling 2026-09-12)
1.33.0	orca	front50	GET	/_calls/front50/pluginInfo/{id}	/pluginInfo/{}	kork	com.netflix.spinnaker.kork.plugins.update.internal.Front50Service	dropped family (owner ruling 2026-09-12)
1.33.0	orca	front50	PUT	/_calls/front50/pluginVersions/{serverGroupName}	/pluginVersions/{}	kork	com.netflix.spinnaker.kork.plugins.update.internal.Front50Service	dropped family (owner ruling 2026-09-12)
1.33.0	rosco	front50	GET	/_calls/front50/pluginInfo	/pluginInfo	kork	com.netflix.spinnaker.kork.plugins.update.internal.Front50Service	dropped family (owner ruling 2026-09-12)
1.33.0	rosco	front50	GET	/_calls/front50/pluginInfo/{id}	/pluginInfo/{}	kork	com.netflix.spinnaker.kork.plugins.update.internal.Front50Service	dropped family (owner ruling 2026-09-12)
1.33.0	rosco	front50	PUT	/_calls/front50/pluginVersions/{serverGroupName}	/pluginVersions/{}	kork	com.netflix.spinnaker.kork.plugins.update.internal.Front50Service	dropped family (owner ruling 2026-09-12)
1.33.0	echo	keel	POST	/_calls/keel/artifacts/events	/artifacts/events	out-of-mesh	com.netflix.spinnaker.echo.services.KeelService	
1.33.0	gate	keel	DELETE	/_calls/keel/application/{application}/config	/application/{}/config	out-of-mesh	com.netflix.spinnaker.gate.services.internal.KeelService	
1.33.0	gate	keel	DELETE	/_calls/keel/application/{application}/pause	/application/{}/pause	out-of-mesh	com.netflix.spinnaker.gate.services.internal.KeelService	
1.33.0	gate	keel	DELETE	/_calls/keel/application/{application}/pin/{targetEnvironment}	/application/{}/pin/{}	out-of-mesh	com.netflix.spinnaker.gate.services.internal.KeelService	
1.33.0	gate	keel	DELETE	/_calls/keel/application/{application}/veto/{targetEnvironment}/{reference}/{version}	/application/{}/veto/{}/{}/{}	out-of-mesh	com.netflix.spinnaker.gate.services.internal.KeelService	
1.33.0	gate	keel	DELETE	/_calls/keel/delivery-configs/{name}	/delivery-configs/{}	out-of-mesh	com.netflix.spinnaker.gate.services.internal.KeelService	
1.33.0	gate	keel	DELETE	/_calls/keel/resources/{name}	/resources/{}	out-of-mesh	com.netflix.spinnaker.gate.services.internal.KeelService	
1.33.0	gate	keel	DELETE	/_calls/keel/resources/{name}/pause	/resources/{}/pause	out-of-mesh	com.netflix.spinnaker.gate.services.internal.KeelService	
1.33.0	gate	keel	GET	/_calls/keel/application/{application}	/application/{}	out-of-mesh	com.netflix.spinnaker.gate.services.internal.KeelService	
1.33.0	gate	keel	GET	/_calls/keel/application/{application}/config	/application/{}/config	out-of-mesh	com.netflix.spinnaker.gate.services.internal.KeelService	
1.33.0	gate	keel	GET	/_calls/keel/application/{application}/environment/{environment}/constraints	/application/{}/environment/{}/constraints	out-of-mesh	com.netflix.spinnaker.gate.services.internal.KeelService	
1.33.0	gate	keel	GET	/_calls/keel/delivery-configs/schema	/delivery-configs/schema	out-of-mesh	com.netflix.spinnaker.gate.services.internal.KeelService	
1.33.0	gate	keel	GET	/_calls/keel/delivery-configs/{name}	/delivery-configs/{}	out-of-mesh	com.netflix.spinnaker.gate.services.internal.KeelService	
1.33.0	gate	keel	GET	/_calls/keel/delivery-configs/{name}/artifacts	/delivery-configs/{}/artifacts	out-of-mesh	com.netflix.spinnaker.gate.services.internal.KeelService	
1.33.0	gate	keel	GET	/_calls/keel/environments/{application}	/environments/{}	out-of-mesh	com.netflix.spinnaker.gate.services.internal.KeelService	
1.33.0	gate	keel	GET	/_calls/keel/export/artifact/{cloudProvider}/{account}/{clusterName}	/export/artifact/{}/{}/{}	out-of-mesh	com.netflix.spinnaker.gate.services.internal.KeelService	
1.33.0	gate	keel	GET	/_calls/keel/export/{cloudProvider}/{account}/{type}/{name}	/export/{}/{}/{}/{}	out-of-mesh	com.netflix.spinnaker.gate.services.internal.KeelService	
1.33.0	gate	keel	GET	/_calls/keel/health	/health	out-of-mesh	com.netflix.spinnaker.gate.services.internal.HealthCheckableService	
1.33.0	gate	keel	GET	/_calls/keel/installedPlugins	/installedPlugins	out-of-mesh	com.netflix.spinnaker.gate.services.internal.KeelService	
1.33.0	gate	keel	GET	/_calls/keel/reports/adoption	/reports/adoption	out-of-mesh	com.netflix.spinnaker.gate.services.internal.KeelService	
1.33.0	gate	keel	GET	/_calls/keel/reports/onboarding	/reports/onboarding	out-of-mesh	com.netflix.spinnaker.gate.services.internal.KeelService	
1.33.0	gate	keel	GET	/_calls/keel/resources/events/{name}	/resources/events/{}	out-of-mesh	com.netflix.spinnaker.gate.services.internal.KeelService	
1.33.0	gate	keel	GET	/_calls/keel/resources/{name}	/resources/{}	out-of-mesh	com.netflix.spinnaker.gate.services.internal.KeelService	
1.33.0	gate	keel	GET	/_calls/keel/resources/{name}/status	/resources/{}/status	out-of-mesh	com.netflix.spinnaker.gate.services.internal.KeelService	
1.33.0	gate	keel	POST	/_calls/keel/application/{application}/environment/{environment}/constraint	/application/{}/environment/{}/constraint	out-of-mesh	com.netflix.spinnaker.gate.services.internal.KeelService	
1.33.0	gate	keel	POST	/_calls/keel/application/{application}/environment/{environment}/verifications	/application/{}/environment/{}/verifications	out-of-mesh	com.netflix.spinnaker.gate.services.internal.KeelService	
1.33.0	gate	keel	POST	/_calls/keel/application/{application}/environment/{environment}/verifications/retry	/application/{}/environment/{}/verifications/retry	out-of-mesh	com.netflix.spinnaker.gate.services.internal.KeelService	
1.33.0	gate	keel	POST	/_calls/keel/application/{application}/mark/bad	/application/{}/mark/bad	out-of-mesh	com.netflix.spinnaker.gate.services.internal.KeelService	
1.33.0	gate	keel	POST	/_calls/keel/application/{application}/mark/good	/application/{}/mark/good	out-of-mesh	com.netflix.spinnaker.gate.services.internal.KeelService	
1.33.0	gate	keel	POST	/_calls/keel/application/{application}/pause	/application/{}/pause	out-of-mesh	com.netflix.spinnaker.gate.services.internal.KeelService	
1.33.0	gate	keel	POST	/_calls/keel/application/{application}/pin	/application/{}/pin	out-of-mesh	com.netflix.spinnaker.gate.services.internal.KeelService	
1.33.0	gate	keel	POST	/_calls/keel/application/{application}/veto	/application/{}/veto	out-of-mesh	com.netflix.spinnaker.gate.services.internal.KeelService	
1.33.0	gate	keel	POST	/_calls/keel/delivery-configs	/delivery-configs	out-of-mesh	com.netflix.spinnaker.gate.services.internal.KeelService	
1.33.0	gate	keel	POST	/_calls/keel/delivery-configs/diff	/delivery-configs/diff	out-of-mesh	com.netflix.spinnaker.gate.services.internal.KeelService	
1.33.0	gate	keel	POST	/_calls/keel/delivery-configs/validate	/delivery-configs/validate	out-of-mesh	com.netflix.spinnaker.gate.services.internal.KeelService	
1.33.0	gate	keel	POST	/_calls/keel/graphql	/graphql	out-of-mesh	com.netflix.spinnaker.gate.services.internal.KeelService	
1.33.0	gate	keel	POST	/_calls/keel/resources	/resources	out-of-mesh	com.netflix.spinnaker.gate.services.internal.KeelService	
1.33.0	gate	keel	POST	/_calls/keel/resources/diff	/resources/diff	out-of-mesh	com.netflix.spinnaker.gate.services.internal.KeelService	
1.33.0	gate	keel	POST	/_calls/keel/resources/{name}/pause	/resources/{}/pause	out-of-mesh	com.netflix.spinnaker.gate.services.internal.KeelService	
1.33.0	igor	keel	POST	/_calls/keel/artifacts/events	/artifacts/events	out-of-mesh	com.netflix.spinnaker.igor.keel.KeelService	
1.33.0	orca	keel	DELETE	/_calls/keel/application/{application}/config	/application/{}/config	out-of-mesh	com.netflix.spinnaker.orca.KeelService	
1.33.0	orca	keel	POST	/_calls/keel/delivery-configs	/delivery-configs	out-of-mesh	com.netflix.spinnaker.orca.KeelService	
1.33.0	clouddriver	front50	GET	/_calls/front50/credentials	/credentials	stale	com.netflix.spinnaker.clouddriver.core.services.Front50Service	
1.33.0	echo	front50	POST	/_calls/front50/graphql	/graphql	stale	com.netflix.spinnaker.echo.services.Front50Service	
1.33.0	gate	clouddriver	GET	/_calls/clouddriver/applications/{name}/clusters/{account}/{cluster}/{type}/loadBalancers	/applications/{}/clusters/{}/{}/{}/loadBalancers	stale	com.netflix.spinnaker.gate.services.internal.ClouddriverService	
1.33.0	gate	clouddriver	POST	/_calls/clouddriver/applications/{name}/jobs/{account}/{region}/{jobName}	/applications/{}/jobs/{}/{}/{}	stale	com.netflix.spinnaker.gate.services.internal.ClouddriverService	
1.33.0	gate	front50	GET	/_calls/front50/credentials	/credentials	stale	com.netflix.spinnaker.gate.services.internal.Front50Service	
1.33.0	gate	front50	POST	/_calls/front50/pipelines/move	/pipelines/move	stale	com.netflix.spinnaker.gate.services.internal.Front50Service	
1.33.0	gate	front50	POST	/_calls/front50/strategies/move	/strategies/move	stale	com.netflix.spinnaker.gate.services.internal.Front50Service	
1.33.0	orca	echo	GET	/_calls/echo/events/recent/{type}/{since}	/events/recent/{}/{}	stale	com.netflix.spinnaker.orca.echo.EchoService	
1.33.0	orca	front50	GET	/_calls/front50/credentials	/credentials	stale	com.netflix.spinnaker.orca.front50.Front50Service	
1.33.1	gate	clouddriver	GET	/_calls/clouddriver/health	/health	actuator	com.netflix.spinnaker.gate.services.internal.HealthCheckableService	
1.33.1	gate	clouddriver	GET	/_calls/clouddriver/installedPlugins	/installedPlugins	actuator	com.netflix.spinnaker.gate.services.internal.ClouddriverService	
1.33.1	gate	echo	GET	/_calls/echo/health	/health	actuator	com.netflix.spinnaker.gate.services.internal.HealthCheckableService	
1.33.1	gate	echo	GET	/_calls/echo/installedPlugins	/installedPlugins	actuator	com.netflix.spinnaker.gate.services.internal.EchoService	
1.33.1	gate	fiat	GET	/_calls/fiat/installedPlugins	/installedPlugins	actuator	com.netflix.spinnaker.gate.services.internal.ExtendedFiatService	
1.33.1	gate	front50	GET	/_calls/front50/health	/health	actuator	com.netflix.spinnaker.gate.services.internal.HealthCheckableService	
1.33.1	gate	front50	GET	/_calls/front50/installedPlugins	/installedPlugins	actuator	com.netflix.spinnaker.gate.services.internal.Front50Service	
1.33.1	gate	igor	GET	/_calls/igor/health	/health	actuator	com.netflix.spinnaker.gate.services.internal.HealthCheckableService	
1.33.1	gate	igor	GET	/_calls/igor/installedPlugins	/installedPlugins	actuator	com.netflix.spinnaker.gate.services.internal.IgorService	
1.33.1	gate	orca	GET	/_calls/orca/health	/health	actuator	com.netflix.spinnaker.gate.services.internal.HealthCheckableService	
1.33.1	gate	orca	GET	/_calls/orca/installedPlugins	/installedPlugins	actuator	com.netflix.spinnaker.gate.services.internal.OrcaService	
1.33.1	gate	rosco	GET	/_calls/rosco/installedPlugins	/installedPlugins	actuator	com.netflix.spinnaker.gate.services.internal.RoscoService	
1.33.1	orca	clouddriver	PUT	/_calls/clouddriver/admin/db/truncate/{namespace}	/admin/db/truncate/{}	framework	com.netflix.spinnaker.orca.clouddriver.CloudDriverCacheService	excluded by provenance: PUT /admin/db/truncate/{}
1.33.1	clouddriver	fiat	DELETE	/_calls/fiat/roles/{userId}	/roles/{}	indirect-fiat	com.netflix.spinnaker.fiat.shared.FiatService	dropped family (owner ruling 2026-09-12)
1.33.1	clouddriver	fiat	GET	/_calls/fiat/authorize/{userId}	/authorize/{}	indirect-fiat	com.netflix.spinnaker.fiat.shared.FiatService	dropped family (owner ruling 2026-09-12)
1.33.1	clouddriver	fiat	GET	/_calls/fiat/authorize/{userId}/{resourceType}/{resourceName}/{authorization}	/authorize/{}/{}/{}/{}	indirect-fiat	com.netflix.spinnaker.fiat.shared.FiatService	dropped family (owner ruling 2026-09-12)
1.33.1	clouddriver	fiat	POST	/_calls/fiat/authorize/{userId}/{resourceType}/create	/authorize/{}/{}/create	indirect-fiat	com.netflix.spinnaker.fiat.shared.FiatService	dropped family (owner ruling 2026-09-12)
1.33.1	clouddriver	fiat	POST	/_calls/fiat/roles/sync	/roles/sync	indirect-fiat	com.netflix.spinnaker.fiat.shared.FiatService	dropped family (owner ruling 2026-09-12)
1.33.1	clouddriver	fiat	POST	/_calls/fiat/roles/sync/serviceAccount/{serviceAccountId}	/roles/sync/serviceAccount/{}	indirect-fiat	com.netflix.spinnaker.fiat.shared.FiatService	dropped family (owner ruling 2026-09-12)
1.33.1	clouddriver	fiat	POST	/_calls/fiat/roles/{userId}	/roles/{}	indirect-fiat	com.netflix.spinnaker.fiat.shared.FiatService	dropped family (owner ruling 2026-09-12)
1.33.1	clouddriver	fiat	PUT	/_calls/fiat/roles/{userId}	/roles/{}	indirect-fiat	com.netflix.spinnaker.fiat.shared.FiatService	dropped family (owner ruling 2026-09-12)
1.33.1	echo	fiat	DELETE	/_calls/fiat/roles/{userId}	/roles/{}	indirect-fiat	com.netflix.spinnaker.fiat.shared.FiatService	dropped family (owner ruling 2026-09-12)
1.33.1	echo	fiat	GET	/_calls/fiat/authorize/{userId}	/authorize/{}	indirect-fiat	com.netflix.spinnaker.fiat.shared.FiatService	dropped family (owner ruling 2026-09-12)
1.33.1	echo	fiat	GET	/_calls/fiat/authorize/{userId}/{resourceType}/{resourceName}/{authorization}	/authorize/{}/{}/{}/{}	indirect-fiat	com.netflix.spinnaker.fiat.shared.FiatService	dropped family (owner ruling 2026-09-12)
1.33.1	echo	fiat	POST	/_calls/fiat/authorize/{userId}/{resourceType}/create	/authorize/{}/{}/create	indirect-fiat	com.netflix.spinnaker.fiat.shared.FiatService	dropped family (owner ruling 2026-09-12)
1.33.1	echo	fiat	POST	/_calls/fiat/roles/sync	/roles/sync	indirect-fiat	com.netflix.spinnaker.fiat.shared.FiatService	dropped family (owner ruling 2026-09-12)
1.33.1	echo	fiat	POST	/_calls/fiat/roles/sync/serviceAccount/{serviceAccountId}	/roles/sync/serviceAccount/{}	indirect-fiat	com.netflix.spinnaker.fiat.shared.FiatService	dropped family (owner ruling 2026-09-12)
1.33.1	echo	fiat	POST	/_calls/fiat/roles/{userId}	/roles/{}	indirect-fiat	com.netflix.spinnaker.fiat.shared.FiatService	dropped family (owner ruling 2026-09-12)
1.33.1	echo	fiat	PUT	/_calls/fiat/roles/{userId}	/roles/{}	indirect-fiat	com.netflix.spinnaker.fiat.shared.FiatService	dropped family (owner ruling 2026-09-12)
1.33.1	igor	fiat	DELETE	/_calls/fiat/roles/{userId}	/roles/{}	indirect-fiat	com.netflix.spinnaker.fiat.shared.FiatService	dropped family (owner ruling 2026-09-12)
1.33.1	igor	fiat	GET	/_calls/fiat/authorize/{userId}	/authorize/{}	indirect-fiat	com.netflix.spinnaker.fiat.shared.FiatService	dropped family (owner ruling 2026-09-12)
1.33.1	igor	fiat	GET	/_calls/fiat/authorize/{userId}/{resourceType}/{resourceName}/{authorization}	/authorize/{}/{}/{}/{}	indirect-fiat	com.netflix.spinnaker.fiat.shared.FiatService	dropped family (owner ruling 2026-09-12)
1.33.1	igor	fiat	POST	/_calls/fiat/authorize/{userId}/{resourceType}/create	/authorize/{}/{}/create	indirect-fiat	com.netflix.spinnaker.fiat.shared.FiatService	dropped family (owner ruling 2026-09-12)
1.33.1	igor	fiat	POST	/_calls/fiat/roles/sync	/roles/sync	indirect-fiat	com.netflix.spinnaker.fiat.shared.FiatService	dropped family (owner ruling 2026-09-12)
1.33.1	igor	fiat	POST	/_calls/fiat/roles/sync/serviceAccount/{serviceAccountId}	/roles/sync/serviceAccount/{}	indirect-fiat	com.netflix.spinnaker.fiat.shared.FiatService	dropped family (owner ruling 2026-09-12)
1.33.1	igor	fiat	POST	/_calls/fiat/roles/{userId}	/roles/{}	indirect-fiat	com.netflix.spinnaker.fiat.shared.FiatService	dropped family (owner ruling 2026-09-12)
1.33.1	igor	fiat	PUT	/_calls/fiat/roles/{userId}	/roles/{}	indirect-fiat	com.netflix.spinnaker.fiat.shared.FiatService	dropped family (owner ruling 2026-09-12)
1.33.1	clouddriver	front50	GET	/_calls/front50/pluginInfo	/pluginInfo	kork	com.netflix.spinnaker.kork.plugins.update.internal.Front50Service	dropped family (owner ruling 2026-09-12)
1.33.1	clouddriver	front50	GET	/_calls/front50/pluginInfo/{id}	/pluginInfo/{}	kork	com.netflix.spinnaker.kork.plugins.update.internal.Front50Service	dropped family (owner ruling 2026-09-12)
1.33.1	clouddriver	front50	PUT	/_calls/front50/pluginVersions/{serverGroupName}	/pluginVersions/{}	kork	com.netflix.spinnaker.kork.plugins.update.internal.Front50Service	dropped family (owner ruling 2026-09-12)
1.33.1	echo	front50	GET	/_calls/front50/pluginInfo	/pluginInfo	kork	com.netflix.spinnaker.kork.plugins.update.internal.Front50Service	dropped family (owner ruling 2026-09-12)
1.33.1	echo	front50	GET	/_calls/front50/pluginInfo/{id}	/pluginInfo/{}	kork	com.netflix.spinnaker.kork.plugins.update.internal.Front50Service	dropped family (owner ruling 2026-09-12)
1.33.1	echo	front50	PUT	/_calls/front50/pluginVersions/{serverGroupName}	/pluginVersions/{}	kork	com.netflix.spinnaker.kork.plugins.update.internal.Front50Service	dropped family (owner ruling 2026-09-12)
1.33.1	fiat	front50	GET	/_calls/front50/pluginInfo	/pluginInfo	kork	com.netflix.spinnaker.kork.plugins.update.internal.Front50Service	dropped family (owner ruling 2026-09-12)
1.33.1	fiat	front50	GET	/_calls/front50/pluginInfo/{id}	/pluginInfo/{}	kork	com.netflix.spinnaker.kork.plugins.update.internal.Front50Service	dropped family (owner ruling 2026-09-12)
1.33.1	fiat	front50	PUT	/_calls/front50/pluginVersions/{serverGroupName}	/pluginVersions/{}	kork	com.netflix.spinnaker.kork.plugins.update.internal.Front50Service	dropped family (owner ruling 2026-09-12)
1.33.1	front50	front50	GET	/_calls/front50/pluginInfo	/pluginInfo	kork	com.netflix.spinnaker.kork.plugins.update.internal.Front50Service	dropped family (owner ruling 2026-09-12)
1.33.1	front50	front50	GET	/_calls/front50/pluginInfo/{id}	/pluginInfo/{}	kork	com.netflix.spinnaker.kork.plugins.update.internal.Front50Service	dropped family (owner ruling 2026-09-12)
1.33.1	front50	front50	PUT	/_calls/front50/pluginVersions/{serverGroupName}	/pluginVersions/{}	kork	com.netflix.spinnaker.kork.plugins.update.internal.Front50Service	dropped family (owner ruling 2026-09-12)
1.33.1	gate	front50	GET	/_calls/front50/pluginInfo/{id}	/pluginInfo/{}	kork	com.netflix.spinnaker.kork.plugins.update.internal.Front50Service	dropped family (owner ruling 2026-09-12)
1.33.1	gate	front50	PUT	/_calls/front50/pluginVersions/{serverGroupName}	/pluginVersions/{}	kork	com.netflix.spinnaker.kork.plugins.update.internal.Front50Service	dropped family (owner ruling 2026-09-12)
1.33.1	igor	front50	GET	/_calls/front50/pluginInfo/{id}	/pluginInfo/{}	kork	com.netflix.spinnaker.kork.plugins.update.internal.Front50Service	dropped family (owner ruling 2026-09-12)
1.33.1	igor	front50	PUT	/_calls/front50/pluginVersions/{serverGroupName}	/pluginVersions/{}	kork	com.netflix.spinnaker.kork.plugins.update.internal.Front50Service	dropped family (owner ruling 2026-09-12)
1.33.1	kayenta	front50	GET	/_calls/front50/pluginInfo	/pluginInfo	kork	com.netflix.spinnaker.kork.plugins.update.internal.Front50Service	dropped family (owner ruling 2026-09-12)
1.33.1	kayenta	front50	GET	/_calls/front50/pluginInfo/{id}	/pluginInfo/{}	kork	com.netflix.spinnaker.kork.plugins.update.internal.Front50Service	dropped family (owner ruling 2026-09-12)
1.33.1	kayenta	front50	PUT	/_calls/front50/pluginVersions/{serverGroupName}	/pluginVersions/{}	kork	com.netflix.spinnaker.kork.plugins.update.internal.Front50Service	dropped family (owner ruling 2026-09-12)
1.33.1	orca	front50	GET	/_calls/front50/pluginInfo	/pluginInfo	kork	com.netflix.spinnaker.kork.plugins.update.internal.Front50Service	dropped family (owner ruling 2026-09-12)
1.33.1	orca	front50	GET	/_calls/front50/pluginInfo/{id}	/pluginInfo/{}	kork	com.netflix.spinnaker.kork.plugins.update.internal.Front50Service	dropped family (owner ruling 2026-09-12)
1.33.1	orca	front50	PUT	/_calls/front50/pluginVersions/{serverGroupName}	/pluginVersions/{}	kork	com.netflix.spinnaker.kork.plugins.update.internal.Front50Service	dropped family (owner ruling 2026-09-12)
1.33.1	rosco	front50	GET	/_calls/front50/pluginInfo	/pluginInfo	kork	com.netflix.spinnaker.kork.plugins.update.internal.Front50Service	dropped family (owner ruling 2026-09-12)
1.33.1	rosco	front50	GET	/_calls/front50/pluginInfo/{id}	/pluginInfo/{}	kork	com.netflix.spinnaker.kork.plugins.update.internal.Front50Service	dropped family (owner ruling 2026-09-12)
1.33.1	rosco	front50	PUT	/_calls/front50/pluginVersions/{serverGroupName}	/pluginVersions/{}	kork	com.netflix.spinnaker.kork.plugins.update.internal.Front50Service	dropped family (owner ruling 2026-09-12)
1.33.1	echo	keel	POST	/_calls/keel/artifacts/events	/artifacts/events	out-of-mesh	com.netflix.spinnaker.echo.services.KeelService	
1.33.1	gate	keel	DELETE	/_calls/keel/application/{application}/config	/application/{}/config	out-of-mesh	com.netflix.spinnaker.gate.services.internal.KeelService	
1.33.1	gate	keel	DELETE	/_calls/keel/application/{application}/pause	/application/{}/pause	out-of-mesh	com.netflix.spinnaker.gate.services.internal.KeelService	
1.33.1	gate	keel	DELETE	/_calls/keel/application/{application}/pin/{targetEnvironment}	/application/{}/pin/{}	out-of-mesh	com.netflix.spinnaker.gate.services.internal.KeelService	
1.33.1	gate	keel	DELETE	/_calls/keel/application/{application}/veto/{targetEnvironment}/{reference}/{version}	/application/{}/veto/{}/{}/{}	out-of-mesh	com.netflix.spinnaker.gate.services.internal.KeelService	
1.33.1	gate	keel	DELETE	/_calls/keel/delivery-configs/{name}	/delivery-configs/{}	out-of-mesh	com.netflix.spinnaker.gate.services.internal.KeelService	
1.33.1	gate	keel	DELETE	/_calls/keel/resources/{name}	/resources/{}	out-of-mesh	com.netflix.spinnaker.gate.services.internal.KeelService	
1.33.1	gate	keel	DELETE	/_calls/keel/resources/{name}/pause	/resources/{}/pause	out-of-mesh	com.netflix.spinnaker.gate.services.internal.KeelService	
1.33.1	gate	keel	GET	/_calls/keel/application/{application}	/application/{}	out-of-mesh	com.netflix.spinnaker.gate.services.internal.KeelService	
1.33.1	gate	keel	GET	/_calls/keel/application/{application}/config	/application/{}/config	out-of-mesh	com.netflix.spinnaker.gate.services.internal.KeelService	
1.33.1	gate	keel	GET	/_calls/keel/application/{application}/environment/{environment}/constraints	/application/{}/environment/{}/constraints	out-of-mesh	com.netflix.spinnaker.gate.services.internal.KeelService	
1.33.1	gate	keel	GET	/_calls/keel/delivery-configs/schema	/delivery-configs/schema	out-of-mesh	com.netflix.spinnaker.gate.services.internal.KeelService	
1.33.1	gate	keel	GET	/_calls/keel/delivery-configs/{name}	/delivery-configs/{}	out-of-mesh	com.netflix.spinnaker.gate.services.internal.KeelService	
1.33.1	gate	keel	GET	/_calls/keel/delivery-configs/{name}/artifacts	/delivery-configs/{}/artifacts	out-of-mesh	com.netflix.spinnaker.gate.services.internal.KeelService	
1.33.1	gate	keel	GET	/_calls/keel/environments/{application}	/environments/{}	out-of-mesh	com.netflix.spinnaker.gate.services.internal.KeelService	
1.33.1	gate	keel	GET	/_calls/keel/export/artifact/{cloudProvider}/{account}/{clusterName}	/export/artifact/{}/{}/{}	out-of-mesh	com.netflix.spinnaker.gate.services.internal.KeelService	
1.33.1	gate	keel	GET	/_calls/keel/export/{cloudProvider}/{account}/{type}/{name}	/export/{}/{}/{}/{}	out-of-mesh	com.netflix.spinnaker.gate.services.internal.KeelService	
1.33.1	gate	keel	GET	/_calls/keel/health	/health	out-of-mesh	com.netflix.spinnaker.gate.services.internal.HealthCheckableService	
1.33.1	gate	keel	GET	/_calls/keel/installedPlugins	/installedPlugins	out-of-mesh	com.netflix.spinnaker.gate.services.internal.KeelService	
1.33.1	gate	keel	GET	/_calls/keel/reports/adoption	/reports/adoption	out-of-mesh	com.netflix.spinnaker.gate.services.internal.KeelService	
1.33.1	gate	keel	GET	/_calls/keel/reports/onboarding	/reports/onboarding	out-of-mesh	com.netflix.spinnaker.gate.services.internal.KeelService	
1.33.1	gate	keel	GET	/_calls/keel/resources/events/{name}	/resources/events/{}	out-of-mesh	com.netflix.spinnaker.gate.services.internal.KeelService	
1.33.1	gate	keel	GET	/_calls/keel/resources/{name}	/resources/{}	out-of-mesh	com.netflix.spinnaker.gate.services.internal.KeelService	
1.33.1	gate	keel	GET	/_calls/keel/resources/{name}/status	/resources/{}/status	out-of-mesh	com.netflix.spinnaker.gate.services.internal.KeelService	
1.33.1	gate	keel	POST	/_calls/keel/application/{application}/environment/{environment}/constraint	/application/{}/environment/{}/constraint	out-of-mesh	com.netflix.spinnaker.gate.services.internal.KeelService	
1.33.1	gate	keel	POST	/_calls/keel/application/{application}/environment/{environment}/verifications	/application/{}/environment/{}/verifications	out-of-mesh	com.netflix.spinnaker.gate.services.internal.KeelService	
1.33.1	gate	keel	POST	/_calls/keel/application/{application}/environment/{environment}/verifications/retry	/application/{}/environment/{}/verifications/retry	out-of-mesh	com.netflix.spinnaker.gate.services.internal.KeelService	
1.33.1	gate	keel	POST	/_calls/keel/application/{application}/mark/bad	/application/{}/mark/bad	out-of-mesh	com.netflix.spinnaker.gate.services.internal.KeelService	
1.33.1	gate	keel	POST	/_calls/keel/application/{application}/mark/good	/application/{}/mark/good	out-of-mesh	com.netflix.spinnaker.gate.services.internal.KeelService	
1.33.1	gate	keel	POST	/_calls/keel/application/{application}/pause	/application/{}/pause	out-of-mesh	com.netflix.spinnaker.gate.services.internal.KeelService	
1.33.1	gate	keel	POST	/_calls/keel/application/{application}/pin	/application/{}/pin	out-of-mesh	com.netflix.spinnaker.gate.services.internal.KeelService	
1.33.1	gate	keel	POST	/_calls/keel/application/{application}/veto	/application/{}/veto	out-of-mesh	com.netflix.spinnaker.gate.services.internal.KeelService	
1.33.1	gate	keel	POST	/_calls/keel/delivery-configs	/delivery-configs	out-of-mesh	com.netflix.spinnaker.gate.services.internal.KeelService	
1.33.1	gate	keel	POST	/_calls/keel/delivery-configs/diff	/delivery-configs/diff	out-of-mesh	com.netflix.spinnaker.gate.services.internal.KeelService	
1.33.1	gate	keel	POST	/_calls/keel/delivery-configs/validate	/delivery-configs/validate	out-of-mesh	com.netflix.spinnaker.gate.services.internal.KeelService	
1.33.1	gate	keel	POST	/_calls/keel/graphql	/graphql	out-of-mesh	com.netflix.spinnaker.gate.services.internal.KeelService	
1.33.1	gate	keel	POST	/_calls/keel/resources	/resources	out-of-mesh	com.netflix.spinnaker.gate.services.internal.KeelService	
1.33.1	gate	keel	POST	/_calls/keel/resources/diff	/resources/diff	out-of-mesh	com.netflix.spinnaker.gate.services.internal.KeelService	
1.33.1	gate	keel	POST	/_calls/keel/resources/{name}/pause	/resources/{}/pause	out-of-mesh	com.netflix.spinnaker.gate.services.internal.KeelService	
1.33.1	igor	keel	POST	/_calls/keel/artifacts/events	/artifacts/events	out-of-mesh	com.netflix.spinnaker.igor.keel.KeelService	
1.33.1	orca	keel	DELETE	/_calls/keel/application/{application}/config	/application/{}/config	out-of-mesh	com.netflix.spinnaker.orca.KeelService	
1.33.1	orca	keel	POST	/_calls/keel/delivery-configs	/delivery-configs	out-of-mesh	com.netflix.spinnaker.orca.KeelService	
1.33.1	clouddriver	front50	GET	/_calls/front50/credentials	/credentials	stale	com.netflix.spinnaker.clouddriver.core.services.Front50Service	
1.33.1	echo	front50	POST	/_calls/front50/graphql	/graphql	stale	com.netflix.spinnaker.echo.services.Front50Service	
1.33.1	gate	clouddriver	GET	/_calls/clouddriver/applications/{name}/clusters/{account}/{cluster}/{type}/loadBalancers	/applications/{}/clusters/{}/{}/{}/loadBalancers	stale	com.netflix.spinnaker.gate.services.internal.ClouddriverService	
1.33.1	gate	clouddriver	POST	/_calls/clouddriver/applications/{name}/jobs/{account}/{region}/{jobName}	/applications/{}/jobs/{}/{}/{}	stale	com.netflix.spinnaker.gate.services.internal.ClouddriverService	
1.33.1	gate	front50	GET	/_calls/front50/credentials	/credentials	stale	com.netflix.spinnaker.gate.services.internal.Front50Service	
1.33.1	gate	front50	POST	/_calls/front50/pipelines/move	/pipelines/move	stale	com.netflix.spinnaker.gate.services.internal.Front50Service	
1.33.1	gate	front50	POST	/_calls/front50/strategies/move	/strategies/move	stale	com.netflix.spinnaker.gate.services.internal.Front50Service	
1.33.1	orca	echo	GET	/_calls/echo/events/recent/{type}/{since}	/events/recent/{}/{}	stale	com.netflix.spinnaker.orca.echo.EchoService	
1.33.1	orca	front50	GET	/_calls/front50/credentials	/credentials	stale	com.netflix.spinnaker.orca.front50.Front50Service	
1.33.2	gate	clouddriver	GET	/_calls/clouddriver/health	/health	actuator	com.netflix.spinnaker.gate.services.internal.HealthCheckableService	
1.33.2	gate	clouddriver	GET	/_calls/clouddriver/installedPlugins	/installedPlugins	actuator	com.netflix.spinnaker.gate.services.internal.ClouddriverService	
1.33.2	gate	echo	GET	/_calls/echo/health	/health	actuator	com.netflix.spinnaker.gate.services.internal.HealthCheckableService	
1.33.2	gate	echo	GET	/_calls/echo/installedPlugins	/installedPlugins	actuator	com.netflix.spinnaker.gate.services.internal.EchoService	
1.33.2	gate	fiat	GET	/_calls/fiat/installedPlugins	/installedPlugins	actuator	com.netflix.spinnaker.gate.services.internal.ExtendedFiatService	
1.33.2	gate	front50	GET	/_calls/front50/health	/health	actuator	com.netflix.spinnaker.gate.services.internal.HealthCheckableService	
1.33.2	gate	front50	GET	/_calls/front50/installedPlugins	/installedPlugins	actuator	com.netflix.spinnaker.gate.services.internal.Front50Service	
1.33.2	gate	igor	GET	/_calls/igor/health	/health	actuator	com.netflix.spinnaker.gate.services.internal.HealthCheckableService	
1.33.2	gate	igor	GET	/_calls/igor/installedPlugins	/installedPlugins	actuator	com.netflix.spinnaker.gate.services.internal.IgorService	
1.33.2	gate	orca	GET	/_calls/orca/health	/health	actuator	com.netflix.spinnaker.gate.services.internal.HealthCheckableService	
1.33.2	gate	orca	GET	/_calls/orca/installedPlugins	/installedPlugins	actuator	com.netflix.spinnaker.gate.services.internal.OrcaService	
1.33.2	gate	rosco	GET	/_calls/rosco/installedPlugins	/installedPlugins	actuator	com.netflix.spinnaker.gate.services.internal.RoscoService	
1.33.2	orca	clouddriver	PUT	/_calls/clouddriver/admin/db/truncate/{namespace}	/admin/db/truncate/{}	framework	com.netflix.spinnaker.orca.clouddriver.CloudDriverCacheService	excluded by provenance: PUT /admin/db/truncate/{}
1.33.2	clouddriver	fiat	DELETE	/_calls/fiat/roles/{userId}	/roles/{}	indirect-fiat	com.netflix.spinnaker.fiat.shared.FiatService	dropped family (owner ruling 2026-09-12)
1.33.2	clouddriver	fiat	GET	/_calls/fiat/authorize/{userId}	/authorize/{}	indirect-fiat	com.netflix.spinnaker.fiat.shared.FiatService	dropped family (owner ruling 2026-09-12)
1.33.2	clouddriver	fiat	GET	/_calls/fiat/authorize/{userId}/{resourceType}/{resourceName}/{authorization}	/authorize/{}/{}/{}/{}	indirect-fiat	com.netflix.spinnaker.fiat.shared.FiatService	dropped family (owner ruling 2026-09-12)
1.33.2	clouddriver	fiat	POST	/_calls/fiat/authorize/{userId}/{resourceType}/create	/authorize/{}/{}/create	indirect-fiat	com.netflix.spinnaker.fiat.shared.FiatService	dropped family (owner ruling 2026-09-12)
1.33.2	clouddriver	fiat	POST	/_calls/fiat/roles/sync	/roles/sync	indirect-fiat	com.netflix.spinnaker.fiat.shared.FiatService	dropped family (owner ruling 2026-09-12)
1.33.2	clouddriver	fiat	POST	/_calls/fiat/roles/sync/serviceAccount/{serviceAccountId}	/roles/sync/serviceAccount/{}	indirect-fiat	com.netflix.spinnaker.fiat.shared.FiatService	dropped family (owner ruling 2026-09-12)
1.33.2	clouddriver	fiat	POST	/_calls/fiat/roles/{userId}	/roles/{}	indirect-fiat	com.netflix.spinnaker.fiat.shared.FiatService	dropped family (owner ruling 2026-09-12)
1.33.2	clouddriver	fiat	PUT	/_calls/fiat/roles/{userId}	/roles/{}	indirect-fiat	com.netflix.spinnaker.fiat.shared.FiatService	dropped family (owner ruling 2026-09-12)
1.33.2	echo	fiat	DELETE	/_calls/fiat/roles/{userId}	/roles/{}	indirect-fiat	com.netflix.spinnaker.fiat.shared.FiatService	dropped family (owner ruling 2026-09-12)
1.33.2	echo	fiat	GET	/_calls/fiat/authorize/{userId}	/authorize/{}	indirect-fiat	com.netflix.spinnaker.fiat.shared.FiatService	dropped family (owner ruling 2026-09-12)
1.33.2	echo	fiat	GET	/_calls/fiat/authorize/{userId}/{resourceType}/{resourceName}/{authorization}	/authorize/{}/{}/{}/{}	indirect-fiat	com.netflix.spinnaker.fiat.shared.FiatService	dropped family (owner ruling 2026-09-12)
1.33.2	echo	fiat	POST	/_calls/fiat/authorize/{userId}/{resourceType}/create	/authorize/{}/{}/create	indirect-fiat	com.netflix.spinnaker.fiat.shared.FiatService	dropped family (owner ruling 2026-09-12)
1.33.2	echo	fiat	POST	/_calls/fiat/roles/sync	/roles/sync	indirect-fiat	com.netflix.spinnaker.fiat.shared.FiatService	dropped family (owner ruling 2026-09-12)
1.33.2	echo	fiat	POST	/_calls/fiat/roles/sync/serviceAccount/{serviceAccountId}	/roles/sync/serviceAccount/{}	indirect-fiat	com.netflix.spinnaker.fiat.shared.FiatService	dropped family (owner ruling 2026-09-12)
1.33.2	echo	fiat	POST	/_calls/fiat/roles/{userId}	/roles/{}	indirect-fiat	com.netflix.spinnaker.fiat.shared.FiatService	dropped family (owner ruling 2026-09-12)
1.33.2	echo	fiat	PUT	/_calls/fiat/roles/{userId}	/roles/{}	indirect-fiat	com.netflix.spinnaker.fiat.shared.FiatService	dropped family (owner ruling 2026-09-12)
1.33.2	igor	fiat	DELETE	/_calls/fiat/roles/{userId}	/roles/{}	indirect-fiat	com.netflix.spinnaker.fiat.shared.FiatService	dropped family (owner ruling 2026-09-12)
1.33.2	igor	fiat	GET	/_calls/fiat/authorize/{userId}	/authorize/{}	indirect-fiat	com.netflix.spinnaker.fiat.shared.FiatService	dropped family (owner ruling 2026-09-12)
1.33.2	igor	fiat	GET	/_calls/fiat/authorize/{userId}/{resourceType}/{resourceName}/{authorization}	/authorize/{}/{}/{}/{}	indirect-fiat	com.netflix.spinnaker.fiat.shared.FiatService	dropped family (owner ruling 2026-09-12)
1.33.2	igor	fiat	POST	/_calls/fiat/authorize/{userId}/{resourceType}/create	/authorize/{}/{}/create	indirect-fiat	com.netflix.spinnaker.fiat.shared.FiatService	dropped family (owner ruling 2026-09-12)
1.33.2	igor	fiat	POST	/_calls/fiat/roles/sync	/roles/sync	indirect-fiat	com.netflix.spinnaker.fiat.shared.FiatService	dropped family (owner ruling 2026-09-12)
1.33.2	igor	fiat	POST	/_calls/fiat/roles/sync/serviceAccount/{serviceAccountId}	/roles/sync/serviceAccount/{}	indirect-fiat	com.netflix.spinnaker.fiat.shared.FiatService	dropped family (owner ruling 2026-09-12)
1.33.2	igor	fiat	POST	/_calls/fiat/roles/{userId}	/roles/{}	indirect-fiat	com.netflix.spinnaker.fiat.shared.FiatService	dropped family (owner ruling 2026-09-12)
1.33.2	igor	fiat	PUT	/_calls/fiat/roles/{userId}	/roles/{}	indirect-fiat	com.netflix.spinnaker.fiat.shared.FiatService	dropped family (owner ruling 2026-09-12)
1.33.2	clouddriver	front50	GET	/_calls/front50/pluginInfo	/pluginInfo	kork	com.netflix.spinnaker.kork.plugins.update.internal.Front50Service	dropped family (owner ruling 2026-09-12)
1.33.2	clouddriver	front50	GET	/_calls/front50/pluginInfo/{id}	/pluginInfo/{}	kork	com.netflix.spinnaker.kork.plugins.update.internal.Front50Service	dropped family (owner ruling 2026-09-12)
1.33.2	clouddriver	front50	PUT	/_calls/front50/pluginVersions/{serverGroupName}	/pluginVersions/{}	kork	com.netflix.spinnaker.kork.plugins.update.internal.Front50Service	dropped family (owner ruling 2026-09-12)
1.33.2	echo	front50	GET	/_calls/front50/pluginInfo	/pluginInfo	kork	com.netflix.spinnaker.kork.plugins.update.internal.Front50Service	dropped family (owner ruling 2026-09-12)
1.33.2	echo	front50	GET	/_calls/front50/pluginInfo/{id}	/pluginInfo/{}	kork	com.netflix.spinnaker.kork.plugins.update.internal.Front50Service	dropped family (owner ruling 2026-09-12)
1.33.2	echo	front50	PUT	/_calls/front50/pluginVersions/{serverGroupName}	/pluginVersions/{}	kork	com.netflix.spinnaker.kork.plugins.update.internal.Front50Service	dropped family (owner ruling 2026-09-12)
1.33.2	fiat	front50	GET	/_calls/front50/pluginInfo	/pluginInfo	kork	com.netflix.spinnaker.kork.plugins.update.internal.Front50Service	dropped family (owner ruling 2026-09-12)
1.33.2	fiat	front50	GET	/_calls/front50/pluginInfo/{id}	/pluginInfo/{}	kork	com.netflix.spinnaker.kork.plugins.update.internal.Front50Service	dropped family (owner ruling 2026-09-12)
1.33.2	fiat	front50	PUT	/_calls/front50/pluginVersions/{serverGroupName}	/pluginVersions/{}	kork	com.netflix.spinnaker.kork.plugins.update.internal.Front50Service	dropped family (owner ruling 2026-09-12)
1.33.2	front50	front50	GET	/_calls/front50/pluginInfo	/pluginInfo	kork	com.netflix.spinnaker.kork.plugins.update.internal.Front50Service	dropped family (owner ruling 2026-09-12)
1.33.2	front50	front50	GET	/_calls/front50/pluginInfo/{id}	/pluginInfo/{}	kork	com.netflix.spinnaker.kork.plugins.update.internal.Front50Service	dropped family (owner ruling 2026-09-12)
1.33.2	front50	front50	PUT	/_calls/front50/pluginVersions/{serverGroupName}	/pluginVersions/{}	kork	com.netflix.spinnaker.kork.plugins.update.internal.Front50Service	dropped family (owner ruling 2026-09-12)
1.33.2	gate	front50	GET	/_calls/front50/pluginInfo/{id}	/pluginInfo/{}	kork	com.netflix.spinnaker.kork.plugins.update.internal.Front50Service	dropped family (owner ruling 2026-09-12)
1.33.2	gate	front50	PUT	/_calls/front50/pluginVersions/{serverGroupName}	/pluginVersions/{}	kork	com.netflix.spinnaker.kork.plugins.update.internal.Front50Service	dropped family (owner ruling 2026-09-12)
1.33.2	igor	front50	GET	/_calls/front50/pluginInfo/{id}	/pluginInfo/{}	kork	com.netflix.spinnaker.kork.plugins.update.internal.Front50Service	dropped family (owner ruling 2026-09-12)
1.33.2	igor	front50	PUT	/_calls/front50/pluginVersions/{serverGroupName}	/pluginVersions/{}	kork	com.netflix.spinnaker.kork.plugins.update.internal.Front50Service	dropped family (owner ruling 2026-09-12)
1.33.2	kayenta	front50	GET	/_calls/front50/pluginInfo	/pluginInfo	kork	com.netflix.spinnaker.kork.plugins.update.internal.Front50Service	dropped family (owner ruling 2026-09-12)
1.33.2	kayenta	front50	GET	/_calls/front50/pluginInfo/{id}	/pluginInfo/{}	kork	com.netflix.spinnaker.kork.plugins.update.internal.Front50Service	dropped family (owner ruling 2026-09-12)
1.33.2	kayenta	front50	PUT	/_calls/front50/pluginVersions/{serverGroupName}	/pluginVersions/{}	kork	com.netflix.spinnaker.kork.plugins.update.internal.Front50Service	dropped family (owner ruling 2026-09-12)
1.33.2	orca	front50	GET	/_calls/front50/pluginInfo	/pluginInfo	kork	com.netflix.spinnaker.kork.plugins.update.internal.Front50Service	dropped family (owner ruling 2026-09-12)
1.33.2	orca	front50	GET	/_calls/front50/pluginInfo/{id}	/pluginInfo/{}	kork	com.netflix.spinnaker.kork.plugins.update.internal.Front50Service	dropped family (owner ruling 2026-09-12)
1.33.2	orca	front50	PUT	/_calls/front50/pluginVersions/{serverGroupName}	/pluginVersions/{}	kork	com.netflix.spinnaker.kork.plugins.update.internal.Front50Service	dropped family (owner ruling 2026-09-12)
1.33.2	rosco	front50	GET	/_calls/front50/pluginInfo	/pluginInfo	kork	com.netflix.spinnaker.kork.plugins.update.internal.Front50Service	dropped family (owner ruling 2026-09-12)
1.33.2	rosco	front50	GET	/_calls/front50/pluginInfo/{id}	/pluginInfo/{}	kork	com.netflix.spinnaker.kork.plugins.update.internal.Front50Service	dropped family (owner ruling 2026-09-12)
1.33.2	rosco	front50	PUT	/_calls/front50/pluginVersions/{serverGroupName}	/pluginVersions/{}	kork	com.netflix.spinnaker.kork.plugins.update.internal.Front50Service	dropped family (owner ruling 2026-09-12)
1.33.2	echo	keel	POST	/_calls/keel/artifacts/events	/artifacts/events	out-of-mesh	com.netflix.spinnaker.echo.services.KeelService	
1.33.2	gate	keel	DELETE	/_calls/keel/application/{application}/config	/application/{}/config	out-of-mesh	com.netflix.spinnaker.gate.services.internal.KeelService	
1.33.2	gate	keel	DELETE	/_calls/keel/application/{application}/pause	/application/{}/pause	out-of-mesh	com.netflix.spinnaker.gate.services.internal.KeelService	
1.33.2	gate	keel	DELETE	/_calls/keel/application/{application}/pin/{targetEnvironment}	/application/{}/pin/{}	out-of-mesh	com.netflix.spinnaker.gate.services.internal.KeelService	
1.33.2	gate	keel	DELETE	/_calls/keel/application/{application}/veto/{targetEnvironment}/{reference}/{version}	/application/{}/veto/{}/{}/{}	out-of-mesh	com.netflix.spinnaker.gate.services.internal.KeelService	
1.33.2	gate	keel	DELETE	/_calls/keel/delivery-configs/{name}	/delivery-configs/{}	out-of-mesh	com.netflix.spinnaker.gate.services.internal.KeelService	
1.33.2	gate	keel	DELETE	/_calls/keel/resources/{name}	/resources/{}	out-of-mesh	com.netflix.spinnaker.gate.services.internal.KeelService	
1.33.2	gate	keel	DELETE	/_calls/keel/resources/{name}/pause	/resources/{}/pause	out-of-mesh	com.netflix.spinnaker.gate.services.internal.KeelService	
1.33.2	gate	keel	GET	/_calls/keel/application/{application}	/application/{}	out-of-mesh	com.netflix.spinnaker.gate.services.internal.KeelService	
1.33.2	gate	keel	GET	/_calls/keel/application/{application}/config	/application/{}/config	out-of-mesh	com.netflix.spinnaker.gate.services.internal.KeelService	
1.33.2	gate	keel	GET	/_calls/keel/application/{application}/environment/{environment}/constraints	/application/{}/environment/{}/constraints	out-of-mesh	com.netflix.spinnaker.gate.services.internal.KeelService	
1.33.2	gate	keel	GET	/_calls/keel/delivery-configs/schema	/delivery-configs/schema	out-of-mesh	com.netflix.spinnaker.gate.services.internal.KeelService	
1.33.2	gate	keel	GET	/_calls/keel/delivery-configs/{name}	/delivery-configs/{}	out-of-mesh	com.netflix.spinnaker.gate.services.internal.KeelService	
1.33.2	gate	keel	GET	/_calls/keel/delivery-configs/{name}/artifacts	/delivery-configs/{}/artifacts	out-of-mesh	com.netflix.spinnaker.gate.services.internal.KeelService	
1.33.2	gate	keel	GET	/_calls/keel/environments/{application}	/environments/{}	out-of-mesh	com.netflix.spinnaker.gate.services.internal.KeelService	
1.33.2	gate	keel	GET	/_calls/keel/export/artifact/{cloudProvider}/{account}/{clusterName}	/export/artifact/{}/{}/{}	out-of-mesh	com.netflix.spinnaker.gate.services.internal.KeelService	
1.33.2	gate	keel	GET	/_calls/keel/export/{cloudProvider}/{account}/{type}/{name}	/export/{}/{}/{}/{}	out-of-mesh	com.netflix.spinnaker.gate.services.internal.KeelService	
1.33.2	gate	keel	GET	/_calls/keel/health	/health	out-of-mesh	com.netflix.spinnaker.gate.services.internal.HealthCheckableService	
1.33.2	gate	keel	GET	/_calls/keel/installedPlugins	/installedPlugins	out-of-mesh	com.netflix.spinnaker.gate.services.internal.KeelService	
1.33.2	gate	keel	GET	/_calls/keel/reports/adoption	/reports/adoption	out-of-mesh	com.netflix.spinnaker.gate.services.internal.KeelService	
1.33.2	gate	keel	GET	/_calls/keel/reports/onboarding	/reports/onboarding	out-of-mesh	com.netflix.spinnaker.gate.services.internal.KeelService	
1.33.2	gate	keel	GET	/_calls/keel/resources/events/{name}	/resources/events/{}	out-of-mesh	com.netflix.spinnaker.gate.services.internal.KeelService	
1.33.2	gate	keel	GET	/_calls/keel/resources/{name}	/resources/{}	out-of-mesh	com.netflix.spinnaker.gate.services.internal.KeelService	
1.33.2	gate	keel	GET	/_calls/keel/resources/{name}/status	/resources/{}/status	out-of-mesh	com.netflix.spinnaker.gate.services.internal.KeelService	
1.33.2	gate	keel	POST	/_calls/keel/application/{application}/environment/{environment}/constraint	/application/{}/environment/{}/constraint	out-of-mesh	com.netflix.spinnaker.gate.services.internal.KeelService	
1.33.2	gate	keel	POST	/_calls/keel/application/{application}/environment/{environment}/verifications	/application/{}/environment/{}/verifications	out-of-mesh	com.netflix.spinnaker.gate.services.internal.KeelService	
1.33.2	gate	keel	POST	/_calls/keel/application/{application}/environment/{environment}/verifications/retry	/application/{}/environment/{}/verifications/retry	out-of-mesh	com.netflix.spinnaker.gate.services.internal.KeelService	
1.33.2	gate	keel	POST	/_calls/keel/application/{application}/mark/bad	/application/{}/mark/bad	out-of-mesh	com.netflix.spinnaker.gate.services.internal.KeelService	
1.33.2	gate	keel	POST	/_calls/keel/application/{application}/mark/good	/application/{}/mark/good	out-of-mesh	com.netflix.spinnaker.gate.services.internal.KeelService	
1.33.2	gate	keel	POST	/_calls/keel/application/{application}/pause	/application/{}/pause	out-of-mesh	com.netflix.spinnaker.gate.services.internal.KeelService	
1.33.2	gate	keel	POST	/_calls/keel/application/{application}/pin	/application/{}/pin	out-of-mesh	com.netflix.spinnaker.gate.services.internal.KeelService	
1.33.2	gate	keel	POST	/_calls/keel/application/{application}/veto	/application/{}/veto	out-of-mesh	com.netflix.spinnaker.gate.services.internal.KeelService	
1.33.2	gate	keel	POST	/_calls/keel/delivery-configs	/delivery-configs	out-of-mesh	com.netflix.spinnaker.gate.services.internal.KeelService	
1.33.2	gate	keel	POST	/_calls/keel/delivery-configs/diff	/delivery-configs/diff	out-of-mesh	com.netflix.spinnaker.gate.services.internal.KeelService	
1.33.2	gate	keel	POST	/_calls/keel/delivery-configs/validate	/delivery-configs/validate	out-of-mesh	com.netflix.spinnaker.gate.services.internal.KeelService	
1.33.2	gate	keel	POST	/_calls/keel/graphql	/graphql	out-of-mesh	com.netflix.spinnaker.gate.services.internal.KeelService	
1.33.2	gate	keel	POST	/_calls/keel/resources	/resources	out-of-mesh	com.netflix.spinnaker.gate.services.internal.KeelService	
1.33.2	gate	keel	POST	/_calls/keel/resources/diff	/resources/diff	out-of-mesh	com.netflix.spinnaker.gate.services.internal.KeelService	
1.33.2	gate	keel	POST	/_calls/keel/resources/{name}/pause	/resources/{}/pause	out-of-mesh	com.netflix.spinnaker.gate.services.internal.KeelService	
1.33.2	igor	keel	POST	/_calls/keel/artifacts/events	/artifacts/events	out-of-mesh	com.netflix.spinnaker.igor.keel.KeelService	
1.33.2	orca	keel	DELETE	/_calls/keel/application/{application}/config	/application/{}/config	out-of-mesh	com.netflix.spinnaker.orca.KeelService	
1.33.2	orca	keel	POST	/_calls/keel/delivery-configs	/delivery-configs	out-of-mesh	com.netflix.spinnaker.orca.KeelService	
1.33.2	clouddriver	front50	GET	/_calls/front50/credentials	/credentials	stale	com.netflix.spinnaker.clouddriver.core.services.Front50Service	
1.33.2	echo	front50	POST	/_calls/front50/graphql	/graphql	stale	com.netflix.spinnaker.echo.services.Front50Service	
1.33.2	gate	clouddriver	GET	/_calls/clouddriver/applications/{name}/clusters/{account}/{cluster}/{type}/loadBalancers	/applications/{}/clusters/{}/{}/{}/loadBalancers	stale	com.netflix.spinnaker.gate.services.internal.ClouddriverService	
1.33.2	gate	clouddriver	POST	/_calls/clouddriver/applications/{name}/jobs/{account}/{region}/{jobName}	/applications/{}/jobs/{}/{}/{}	stale	com.netflix.spinnaker.gate.services.internal.ClouddriverService	
1.33.2	gate	front50	GET	/_calls/front50/credentials	/credentials	stale	com.netflix.spinnaker.gate.services.internal.Front50Service	
1.33.2	gate	front50	POST	/_calls/front50/pipelines/move	/pipelines/move	stale	com.netflix.spinnaker.gate.services.internal.Front50Service	
1.33.2	gate	front50	POST	/_calls/front50/strategies/move	/strategies/move	stale	com.netflix.spinnaker.gate.services.internal.Front50Service	
1.33.2	orca	echo	GET	/_calls/echo/events/recent/{type}/{since}	/events/recent/{}/{}	stale	com.netflix.spinnaker.orca.echo.EchoService	
1.33.2	orca	front50	GET	/_calls/front50/credentials	/credentials	stale	com.netflix.spinnaker.orca.front50.Front50Service	
1.33.3	gate	clouddriver	GET	/_calls/clouddriver/health	/health	actuator	com.netflix.spinnaker.gate.services.internal.HealthCheckableService	
1.33.3	gate	clouddriver	GET	/_calls/clouddriver/installedPlugins	/installedPlugins	actuator	com.netflix.spinnaker.gate.services.internal.ClouddriverService	
1.33.3	gate	echo	GET	/_calls/echo/health	/health	actuator	com.netflix.spinnaker.gate.services.internal.HealthCheckableService	
1.33.3	gate	echo	GET	/_calls/echo/installedPlugins	/installedPlugins	actuator	com.netflix.spinnaker.gate.services.internal.EchoService	
1.33.3	gate	fiat	GET	/_calls/fiat/installedPlugins	/installedPlugins	actuator	com.netflix.spinnaker.gate.services.internal.ExtendedFiatService	
1.33.3	gate	front50	GET	/_calls/front50/health	/health	actuator	com.netflix.spinnaker.gate.services.internal.HealthCheckableService	
1.33.3	gate	front50	GET	/_calls/front50/installedPlugins	/installedPlugins	actuator	com.netflix.spinnaker.gate.services.internal.Front50Service	
1.33.3	gate	igor	GET	/_calls/igor/health	/health	actuator	com.netflix.spinnaker.gate.services.internal.HealthCheckableService	
1.33.3	gate	igor	GET	/_calls/igor/installedPlugins	/installedPlugins	actuator	com.netflix.spinnaker.gate.services.internal.IgorService	
1.33.3	gate	orca	GET	/_calls/orca/health	/health	actuator	com.netflix.spinnaker.gate.services.internal.HealthCheckableService	
1.33.3	gate	orca	GET	/_calls/orca/installedPlugins	/installedPlugins	actuator	com.netflix.spinnaker.gate.services.internal.OrcaService	
1.33.3	gate	rosco	GET	/_calls/rosco/installedPlugins	/installedPlugins	actuator	com.netflix.spinnaker.gate.services.internal.RoscoService	
1.33.3	orca	clouddriver	PUT	/_calls/clouddriver/admin/db/truncate/{namespace}	/admin/db/truncate/{}	framework	com.netflix.spinnaker.orca.clouddriver.CloudDriverCacheService	excluded by provenance: PUT /admin/db/truncate/{}
1.33.3	clouddriver	fiat	DELETE	/_calls/fiat/roles/{userId}	/roles/{}	indirect-fiat	com.netflix.spinnaker.fiat.shared.FiatService	dropped family (owner ruling 2026-09-12)
1.33.3	clouddriver	fiat	GET	/_calls/fiat/authorize/{userId}	/authorize/{}	indirect-fiat	com.netflix.spinnaker.fiat.shared.FiatService	dropped family (owner ruling 2026-09-12)
1.33.3	clouddriver	fiat	GET	/_calls/fiat/authorize/{userId}/{resourceType}/{resourceName}/{authorization}	/authorize/{}/{}/{}/{}	indirect-fiat	com.netflix.spinnaker.fiat.shared.FiatService	dropped family (owner ruling 2026-09-12)
1.33.3	clouddriver	fiat	POST	/_calls/fiat/authorize/{userId}/{resourceType}/create	/authorize/{}/{}/create	indirect-fiat	com.netflix.spinnaker.fiat.shared.FiatService	dropped family (owner ruling 2026-09-12)
1.33.3	clouddriver	fiat	POST	/_calls/fiat/roles/sync	/roles/sync	indirect-fiat	com.netflix.spinnaker.fiat.shared.FiatService	dropped family (owner ruling 2026-09-12)
1.33.3	clouddriver	fiat	POST	/_calls/fiat/roles/sync/serviceAccount/{serviceAccountId}	/roles/sync/serviceAccount/{}	indirect-fiat	com.netflix.spinnaker.fiat.shared.FiatService	dropped family (owner ruling 2026-09-12)
1.33.3	clouddriver	fiat	POST	/_calls/fiat/roles/{userId}	/roles/{}	indirect-fiat	com.netflix.spinnaker.fiat.shared.FiatService	dropped family (owner ruling 2026-09-12)
1.33.3	clouddriver	fiat	PUT	/_calls/fiat/roles/{userId}	/roles/{}	indirect-fiat	com.netflix.spinnaker.fiat.shared.FiatService	dropped family (owner ruling 2026-09-12)
1.33.3	echo	fiat	DELETE	/_calls/fiat/roles/{userId}	/roles/{}	indirect-fiat	com.netflix.spinnaker.fiat.shared.FiatService	dropped family (owner ruling 2026-09-12)
1.33.3	echo	fiat	GET	/_calls/fiat/authorize/{userId}	/authorize/{}	indirect-fiat	com.netflix.spinnaker.fiat.shared.FiatService	dropped family (owner ruling 2026-09-12)
1.33.3	echo	fiat	GET	/_calls/fiat/authorize/{userId}/{resourceType}/{resourceName}/{authorization}	/authorize/{}/{}/{}/{}	indirect-fiat	com.netflix.spinnaker.fiat.shared.FiatService	dropped family (owner ruling 2026-09-12)
1.33.3	echo	fiat	POST	/_calls/fiat/authorize/{userId}/{resourceType}/create	/authorize/{}/{}/create	indirect-fiat	com.netflix.spinnaker.fiat.shared.FiatService	dropped family (owner ruling 2026-09-12)
1.33.3	echo	fiat	POST	/_calls/fiat/roles/sync	/roles/sync	indirect-fiat	com.netflix.spinnaker.fiat.shared.FiatService	dropped family (owner ruling 2026-09-12)
1.33.3	echo	fiat	POST	/_calls/fiat/roles/sync/serviceAccount/{serviceAccountId}	/roles/sync/serviceAccount/{}	indirect-fiat	com.netflix.spinnaker.fiat.shared.FiatService	dropped family (owner ruling 2026-09-12)
1.33.3	echo	fiat	POST	/_calls/fiat/roles/{userId}	/roles/{}	indirect-fiat	com.netflix.spinnaker.fiat.shared.FiatService	dropped family (owner ruling 2026-09-12)
1.33.3	echo	fiat	PUT	/_calls/fiat/roles/{userId}	/roles/{}	indirect-fiat	com.netflix.spinnaker.fiat.shared.FiatService	dropped family (owner ruling 2026-09-12)
1.33.3	igor	fiat	DELETE	/_calls/fiat/roles/{userId}	/roles/{}	indirect-fiat	com.netflix.spinnaker.fiat.shared.FiatService	dropped family (owner ruling 2026-09-12)
1.33.3	igor	fiat	GET	/_calls/fiat/authorize/{userId}	/authorize/{}	indirect-fiat	com.netflix.spinnaker.fiat.shared.FiatService	dropped family (owner ruling 2026-09-12)
1.33.3	igor	fiat	GET	/_calls/fiat/authorize/{userId}/{resourceType}/{resourceName}/{authorization}	/authorize/{}/{}/{}/{}	indirect-fiat	com.netflix.spinnaker.fiat.shared.FiatService	dropped family (owner ruling 2026-09-12)
1.33.3	igor	fiat	POST	/_calls/fiat/authorize/{userId}/{resourceType}/create	/authorize/{}/{}/create	indirect-fiat	com.netflix.spinnaker.fiat.shared.FiatService	dropped family (owner ruling 2026-09-12)
1.33.3	igor	fiat	POST	/_calls/fiat/roles/sync	/roles/sync	indirect-fiat	com.netflix.spinnaker.fiat.shared.FiatService	dropped family (owner ruling 2026-09-12)
1.33.3	igor	fiat	POST	/_calls/fiat/roles/sync/serviceAccount/{serviceAccountId}	/roles/sync/serviceAccount/{}	indirect-fiat	com.netflix.spinnaker.fiat.shared.FiatService	dropped family (owner ruling 2026-09-12)
1.33.3	igor	fiat	POST	/_calls/fiat/roles/{userId}	/roles/{}	indirect-fiat	com.netflix.spinnaker.fiat.shared.FiatService	dropped family (owner ruling 2026-09-12)
1.33.3	igor	fiat	PUT	/_calls/fiat/roles/{userId}	/roles/{}	indirect-fiat	com.netflix.spinnaker.fiat.shared.FiatService	dropped family (owner ruling 2026-09-12)
1.33.3	clouddriver	front50	GET	/_calls/front50/pluginInfo	/pluginInfo	kork	com.netflix.spinnaker.kork.plugins.update.internal.Front50Service	dropped family (owner ruling 2026-09-12)
1.33.3	clouddriver	front50	GET	/_calls/front50/pluginInfo/{id}	/pluginInfo/{}	kork	com.netflix.spinnaker.kork.plugins.update.internal.Front50Service	dropped family (owner ruling 2026-09-12)
1.33.3	clouddriver	front50	PUT	/_calls/front50/pluginVersions/{serverGroupName}	/pluginVersions/{}	kork	com.netflix.spinnaker.kork.plugins.update.internal.Front50Service	dropped family (owner ruling 2026-09-12)
1.33.3	echo	front50	GET	/_calls/front50/pluginInfo	/pluginInfo	kork	com.netflix.spinnaker.kork.plugins.update.internal.Front50Service	dropped family (owner ruling 2026-09-12)
1.33.3	echo	front50	GET	/_calls/front50/pluginInfo/{id}	/pluginInfo/{}	kork	com.netflix.spinnaker.kork.plugins.update.internal.Front50Service	dropped family (owner ruling 2026-09-12)
1.33.3	echo	front50	PUT	/_calls/front50/pluginVersions/{serverGroupName}	/pluginVersions/{}	kork	com.netflix.spinnaker.kork.plugins.update.internal.Front50Service	dropped family (owner ruling 2026-09-12)
1.33.3	fiat	front50	GET	/_calls/front50/pluginInfo	/pluginInfo	kork	com.netflix.spinnaker.kork.plugins.update.internal.Front50Service	dropped family (owner ruling 2026-09-12)
1.33.3	fiat	front50	GET	/_calls/front50/pluginInfo/{id}	/pluginInfo/{}	kork	com.netflix.spinnaker.kork.plugins.update.internal.Front50Service	dropped family (owner ruling 2026-09-12)
1.33.3	fiat	front50	PUT	/_calls/front50/pluginVersions/{serverGroupName}	/pluginVersions/{}	kork	com.netflix.spinnaker.kork.plugins.update.internal.Front50Service	dropped family (owner ruling 2026-09-12)
1.33.3	front50	front50	GET	/_calls/front50/pluginInfo	/pluginInfo	kork	com.netflix.spinnaker.kork.plugins.update.internal.Front50Service	dropped family (owner ruling 2026-09-12)
1.33.3	front50	front50	GET	/_calls/front50/pluginInfo/{id}	/pluginInfo/{}	kork	com.netflix.spinnaker.kork.plugins.update.internal.Front50Service	dropped family (owner ruling 2026-09-12)
1.33.3	front50	front50	PUT	/_calls/front50/pluginVersions/{serverGroupName}	/pluginVersions/{}	kork	com.netflix.spinnaker.kork.plugins.update.internal.Front50Service	dropped family (owner ruling 2026-09-12)
1.33.3	gate	front50	GET	/_calls/front50/pluginInfo/{id}	/pluginInfo/{}	kork	com.netflix.spinnaker.kork.plugins.update.internal.Front50Service	dropped family (owner ruling 2026-09-12)
1.33.3	gate	front50	PUT	/_calls/front50/pluginVersions/{serverGroupName}	/pluginVersions/{}	kork	com.netflix.spinnaker.kork.plugins.update.internal.Front50Service	dropped family (owner ruling 2026-09-12)
1.33.3	igor	front50	GET	/_calls/front50/pluginInfo/{id}	/pluginInfo/{}	kork	com.netflix.spinnaker.kork.plugins.update.internal.Front50Service	dropped family (owner ruling 2026-09-12)
1.33.3	igor	front50	PUT	/_calls/front50/pluginVersions/{serverGroupName}	/pluginVersions/{}	kork	com.netflix.spinnaker.kork.plugins.update.internal.Front50Service	dropped family (owner ruling 2026-09-12)
1.33.3	kayenta	front50	GET	/_calls/front50/pluginInfo	/pluginInfo	kork	com.netflix.spinnaker.kork.plugins.update.internal.Front50Service	dropped family (owner ruling 2026-09-12)
1.33.3	kayenta	front50	GET	/_calls/front50/pluginInfo/{id}	/pluginInfo/{}	kork	com.netflix.spinnaker.kork.plugins.update.internal.Front50Service	dropped family (owner ruling 2026-09-12)
1.33.3	kayenta	front50	PUT	/_calls/front50/pluginVersions/{serverGroupName}	/pluginVersions/{}	kork	com.netflix.spinnaker.kork.plugins.update.internal.Front50Service	dropped family (owner ruling 2026-09-12)
1.33.3	orca	front50	GET	/_calls/front50/pluginInfo	/pluginInfo	kork	com.netflix.spinnaker.kork.plugins.update.internal.Front50Service	dropped family (owner ruling 2026-09-12)
1.33.3	orca	front50	GET	/_calls/front50/pluginInfo/{id}	/pluginInfo/{}	kork	com.netflix.spinnaker.kork.plugins.update.internal.Front50Service	dropped family (owner ruling 2026-09-12)
1.33.3	orca	front50	PUT	/_calls/front50/pluginVersions/{serverGroupName}	/pluginVersions/{}	kork	com.netflix.spinnaker.kork.plugins.update.internal.Front50Service	dropped family (owner ruling 2026-09-12)
1.33.3	rosco	front50	GET	/_calls/front50/pluginInfo	/pluginInfo	kork	com.netflix.spinnaker.kork.plugins.update.internal.Front50Service	dropped family (owner ruling 2026-09-12)
1.33.3	rosco	front50	GET	/_calls/front50/pluginInfo/{id}	/pluginInfo/{}	kork	com.netflix.spinnaker.kork.plugins.update.internal.Front50Service	dropped family (owner ruling 2026-09-12)
1.33.3	rosco	front50	PUT	/_calls/front50/pluginVersions/{serverGroupName}	/pluginVersions/{}	kork	com.netflix.spinnaker.kork.plugins.update.internal.Front50Service	dropped family (owner ruling 2026-09-12)
1.33.3	echo	keel	POST	/_calls/keel/artifacts/events	/artifacts/events	out-of-mesh	com.netflix.spinnaker.echo.services.KeelService	
1.33.3	gate	keel	DELETE	/_calls/keel/application/{application}/config	/application/{}/config	out-of-mesh	com.netflix.spinnaker.gate.services.internal.KeelService	
1.33.3	gate	keel	DELETE	/_calls/keel/application/{application}/pause	/application/{}/pause	out-of-mesh	com.netflix.spinnaker.gate.services.internal.KeelService	
1.33.3	gate	keel	DELETE	/_calls/keel/application/{application}/pin/{targetEnvironment}	/application/{}/pin/{}	out-of-mesh	com.netflix.spinnaker.gate.services.internal.KeelService	
1.33.3	gate	keel	DELETE	/_calls/keel/application/{application}/veto/{targetEnvironment}/{reference}/{version}	/application/{}/veto/{}/{}/{}	out-of-mesh	com.netflix.spinnaker.gate.services.internal.KeelService	
1.33.3	gate	keel	DELETE	/_calls/keel/delivery-configs/{name}	/delivery-configs/{}	out-of-mesh	com.netflix.spinnaker.gate.services.internal.KeelService	
1.33.3	gate	keel	DELETE	/_calls/keel/resources/{name}	/resources/{}	out-of-mesh	com.netflix.spinnaker.gate.services.internal.KeelService	
1.33.3	gate	keel	DELETE	/_calls/keel/resources/{name}/pause	/resources/{}/pause	out-of-mesh	com.netflix.spinnaker.gate.services.internal.KeelService	
1.33.3	gate	keel	GET	/_calls/keel/application/{application}	/application/{}	out-of-mesh	com.netflix.spinnaker.gate.services.internal.KeelService	
1.33.3	gate	keel	GET	/_calls/keel/application/{application}/config	/application/{}/config	out-of-mesh	com.netflix.spinnaker.gate.services.internal.KeelService	
1.33.3	gate	keel	GET	/_calls/keel/application/{application}/environment/{environment}/constraints	/application/{}/environment/{}/constraints	out-of-mesh	com.netflix.spinnaker.gate.services.internal.KeelService	
1.33.3	gate	keel	GET	/_calls/keel/delivery-configs/schema	/delivery-configs/schema	out-of-mesh	com.netflix.spinnaker.gate.services.internal.KeelService	
1.33.3	gate	keel	GET	/_calls/keel/delivery-configs/{name}	/delivery-configs/{}	out-of-mesh	com.netflix.spinnaker.gate.services.internal.KeelService	
1.33.3	gate	keel	GET	/_calls/keel/delivery-configs/{name}/artifacts	/delivery-configs/{}/artifacts	out-of-mesh	com.netflix.spinnaker.gate.services.internal.KeelService	
1.33.3	gate	keel	GET	/_calls/keel/environments/{application}	/environments/{}	out-of-mesh	com.netflix.spinnaker.gate.services.internal.KeelService	
1.33.3	gate	keel	GET	/_calls/keel/export/artifact/{cloudProvider}/{account}/{clusterName}	/export/artifact/{}/{}/{}	out-of-mesh	com.netflix.spinnaker.gate.services.internal.KeelService	
1.33.3	gate	keel	GET	/_calls/keel/export/{cloudProvider}/{account}/{type}/{name}	/export/{}/{}/{}/{}	out-of-mesh	com.netflix.spinnaker.gate.services.internal.KeelService	
1.33.3	gate	keel	GET	/_calls/keel/health	/health	out-of-mesh	com.netflix.spinnaker.gate.services.internal.HealthCheckableService	
1.33.3	gate	keel	GET	/_calls/keel/installedPlugins	/installedPlugins	out-of-mesh	com.netflix.spinnaker.gate.services.internal.KeelService	
1.33.3	gate	keel	GET	/_calls/keel/reports/adoption	/reports/adoption	out-of-mesh	com.netflix.spinnaker.gate.services.internal.KeelService	
1.33.3	gate	keel	GET	/_calls/keel/reports/onboarding	/reports/onboarding	out-of-mesh	com.netflix.spinnaker.gate.services.internal.KeelService	
1.33.3	gate	keel	GET	/_calls/keel/resources/events/{name}	/resources/events/{}	out-of-mesh	com.netflix.spinnaker.gate.services.internal.KeelService	
1.33.3	gate	keel	GET	/_calls/keel/resources/{name}	/resources/{}	out-of-mesh	com.netflix.spinnaker.gate.services.internal.KeelService	
1.33.3	gate	keel	GET	/_calls/keel/resources/{name}/status	/resources/{}/status	out-of-mesh	com.netflix.spinnaker.gate.services.internal.KeelService	
1.33.3	gate	keel	POST	/_calls/keel/application/{application}/environment/{environment}/constraint	/application/{}/environment/{}/constraint	out-of-mesh	com.netflix.spinnaker.gate.services.internal.KeelService	
1.33.3	gate	keel	POST	/_calls/keel/application/{application}/environment/{environment}/verifications	/application/{}/environment/{}/verifications	out-of-mesh	com.netflix.spinnaker.gate.services.internal.KeelService	
1.33.3	gate	keel	POST	/_calls/keel/application/{application}/environment/{environment}/verifications/retry	/application/{}/environment/{}/verifications/retry	out-of-mesh	com.netflix.spinnaker.gate.services.internal.KeelService	
1.33.3	gate	keel	POST	/_calls/keel/application/{application}/mark/bad	/application/{}/mark/bad	out-of-mesh	com.netflix.spinnaker.gate.services.internal.KeelService	
1.33.3	gate	keel	POST	/_calls/keel/application/{application}/mark/good	/application/{}/mark/good	out-of-mesh	com.netflix.spinnaker.gate.services.internal.KeelService	
1.33.3	gate	keel	POST	/_calls/keel/application/{application}/pause	/application/{}/pause	out-of-mesh	com.netflix.spinnaker.gate.services.internal.KeelService	
1.33.3	gate	keel	POST	/_calls/keel/application/{application}/pin	/application/{}/pin	out-of-mesh	com.netflix.spinnaker.gate.services.internal.KeelService	
1.33.3	gate	keel	POST	/_calls/keel/application/{application}/veto	/application/{}/veto	out-of-mesh	com.netflix.spinnaker.gate.services.internal.KeelService	
1.33.3	gate	keel	POST	/_calls/keel/delivery-configs	/delivery-configs	out-of-mesh	com.netflix.spinnaker.gate.services.internal.KeelService	
1.33.3	gate	keel	POST	/_calls/keel/delivery-configs/diff	/delivery-configs/diff	out-of-mesh	com.netflix.spinnaker.gate.services.internal.KeelService	
1.33.3	gate	keel	POST	/_calls/keel/delivery-configs/validate	/delivery-configs/validate	out-of-mesh	com.netflix.spinnaker.gate.services.internal.KeelService	
1.33.3	gate	keel	POST	/_calls/keel/graphql	/graphql	out-of-mesh	com.netflix.spinnaker.gate.services.internal.KeelService	
1.33.3	gate	keel	POST	/_calls/keel/resources	/resources	out-of-mesh	com.netflix.spinnaker.gate.services.internal.KeelService	
1.33.3	gate	keel	POST	/_calls/keel/resources/diff	/resources/diff	out-of-mesh	com.netflix.spinnaker.gate.services.internal.KeelService	
1.33.3	gate	keel	POST	/_calls/keel/resources/{name}/pause	/resources/{}/pause	out-of-mesh	com.netflix.spinnaker.gate.services.internal.KeelService	
1.33.3	igor	keel	POST	/_calls/keel/artifacts/events	/artifacts/events	out-of-mesh	com.netflix.spinnaker.igor.keel.KeelService	
1.33.3	orca	keel	DELETE	/_calls/keel/application/{application}/config	/application/{}/config	out-of-mesh	com.netflix.spinnaker.orca.KeelService	
1.33.3	orca	keel	POST	/_calls/keel/delivery-configs	/delivery-configs	out-of-mesh	com.netflix.spinnaker.orca.KeelService	
1.33.3	clouddriver	front50	GET	/_calls/front50/credentials	/credentials	stale	com.netflix.spinnaker.clouddriver.core.services.Front50Service	
1.33.3	echo	front50	POST	/_calls/front50/graphql	/graphql	stale	com.netflix.spinnaker.echo.services.Front50Service	
1.33.3	gate	clouddriver	GET	/_calls/clouddriver/applications/{name}/clusters/{account}/{cluster}/{type}/loadBalancers	/applications/{}/clusters/{}/{}/{}/loadBalancers	stale	com.netflix.spinnaker.gate.services.internal.ClouddriverService	
1.33.3	gate	clouddriver	POST	/_calls/clouddriver/applications/{name}/jobs/{account}/{region}/{jobName}	/applications/{}/jobs/{}/{}/{}	stale	com.netflix.spinnaker.gate.services.internal.ClouddriverService	
1.33.3	gate	front50	GET	/_calls/front50/credentials	/credentials	stale	com.netflix.spinnaker.gate.services.internal.Front50Service	
1.33.3	gate	front50	POST	/_calls/front50/pipelines/move	/pipelines/move	stale	com.netflix.spinnaker.gate.services.internal.Front50Service	
1.33.3	gate	front50	POST	/_calls/front50/strategies/move	/strategies/move	stale	com.netflix.spinnaker.gate.services.internal.Front50Service	
1.33.3	orca	echo	GET	/_calls/echo/events/recent/{type}/{since}	/events/recent/{}/{}	stale	com.netflix.spinnaker.orca.echo.EchoService	
1.33.3	orca	front50	GET	/_calls/front50/credentials	/credentials	stale	com.netflix.spinnaker.orca.front50.Front50Service	
1.34.0	gate	clouddriver	GET	/_calls/clouddriver/health	/health	actuator	com.netflix.spinnaker.gate.services.internal.HealthCheckableService	
1.34.0	gate	clouddriver	GET	/_calls/clouddriver/installedPlugins	/installedPlugins	actuator	com.netflix.spinnaker.gate.services.internal.ClouddriverService	
1.34.0	gate	echo	GET	/_calls/echo/health	/health	actuator	com.netflix.spinnaker.gate.services.internal.HealthCheckableService	
1.34.0	gate	echo	GET	/_calls/echo/installedPlugins	/installedPlugins	actuator	com.netflix.spinnaker.gate.services.internal.EchoService	
1.34.0	gate	fiat	GET	/_calls/fiat/installedPlugins	/installedPlugins	actuator	com.netflix.spinnaker.gate.services.internal.ExtendedFiatService	
1.34.0	gate	front50	GET	/_calls/front50/health	/health	actuator	com.netflix.spinnaker.gate.services.internal.HealthCheckableService	
1.34.0	gate	front50	GET	/_calls/front50/installedPlugins	/installedPlugins	actuator	com.netflix.spinnaker.gate.services.internal.Front50Service	
1.34.0	gate	igor	GET	/_calls/igor/health	/health	actuator	com.netflix.spinnaker.gate.services.internal.HealthCheckableService	
1.34.0	gate	igor	GET	/_calls/igor/installedPlugins	/installedPlugins	actuator	com.netflix.spinnaker.gate.services.internal.IgorService	
1.34.0	gate	orca	GET	/_calls/orca/health	/health	actuator	com.netflix.spinnaker.gate.services.internal.HealthCheckableService	
1.34.0	gate	orca	GET	/_calls/orca/installedPlugins	/installedPlugins	actuator	com.netflix.spinnaker.gate.services.internal.OrcaService	
1.34.0	gate	rosco	GET	/_calls/rosco/installedPlugins	/installedPlugins	actuator	com.netflix.spinnaker.gate.services.internal.RoscoService	
1.34.0	orca	clouddriver	PUT	/_calls/clouddriver/admin/db/truncate/{namespace}	/admin/db/truncate/{}	framework	com.netflix.spinnaker.orca.clouddriver.CloudDriverCacheService	excluded by provenance: PUT /admin/db/truncate/{}
1.34.0	clouddriver	fiat	DELETE	/_calls/fiat/roles/{userId}	/roles/{}	indirect-fiat	com.netflix.spinnaker.fiat.shared.FiatService	dropped family (owner ruling 2026-09-12)
1.34.0	clouddriver	fiat	GET	/_calls/fiat/authorize/{userId}	/authorize/{}	indirect-fiat	com.netflix.spinnaker.fiat.shared.FiatService	dropped family (owner ruling 2026-09-12)
1.34.0	clouddriver	fiat	GET	/_calls/fiat/authorize/{userId}/{resourceType}/{resourceName}/{authorization}	/authorize/{}/{}/{}/{}	indirect-fiat	com.netflix.spinnaker.fiat.shared.FiatService	dropped family (owner ruling 2026-09-12)
1.34.0	clouddriver	fiat	POST	/_calls/fiat/authorize/{userId}/{resourceType}/create	/authorize/{}/{}/create	indirect-fiat	com.netflix.spinnaker.fiat.shared.FiatService	dropped family (owner ruling 2026-09-12)
1.34.0	clouddriver	fiat	POST	/_calls/fiat/roles/sync	/roles/sync	indirect-fiat	com.netflix.spinnaker.fiat.shared.FiatService	dropped family (owner ruling 2026-09-12)
1.34.0	clouddriver	fiat	POST	/_calls/fiat/roles/sync/serviceAccount/{serviceAccountId}	/roles/sync/serviceAccount/{}	indirect-fiat	com.netflix.spinnaker.fiat.shared.FiatService	dropped family (owner ruling 2026-09-12)
1.34.0	clouddriver	fiat	POST	/_calls/fiat/roles/{userId}	/roles/{}	indirect-fiat	com.netflix.spinnaker.fiat.shared.FiatService	dropped family (owner ruling 2026-09-12)
1.34.0	clouddriver	fiat	PUT	/_calls/fiat/roles/{userId}	/roles/{}	indirect-fiat	com.netflix.spinnaker.fiat.shared.FiatService	dropped family (owner ruling 2026-09-12)
1.34.0	echo	fiat	DELETE	/_calls/fiat/roles/{userId}	/roles/{}	indirect-fiat	com.netflix.spinnaker.fiat.shared.FiatService	dropped family (owner ruling 2026-09-12)
1.34.0	echo	fiat	GET	/_calls/fiat/authorize/{userId}	/authorize/{}	indirect-fiat	com.netflix.spinnaker.fiat.shared.FiatService	dropped family (owner ruling 2026-09-12)
1.34.0	echo	fiat	GET	/_calls/fiat/authorize/{userId}/{resourceType}/{resourceName}/{authorization}	/authorize/{}/{}/{}/{}	indirect-fiat	com.netflix.spinnaker.fiat.shared.FiatService	dropped family (owner ruling 2026-09-12)
1.34.0	echo	fiat	POST	/_calls/fiat/authorize/{userId}/{resourceType}/create	/authorize/{}/{}/create	indirect-fiat	com.netflix.spinnaker.fiat.shared.FiatService	dropped family (owner ruling 2026-09-12)
1.34.0	echo	fiat	POST	/_calls/fiat/roles/sync	/roles/sync	indirect-fiat	com.netflix.spinnaker.fiat.shared.FiatService	dropped family (owner ruling 2026-09-12)
1.34.0	echo	fiat	POST	/_calls/fiat/roles/sync/serviceAccount/{serviceAccountId}	/roles/sync/serviceAccount/{}	indirect-fiat	com.netflix.spinnaker.fiat.shared.FiatService	dropped family (owner ruling 2026-09-12)
1.34.0	echo	fiat	POST	/_calls/fiat/roles/{userId}	/roles/{}	indirect-fiat	com.netflix.spinnaker.fiat.shared.FiatService	dropped family (owner ruling 2026-09-12)
1.34.0	echo	fiat	PUT	/_calls/fiat/roles/{userId}	/roles/{}	indirect-fiat	com.netflix.spinnaker.fiat.shared.FiatService	dropped family (owner ruling 2026-09-12)
1.34.0	igor	fiat	DELETE	/_calls/fiat/roles/{userId}	/roles/{}	indirect-fiat	com.netflix.spinnaker.fiat.shared.FiatService	dropped family (owner ruling 2026-09-12)
1.34.0	igor	fiat	GET	/_calls/fiat/authorize/{userId}	/authorize/{}	indirect-fiat	com.netflix.spinnaker.fiat.shared.FiatService	dropped family (owner ruling 2026-09-12)
1.34.0	igor	fiat	GET	/_calls/fiat/authorize/{userId}/{resourceType}/{resourceName}/{authorization}	/authorize/{}/{}/{}/{}	indirect-fiat	com.netflix.spinnaker.fiat.shared.FiatService	dropped family (owner ruling 2026-09-12)
1.34.0	igor	fiat	POST	/_calls/fiat/authorize/{userId}/{resourceType}/create	/authorize/{}/{}/create	indirect-fiat	com.netflix.spinnaker.fiat.shared.FiatService	dropped family (owner ruling 2026-09-12)
1.34.0	igor	fiat	POST	/_calls/fiat/roles/sync	/roles/sync	indirect-fiat	com.netflix.spinnaker.fiat.shared.FiatService	dropped family (owner ruling 2026-09-12)
1.34.0	igor	fiat	POST	/_calls/fiat/roles/sync/serviceAccount/{serviceAccountId}	/roles/sync/serviceAccount/{}	indirect-fiat	com.netflix.spinnaker.fiat.shared.FiatService	dropped family (owner ruling 2026-09-12)
1.34.0	igor	fiat	POST	/_calls/fiat/roles/{userId}	/roles/{}	indirect-fiat	com.netflix.spinnaker.fiat.shared.FiatService	dropped family (owner ruling 2026-09-12)
1.34.0	igor	fiat	PUT	/_calls/fiat/roles/{userId}	/roles/{}	indirect-fiat	com.netflix.spinnaker.fiat.shared.FiatService	dropped family (owner ruling 2026-09-12)
1.34.0	clouddriver	front50	GET	/_calls/front50/pluginInfo	/pluginInfo	kork	com.netflix.spinnaker.kork.plugins.update.internal.Front50Service	dropped family (owner ruling 2026-09-12)
1.34.0	clouddriver	front50	GET	/_calls/front50/pluginInfo/{id}	/pluginInfo/{}	kork	com.netflix.spinnaker.kork.plugins.update.internal.Front50Service	dropped family (owner ruling 2026-09-12)
1.34.0	clouddriver	front50	PUT	/_calls/front50/pluginVersions/{serverGroupName}	/pluginVersions/{}	kork	com.netflix.spinnaker.kork.plugins.update.internal.Front50Service	dropped family (owner ruling 2026-09-12)
1.34.0	echo	front50	GET	/_calls/front50/pluginInfo	/pluginInfo	kork	com.netflix.spinnaker.kork.plugins.update.internal.Front50Service	dropped family (owner ruling 2026-09-12)
1.34.0	echo	front50	GET	/_calls/front50/pluginInfo/{id}	/pluginInfo/{}	kork	com.netflix.spinnaker.kork.plugins.update.internal.Front50Service	dropped family (owner ruling 2026-09-12)
1.34.0	echo	front50	PUT	/_calls/front50/pluginVersions/{serverGroupName}	/pluginVersions/{}	kork	com.netflix.spinnaker.kork.plugins.update.internal.Front50Service	dropped family (owner ruling 2026-09-12)
1.34.0	fiat	front50	GET	/_calls/front50/pluginInfo	/pluginInfo	kork	com.netflix.spinnaker.kork.plugins.update.internal.Front50Service	dropped family (owner ruling 2026-09-12)
1.34.0	fiat	front50	GET	/_calls/front50/pluginInfo/{id}	/pluginInfo/{}	kork	com.netflix.spinnaker.kork.plugins.update.internal.Front50Service	dropped family (owner ruling 2026-09-12)
1.34.0	fiat	front50	PUT	/_calls/front50/pluginVersions/{serverGroupName}	/pluginVersions/{}	kork	com.netflix.spinnaker.kork.plugins.update.internal.Front50Service	dropped family (owner ruling 2026-09-12)
1.34.0	front50	front50	GET	/_calls/front50/pluginInfo	/pluginInfo	kork	com.netflix.spinnaker.kork.plugins.update.internal.Front50Service	dropped family (owner ruling 2026-09-12)
1.34.0	front50	front50	GET	/_calls/front50/pluginInfo/{id}	/pluginInfo/{}	kork	com.netflix.spinnaker.kork.plugins.update.internal.Front50Service	dropped family (owner ruling 2026-09-12)
1.34.0	front50	front50	PUT	/_calls/front50/pluginVersions/{serverGroupName}	/pluginVersions/{}	kork	com.netflix.spinnaker.kork.plugins.update.internal.Front50Service	dropped family (owner ruling 2026-09-12)
1.34.0	gate	front50	GET	/_calls/front50/pluginInfo/{id}	/pluginInfo/{}	kork	com.netflix.spinnaker.kork.plugins.update.internal.Front50Service	dropped family (owner ruling 2026-09-12)
1.34.0	gate	front50	PUT	/_calls/front50/pluginVersions/{serverGroupName}	/pluginVersions/{}	kork	com.netflix.spinnaker.kork.plugins.update.internal.Front50Service	dropped family (owner ruling 2026-09-12)
1.34.0	igor	front50	GET	/_calls/front50/pluginInfo/{id}	/pluginInfo/{}	kork	com.netflix.spinnaker.kork.plugins.update.internal.Front50Service	dropped family (owner ruling 2026-09-12)
1.34.0	igor	front50	PUT	/_calls/front50/pluginVersions/{serverGroupName}	/pluginVersions/{}	kork	com.netflix.spinnaker.kork.plugins.update.internal.Front50Service	dropped family (owner ruling 2026-09-12)
1.34.0	kayenta	front50	GET	/_calls/front50/pluginInfo	/pluginInfo	kork	com.netflix.spinnaker.kork.plugins.update.internal.Front50Service	dropped family (owner ruling 2026-09-12)
1.34.0	kayenta	front50	GET	/_calls/front50/pluginInfo/{id}	/pluginInfo/{}	kork	com.netflix.spinnaker.kork.plugins.update.internal.Front50Service	dropped family (owner ruling 2026-09-12)
1.34.0	kayenta	front50	PUT	/_calls/front50/pluginVersions/{serverGroupName}	/pluginVersions/{}	kork	com.netflix.spinnaker.kork.plugins.update.internal.Front50Service	dropped family (owner ruling 2026-09-12)
1.34.0	orca	front50	GET	/_calls/front50/pluginInfo	/pluginInfo	kork	com.netflix.spinnaker.kork.plugins.update.internal.Front50Service	dropped family (owner ruling 2026-09-12)
1.34.0	orca	front50	GET	/_calls/front50/pluginInfo/{id}	/pluginInfo/{}	kork	com.netflix.spinnaker.kork.plugins.update.internal.Front50Service	dropped family (owner ruling 2026-09-12)
1.34.0	orca	front50	PUT	/_calls/front50/pluginVersions/{serverGroupName}	/pluginVersions/{}	kork	com.netflix.spinnaker.kork.plugins.update.internal.Front50Service	dropped family (owner ruling 2026-09-12)
1.34.0	rosco	front50	GET	/_calls/front50/pluginInfo	/pluginInfo	kork	com.netflix.spinnaker.kork.plugins.update.internal.Front50Service	dropped family (owner ruling 2026-09-12)
1.34.0	rosco	front50	GET	/_calls/front50/pluginInfo/{id}	/pluginInfo/{}	kork	com.netflix.spinnaker.kork.plugins.update.internal.Front50Service	dropped family (owner ruling 2026-09-12)
1.34.0	rosco	front50	PUT	/_calls/front50/pluginVersions/{serverGroupName}	/pluginVersions/{}	kork	com.netflix.spinnaker.kork.plugins.update.internal.Front50Service	dropped family (owner ruling 2026-09-12)
1.34.0	echo	keel	POST	/_calls/keel/artifacts/events	/artifacts/events	out-of-mesh	com.netflix.spinnaker.echo.services.KeelService	
1.34.0	gate	keel	DELETE	/_calls/keel/application/{application}/config	/application/{}/config	out-of-mesh	com.netflix.spinnaker.gate.services.internal.KeelService	
1.34.0	gate	keel	DELETE	/_calls/keel/application/{application}/pause	/application/{}/pause	out-of-mesh	com.netflix.spinnaker.gate.services.internal.KeelService	
1.34.0	gate	keel	DELETE	/_calls/keel/application/{application}/pin/{targetEnvironment}	/application/{}/pin/{}	out-of-mesh	com.netflix.spinnaker.gate.services.internal.KeelService	
1.34.0	gate	keel	DELETE	/_calls/keel/application/{application}/veto/{targetEnvironment}/{reference}/{version}	/application/{}/veto/{}/{}/{}	out-of-mesh	com.netflix.spinnaker.gate.services.internal.KeelService	
1.34.0	gate	keel	DELETE	/_calls/keel/delivery-configs/{name}	/delivery-configs/{}	out-of-mesh	com.netflix.spinnaker.gate.services.internal.KeelService	
1.34.0	gate	keel	DELETE	/_calls/keel/resources/{name}	/resources/{}	out-of-mesh	com.netflix.spinnaker.gate.services.internal.KeelService	
1.34.0	gate	keel	DELETE	/_calls/keel/resources/{name}/pause	/resources/{}/pause	out-of-mesh	com.netflix.spinnaker.gate.services.internal.KeelService	
1.34.0	gate	keel	GET	/_calls/keel/application/{application}	/application/{}	out-of-mesh	com.netflix.spinnaker.gate.services.internal.KeelService	
1.34.0	gate	keel	GET	/_calls/keel/application/{application}/config	/application/{}/config	out-of-mesh	com.netflix.spinnaker.gate.services.internal.KeelService	
1.34.0	gate	keel	GET	/_calls/keel/application/{application}/environment/{environment}/constraints	/application/{}/environment/{}/constraints	out-of-mesh	com.netflix.spinnaker.gate.services.internal.KeelService	
1.34.0	gate	keel	GET	/_calls/keel/delivery-configs/schema	/delivery-configs/schema	out-of-mesh	com.netflix.spinnaker.gate.services.internal.KeelService	
1.34.0	gate	keel	GET	/_calls/keel/delivery-configs/{name}	/delivery-configs/{}	out-of-mesh	com.netflix.spinnaker.gate.services.internal.KeelService	
1.34.0	gate	keel	GET	/_calls/keel/delivery-configs/{name}/artifacts	/delivery-configs/{}/artifacts	out-of-mesh	com.netflix.spinnaker.gate.services.internal.KeelService	
1.34.0	gate	keel	GET	/_calls/keel/environments/{application}	/environments/{}	out-of-mesh	com.netflix.spinnaker.gate.services.internal.KeelService	
1.34.0	gate	keel	GET	/_calls/keel/export/artifact/{cloudProvider}/{account}/{clusterName}	/export/artifact/{}/{}/{}	out-of-mesh	com.netflix.spinnaker.gate.services.internal.KeelService	
1.34.0	gate	keel	GET	/_calls/keel/export/{cloudProvider}/{account}/{type}/{name}	/export/{}/{}/{}/{}	out-of-mesh	com.netflix.spinnaker.gate.services.internal.KeelService	
1.34.0	gate	keel	GET	/_calls/keel/health	/health	out-of-mesh	com.netflix.spinnaker.gate.services.internal.HealthCheckableService	
1.34.0	gate	keel	GET	/_calls/keel/installedPlugins	/installedPlugins	out-of-mesh	com.netflix.spinnaker.gate.services.internal.KeelService	
1.34.0	gate	keel	GET	/_calls/keel/reports/adoption	/reports/adoption	out-of-mesh	com.netflix.spinnaker.gate.services.internal.KeelService	
1.34.0	gate	keel	GET	/_calls/keel/reports/onboarding	/reports/onboarding	out-of-mesh	com.netflix.spinnaker.gate.services.internal.KeelService	
1.34.0	gate	keel	GET	/_calls/keel/resources/events/{name}	/resources/events/{}	out-of-mesh	com.netflix.spinnaker.gate.services.internal.KeelService	
1.34.0	gate	keel	GET	/_calls/keel/resources/{name}	/resources/{}	out-of-mesh	com.netflix.spinnaker.gate.services.internal.KeelService	
1.34.0	gate	keel	GET	/_calls/keel/resources/{name}/status	/resources/{}/status	out-of-mesh	com.netflix.spinnaker.gate.services.internal.KeelService	
1.34.0	gate	keel	POST	/_calls/keel/application/{application}/environment/{environment}/constraint	/application/{}/environment/{}/constraint	out-of-mesh	com.netflix.spinnaker.gate.services.internal.KeelService	
1.34.0	gate	keel	POST	/_calls/keel/application/{application}/environment/{environment}/verifications	/application/{}/environment/{}/verifications	out-of-mesh	com.netflix.spinnaker.gate.services.internal.KeelService	
1.34.0	gate	keel	POST	/_calls/keel/application/{application}/environment/{environment}/verifications/retry	/application/{}/environment/{}/verifications/retry	out-of-mesh	com.netflix.spinnaker.gate.services.internal.KeelService	
1.34.0	gate	keel	POST	/_calls/keel/application/{application}/mark/bad	/application/{}/mark/bad	out-of-mesh	com.netflix.spinnaker.gate.services.internal.KeelService	
1.34.0	gate	keel	POST	/_calls/keel/application/{application}/mark/good	/application/{}/mark/good	out-of-mesh	com.netflix.spinnaker.gate.services.internal.KeelService	
1.34.0	gate	keel	POST	/_calls/keel/application/{application}/pause	/application/{}/pause	out-of-mesh	com.netflix.spinnaker.gate.services.internal.KeelService	
1.34.0	gate	keel	POST	/_calls/keel/application/{application}/pin	/application/{}/pin	out-of-mesh	com.netflix.spinnaker.gate.services.internal.KeelService	
1.34.0	gate	keel	POST	/_calls/keel/application/{application}/veto	/application/{}/veto	out-of-mesh	com.netflix.spinnaker.gate.services.internal.KeelService	
1.34.0	gate	keel	POST	/_calls/keel/delivery-configs	/delivery-configs	out-of-mesh	com.netflix.spinnaker.gate.services.internal.KeelService	
1.34.0	gate	keel	POST	/_calls/keel/delivery-configs/diff	/delivery-configs/diff	out-of-mesh	com.netflix.spinnaker.gate.services.internal.KeelService	
1.34.0	gate	keel	POST	/_calls/keel/delivery-configs/validate	/delivery-configs/validate	out-of-mesh	com.netflix.spinnaker.gate.services.internal.KeelService	
1.34.0	gate	keel	POST	/_calls/keel/graphql	/graphql	out-of-mesh	com.netflix.spinnaker.gate.services.internal.KeelService	
1.34.0	gate	keel	POST	/_calls/keel/resources	/resources	out-of-mesh	com.netflix.spinnaker.gate.services.internal.KeelService	
1.34.0	gate	keel	POST	/_calls/keel/resources/diff	/resources/diff	out-of-mesh	com.netflix.spinnaker.gate.services.internal.KeelService	
1.34.0	gate	keel	POST	/_calls/keel/resources/{name}/pause	/resources/{}/pause	out-of-mesh	com.netflix.spinnaker.gate.services.internal.KeelService	
1.34.0	igor	keel	POST	/_calls/keel/artifacts/events	/artifacts/events	out-of-mesh	com.netflix.spinnaker.igor.keel.KeelService	
1.34.0	orca	keel	DELETE	/_calls/keel/application/{application}/config	/application/{}/config	out-of-mesh	com.netflix.spinnaker.orca.KeelService	
1.34.0	orca	keel	POST	/_calls/keel/delivery-configs	/delivery-configs	out-of-mesh	com.netflix.spinnaker.orca.KeelService	
1.34.0	clouddriver	front50	GET	/_calls/front50/credentials	/credentials	stale	com.netflix.spinnaker.clouddriver.core.services.Front50Service	
1.34.0	echo	front50	POST	/_calls/front50/graphql	/graphql	stale	com.netflix.spinnaker.echo.services.Front50Service	
1.34.0	gate	clouddriver	GET	/_calls/clouddriver/applications/{name}/clusters/{account}/{cluster}/{type}/loadBalancers	/applications/{}/clusters/{}/{}/{}/loadBalancers	stale	com.netflix.spinnaker.gate.services.internal.ClouddriverService	
1.34.0	gate	clouddriver	POST	/_calls/clouddriver/applications/{name}/jobs/{account}/{region}/{jobName}	/applications/{}/jobs/{}/{}/{}	stale	com.netflix.spinnaker.gate.services.internal.ClouddriverService	
1.34.0	gate	front50	GET	/_calls/front50/credentials	/credentials	stale	com.netflix.spinnaker.gate.services.internal.Front50Service	
1.34.0	gate	front50	POST	/_calls/front50/pipelines/move	/pipelines/move	stale	com.netflix.spinnaker.gate.services.internal.Front50Service	
1.34.0	gate	front50	POST	/_calls/front50/strategies/move	/strategies/move	stale	com.netflix.spinnaker.gate.services.internal.Front50Service	
1.34.0	orca	echo	GET	/_calls/echo/events/recent/{type}/{since}	/events/recent/{}/{}	stale	com.netflix.spinnaker.orca.echo.EchoService	
1.34.0	orca	front50	GET	/_calls/front50/credentials	/credentials	stale	com.netflix.spinnaker.orca.front50.Front50Service	
1.34.1	gate	clouddriver	GET	/_calls/clouddriver/health	/health	actuator	com.netflix.spinnaker.gate.services.internal.HealthCheckableService	
1.34.1	gate	clouddriver	GET	/_calls/clouddriver/installedPlugins	/installedPlugins	actuator	com.netflix.spinnaker.gate.services.internal.ClouddriverService	
1.34.1	gate	echo	GET	/_calls/echo/health	/health	actuator	com.netflix.spinnaker.gate.services.internal.HealthCheckableService	
1.34.1	gate	echo	GET	/_calls/echo/installedPlugins	/installedPlugins	actuator	com.netflix.spinnaker.gate.services.internal.EchoService	
1.34.1	gate	fiat	GET	/_calls/fiat/installedPlugins	/installedPlugins	actuator	com.netflix.spinnaker.gate.services.internal.ExtendedFiatService	
1.34.1	gate	front50	GET	/_calls/front50/health	/health	actuator	com.netflix.spinnaker.gate.services.internal.HealthCheckableService	
1.34.1	gate	front50	GET	/_calls/front50/installedPlugins	/installedPlugins	actuator	com.netflix.spinnaker.gate.services.internal.Front50Service	
1.34.1	gate	igor	GET	/_calls/igor/health	/health	actuator	com.netflix.spinnaker.gate.services.internal.HealthCheckableService	
1.34.1	gate	igor	GET	/_calls/igor/installedPlugins	/installedPlugins	actuator	com.netflix.spinnaker.gate.services.internal.IgorService	
1.34.1	gate	orca	GET	/_calls/orca/health	/health	actuator	com.netflix.spinnaker.gate.services.internal.HealthCheckableService	
1.34.1	gate	orca	GET	/_calls/orca/installedPlugins	/installedPlugins	actuator	com.netflix.spinnaker.gate.services.internal.OrcaService	
1.34.1	gate	rosco	GET	/_calls/rosco/installedPlugins	/installedPlugins	actuator	com.netflix.spinnaker.gate.services.internal.RoscoService	
1.34.1	orca	clouddriver	PUT	/_calls/clouddriver/admin/db/truncate/{namespace}	/admin/db/truncate/{}	framework	com.netflix.spinnaker.orca.clouddriver.CloudDriverCacheService	excluded by provenance: PUT /admin/db/truncate/{}
1.34.1	clouddriver	fiat	DELETE	/_calls/fiat/roles/{userId}	/roles/{}	indirect-fiat	com.netflix.spinnaker.fiat.shared.FiatService	dropped family (owner ruling 2026-09-12)
1.34.1	clouddriver	fiat	GET	/_calls/fiat/authorize/{userId}	/authorize/{}	indirect-fiat	com.netflix.spinnaker.fiat.shared.FiatService	dropped family (owner ruling 2026-09-12)
1.34.1	clouddriver	fiat	GET	/_calls/fiat/authorize/{userId}/{resourceType}/{resourceName}/{authorization}	/authorize/{}/{}/{}/{}	indirect-fiat	com.netflix.spinnaker.fiat.shared.FiatService	dropped family (owner ruling 2026-09-12)
1.34.1	clouddriver	fiat	POST	/_calls/fiat/authorize/{userId}/{resourceType}/create	/authorize/{}/{}/create	indirect-fiat	com.netflix.spinnaker.fiat.shared.FiatService	dropped family (owner ruling 2026-09-12)
1.34.1	clouddriver	fiat	POST	/_calls/fiat/roles/sync	/roles/sync	indirect-fiat	com.netflix.spinnaker.fiat.shared.FiatService	dropped family (owner ruling 2026-09-12)
1.34.1	clouddriver	fiat	POST	/_calls/fiat/roles/sync/serviceAccount/{serviceAccountId}	/roles/sync/serviceAccount/{}	indirect-fiat	com.netflix.spinnaker.fiat.shared.FiatService	dropped family (owner ruling 2026-09-12)
1.34.1	clouddriver	fiat	POST	/_calls/fiat/roles/{userId}	/roles/{}	indirect-fiat	com.netflix.spinnaker.fiat.shared.FiatService	dropped family (owner ruling 2026-09-12)
1.34.1	clouddriver	fiat	PUT	/_calls/fiat/roles/{userId}	/roles/{}	indirect-fiat	com.netflix.spinnaker.fiat.shared.FiatService	dropped family (owner ruling 2026-09-12)
1.34.1	echo	fiat	DELETE	/_calls/fiat/roles/{userId}	/roles/{}	indirect-fiat	com.netflix.spinnaker.fiat.shared.FiatService	dropped family (owner ruling 2026-09-12)
1.34.1	echo	fiat	GET	/_calls/fiat/authorize/{userId}	/authorize/{}	indirect-fiat	com.netflix.spinnaker.fiat.shared.FiatService	dropped family (owner ruling 2026-09-12)
1.34.1	echo	fiat	GET	/_calls/fiat/authorize/{userId}/{resourceType}/{resourceName}/{authorization}	/authorize/{}/{}/{}/{}	indirect-fiat	com.netflix.spinnaker.fiat.shared.FiatService	dropped family (owner ruling 2026-09-12)
1.34.1	echo	fiat	POST	/_calls/fiat/authorize/{userId}/{resourceType}/create	/authorize/{}/{}/create	indirect-fiat	com.netflix.spinnaker.fiat.shared.FiatService	dropped family (owner ruling 2026-09-12)
1.34.1	echo	fiat	POST	/_calls/fiat/roles/sync	/roles/sync	indirect-fiat	com.netflix.spinnaker.fiat.shared.FiatService	dropped family (owner ruling 2026-09-12)
1.34.1	echo	fiat	POST	/_calls/fiat/roles/sync/serviceAccount/{serviceAccountId}	/roles/sync/serviceAccount/{}	indirect-fiat	com.netflix.spinnaker.fiat.shared.FiatService	dropped family (owner ruling 2026-09-12)
1.34.1	echo	fiat	POST	/_calls/fiat/roles/{userId}	/roles/{}	indirect-fiat	com.netflix.spinnaker.fiat.shared.FiatService	dropped family (owner ruling 2026-09-12)
1.34.1	echo	fiat	PUT	/_calls/fiat/roles/{userId}	/roles/{}	indirect-fiat	com.netflix.spinnaker.fiat.shared.FiatService	dropped family (owner ruling 2026-09-12)
1.34.1	igor	fiat	DELETE	/_calls/fiat/roles/{userId}	/roles/{}	indirect-fiat	com.netflix.spinnaker.fiat.shared.FiatService	dropped family (owner ruling 2026-09-12)
1.34.1	igor	fiat	GET	/_calls/fiat/authorize/{userId}	/authorize/{}	indirect-fiat	com.netflix.spinnaker.fiat.shared.FiatService	dropped family (owner ruling 2026-09-12)
1.34.1	igor	fiat	GET	/_calls/fiat/authorize/{userId}/{resourceType}/{resourceName}/{authorization}	/authorize/{}/{}/{}/{}	indirect-fiat	com.netflix.spinnaker.fiat.shared.FiatService	dropped family (owner ruling 2026-09-12)
1.34.1	igor	fiat	POST	/_calls/fiat/authorize/{userId}/{resourceType}/create	/authorize/{}/{}/create	indirect-fiat	com.netflix.spinnaker.fiat.shared.FiatService	dropped family (owner ruling 2026-09-12)
1.34.1	igor	fiat	POST	/_calls/fiat/roles/sync	/roles/sync	indirect-fiat	com.netflix.spinnaker.fiat.shared.FiatService	dropped family (owner ruling 2026-09-12)
1.34.1	igor	fiat	POST	/_calls/fiat/roles/sync/serviceAccount/{serviceAccountId}	/roles/sync/serviceAccount/{}	indirect-fiat	com.netflix.spinnaker.fiat.shared.FiatService	dropped family (owner ruling 2026-09-12)
1.34.1	igor	fiat	POST	/_calls/fiat/roles/{userId}	/roles/{}	indirect-fiat	com.netflix.spinnaker.fiat.shared.FiatService	dropped family (owner ruling 2026-09-12)
1.34.1	igor	fiat	PUT	/_calls/fiat/roles/{userId}	/roles/{}	indirect-fiat	com.netflix.spinnaker.fiat.shared.FiatService	dropped family (owner ruling 2026-09-12)
1.34.1	clouddriver	front50	GET	/_calls/front50/pluginInfo	/pluginInfo	kork	com.netflix.spinnaker.kork.plugins.update.internal.Front50Service	dropped family (owner ruling 2026-09-12)
1.34.1	clouddriver	front50	GET	/_calls/front50/pluginInfo/{id}	/pluginInfo/{}	kork	com.netflix.spinnaker.kork.plugins.update.internal.Front50Service	dropped family (owner ruling 2026-09-12)
1.34.1	clouddriver	front50	PUT	/_calls/front50/pluginVersions/{serverGroupName}	/pluginVersions/{}	kork	com.netflix.spinnaker.kork.plugins.update.internal.Front50Service	dropped family (owner ruling 2026-09-12)
1.34.1	echo	front50	GET	/_calls/front50/pluginInfo	/pluginInfo	kork	com.netflix.spinnaker.kork.plugins.update.internal.Front50Service	dropped family (owner ruling 2026-09-12)
1.34.1	echo	front50	GET	/_calls/front50/pluginInfo/{id}	/pluginInfo/{}	kork	com.netflix.spinnaker.kork.plugins.update.internal.Front50Service	dropped family (owner ruling 2026-09-12)
1.34.1	echo	front50	PUT	/_calls/front50/pluginVersions/{serverGroupName}	/pluginVersions/{}	kork	com.netflix.spinnaker.kork.plugins.update.internal.Front50Service	dropped family (owner ruling 2026-09-12)
1.34.1	fiat	front50	GET	/_calls/front50/pluginInfo	/pluginInfo	kork	com.netflix.spinnaker.kork.plugins.update.internal.Front50Service	dropped family (owner ruling 2026-09-12)
1.34.1	fiat	front50	GET	/_calls/front50/pluginInfo/{id}	/pluginInfo/{}	kork	com.netflix.spinnaker.kork.plugins.update.internal.Front50Service	dropped family (owner ruling 2026-09-12)
1.34.1	fiat	front50	PUT	/_calls/front50/pluginVersions/{serverGroupName}	/pluginVersions/{}	kork	com.netflix.spinnaker.kork.plugins.update.internal.Front50Service	dropped family (owner ruling 2026-09-12)
1.34.1	front50	front50	GET	/_calls/front50/pluginInfo	/pluginInfo	kork	com.netflix.spinnaker.kork.plugins.update.internal.Front50Service	dropped family (owner ruling 2026-09-12)
1.34.1	front50	front50	GET	/_calls/front50/pluginInfo/{id}	/pluginInfo/{}	kork	com.netflix.spinnaker.kork.plugins.update.internal.Front50Service	dropped family (owner ruling 2026-09-12)
1.34.1	front50	front50	PUT	/_calls/front50/pluginVersions/{serverGroupName}	/pluginVersions/{}	kork	com.netflix.spinnaker.kork.plugins.update.internal.Front50Service	dropped family (owner ruling 2026-09-12)
1.34.1	gate	front50	GET	/_calls/front50/pluginInfo/{id}	/pluginInfo/{}	kork	com.netflix.spinnaker.kork.plugins.update.internal.Front50Service	dropped family (owner ruling 2026-09-12)
1.34.1	gate	front50	PUT	/_calls/front50/pluginVersions/{serverGroupName}	/pluginVersions/{}	kork	com.netflix.spinnaker.kork.plugins.update.internal.Front50Service	dropped family (owner ruling 2026-09-12)
1.34.1	igor	front50	GET	/_calls/front50/pluginInfo/{id}	/pluginInfo/{}	kork	com.netflix.spinnaker.kork.plugins.update.internal.Front50Service	dropped family (owner ruling 2026-09-12)
1.34.1	igor	front50	PUT	/_calls/front50/pluginVersions/{serverGroupName}	/pluginVersions/{}	kork	com.netflix.spinnaker.kork.plugins.update.internal.Front50Service	dropped family (owner ruling 2026-09-12)
1.34.1	kayenta	front50	GET	/_calls/front50/pluginInfo	/pluginInfo	kork	com.netflix.spinnaker.kork.plugins.update.internal.Front50Service	dropped family (owner ruling 2026-09-12)
1.34.1	kayenta	front50	GET	/_calls/front50/pluginInfo/{id}	/pluginInfo/{}	kork	com.netflix.spinnaker.kork.plugins.update.internal.Front50Service	dropped family (owner ruling 2026-09-12)
1.34.1	kayenta	front50	PUT	/_calls/front50/pluginVersions/{serverGroupName}	/pluginVersions/{}	kork	com.netflix.spinnaker.kork.plugins.update.internal.Front50Service	dropped family (owner ruling 2026-09-12)
1.34.1	orca	front50	GET	/_calls/front50/pluginInfo	/pluginInfo	kork	com.netflix.spinnaker.kork.plugins.update.internal.Front50Service	dropped family (owner ruling 2026-09-12)
1.34.1	orca	front50	GET	/_calls/front50/pluginInfo/{id}	/pluginInfo/{}	kork	com.netflix.spinnaker.kork.plugins.update.internal.Front50Service	dropped family (owner ruling 2026-09-12)
1.34.1	orca	front50	PUT	/_calls/front50/pluginVersions/{serverGroupName}	/pluginVersions/{}	kork	com.netflix.spinnaker.kork.plugins.update.internal.Front50Service	dropped family (owner ruling 2026-09-12)
1.34.1	rosco	front50	GET	/_calls/front50/pluginInfo	/pluginInfo	kork	com.netflix.spinnaker.kork.plugins.update.internal.Front50Service	dropped family (owner ruling 2026-09-12)
1.34.1	rosco	front50	GET	/_calls/front50/pluginInfo/{id}	/pluginInfo/{}	kork	com.netflix.spinnaker.kork.plugins.update.internal.Front50Service	dropped family (owner ruling 2026-09-12)
1.34.1	rosco	front50	PUT	/_calls/front50/pluginVersions/{serverGroupName}	/pluginVersions/{}	kork	com.netflix.spinnaker.kork.plugins.update.internal.Front50Service	dropped family (owner ruling 2026-09-12)
1.34.1	echo	keel	POST	/_calls/keel/artifacts/events	/artifacts/events	out-of-mesh	com.netflix.spinnaker.echo.services.KeelService	
1.34.1	gate	keel	DELETE	/_calls/keel/application/{application}/config	/application/{}/config	out-of-mesh	com.netflix.spinnaker.gate.services.internal.KeelService	
1.34.1	gate	keel	DELETE	/_calls/keel/application/{application}/pause	/application/{}/pause	out-of-mesh	com.netflix.spinnaker.gate.services.internal.KeelService	
1.34.1	gate	keel	DELETE	/_calls/keel/application/{application}/pin/{targetEnvironment}	/application/{}/pin/{}	out-of-mesh	com.netflix.spinnaker.gate.services.internal.KeelService	
1.34.1	gate	keel	DELETE	/_calls/keel/application/{application}/veto/{targetEnvironment}/{reference}/{version}	/application/{}/veto/{}/{}/{}	out-of-mesh	com.netflix.spinnaker.gate.services.internal.KeelService	
1.34.1	gate	keel	DELETE	/_calls/keel/delivery-configs/{name}	/delivery-configs/{}	out-of-mesh	com.netflix.spinnaker.gate.services.internal.KeelService	
1.34.1	gate	keel	DELETE	/_calls/keel/resources/{name}	/resources/{}	out-of-mesh	com.netflix.spinnaker.gate.services.internal.KeelService	
1.34.1	gate	keel	DELETE	/_calls/keel/resources/{name}/pause	/resources/{}/pause	out-of-mesh	com.netflix.spinnaker.gate.services.internal.KeelService	
1.34.1	gate	keel	GET	/_calls/keel/application/{application}	/application/{}	out-of-mesh	com.netflix.spinnaker.gate.services.internal.KeelService	
1.34.1	gate	keel	GET	/_calls/keel/application/{application}/config	/application/{}/config	out-of-mesh	com.netflix.spinnaker.gate.services.internal.KeelService	
1.34.1	gate	keel	GET	/_calls/keel/application/{application}/environment/{environment}/constraints	/application/{}/environment/{}/constraints	out-of-mesh	com.netflix.spinnaker.gate.services.internal.KeelService	
1.34.1	gate	keel	GET	/_calls/keel/delivery-configs/schema	/delivery-configs/schema	out-of-mesh	com.netflix.spinnaker.gate.services.internal.KeelService	
1.34.1	gate	keel	GET	/_calls/keel/delivery-configs/{name}	/delivery-configs/{}	out-of-mesh	com.netflix.spinnaker.gate.services.internal.KeelService	
1.34.1	gate	keel	GET	/_calls/keel/delivery-configs/{name}/artifacts	/delivery-configs/{}/artifacts	out-of-mesh	com.netflix.spinnaker.gate.services.internal.KeelService	
1.34.1	gate	keel	GET	/_calls/keel/environments/{application}	/environments/{}	out-of-mesh	com.netflix.spinnaker.gate.services.internal.KeelService	
1.34.1	gate	keel	GET	/_calls/keel/export/artifact/{cloudProvider}/{account}/{clusterName}	/export/artifact/{}/{}/{}	out-of-mesh	com.netflix.spinnaker.gate.services.internal.KeelService	
1.34.1	gate	keel	GET	/_calls/keel/export/{cloudProvider}/{account}/{type}/{name}	/export/{}/{}/{}/{}	out-of-mesh	com.netflix.spinnaker.gate.services.internal.KeelService	
1.34.1	gate	keel	GET	/_calls/keel/health	/health	out-of-mesh	com.netflix.spinnaker.gate.services.internal.HealthCheckableService	
1.34.1	gate	keel	GET	/_calls/keel/installedPlugins	/installedPlugins	out-of-mesh	com.netflix.spinnaker.gate.services.internal.KeelService	
1.34.1	gate	keel	GET	/_calls/keel/reports/adoption	/reports/adoption	out-of-mesh	com.netflix.spinnaker.gate.services.internal.KeelService	
1.34.1	gate	keel	GET	/_calls/keel/reports/onboarding	/reports/onboarding	out-of-mesh	com.netflix.spinnaker.gate.services.internal.KeelService	
1.34.1	gate	keel	GET	/_calls/keel/resources/events/{name}	/resources/events/{}	out-of-mesh	com.netflix.spinnaker.gate.services.internal.KeelService	
1.34.1	gate	keel	GET	/_calls/keel/resources/{name}	/resources/{}	out-of-mesh	com.netflix.spinnaker.gate.services.internal.KeelService	
1.34.1	gate	keel	GET	/_calls/keel/resources/{name}/status	/resources/{}/status	out-of-mesh	com.netflix.spinnaker.gate.services.internal.KeelService	
1.34.1	gate	keel	POST	/_calls/keel/application/{application}/environment/{environment}/constraint	/application/{}/environment/{}/constraint	out-of-mesh	com.netflix.spinnaker.gate.services.internal.KeelService	
1.34.1	gate	keel	POST	/_calls/keel/application/{application}/environment/{environment}/verifications	/application/{}/environment/{}/verifications	out-of-mesh	com.netflix.spinnaker.gate.services.internal.KeelService	
1.34.1	gate	keel	POST	/_calls/keel/application/{application}/environment/{environment}/verifications/retry	/application/{}/environment/{}/verifications/retry	out-of-mesh	com.netflix.spinnaker.gate.services.internal.KeelService	
1.34.1	gate	keel	POST	/_calls/keel/application/{application}/mark/bad	/application/{}/mark/bad	out-of-mesh	com.netflix.spinnaker.gate.services.internal.KeelService	
1.34.1	gate	keel	POST	/_calls/keel/application/{application}/mark/good	/application/{}/mark/good	out-of-mesh	com.netflix.spinnaker.gate.services.internal.KeelService	
1.34.1	gate	keel	POST	/_calls/keel/application/{application}/pause	/application/{}/pause	out-of-mesh	com.netflix.spinnaker.gate.services.internal.KeelService	
1.34.1	gate	keel	POST	/_calls/keel/application/{application}/pin	/application/{}/pin	out-of-mesh	com.netflix.spinnaker.gate.services.internal.KeelService	
1.34.1	gate	keel	POST	/_calls/keel/application/{application}/veto	/application/{}/veto	out-of-mesh	com.netflix.spinnaker.gate.services.internal.KeelService	
1.34.1	gate	keel	POST	/_calls/keel/delivery-configs	/delivery-configs	out-of-mesh	com.netflix.spinnaker.gate.services.internal.KeelService	
1.34.1	gate	keel	POST	/_calls/keel/delivery-configs/diff	/delivery-configs/diff	out-of-mesh	com.netflix.spinnaker.gate.services.internal.KeelService	
1.34.1	gate	keel	POST	/_calls/keel/delivery-configs/validate	/delivery-configs/validate	out-of-mesh	com.netflix.spinnaker.gate.services.internal.KeelService	
1.34.1	gate	keel	POST	/_calls/keel/graphql	/graphql	out-of-mesh	com.netflix.spinnaker.gate.services.internal.KeelService	
1.34.1	gate	keel	POST	/_calls/keel/resources	/resources	out-of-mesh	com.netflix.spinnaker.gate.services.internal.KeelService	
1.34.1	gate	keel	POST	/_calls/keel/resources/diff	/resources/diff	out-of-mesh	com.netflix.spinnaker.gate.services.internal.KeelService	
1.34.1	gate	keel	POST	/_calls/keel/resources/{name}/pause	/resources/{}/pause	out-of-mesh	com.netflix.spinnaker.gate.services.internal.KeelService	
1.34.1	igor	keel	POST	/_calls/keel/artifacts/events	/artifacts/events	out-of-mesh	com.netflix.spinnaker.igor.keel.KeelService	
1.34.1	orca	keel	DELETE	/_calls/keel/application/{application}/config	/application/{}/config	out-of-mesh	com.netflix.spinnaker.orca.KeelService	
1.34.1	orca	keel	POST	/_calls/keel/delivery-configs	/delivery-configs	out-of-mesh	com.netflix.spinnaker.orca.KeelService	
1.34.1	clouddriver	front50	GET	/_calls/front50/credentials	/credentials	stale	com.netflix.spinnaker.clouddriver.core.services.Front50Service	
1.34.1	echo	front50	POST	/_calls/front50/graphql	/graphql	stale	com.netflix.spinnaker.echo.services.Front50Service	
1.34.1	gate	clouddriver	GET	/_calls/clouddriver/applications/{name}/clusters/{account}/{cluster}/{type}/loadBalancers	/applications/{}/clusters/{}/{}/{}/loadBalancers	stale	com.netflix.spinnaker.gate.services.internal.ClouddriverService	
1.34.1	gate	clouddriver	POST	/_calls/clouddriver/applications/{name}/jobs/{account}/{region}/{jobName}	/applications/{}/jobs/{}/{}/{}	stale	com.netflix.spinnaker.gate.services.internal.ClouddriverService	
1.34.1	gate	front50	GET	/_calls/front50/credentials	/credentials	stale	com.netflix.spinnaker.gate.services.internal.Front50Service	
1.34.1	gate	front50	POST	/_calls/front50/pipelines/move	/pipelines/move	stale	com.netflix.spinnaker.gate.services.internal.Front50Service	
1.34.1	gate	front50	POST	/_calls/front50/strategies/move	/strategies/move	stale	com.netflix.spinnaker.gate.services.internal.Front50Service	
1.34.1	orca	echo	GET	/_calls/echo/events/recent/{type}/{since}	/events/recent/{}/{}	stale	com.netflix.spinnaker.orca.echo.EchoService	
1.34.1	orca	front50	GET	/_calls/front50/credentials	/credentials	stale	com.netflix.spinnaker.orca.front50.Front50Service	
1.34.2	gate	clouddriver	GET	/_calls/clouddriver/health	/health	actuator	com.netflix.spinnaker.gate.services.internal.HealthCheckableService	
1.34.2	gate	clouddriver	GET	/_calls/clouddriver/installedPlugins	/installedPlugins	actuator	com.netflix.spinnaker.gate.services.internal.ClouddriverService	
1.34.2	gate	echo	GET	/_calls/echo/health	/health	actuator	com.netflix.spinnaker.gate.services.internal.HealthCheckableService	
1.34.2	gate	echo	GET	/_calls/echo/installedPlugins	/installedPlugins	actuator	com.netflix.spinnaker.gate.services.internal.EchoService	
1.34.2	gate	fiat	GET	/_calls/fiat/installedPlugins	/installedPlugins	actuator	com.netflix.spinnaker.gate.services.internal.ExtendedFiatService	
1.34.2	gate	front50	GET	/_calls/front50/health	/health	actuator	com.netflix.spinnaker.gate.services.internal.HealthCheckableService	
1.34.2	gate	front50	GET	/_calls/front50/installedPlugins	/installedPlugins	actuator	com.netflix.spinnaker.gate.services.internal.Front50Service	
1.34.2	gate	igor	GET	/_calls/igor/health	/health	actuator	com.netflix.spinnaker.gate.services.internal.HealthCheckableService	
1.34.2	gate	igor	GET	/_calls/igor/installedPlugins	/installedPlugins	actuator	com.netflix.spinnaker.gate.services.internal.IgorService	
1.34.2	gate	orca	GET	/_calls/orca/health	/health	actuator	com.netflix.spinnaker.gate.services.internal.HealthCheckableService	
1.34.2	gate	orca	GET	/_calls/orca/installedPlugins	/installedPlugins	actuator	com.netflix.spinnaker.gate.services.internal.OrcaService	
1.34.2	gate	rosco	GET	/_calls/rosco/installedPlugins	/installedPlugins	actuator	com.netflix.spinnaker.gate.services.internal.RoscoService	
1.34.2	orca	clouddriver	PUT	/_calls/clouddriver/admin/db/truncate/{namespace}	/admin/db/truncate/{}	framework	com.netflix.spinnaker.orca.clouddriver.CloudDriverCacheService	excluded by provenance: PUT /admin/db/truncate/{}
1.34.2	clouddriver	fiat	DELETE	/_calls/fiat/roles/{userId}	/roles/{}	indirect-fiat	com.netflix.spinnaker.fiat.shared.FiatService	dropped family (owner ruling 2026-09-12)
1.34.2	clouddriver	fiat	GET	/_calls/fiat/authorize/{userId}	/authorize/{}	indirect-fiat	com.netflix.spinnaker.fiat.shared.FiatService	dropped family (owner ruling 2026-09-12)
1.34.2	clouddriver	fiat	GET	/_calls/fiat/authorize/{userId}/{resourceType}/{resourceName}/{authorization}	/authorize/{}/{}/{}/{}	indirect-fiat	com.netflix.spinnaker.fiat.shared.FiatService	dropped family (owner ruling 2026-09-12)
1.34.2	clouddriver	fiat	POST	/_calls/fiat/authorize/{userId}/{resourceType}/create	/authorize/{}/{}/create	indirect-fiat	com.netflix.spinnaker.fiat.shared.FiatService	dropped family (owner ruling 2026-09-12)
1.34.2	clouddriver	fiat	POST	/_calls/fiat/roles/sync	/roles/sync	indirect-fiat	com.netflix.spinnaker.fiat.shared.FiatService	dropped family (owner ruling 2026-09-12)
1.34.2	clouddriver	fiat	POST	/_calls/fiat/roles/sync/serviceAccount/{serviceAccountId}	/roles/sync/serviceAccount/{}	indirect-fiat	com.netflix.spinnaker.fiat.shared.FiatService	dropped family (owner ruling 2026-09-12)
1.34.2	clouddriver	fiat	POST	/_calls/fiat/roles/{userId}	/roles/{}	indirect-fiat	com.netflix.spinnaker.fiat.shared.FiatService	dropped family (owner ruling 2026-09-12)
1.34.2	clouddriver	fiat	PUT	/_calls/fiat/roles/{userId}	/roles/{}	indirect-fiat	com.netflix.spinnaker.fiat.shared.FiatService	dropped family (owner ruling 2026-09-12)
1.34.2	echo	fiat	DELETE	/_calls/fiat/roles/{userId}	/roles/{}	indirect-fiat	com.netflix.spinnaker.fiat.shared.FiatService	dropped family (owner ruling 2026-09-12)
1.34.2	echo	fiat	GET	/_calls/fiat/authorize/{userId}	/authorize/{}	indirect-fiat	com.netflix.spinnaker.fiat.shared.FiatService	dropped family (owner ruling 2026-09-12)
1.34.2	echo	fiat	GET	/_calls/fiat/authorize/{userId}/{resourceType}/{resourceName}/{authorization}	/authorize/{}/{}/{}/{}	indirect-fiat	com.netflix.spinnaker.fiat.shared.FiatService	dropped family (owner ruling 2026-09-12)
1.34.2	echo	fiat	POST	/_calls/fiat/authorize/{userId}/{resourceType}/create	/authorize/{}/{}/create	indirect-fiat	com.netflix.spinnaker.fiat.shared.FiatService	dropped family (owner ruling 2026-09-12)
1.34.2	echo	fiat	POST	/_calls/fiat/roles/sync	/roles/sync	indirect-fiat	com.netflix.spinnaker.fiat.shared.FiatService	dropped family (owner ruling 2026-09-12)
1.34.2	echo	fiat	POST	/_calls/fiat/roles/sync/serviceAccount/{serviceAccountId}	/roles/sync/serviceAccount/{}	indirect-fiat	com.netflix.spinnaker.fiat.shared.FiatService	dropped family (owner ruling 2026-09-12)
1.34.2	echo	fiat	POST	/_calls/fiat/roles/{userId}	/roles/{}	indirect-fiat	com.netflix.spinnaker.fiat.shared.FiatService	dropped family (owner ruling 2026-09-12)
1.34.2	echo	fiat	PUT	/_calls/fiat/roles/{userId}	/roles/{}	indirect-fiat	com.netflix.spinnaker.fiat.shared.FiatService	dropped family (owner ruling 2026-09-12)
1.34.2	igor	fiat	DELETE	/_calls/fiat/roles/{userId}	/roles/{}	indirect-fiat	com.netflix.spinnaker.fiat.shared.FiatService	dropped family (owner ruling 2026-09-12)
1.34.2	igor	fiat	GET	/_calls/fiat/authorize/{userId}	/authorize/{}	indirect-fiat	com.netflix.spinnaker.fiat.shared.FiatService	dropped family (owner ruling 2026-09-12)
1.34.2	igor	fiat	GET	/_calls/fiat/authorize/{userId}/{resourceType}/{resourceName}/{authorization}	/authorize/{}/{}/{}/{}	indirect-fiat	com.netflix.spinnaker.fiat.shared.FiatService	dropped family (owner ruling 2026-09-12)
1.34.2	igor	fiat	POST	/_calls/fiat/authorize/{userId}/{resourceType}/create	/authorize/{}/{}/create	indirect-fiat	com.netflix.spinnaker.fiat.shared.FiatService	dropped family (owner ruling 2026-09-12)
1.34.2	igor	fiat	POST	/_calls/fiat/roles/sync	/roles/sync	indirect-fiat	com.netflix.spinnaker.fiat.shared.FiatService	dropped family (owner ruling 2026-09-12)
1.34.2	igor	fiat	POST	/_calls/fiat/roles/sync/serviceAccount/{serviceAccountId}	/roles/sync/serviceAccount/{}	indirect-fiat	com.netflix.spinnaker.fiat.shared.FiatService	dropped family (owner ruling 2026-09-12)
1.34.2	igor	fiat	POST	/_calls/fiat/roles/{userId}	/roles/{}	indirect-fiat	com.netflix.spinnaker.fiat.shared.FiatService	dropped family (owner ruling 2026-09-12)
1.34.2	igor	fiat	PUT	/_calls/fiat/roles/{userId}	/roles/{}	indirect-fiat	com.netflix.spinnaker.fiat.shared.FiatService	dropped family (owner ruling 2026-09-12)
1.34.2	clouddriver	front50	GET	/_calls/front50/pluginInfo	/pluginInfo	kork	com.netflix.spinnaker.kork.plugins.update.internal.Front50Service	dropped family (owner ruling 2026-09-12)
1.34.2	clouddriver	front50	GET	/_calls/front50/pluginInfo/{id}	/pluginInfo/{}	kork	com.netflix.spinnaker.kork.plugins.update.internal.Front50Service	dropped family (owner ruling 2026-09-12)
1.34.2	clouddriver	front50	PUT	/_calls/front50/pluginVersions/{serverGroupName}	/pluginVersions/{}	kork	com.netflix.spinnaker.kork.plugins.update.internal.Front50Service	dropped family (owner ruling 2026-09-12)
1.34.2	echo	front50	GET	/_calls/front50/pluginInfo	/pluginInfo	kork	com.netflix.spinnaker.kork.plugins.update.internal.Front50Service	dropped family (owner ruling 2026-09-12)
1.34.2	echo	front50	GET	/_calls/front50/pluginInfo/{id}	/pluginInfo/{}	kork	com.netflix.spinnaker.kork.plugins.update.internal.Front50Service	dropped family (owner ruling 2026-09-12)
1.34.2	echo	front50	PUT	/_calls/front50/pluginVersions/{serverGroupName}	/pluginVersions/{}	kork	com.netflix.spinnaker.kork.plugins.update.internal.Front50Service	dropped family (owner ruling 2026-09-12)
1.34.2	fiat	front50	GET	/_calls/front50/pluginInfo	/pluginInfo	kork	com.netflix.spinnaker.kork.plugins.update.internal.Front50Service	dropped family (owner ruling 2026-09-12)
1.34.2	fiat	front50	GET	/_calls/front50/pluginInfo/{id}	/pluginInfo/{}	kork	com.netflix.spinnaker.kork.plugins.update.internal.Front50Service	dropped family (owner ruling 2026-09-12)
1.34.2	fiat	front50	PUT	/_calls/front50/pluginVersions/{serverGroupName}	/pluginVersions/{}	kork	com.netflix.spinnaker.kork.plugins.update.internal.Front50Service	dropped family (owner ruling 2026-09-12)
1.34.2	front50	front50	GET	/_calls/front50/pluginInfo	/pluginInfo	kork	com.netflix.spinnaker.kork.plugins.update.internal.Front50Service	dropped family (owner ruling 2026-09-12)
1.34.2	front50	front50	GET	/_calls/front50/pluginInfo/{id}	/pluginInfo/{}	kork	com.netflix.spinnaker.kork.plugins.update.internal.Front50Service	dropped family (owner ruling 2026-09-12)
1.34.2	front50	front50	PUT	/_calls/front50/pluginVersions/{serverGroupName}	/pluginVersions/{}	kork	com.netflix.spinnaker.kork.plugins.update.internal.Front50Service	dropped family (owner ruling 2026-09-12)
1.34.2	gate	front50	GET	/_calls/front50/pluginInfo/{id}	/pluginInfo/{}	kork	com.netflix.spinnaker.kork.plugins.update.internal.Front50Service	dropped family (owner ruling 2026-09-12)
1.34.2	gate	front50	PUT	/_calls/front50/pluginVersions/{serverGroupName}	/pluginVersions/{}	kork	com.netflix.spinnaker.kork.plugins.update.internal.Front50Service	dropped family (owner ruling 2026-09-12)
1.34.2	igor	front50	GET	/_calls/front50/pluginInfo/{id}	/pluginInfo/{}	kork	com.netflix.spinnaker.kork.plugins.update.internal.Front50Service	dropped family (owner ruling 2026-09-12)
1.34.2	igor	front50	PUT	/_calls/front50/pluginVersions/{serverGroupName}	/pluginVersions/{}	kork	com.netflix.spinnaker.kork.plugins.update.internal.Front50Service	dropped family (owner ruling 2026-09-12)
1.34.2	kayenta	front50	GET	/_calls/front50/pluginInfo	/pluginInfo	kork	com.netflix.spinnaker.kork.plugins.update.internal.Front50Service	dropped family (owner ruling 2026-09-12)
1.34.2	kayenta	front50	GET	/_calls/front50/pluginInfo/{id}	/pluginInfo/{}	kork	com.netflix.spinnaker.kork.plugins.update.internal.Front50Service	dropped family (owner ruling 2026-09-12)
1.34.2	kayenta	front50	PUT	/_calls/front50/pluginVersions/{serverGroupName}	/pluginVersions/{}	kork	com.netflix.spinnaker.kork.plugins.update.internal.Front50Service	dropped family (owner ruling 2026-09-12)
1.34.2	orca	front50	GET	/_calls/front50/pluginInfo	/pluginInfo	kork	com.netflix.spinnaker.kork.plugins.update.internal.Front50Service	dropped family (owner ruling 2026-09-12)
1.34.2	orca	front50	GET	/_calls/front50/pluginInfo/{id}	/pluginInfo/{}	kork	com.netflix.spinnaker.kork.plugins.update.internal.Front50Service	dropped family (owner ruling 2026-09-12)
1.34.2	orca	front50	PUT	/_calls/front50/pluginVersions/{serverGroupName}	/pluginVersions/{}	kork	com.netflix.spinnaker.kork.plugins.update.internal.Front50Service	dropped family (owner ruling 2026-09-12)
1.34.2	rosco	front50	GET	/_calls/front50/pluginInfo	/pluginInfo	kork	com.netflix.spinnaker.kork.plugins.update.internal.Front50Service	dropped family (owner ruling 2026-09-12)
1.34.2	rosco	front50	GET	/_calls/front50/pluginInfo/{id}	/pluginInfo/{}	kork	com.netflix.spinnaker.kork.plugins.update.internal.Front50Service	dropped family (owner ruling 2026-09-12)
1.34.2	rosco	front50	PUT	/_calls/front50/pluginVersions/{serverGroupName}	/pluginVersions/{}	kork	com.netflix.spinnaker.kork.plugins.update.internal.Front50Service	dropped family (owner ruling 2026-09-12)
1.34.2	echo	keel	POST	/_calls/keel/artifacts/events	/artifacts/events	out-of-mesh	com.netflix.spinnaker.echo.services.KeelService	
1.34.2	gate	keel	DELETE	/_calls/keel/application/{application}/config	/application/{}/config	out-of-mesh	com.netflix.spinnaker.gate.services.internal.KeelService	
1.34.2	gate	keel	DELETE	/_calls/keel/application/{application}/pause	/application/{}/pause	out-of-mesh	com.netflix.spinnaker.gate.services.internal.KeelService	
1.34.2	gate	keel	DELETE	/_calls/keel/application/{application}/pin/{targetEnvironment}	/application/{}/pin/{}	out-of-mesh	com.netflix.spinnaker.gate.services.internal.KeelService	
1.34.2	gate	keel	DELETE	/_calls/keel/application/{application}/veto/{targetEnvironment}/{reference}/{version}	/application/{}/veto/{}/{}/{}	out-of-mesh	com.netflix.spinnaker.gate.services.internal.KeelService	
1.34.2	gate	keel	DELETE	/_calls/keel/delivery-configs/{name}	/delivery-configs/{}	out-of-mesh	com.netflix.spinnaker.gate.services.internal.KeelService	
1.34.2	gate	keel	DELETE	/_calls/keel/resources/{name}	/resources/{}	out-of-mesh	com.netflix.spinnaker.gate.services.internal.KeelService	
1.34.2	gate	keel	DELETE	/_calls/keel/resources/{name}/pause	/resources/{}/pause	out-of-mesh	com.netflix.spinnaker.gate.services.internal.KeelService	
1.34.2	gate	keel	GET	/_calls/keel/application/{application}	/application/{}	out-of-mesh	com.netflix.spinnaker.gate.services.internal.KeelService	
1.34.2	gate	keel	GET	/_calls/keel/application/{application}/config	/application/{}/config	out-of-mesh	com.netflix.spinnaker.gate.services.internal.KeelService	
1.34.2	gate	keel	GET	/_calls/keel/application/{application}/environment/{environment}/constraints	/application/{}/environment/{}/constraints	out-of-mesh	com.netflix.spinnaker.gate.services.internal.KeelService	
1.34.2	gate	keel	GET	/_calls/keel/delivery-configs/schema	/delivery-configs/schema	out-of-mesh	com.netflix.spinnaker.gate.services.internal.KeelService	
1.34.2	gate	keel	GET	/_calls/keel/delivery-configs/{name}	/delivery-configs/{}	out-of-mesh	com.netflix.spinnaker.gate.services.internal.KeelService	
1.34.2	gate	keel	GET	/_calls/keel/delivery-configs/{name}/artifacts	/delivery-configs/{}/artifacts	out-of-mesh	com.netflix.spinnaker.gate.services.internal.KeelService	
1.34.2	gate	keel	GET	/_calls/keel/environments/{application}	/environments/{}	out-of-mesh	com.netflix.spinnaker.gate.services.internal.KeelService	
1.34.2	gate	keel	GET	/_calls/keel/export/artifact/{cloudProvider}/{account}/{clusterName}	/export/artifact/{}/{}/{}	out-of-mesh	com.netflix.spinnaker.gate.services.internal.KeelService	
1.34.2	gate	keel	GET	/_calls/keel/export/{cloudProvider}/{account}/{type}/{name}	/export/{}/{}/{}/{}	out-of-mesh	com.netflix.spinnaker.gate.services.internal.KeelService	
1.34.2	gate	keel	GET	/_calls/keel/health	/health	out-of-mesh	com.netflix.spinnaker.gate.services.internal.HealthCheckableService	
1.34.2	gate	keel	GET	/_calls/keel/installedPlugins	/installedPlugins	out-of-mesh	com.netflix.spinnaker.gate.services.internal.KeelService	
1.34.2	gate	keel	GET	/_calls/keel/reports/adoption	/reports/adoption	out-of-mesh	com.netflix.spinnaker.gate.services.internal.KeelService	
1.34.2	gate	keel	GET	/_calls/keel/reports/onboarding	/reports/onboarding	out-of-mesh	com.netflix.spinnaker.gate.services.internal.KeelService	
1.34.2	gate	keel	GET	/_calls/keel/resources/events/{name}	/resources/events/{}	out-of-mesh	com.netflix.spinnaker.gate.services.internal.KeelService	
1.34.2	gate	keel	GET	/_calls/keel/resources/{name}	/resources/{}	out-of-mesh	com.netflix.spinnaker.gate.services.internal.KeelService	
1.34.2	gate	keel	GET	/_calls/keel/resources/{name}/status	/resources/{}/status	out-of-mesh	com.netflix.spinnaker.gate.services.internal.KeelService	
1.34.2	gate	keel	POST	/_calls/keel/application/{application}/environment/{environment}/constraint	/application/{}/environment/{}/constraint	out-of-mesh	com.netflix.spinnaker.gate.services.internal.KeelService	
1.34.2	gate	keel	POST	/_calls/keel/application/{application}/environment/{environment}/verifications	/application/{}/environment/{}/verifications	out-of-mesh	com.netflix.spinnaker.gate.services.internal.KeelService	
1.34.2	gate	keel	POST	/_calls/keel/application/{application}/environment/{environment}/verifications/retry	/application/{}/environment/{}/verifications/retry	out-of-mesh	com.netflix.spinnaker.gate.services.internal.KeelService	
1.34.2	gate	keel	POST	/_calls/keel/application/{application}/mark/bad	/application/{}/mark/bad	out-of-mesh	com.netflix.spinnaker.gate.services.internal.KeelService	
1.34.2	gate	keel	POST	/_calls/keel/application/{application}/mark/good	/application/{}/mark/good	out-of-mesh	com.netflix.spinnaker.gate.services.internal.KeelService	
1.34.2	gate	keel	POST	/_calls/keel/application/{application}/pause	/application/{}/pause	out-of-mesh	com.netflix.spinnaker.gate.services.internal.KeelService	
1.34.2	gate	keel	POST	/_calls/keel/application/{application}/pin	/application/{}/pin	out-of-mesh	com.netflix.spinnaker.gate.services.internal.KeelService	
1.34.2	gate	keel	POST	/_calls/keel/application/{application}/veto	/application/{}/veto	out-of-mesh	com.netflix.spinnaker.gate.services.internal.KeelService	
1.34.2	gate	keel	POST	/_calls/keel/delivery-configs	/delivery-configs	out-of-mesh	com.netflix.spinnaker.gate.services.internal.KeelService	
1.34.2	gate	keel	POST	/_calls/keel/delivery-configs/diff	/delivery-configs/diff	out-of-mesh	com.netflix.spinnaker.gate.services.internal.KeelService	
1.34.2	gate	keel	POST	/_calls/keel/delivery-configs/validate	/delivery-configs/validate	out-of-mesh	com.netflix.spinnaker.gate.services.internal.KeelService	
1.34.2	gate	keel	POST	/_calls/keel/graphql	/graphql	out-of-mesh	com.netflix.spinnaker.gate.services.internal.KeelService	
1.34.2	gate	keel	POST	/_calls/keel/resources	/resources	out-of-mesh	com.netflix.spinnaker.gate.services.internal.KeelService	
1.34.2	gate	keel	POST	/_calls/keel/resources/diff	/resources/diff	out-of-mesh	com.netflix.spinnaker.gate.services.internal.KeelService	
1.34.2	gate	keel	POST	/_calls/keel/resources/{name}/pause	/resources/{}/pause	out-of-mesh	com.netflix.spinnaker.gate.services.internal.KeelService	
1.34.2	igor	keel	POST	/_calls/keel/artifacts/events	/artifacts/events	out-of-mesh	com.netflix.spinnaker.igor.keel.KeelService	
1.34.2	orca	keel	DELETE	/_calls/keel/application/{application}/config	/application/{}/config	out-of-mesh	com.netflix.spinnaker.orca.KeelService	
1.34.2	orca	keel	POST	/_calls/keel/delivery-configs	/delivery-configs	out-of-mesh	com.netflix.spinnaker.orca.KeelService	
1.34.2	clouddriver	front50	GET	/_calls/front50/credentials	/credentials	stale	com.netflix.spinnaker.clouddriver.core.services.Front50Service	
1.34.2	echo	front50	POST	/_calls/front50/graphql	/graphql	stale	com.netflix.spinnaker.echo.services.Front50Service	
1.34.2	gate	clouddriver	GET	/_calls/clouddriver/applications/{name}/clusters/{account}/{cluster}/{type}/loadBalancers	/applications/{}/clusters/{}/{}/{}/loadBalancers	stale	com.netflix.spinnaker.gate.services.internal.ClouddriverService	
1.34.2	gate	clouddriver	POST	/_calls/clouddriver/applications/{name}/jobs/{account}/{region}/{jobName}	/applications/{}/jobs/{}/{}/{}	stale	com.netflix.spinnaker.gate.services.internal.ClouddriverService	
1.34.2	gate	front50	GET	/_calls/front50/credentials	/credentials	stale	com.netflix.spinnaker.gate.services.internal.Front50Service	
1.34.2	gate	front50	POST	/_calls/front50/pipelines/move	/pipelines/move	stale	com.netflix.spinnaker.gate.services.internal.Front50Service	
1.34.2	gate	front50	POST	/_calls/front50/strategies/move	/strategies/move	stale	com.netflix.spinnaker.gate.services.internal.Front50Service	
1.34.2	orca	echo	GET	/_calls/echo/events/recent/{type}/{since}	/events/recent/{}/{}	stale	com.netflix.spinnaker.orca.echo.EchoService	
1.34.2	orca	front50	GET	/_calls/front50/credentials	/credentials	stale	com.netflix.spinnaker.orca.front50.Front50Service	
1.34.3	gate	clouddriver	GET	/_calls/clouddriver/health	/health	actuator	com.netflix.spinnaker.gate.services.internal.HealthCheckableService	
1.34.3	gate	clouddriver	GET	/_calls/clouddriver/installedPlugins	/installedPlugins	actuator	com.netflix.spinnaker.gate.services.internal.ClouddriverService	
1.34.3	gate	echo	GET	/_calls/echo/health	/health	actuator	com.netflix.spinnaker.gate.services.internal.HealthCheckableService	
1.34.3	gate	echo	GET	/_calls/echo/installedPlugins	/installedPlugins	actuator	com.netflix.spinnaker.gate.services.internal.EchoService	
1.34.3	gate	fiat	GET	/_calls/fiat/installedPlugins	/installedPlugins	actuator	com.netflix.spinnaker.gate.services.internal.ExtendedFiatService	
1.34.3	gate	front50	GET	/_calls/front50/health	/health	actuator	com.netflix.spinnaker.gate.services.internal.HealthCheckableService	
1.34.3	gate	front50	GET	/_calls/front50/installedPlugins	/installedPlugins	actuator	com.netflix.spinnaker.gate.services.internal.Front50Service	
1.34.3	gate	igor	GET	/_calls/igor/health	/health	actuator	com.netflix.spinnaker.gate.services.internal.HealthCheckableService	
1.34.3	gate	igor	GET	/_calls/igor/installedPlugins	/installedPlugins	actuator	com.netflix.spinnaker.gate.services.internal.IgorService	
1.34.3	gate	orca	GET	/_calls/orca/health	/health	actuator	com.netflix.spinnaker.gate.services.internal.HealthCheckableService	
1.34.3	gate	orca	GET	/_calls/orca/installedPlugins	/installedPlugins	actuator	com.netflix.spinnaker.gate.services.internal.OrcaService	
1.34.3	gate	rosco	GET	/_calls/rosco/installedPlugins	/installedPlugins	actuator	com.netflix.spinnaker.gate.services.internal.RoscoService	
1.34.3	orca	clouddriver	PUT	/_calls/clouddriver/admin/db/truncate/{namespace}	/admin/db/truncate/{}	framework	com.netflix.spinnaker.orca.clouddriver.CloudDriverCacheService	excluded by provenance: PUT /admin/db/truncate/{}
1.34.3	clouddriver	fiat	DELETE	/_calls/fiat/roles/{userId}	/roles/{}	indirect-fiat	com.netflix.spinnaker.fiat.shared.FiatService	dropped family (owner ruling 2026-09-12)
1.34.3	clouddriver	fiat	GET	/_calls/fiat/authorize/{userId}	/authorize/{}	indirect-fiat	com.netflix.spinnaker.fiat.shared.FiatService	dropped family (owner ruling 2026-09-12)
1.34.3	clouddriver	fiat	GET	/_calls/fiat/authorize/{userId}/{resourceType}/{resourceName}/{authorization}	/authorize/{}/{}/{}/{}	indirect-fiat	com.netflix.spinnaker.fiat.shared.FiatService	dropped family (owner ruling 2026-09-12)
1.34.3	clouddriver	fiat	POST	/_calls/fiat/authorize/{userId}/{resourceType}/create	/authorize/{}/{}/create	indirect-fiat	com.netflix.spinnaker.fiat.shared.FiatService	dropped family (owner ruling 2026-09-12)
1.34.3	clouddriver	fiat	POST	/_calls/fiat/roles/sync	/roles/sync	indirect-fiat	com.netflix.spinnaker.fiat.shared.FiatService	dropped family (owner ruling 2026-09-12)
1.34.3	clouddriver	fiat	POST	/_calls/fiat/roles/sync/serviceAccount/{serviceAccountId}	/roles/sync/serviceAccount/{}	indirect-fiat	com.netflix.spinnaker.fiat.shared.FiatService	dropped family (owner ruling 2026-09-12)
1.34.3	clouddriver	fiat	POST	/_calls/fiat/roles/{userId}	/roles/{}	indirect-fiat	com.netflix.spinnaker.fiat.shared.FiatService	dropped family (owner ruling 2026-09-12)
1.34.3	clouddriver	fiat	PUT	/_calls/fiat/roles/{userId}	/roles/{}	indirect-fiat	com.netflix.spinnaker.fiat.shared.FiatService	dropped family (owner ruling 2026-09-12)
1.34.3	echo	fiat	DELETE	/_calls/fiat/roles/{userId}	/roles/{}	indirect-fiat	com.netflix.spinnaker.fiat.shared.FiatService	dropped family (owner ruling 2026-09-12)
1.34.3	echo	fiat	GET	/_calls/fiat/authorize/{userId}	/authorize/{}	indirect-fiat	com.netflix.spinnaker.fiat.shared.FiatService	dropped family (owner ruling 2026-09-12)
1.34.3	echo	fiat	GET	/_calls/fiat/authorize/{userId}/{resourceType}/{resourceName}/{authorization}	/authorize/{}/{}/{}/{}	indirect-fiat	com.netflix.spinnaker.fiat.shared.FiatService	dropped family (owner ruling 2026-09-12)
1.34.3	echo	fiat	POST	/_calls/fiat/authorize/{userId}/{resourceType}/create	/authorize/{}/{}/create	indirect-fiat	com.netflix.spinnaker.fiat.shared.FiatService	dropped family (owner ruling 2026-09-12)
1.34.3	echo	fiat	POST	/_calls/fiat/roles/sync	/roles/sync	indirect-fiat	com.netflix.spinnaker.fiat.shared.FiatService	dropped family (owner ruling 2026-09-12)
1.34.3	echo	fiat	POST	/_calls/fiat/roles/sync/serviceAccount/{serviceAccountId}	/roles/sync/serviceAccount/{}	indirect-fiat	com.netflix.spinnaker.fiat.shared.FiatService	dropped family (owner ruling 2026-09-12)
1.34.3	echo	fiat	POST	/_calls/fiat/roles/{userId}	/roles/{}	indirect-fiat	com.netflix.spinnaker.fiat.shared.FiatService	dropped family (owner ruling 2026-09-12)
1.34.3	echo	fiat	PUT	/_calls/fiat/roles/{userId}	/roles/{}	indirect-fiat	com.netflix.spinnaker.fiat.shared.FiatService	dropped family (owner ruling 2026-09-12)
1.34.3	igor	fiat	DELETE	/_calls/fiat/roles/{userId}	/roles/{}	indirect-fiat	com.netflix.spinnaker.fiat.shared.FiatService	dropped family (owner ruling 2026-09-12)
1.34.3	igor	fiat	GET	/_calls/fiat/authorize/{userId}	/authorize/{}	indirect-fiat	com.netflix.spinnaker.fiat.shared.FiatService	dropped family (owner ruling 2026-09-12)
1.34.3	igor	fiat	GET	/_calls/fiat/authorize/{userId}/{resourceType}/{resourceName}/{authorization}	/authorize/{}/{}/{}/{}	indirect-fiat	com.netflix.spinnaker.fiat.shared.FiatService	dropped family (owner ruling 2026-09-12)
1.34.3	igor	fiat	POST	/_calls/fiat/authorize/{userId}/{resourceType}/create	/authorize/{}/{}/create	indirect-fiat	com.netflix.spinnaker.fiat.shared.FiatService	dropped family (owner ruling 2026-09-12)
1.34.3	igor	fiat	POST	/_calls/fiat/roles/sync	/roles/sync	indirect-fiat	com.netflix.spinnaker.fiat.shared.FiatService	dropped family (owner ruling 2026-09-12)
1.34.3	igor	fiat	POST	/_calls/fiat/roles/sync/serviceAccount/{serviceAccountId}	/roles/sync/serviceAccount/{}	indirect-fiat	com.netflix.spinnaker.fiat.shared.FiatService	dropped family (owner ruling 2026-09-12)
1.34.3	igor	fiat	POST	/_calls/fiat/roles/{userId}	/roles/{}	indirect-fiat	com.netflix.spinnaker.fiat.shared.FiatService	dropped family (owner ruling 2026-09-12)
1.34.3	igor	fiat	PUT	/_calls/fiat/roles/{userId}	/roles/{}	indirect-fiat	com.netflix.spinnaker.fiat.shared.FiatService	dropped family (owner ruling 2026-09-12)
1.34.3	clouddriver	front50	GET	/_calls/front50/pluginInfo	/pluginInfo	kork	com.netflix.spinnaker.kork.plugins.update.internal.Front50Service	dropped family (owner ruling 2026-09-12)
1.34.3	clouddriver	front50	GET	/_calls/front50/pluginInfo/{id}	/pluginInfo/{}	kork	com.netflix.spinnaker.kork.plugins.update.internal.Front50Service	dropped family (owner ruling 2026-09-12)
1.34.3	clouddriver	front50	PUT	/_calls/front50/pluginVersions/{serverGroupName}	/pluginVersions/{}	kork	com.netflix.spinnaker.kork.plugins.update.internal.Front50Service	dropped family (owner ruling 2026-09-12)
1.34.3	echo	front50	GET	/_calls/front50/pluginInfo	/pluginInfo	kork	com.netflix.spinnaker.kork.plugins.update.internal.Front50Service	dropped family (owner ruling 2026-09-12)
1.34.3	echo	front50	GET	/_calls/front50/pluginInfo/{id}	/pluginInfo/{}	kork	com.netflix.spinnaker.kork.plugins.update.internal.Front50Service	dropped family (owner ruling 2026-09-12)
1.34.3	echo	front50	PUT	/_calls/front50/pluginVersions/{serverGroupName}	/pluginVersions/{}	kork	com.netflix.spinnaker.kork.plugins.update.internal.Front50Service	dropped family (owner ruling 2026-09-12)
1.34.3	fiat	front50	GET	/_calls/front50/pluginInfo	/pluginInfo	kork	com.netflix.spinnaker.kork.plugins.update.internal.Front50Service	dropped family (owner ruling 2026-09-12)
1.34.3	fiat	front50	GET	/_calls/front50/pluginInfo/{id}	/pluginInfo/{}	kork	com.netflix.spinnaker.kork.plugins.update.internal.Front50Service	dropped family (owner ruling 2026-09-12)
1.34.3	fiat	front50	PUT	/_calls/front50/pluginVersions/{serverGroupName}	/pluginVersions/{}	kork	com.netflix.spinnaker.kork.plugins.update.internal.Front50Service	dropped family (owner ruling 2026-09-12)
1.34.3	front50	front50	GET	/_calls/front50/pluginInfo	/pluginInfo	kork	com.netflix.spinnaker.kork.plugins.update.internal.Front50Service	dropped family (owner ruling 2026-09-12)
1.34.3	front50	front50	GET	/_calls/front50/pluginInfo/{id}	/pluginInfo/{}	kork	com.netflix.spinnaker.kork.plugins.update.internal.Front50Service	dropped family (owner ruling 2026-09-12)
1.34.3	front50	front50	PUT	/_calls/front50/pluginVersions/{serverGroupName}	/pluginVersions/{}	kork	com.netflix.spinnaker.kork.plugins.update.internal.Front50Service	dropped family (owner ruling 2026-09-12)
1.34.3	gate	front50	GET	/_calls/front50/pluginInfo/{id}	/pluginInfo/{}	kork	com.netflix.spinnaker.kork.plugins.update.internal.Front50Service	dropped family (owner ruling 2026-09-12)
1.34.3	gate	front50	PUT	/_calls/front50/pluginVersions/{serverGroupName}	/pluginVersions/{}	kork	com.netflix.spinnaker.kork.plugins.update.internal.Front50Service	dropped family (owner ruling 2026-09-12)
1.34.3	igor	front50	GET	/_calls/front50/pluginInfo/{id}	/pluginInfo/{}	kork	com.netflix.spinnaker.kork.plugins.update.internal.Front50Service	dropped family (owner ruling 2026-09-12)
1.34.3	igor	front50	PUT	/_calls/front50/pluginVersions/{serverGroupName}	/pluginVersions/{}	kork	com.netflix.spinnaker.kork.plugins.update.internal.Front50Service	dropped family (owner ruling 2026-09-12)
1.34.3	kayenta	front50	GET	/_calls/front50/pluginInfo	/pluginInfo	kork	com.netflix.spinnaker.kork.plugins.update.internal.Front50Service	dropped family (owner ruling 2026-09-12)
1.34.3	kayenta	front50	GET	/_calls/front50/pluginInfo/{id}	/pluginInfo/{}	kork	com.netflix.spinnaker.kork.plugins.update.internal.Front50Service	dropped family (owner ruling 2026-09-12)
1.34.3	kayenta	front50	PUT	/_calls/front50/pluginVersions/{serverGroupName}	/pluginVersions/{}	kork	com.netflix.spinnaker.kork.plugins.update.internal.Front50Service	dropped family (owner ruling 2026-09-12)
1.34.3	orca	front50	GET	/_calls/front50/pluginInfo	/pluginInfo	kork	com.netflix.spinnaker.kork.plugins.update.internal.Front50Service	dropped family (owner ruling 2026-09-12)
1.34.3	orca	front50	GET	/_calls/front50/pluginInfo/{id}	/pluginInfo/{}	kork	com.netflix.spinnaker.kork.plugins.update.internal.Front50Service	dropped family (owner ruling 2026-09-12)
1.34.3	orca	front50	PUT	/_calls/front50/pluginVersions/{serverGroupName}	/pluginVersions/{}	kork	com.netflix.spinnaker.kork.plugins.update.internal.Front50Service	dropped family (owner ruling 2026-09-12)
1.34.3	rosco	front50	GET	/_calls/front50/pluginInfo	/pluginInfo	kork	com.netflix.spinnaker.kork.plugins.update.internal.Front50Service	dropped family (owner ruling 2026-09-12)
1.34.3	rosco	front50	GET	/_calls/front50/pluginInfo/{id}	/pluginInfo/{}	kork	com.netflix.spinnaker.kork.plugins.update.internal.Front50Service	dropped family (owner ruling 2026-09-12)
1.34.3	rosco	front50	PUT	/_calls/front50/pluginVersions/{serverGroupName}	/pluginVersions/{}	kork	com.netflix.spinnaker.kork.plugins.update.internal.Front50Service	dropped family (owner ruling 2026-09-12)
1.34.3	echo	keel	POST	/_calls/keel/artifacts/events	/artifacts/events	out-of-mesh	com.netflix.spinnaker.echo.services.KeelService	
1.34.3	gate	keel	DELETE	/_calls/keel/application/{application}/config	/application/{}/config	out-of-mesh	com.netflix.spinnaker.gate.services.internal.KeelService	
1.34.3	gate	keel	DELETE	/_calls/keel/application/{application}/pause	/application/{}/pause	out-of-mesh	com.netflix.spinnaker.gate.services.internal.KeelService	
1.34.3	gate	keel	DELETE	/_calls/keel/application/{application}/pin/{targetEnvironment}	/application/{}/pin/{}	out-of-mesh	com.netflix.spinnaker.gate.services.internal.KeelService	
1.34.3	gate	keel	DELETE	/_calls/keel/application/{application}/veto/{targetEnvironment}/{reference}/{version}	/application/{}/veto/{}/{}/{}	out-of-mesh	com.netflix.spinnaker.gate.services.internal.KeelService	
1.34.3	gate	keel	DELETE	/_calls/keel/delivery-configs/{name}	/delivery-configs/{}	out-of-mesh	com.netflix.spinnaker.gate.services.internal.KeelService	
1.34.3	gate	keel	DELETE	/_calls/keel/resources/{name}	/resources/{}	out-of-mesh	com.netflix.spinnaker.gate.services.internal.KeelService	
1.34.3	gate	keel	DELETE	/_calls/keel/resources/{name}/pause	/resources/{}/pause	out-of-mesh	com.netflix.spinnaker.gate.services.internal.KeelService	
1.34.3	gate	keel	GET	/_calls/keel/application/{application}	/application/{}	out-of-mesh	com.netflix.spinnaker.gate.services.internal.KeelService	
1.34.3	gate	keel	GET	/_calls/keel/application/{application}/config	/application/{}/config	out-of-mesh	com.netflix.spinnaker.gate.services.internal.KeelService	
1.34.3	gate	keel	GET	/_calls/keel/application/{application}/environment/{environment}/constraints	/application/{}/environment/{}/constraints	out-of-mesh	com.netflix.spinnaker.gate.services.internal.KeelService	
1.34.3	gate	keel	GET	/_calls/keel/delivery-configs/schema	/delivery-configs/schema	out-of-mesh	com.netflix.spinnaker.gate.services.internal.KeelService	
1.34.3	gate	keel	GET	/_calls/keel/delivery-configs/{name}	/delivery-configs/{}	out-of-mesh	com.netflix.spinnaker.gate.services.internal.KeelService	
1.34.3	gate	keel	GET	/_calls/keel/delivery-configs/{name}/artifacts	/delivery-configs/{}/artifacts	out-of-mesh	com.netflix.spinnaker.gate.services.internal.KeelService	
1.34.3	gate	keel	GET	/_calls/keel/environments/{application}	/environments/{}	out-of-mesh	com.netflix.spinnaker.gate.services.internal.KeelService	
1.34.3	gate	keel	GET	/_calls/keel/export/artifact/{cloudProvider}/{account}/{clusterName}	/export/artifact/{}/{}/{}	out-of-mesh	com.netflix.spinnaker.gate.services.internal.KeelService	
1.34.3	gate	keel	GET	/_calls/keel/export/{cloudProvider}/{account}/{type}/{name}	/export/{}/{}/{}/{}	out-of-mesh	com.netflix.spinnaker.gate.services.internal.KeelService	
1.34.3	gate	keel	GET	/_calls/keel/health	/health	out-of-mesh	com.netflix.spinnaker.gate.services.internal.HealthCheckableService	
1.34.3	gate	keel	GET	/_calls/keel/installedPlugins	/installedPlugins	out-of-mesh	com.netflix.spinnaker.gate.services.internal.KeelService	
1.34.3	gate	keel	GET	/_calls/keel/reports/adoption	/reports/adoption	out-of-mesh	com.netflix.spinnaker.gate.services.internal.KeelService	
1.34.3	gate	keel	GET	/_calls/keel/reports/onboarding	/reports/onboarding	out-of-mesh	com.netflix.spinnaker.gate.services.internal.KeelService	
1.34.3	gate	keel	GET	/_calls/keel/resources/events/{name}	/resources/events/{}	out-of-mesh	com.netflix.spinnaker.gate.services.internal.KeelService	
1.34.3	gate	keel	GET	/_calls/keel/resources/{name}	/resources/{}	out-of-mesh	com.netflix.spinnaker.gate.services.internal.KeelService	
1.34.3	gate	keel	GET	/_calls/keel/resources/{name}/status	/resources/{}/status	out-of-mesh	com.netflix.spinnaker.gate.services.internal.KeelService	
1.34.3	gate	keel	POST	/_calls/keel/application/{application}/environment/{environment}/constraint	/application/{}/environment/{}/constraint	out-of-mesh	com.netflix.spinnaker.gate.services.internal.KeelService	
1.34.3	gate	keel	POST	/_calls/keel/application/{application}/environment/{environment}/verifications	/application/{}/environment/{}/verifications	out-of-mesh	com.netflix.spinnaker.gate.services.internal.KeelService	
1.34.3	gate	keel	POST	/_calls/keel/application/{application}/environment/{environment}/verifications/retry	/application/{}/environment/{}/verifications/retry	out-of-mesh	com.netflix.spinnaker.gate.services.internal.KeelService	
1.34.3	gate	keel	POST	/_calls/keel/application/{application}/mark/bad	/application/{}/mark/bad	out-of-mesh	com.netflix.spinnaker.gate.services.internal.KeelService	
1.34.3	gate	keel	POST	/_calls/keel/application/{application}/mark/good	/application/{}/mark/good	out-of-mesh	com.netflix.spinnaker.gate.services.internal.KeelService	
1.34.3	gate	keel	POST	/_calls/keel/application/{application}/pause	/application/{}/pause	out-of-mesh	com.netflix.spinnaker.gate.services.internal.KeelService	
1.34.3	gate	keel	POST	/_calls/keel/application/{application}/pin	/application/{}/pin	out-of-mesh	com.netflix.spinnaker.gate.services.internal.KeelService	
1.34.3	gate	keel	POST	/_calls/keel/application/{application}/veto	/application/{}/veto	out-of-mesh	com.netflix.spinnaker.gate.services.internal.KeelService	
1.34.3	gate	keel	POST	/_calls/keel/delivery-configs	/delivery-configs	out-of-mesh	com.netflix.spinnaker.gate.services.internal.KeelService	
1.34.3	gate	keel	POST	/_calls/keel/delivery-configs/diff	/delivery-configs/diff	out-of-mesh	com.netflix.spinnaker.gate.services.internal.KeelService	
1.34.3	gate	keel	POST	/_calls/keel/delivery-configs/validate	/delivery-configs/validate	out-of-mesh	com.netflix.spinnaker.gate.services.internal.KeelService	
1.34.3	gate	keel	POST	/_calls/keel/graphql	/graphql	out-of-mesh	com.netflix.spinnaker.gate.services.internal.KeelService	
1.34.3	gate	keel	POST	/_calls/keel/resources	/resources	out-of-mesh	com.netflix.spinnaker.gate.services.internal.KeelService	
1.34.3	gate	keel	POST	/_calls/keel/resources/diff	/resources/diff	out-of-mesh	com.netflix.spinnaker.gate.services.internal.KeelService	
1.34.3	gate	keel	POST	/_calls/keel/resources/{name}/pause	/resources/{}/pause	out-of-mesh	com.netflix.spinnaker.gate.services.internal.KeelService	
1.34.3	igor	keel	POST	/_calls/keel/artifacts/events	/artifacts/events	out-of-mesh	com.netflix.spinnaker.igor.keel.KeelService	
1.34.3	orca	keel	DELETE	/_calls/keel/application/{application}/config	/application/{}/config	out-of-mesh	com.netflix.spinnaker.orca.KeelService	
1.34.3	orca	keel	POST	/_calls/keel/delivery-configs	/delivery-configs	out-of-mesh	com.netflix.spinnaker.orca.KeelService	
1.34.3	clouddriver	front50	GET	/_calls/front50/credentials	/credentials	stale	com.netflix.spinnaker.clouddriver.core.services.Front50Service	
1.34.3	echo	front50	POST	/_calls/front50/graphql	/graphql	stale	com.netflix.spinnaker.echo.services.Front50Service	
1.34.3	gate	clouddriver	GET	/_calls/clouddriver/applications/{name}/clusters/{account}/{cluster}/{type}/loadBalancers	/applications/{}/clusters/{}/{}/{}/loadBalancers	stale	com.netflix.spinnaker.gate.services.internal.ClouddriverService	
1.34.3	gate	clouddriver	POST	/_calls/clouddriver/applications/{name}/jobs/{account}/{region}/{jobName}	/applications/{}/jobs/{}/{}/{}	stale	com.netflix.spinnaker.gate.services.internal.ClouddriverService	
1.34.3	gate	front50	GET	/_calls/front50/credentials	/credentials	stale	com.netflix.spinnaker.gate.services.internal.Front50Service	
1.34.3	gate	front50	POST	/_calls/front50/pipelines/move	/pipelines/move	stale	com.netflix.spinnaker.gate.services.internal.Front50Service	
1.34.3	gate	front50	POST	/_calls/front50/strategies/move	/strategies/move	stale	com.netflix.spinnaker.gate.services.internal.Front50Service	
1.34.3	orca	echo	GET	/_calls/echo/events/recent/{type}/{since}	/events/recent/{}/{}	stale	com.netflix.spinnaker.orca.echo.EchoService	
1.34.3	orca	front50	GET	/_calls/front50/credentials	/credentials	stale	com.netflix.spinnaker.orca.front50.Front50Service	
1.34.4	gate	clouddriver	GET	/_calls/clouddriver/health	/health	actuator	com.netflix.spinnaker.gate.services.internal.HealthCheckableService	
1.34.4	gate	clouddriver	GET	/_calls/clouddriver/installedPlugins	/installedPlugins	actuator	com.netflix.spinnaker.gate.services.internal.ClouddriverService	
1.34.4	gate	echo	GET	/_calls/echo/health	/health	actuator	com.netflix.spinnaker.gate.services.internal.HealthCheckableService	
1.34.4	gate	echo	GET	/_calls/echo/installedPlugins	/installedPlugins	actuator	com.netflix.spinnaker.gate.services.internal.EchoService	
1.34.4	gate	fiat	GET	/_calls/fiat/installedPlugins	/installedPlugins	actuator	com.netflix.spinnaker.gate.services.internal.ExtendedFiatService	
1.34.4	gate	front50	GET	/_calls/front50/health	/health	actuator	com.netflix.spinnaker.gate.services.internal.HealthCheckableService	
1.34.4	gate	front50	GET	/_calls/front50/installedPlugins	/installedPlugins	actuator	com.netflix.spinnaker.gate.services.internal.Front50Service	
1.34.4	gate	igor	GET	/_calls/igor/health	/health	actuator	com.netflix.spinnaker.gate.services.internal.HealthCheckableService	
1.34.4	gate	igor	GET	/_calls/igor/installedPlugins	/installedPlugins	actuator	com.netflix.spinnaker.gate.services.internal.IgorService	
1.34.4	gate	orca	GET	/_calls/orca/health	/health	actuator	com.netflix.spinnaker.gate.services.internal.HealthCheckableService	
1.34.4	gate	orca	GET	/_calls/orca/installedPlugins	/installedPlugins	actuator	com.netflix.spinnaker.gate.services.internal.OrcaService	
1.34.4	gate	rosco	GET	/_calls/rosco/installedPlugins	/installedPlugins	actuator	com.netflix.spinnaker.gate.services.internal.RoscoService	
1.34.4	orca	clouddriver	PUT	/_calls/clouddriver/admin/db/truncate/{namespace}	/admin/db/truncate/{}	framework	com.netflix.spinnaker.orca.clouddriver.CloudDriverCacheService	excluded by provenance: PUT /admin/db/truncate/{}
1.34.4	clouddriver	fiat	DELETE	/_calls/fiat/roles/{userId}	/roles/{}	indirect-fiat	com.netflix.spinnaker.fiat.shared.FiatService	dropped family (owner ruling 2026-09-12)
1.34.4	clouddriver	fiat	GET	/_calls/fiat/authorize/{userId}	/authorize/{}	indirect-fiat	com.netflix.spinnaker.fiat.shared.FiatService	dropped family (owner ruling 2026-09-12)
1.34.4	clouddriver	fiat	GET	/_calls/fiat/authorize/{userId}/{resourceType}/{resourceName}/{authorization}	/authorize/{}/{}/{}/{}	indirect-fiat	com.netflix.spinnaker.fiat.shared.FiatService	dropped family (owner ruling 2026-09-12)
1.34.4	clouddriver	fiat	POST	/_calls/fiat/authorize/{userId}/{resourceType}/create	/authorize/{}/{}/create	indirect-fiat	com.netflix.spinnaker.fiat.shared.FiatService	dropped family (owner ruling 2026-09-12)
1.34.4	clouddriver	fiat	POST	/_calls/fiat/roles/sync	/roles/sync	indirect-fiat	com.netflix.spinnaker.fiat.shared.FiatService	dropped family (owner ruling 2026-09-12)
1.34.4	clouddriver	fiat	POST	/_calls/fiat/roles/sync/serviceAccount/{serviceAccountId}	/roles/sync/serviceAccount/{}	indirect-fiat	com.netflix.spinnaker.fiat.shared.FiatService	dropped family (owner ruling 2026-09-12)
1.34.4	clouddriver	fiat	POST	/_calls/fiat/roles/{userId}	/roles/{}	indirect-fiat	com.netflix.spinnaker.fiat.shared.FiatService	dropped family (owner ruling 2026-09-12)
1.34.4	clouddriver	fiat	PUT	/_calls/fiat/roles/{userId}	/roles/{}	indirect-fiat	com.netflix.spinnaker.fiat.shared.FiatService	dropped family (owner ruling 2026-09-12)
1.34.4	echo	fiat	DELETE	/_calls/fiat/roles/{userId}	/roles/{}	indirect-fiat	com.netflix.spinnaker.fiat.shared.FiatService	dropped family (owner ruling 2026-09-12)
1.34.4	echo	fiat	GET	/_calls/fiat/authorize/{userId}	/authorize/{}	indirect-fiat	com.netflix.spinnaker.fiat.shared.FiatService	dropped family (owner ruling 2026-09-12)
1.34.4	echo	fiat	GET	/_calls/fiat/authorize/{userId}/{resourceType}/{resourceName}/{authorization}	/authorize/{}/{}/{}/{}	indirect-fiat	com.netflix.spinnaker.fiat.shared.FiatService	dropped family (owner ruling 2026-09-12)
1.34.4	echo	fiat	POST	/_calls/fiat/authorize/{userId}/{resourceType}/create	/authorize/{}/{}/create	indirect-fiat	com.netflix.spinnaker.fiat.shared.FiatService	dropped family (owner ruling 2026-09-12)
1.34.4	echo	fiat	POST	/_calls/fiat/roles/sync	/roles/sync	indirect-fiat	com.netflix.spinnaker.fiat.shared.FiatService	dropped family (owner ruling 2026-09-12)
1.34.4	echo	fiat	POST	/_calls/fiat/roles/sync/serviceAccount/{serviceAccountId}	/roles/sync/serviceAccount/{}	indirect-fiat	com.netflix.spinnaker.fiat.shared.FiatService	dropped family (owner ruling 2026-09-12)
1.34.4	echo	fiat	POST	/_calls/fiat/roles/{userId}	/roles/{}	indirect-fiat	com.netflix.spinnaker.fiat.shared.FiatService	dropped family (owner ruling 2026-09-12)
1.34.4	echo	fiat	PUT	/_calls/fiat/roles/{userId}	/roles/{}	indirect-fiat	com.netflix.spinnaker.fiat.shared.FiatService	dropped family (owner ruling 2026-09-12)
1.34.4	igor	fiat	DELETE	/_calls/fiat/roles/{userId}	/roles/{}	indirect-fiat	com.netflix.spinnaker.fiat.shared.FiatService	dropped family (owner ruling 2026-09-12)
1.34.4	igor	fiat	GET	/_calls/fiat/authorize/{userId}	/authorize/{}	indirect-fiat	com.netflix.spinnaker.fiat.shared.FiatService	dropped family (owner ruling 2026-09-12)
1.34.4	igor	fiat	GET	/_calls/fiat/authorize/{userId}/{resourceType}/{resourceName}/{authorization}	/authorize/{}/{}/{}/{}	indirect-fiat	com.netflix.spinnaker.fiat.shared.FiatService	dropped family (owner ruling 2026-09-12)
1.34.4	igor	fiat	POST	/_calls/fiat/authorize/{userId}/{resourceType}/create	/authorize/{}/{}/create	indirect-fiat	com.netflix.spinnaker.fiat.shared.FiatService	dropped family (owner ruling 2026-09-12)
1.34.4	igor	fiat	POST	/_calls/fiat/roles/sync	/roles/sync	indirect-fiat	com.netflix.spinnaker.fiat.shared.FiatService	dropped family (owner ruling 2026-09-12)
1.34.4	igor	fiat	POST	/_calls/fiat/roles/sync/serviceAccount/{serviceAccountId}	/roles/sync/serviceAccount/{}	indirect-fiat	com.netflix.spinnaker.fiat.shared.FiatService	dropped family (owner ruling 2026-09-12)
1.34.4	igor	fiat	POST	/_calls/fiat/roles/{userId}	/roles/{}	indirect-fiat	com.netflix.spinnaker.fiat.shared.FiatService	dropped family (owner ruling 2026-09-12)
1.34.4	igor	fiat	PUT	/_calls/fiat/roles/{userId}	/roles/{}	indirect-fiat	com.netflix.spinnaker.fiat.shared.FiatService	dropped family (owner ruling 2026-09-12)
1.34.4	clouddriver	front50	GET	/_calls/front50/pluginInfo	/pluginInfo	kork	com.netflix.spinnaker.kork.plugins.update.internal.Front50Service	dropped family (owner ruling 2026-09-12)
1.34.4	clouddriver	front50	GET	/_calls/front50/pluginInfo/{id}	/pluginInfo/{}	kork	com.netflix.spinnaker.kork.plugins.update.internal.Front50Service	dropped family (owner ruling 2026-09-12)
1.34.4	clouddriver	front50	PUT	/_calls/front50/pluginVersions/{serverGroupName}	/pluginVersions/{}	kork	com.netflix.spinnaker.kork.plugins.update.internal.Front50Service	dropped family (owner ruling 2026-09-12)
1.34.4	echo	front50	GET	/_calls/front50/pluginInfo	/pluginInfo	kork	com.netflix.spinnaker.kork.plugins.update.internal.Front50Service	dropped family (owner ruling 2026-09-12)
1.34.4	echo	front50	GET	/_calls/front50/pluginInfo/{id}	/pluginInfo/{}	kork	com.netflix.spinnaker.kork.plugins.update.internal.Front50Service	dropped family (owner ruling 2026-09-12)
1.34.4	echo	front50	PUT	/_calls/front50/pluginVersions/{serverGroupName}	/pluginVersions/{}	kork	com.netflix.spinnaker.kork.plugins.update.internal.Front50Service	dropped family (owner ruling 2026-09-12)
1.34.4	fiat	front50	GET	/_calls/front50/pluginInfo	/pluginInfo	kork	com.netflix.spinnaker.kork.plugins.update.internal.Front50Service	dropped family (owner ruling 2026-09-12)
1.34.4	fiat	front50	GET	/_calls/front50/pluginInfo/{id}	/pluginInfo/{}	kork	com.netflix.spinnaker.kork.plugins.update.internal.Front50Service	dropped family (owner ruling 2026-09-12)
1.34.4	fiat	front50	PUT	/_calls/front50/pluginVersions/{serverGroupName}	/pluginVersions/{}	kork	com.netflix.spinnaker.kork.plugins.update.internal.Front50Service	dropped family (owner ruling 2026-09-12)
1.34.4	front50	front50	GET	/_calls/front50/pluginInfo	/pluginInfo	kork	com.netflix.spinnaker.kork.plugins.update.internal.Front50Service	dropped family (owner ruling 2026-09-12)
1.34.4	front50	front50	GET	/_calls/front50/pluginInfo/{id}	/pluginInfo/{}	kork	com.netflix.spinnaker.kork.plugins.update.internal.Front50Service	dropped family (owner ruling 2026-09-12)
1.34.4	front50	front50	PUT	/_calls/front50/pluginVersions/{serverGroupName}	/pluginVersions/{}	kork	com.netflix.spinnaker.kork.plugins.update.internal.Front50Service	dropped family (owner ruling 2026-09-12)
1.34.4	gate	front50	GET	/_calls/front50/pluginInfo/{id}	/pluginInfo/{}	kork	com.netflix.spinnaker.kork.plugins.update.internal.Front50Service	dropped family (owner ruling 2026-09-12)
1.34.4	gate	front50	PUT	/_calls/front50/pluginVersions/{serverGroupName}	/pluginVersions/{}	kork	com.netflix.spinnaker.kork.plugins.update.internal.Front50Service	dropped family (owner ruling 2026-09-12)
1.34.4	igor	front50	GET	/_calls/front50/pluginInfo/{id}	/pluginInfo/{}	kork	com.netflix.spinnaker.kork.plugins.update.internal.Front50Service	dropped family (owner ruling 2026-09-12)
1.34.4	igor	front50	PUT	/_calls/front50/pluginVersions/{serverGroupName}	/pluginVersions/{}	kork	com.netflix.spinnaker.kork.plugins.update.internal.Front50Service	dropped family (owner ruling 2026-09-12)
1.34.4	kayenta	front50	GET	/_calls/front50/pluginInfo	/pluginInfo	kork	com.netflix.spinnaker.kork.plugins.update.internal.Front50Service	dropped family (owner ruling 2026-09-12)
1.34.4	kayenta	front50	GET	/_calls/front50/pluginInfo/{id}	/pluginInfo/{}	kork	com.netflix.spinnaker.kork.plugins.update.internal.Front50Service	dropped family (owner ruling 2026-09-12)
1.34.4	kayenta	front50	PUT	/_calls/front50/pluginVersions/{serverGroupName}	/pluginVersions/{}	kork	com.netflix.spinnaker.kork.plugins.update.internal.Front50Service	dropped family (owner ruling 2026-09-12)
1.34.4	orca	front50	GET	/_calls/front50/pluginInfo	/pluginInfo	kork	com.netflix.spinnaker.kork.plugins.update.internal.Front50Service	dropped family (owner ruling 2026-09-12)
1.34.4	orca	front50	GET	/_calls/front50/pluginInfo/{id}	/pluginInfo/{}	kork	com.netflix.spinnaker.kork.plugins.update.internal.Front50Service	dropped family (owner ruling 2026-09-12)
1.34.4	orca	front50	PUT	/_calls/front50/pluginVersions/{serverGroupName}	/pluginVersions/{}	kork	com.netflix.spinnaker.kork.plugins.update.internal.Front50Service	dropped family (owner ruling 2026-09-12)
1.34.4	rosco	front50	GET	/_calls/front50/pluginInfo	/pluginInfo	kork	com.netflix.spinnaker.kork.plugins.update.internal.Front50Service	dropped family (owner ruling 2026-09-12)
1.34.4	rosco	front50	GET	/_calls/front50/pluginInfo/{id}	/pluginInfo/{}	kork	com.netflix.spinnaker.kork.plugins.update.internal.Front50Service	dropped family (owner ruling 2026-09-12)
1.34.4	rosco	front50	PUT	/_calls/front50/pluginVersions/{serverGroupName}	/pluginVersions/{}	kork	com.netflix.spinnaker.kork.plugins.update.internal.Front50Service	dropped family (owner ruling 2026-09-12)
1.34.4	echo	keel	POST	/_calls/keel/artifacts/events	/artifacts/events	out-of-mesh	com.netflix.spinnaker.echo.services.KeelService	
1.34.4	gate	keel	DELETE	/_calls/keel/application/{application}/config	/application/{}/config	out-of-mesh	com.netflix.spinnaker.gate.services.internal.KeelService	
1.34.4	gate	keel	DELETE	/_calls/keel/application/{application}/pause	/application/{}/pause	out-of-mesh	com.netflix.spinnaker.gate.services.internal.KeelService	
1.34.4	gate	keel	DELETE	/_calls/keel/application/{application}/pin/{targetEnvironment}	/application/{}/pin/{}	out-of-mesh	com.netflix.spinnaker.gate.services.internal.KeelService	
1.34.4	gate	keel	DELETE	/_calls/keel/application/{application}/veto/{targetEnvironment}/{reference}/{version}	/application/{}/veto/{}/{}/{}	out-of-mesh	com.netflix.spinnaker.gate.services.internal.KeelService	
1.34.4	gate	keel	DELETE	/_calls/keel/delivery-configs/{name}	/delivery-configs/{}	out-of-mesh	com.netflix.spinnaker.gate.services.internal.KeelService	
1.34.4	gate	keel	DELETE	/_calls/keel/resources/{name}	/resources/{}	out-of-mesh	com.netflix.spinnaker.gate.services.internal.KeelService	
1.34.4	gate	keel	DELETE	/_calls/keel/resources/{name}/pause	/resources/{}/pause	out-of-mesh	com.netflix.spinnaker.gate.services.internal.KeelService	
1.34.4	gate	keel	GET	/_calls/keel/application/{application}	/application/{}	out-of-mesh	com.netflix.spinnaker.gate.services.internal.KeelService	
1.34.4	gate	keel	GET	/_calls/keel/application/{application}/config	/application/{}/config	out-of-mesh	com.netflix.spinnaker.gate.services.internal.KeelService	
1.34.4	gate	keel	GET	/_calls/keel/application/{application}/environment/{environment}/constraints	/application/{}/environment/{}/constraints	out-of-mesh	com.netflix.spinnaker.gate.services.internal.KeelService	
1.34.4	gate	keel	GET	/_calls/keel/delivery-configs/schema	/delivery-configs/schema	out-of-mesh	com.netflix.spinnaker.gate.services.internal.KeelService	
1.34.4	gate	keel	GET	/_calls/keel/delivery-configs/{name}	/delivery-configs/{}	out-of-mesh	com.netflix.spinnaker.gate.services.internal.KeelService	
1.34.4	gate	keel	GET	/_calls/keel/delivery-configs/{name}/artifacts	/delivery-configs/{}/artifacts	out-of-mesh	com.netflix.spinnaker.gate.services.internal.KeelService	
1.34.4	gate	keel	GET	/_calls/keel/environments/{application}	/environments/{}	out-of-mesh	com.netflix.spinnaker.gate.services.internal.KeelService	
1.34.4	gate	keel	GET	/_calls/keel/export/artifact/{cloudProvider}/{account}/{clusterName}	/export/artifact/{}/{}/{}	out-of-mesh	com.netflix.spinnaker.gate.services.internal.KeelService	
1.34.4	gate	keel	GET	/_calls/keel/export/{cloudProvider}/{account}/{type}/{name}	/export/{}/{}/{}/{}	out-of-mesh	com.netflix.spinnaker.gate.services.internal.KeelService	
1.34.4	gate	keel	GET	/_calls/keel/health	/health	out-of-mesh	com.netflix.spinnaker.gate.services.internal.HealthCheckableService	
1.34.4	gate	keel	GET	/_calls/keel/installedPlugins	/installedPlugins	out-of-mesh	com.netflix.spinnaker.gate.services.internal.KeelService	
1.34.4	gate	keel	GET	/_calls/keel/reports/adoption	/reports/adoption	out-of-mesh	com.netflix.spinnaker.gate.services.internal.KeelService	
1.34.4	gate	keel	GET	/_calls/keel/reports/onboarding	/reports/onboarding	out-of-mesh	com.netflix.spinnaker.gate.services.internal.KeelService	
1.34.4	gate	keel	GET	/_calls/keel/resources/events/{name}	/resources/events/{}	out-of-mesh	com.netflix.spinnaker.gate.services.internal.KeelService	
1.34.4	gate	keel	GET	/_calls/keel/resources/{name}	/resources/{}	out-of-mesh	com.netflix.spinnaker.gate.services.internal.KeelService	
1.34.4	gate	keel	GET	/_calls/keel/resources/{name}/status	/resources/{}/status	out-of-mesh	com.netflix.spinnaker.gate.services.internal.KeelService	
1.34.4	gate	keel	POST	/_calls/keel/application/{application}/environment/{environment}/constraint	/application/{}/environment/{}/constraint	out-of-mesh	com.netflix.spinnaker.gate.services.internal.KeelService	
1.34.4	gate	keel	POST	/_calls/keel/application/{application}/environment/{environment}/verifications	/application/{}/environment/{}/verifications	out-of-mesh	com.netflix.spinnaker.gate.services.internal.KeelService	
1.34.4	gate	keel	POST	/_calls/keel/application/{application}/environment/{environment}/verifications/retry	/application/{}/environment/{}/verifications/retry	out-of-mesh	com.netflix.spinnaker.gate.services.internal.KeelService	
1.34.4	gate	keel	POST	/_calls/keel/application/{application}/mark/bad	/application/{}/mark/bad	out-of-mesh	com.netflix.spinnaker.gate.services.internal.KeelService	
1.34.4	gate	keel	POST	/_calls/keel/application/{application}/mark/good	/application/{}/mark/good	out-of-mesh	com.netflix.spinnaker.gate.services.internal.KeelService	
1.34.4	gate	keel	POST	/_calls/keel/application/{application}/pause	/application/{}/pause	out-of-mesh	com.netflix.spinnaker.gate.services.internal.KeelService	
1.34.4	gate	keel	POST	/_calls/keel/application/{application}/pin	/application/{}/pin	out-of-mesh	com.netflix.spinnaker.gate.services.internal.KeelService	
1.34.4	gate	keel	POST	/_calls/keel/application/{application}/veto	/application/{}/veto	out-of-mesh	com.netflix.spinnaker.gate.services.internal.KeelService	
1.34.4	gate	keel	POST	/_calls/keel/delivery-configs	/delivery-configs	out-of-mesh	com.netflix.spinnaker.gate.services.internal.KeelService	
1.34.4	gate	keel	POST	/_calls/keel/delivery-configs/diff	/delivery-configs/diff	out-of-mesh	com.netflix.spinnaker.gate.services.internal.KeelService	
1.34.4	gate	keel	POST	/_calls/keel/delivery-configs/validate	/delivery-configs/validate	out-of-mesh	com.netflix.spinnaker.gate.services.internal.KeelService	
1.34.4	gate	keel	POST	/_calls/keel/graphql	/graphql	out-of-mesh	com.netflix.spinnaker.gate.services.internal.KeelService	
1.34.4	gate	keel	POST	/_calls/keel/resources	/resources	out-of-mesh	com.netflix.spinnaker.gate.services.internal.KeelService	
1.34.4	gate	keel	POST	/_calls/keel/resources/diff	/resources/diff	out-of-mesh	com.netflix.spinnaker.gate.services.internal.KeelService	
1.34.4	gate	keel	POST	/_calls/keel/resources/{name}/pause	/resources/{}/pause	out-of-mesh	com.netflix.spinnaker.gate.services.internal.KeelService	
1.34.4	igor	keel	POST	/_calls/keel/artifacts/events	/artifacts/events	out-of-mesh	com.netflix.spinnaker.igor.keel.KeelService	
1.34.4	orca	keel	DELETE	/_calls/keel/application/{application}/config	/application/{}/config	out-of-mesh	com.netflix.spinnaker.orca.KeelService	
1.34.4	orca	keel	POST	/_calls/keel/delivery-configs	/delivery-configs	out-of-mesh	com.netflix.spinnaker.orca.KeelService	
1.34.4	clouddriver	front50	GET	/_calls/front50/credentials	/credentials	stale	com.netflix.spinnaker.clouddriver.core.services.Front50Service	
1.34.4	echo	front50	POST	/_calls/front50/graphql	/graphql	stale	com.netflix.spinnaker.echo.services.Front50Service	
1.34.4	gate	clouddriver	GET	/_calls/clouddriver/applications/{name}/clusters/{account}/{cluster}/{type}/loadBalancers	/applications/{}/clusters/{}/{}/{}/loadBalancers	stale	com.netflix.spinnaker.gate.services.internal.ClouddriverService	
1.34.4	gate	clouddriver	POST	/_calls/clouddriver/applications/{name}/jobs/{account}/{region}/{jobName}	/applications/{}/jobs/{}/{}/{}	stale	com.netflix.spinnaker.gate.services.internal.ClouddriverService	
1.34.4	gate	front50	GET	/_calls/front50/credentials	/credentials	stale	com.netflix.spinnaker.gate.services.internal.Front50Service	
1.34.4	gate	front50	POST	/_calls/front50/pipelines/move	/pipelines/move	stale	com.netflix.spinnaker.gate.services.internal.Front50Service	
1.34.4	gate	front50	POST	/_calls/front50/strategies/move	/strategies/move	stale	com.netflix.spinnaker.gate.services.internal.Front50Service	
1.34.4	orca	echo	GET	/_calls/echo/events/recent/{type}/{since}	/events/recent/{}/{}	stale	com.netflix.spinnaker.orca.echo.EchoService	
1.34.4	orca	front50	GET	/_calls/front50/credentials	/credentials	stale	com.netflix.spinnaker.orca.front50.Front50Service	
1.34.5	gate	clouddriver	GET	/_calls/clouddriver/health	/health	actuator	com.netflix.spinnaker.gate.services.internal.HealthCheckableService	
1.34.5	gate	clouddriver	GET	/_calls/clouddriver/installedPlugins	/installedPlugins	actuator	com.netflix.spinnaker.gate.services.internal.ClouddriverService	
1.34.5	gate	echo	GET	/_calls/echo/health	/health	actuator	com.netflix.spinnaker.gate.services.internal.HealthCheckableService	
1.34.5	gate	echo	GET	/_calls/echo/installedPlugins	/installedPlugins	actuator	com.netflix.spinnaker.gate.services.internal.EchoService	
1.34.5	gate	fiat	GET	/_calls/fiat/installedPlugins	/installedPlugins	actuator	com.netflix.spinnaker.gate.services.internal.ExtendedFiatService	
1.34.5	gate	front50	GET	/_calls/front50/health	/health	actuator	com.netflix.spinnaker.gate.services.internal.HealthCheckableService	
1.34.5	gate	front50	GET	/_calls/front50/installedPlugins	/installedPlugins	actuator	com.netflix.spinnaker.gate.services.internal.Front50Service	
1.34.5	gate	igor	GET	/_calls/igor/health	/health	actuator	com.netflix.spinnaker.gate.services.internal.HealthCheckableService	
1.34.5	gate	igor	GET	/_calls/igor/installedPlugins	/installedPlugins	actuator	com.netflix.spinnaker.gate.services.internal.IgorService	
1.34.5	gate	orca	GET	/_calls/orca/health	/health	actuator	com.netflix.spinnaker.gate.services.internal.HealthCheckableService	
1.34.5	gate	orca	GET	/_calls/orca/installedPlugins	/installedPlugins	actuator	com.netflix.spinnaker.gate.services.internal.OrcaService	
1.34.5	gate	rosco	GET	/_calls/rosco/installedPlugins	/installedPlugins	actuator	com.netflix.spinnaker.gate.services.internal.RoscoService	
1.34.5	orca	clouddriver	PUT	/_calls/clouddriver/admin/db/truncate/{namespace}	/admin/db/truncate/{}	framework	com.netflix.spinnaker.orca.clouddriver.CloudDriverCacheService	excluded by provenance: PUT /admin/db/truncate/{}
1.34.5	clouddriver	fiat	DELETE	/_calls/fiat/roles/{userId}	/roles/{}	indirect-fiat	com.netflix.spinnaker.fiat.shared.FiatService	dropped family (owner ruling 2026-09-12)
1.34.5	clouddriver	fiat	GET	/_calls/fiat/authorize/{userId}	/authorize/{}	indirect-fiat	com.netflix.spinnaker.fiat.shared.FiatService	dropped family (owner ruling 2026-09-12)
1.34.5	clouddriver	fiat	GET	/_calls/fiat/authorize/{userId}/{resourceType}/{resourceName}/{authorization}	/authorize/{}/{}/{}/{}	indirect-fiat	com.netflix.spinnaker.fiat.shared.FiatService	dropped family (owner ruling 2026-09-12)
1.34.5	clouddriver	fiat	POST	/_calls/fiat/authorize/{userId}/{resourceType}/create	/authorize/{}/{}/create	indirect-fiat	com.netflix.spinnaker.fiat.shared.FiatService	dropped family (owner ruling 2026-09-12)
1.34.5	clouddriver	fiat	POST	/_calls/fiat/roles/sync	/roles/sync	indirect-fiat	com.netflix.spinnaker.fiat.shared.FiatService	dropped family (owner ruling 2026-09-12)
1.34.5	clouddriver	fiat	POST	/_calls/fiat/roles/sync/serviceAccount/{serviceAccountId}	/roles/sync/serviceAccount/{}	indirect-fiat	com.netflix.spinnaker.fiat.shared.FiatService	dropped family (owner ruling 2026-09-12)
1.34.5	clouddriver	fiat	POST	/_calls/fiat/roles/{userId}	/roles/{}	indirect-fiat	com.netflix.spinnaker.fiat.shared.FiatService	dropped family (owner ruling 2026-09-12)
1.34.5	clouddriver	fiat	PUT	/_calls/fiat/roles/{userId}	/roles/{}	indirect-fiat	com.netflix.spinnaker.fiat.shared.FiatService	dropped family (owner ruling 2026-09-12)
1.34.5	echo	fiat	DELETE	/_calls/fiat/roles/{userId}	/roles/{}	indirect-fiat	com.netflix.spinnaker.fiat.shared.FiatService	dropped family (owner ruling 2026-09-12)
1.34.5	echo	fiat	GET	/_calls/fiat/authorize/{userId}	/authorize/{}	indirect-fiat	com.netflix.spinnaker.fiat.shared.FiatService	dropped family (owner ruling 2026-09-12)
1.34.5	echo	fiat	GET	/_calls/fiat/authorize/{userId}/{resourceType}/{resourceName}/{authorization}	/authorize/{}/{}/{}/{}	indirect-fiat	com.netflix.spinnaker.fiat.shared.FiatService	dropped family (owner ruling 2026-09-12)
1.34.5	echo	fiat	POST	/_calls/fiat/authorize/{userId}/{resourceType}/create	/authorize/{}/{}/create	indirect-fiat	com.netflix.spinnaker.fiat.shared.FiatService	dropped family (owner ruling 2026-09-12)
1.34.5	echo	fiat	POST	/_calls/fiat/roles/sync	/roles/sync	indirect-fiat	com.netflix.spinnaker.fiat.shared.FiatService	dropped family (owner ruling 2026-09-12)
1.34.5	echo	fiat	POST	/_calls/fiat/roles/sync/serviceAccount/{serviceAccountId}	/roles/sync/serviceAccount/{}	indirect-fiat	com.netflix.spinnaker.fiat.shared.FiatService	dropped family (owner ruling 2026-09-12)
1.34.5	echo	fiat	POST	/_calls/fiat/roles/{userId}	/roles/{}	indirect-fiat	com.netflix.spinnaker.fiat.shared.FiatService	dropped family (owner ruling 2026-09-12)
1.34.5	echo	fiat	PUT	/_calls/fiat/roles/{userId}	/roles/{}	indirect-fiat	com.netflix.spinnaker.fiat.shared.FiatService	dropped family (owner ruling 2026-09-12)
1.34.5	igor	fiat	DELETE	/_calls/fiat/roles/{userId}	/roles/{}	indirect-fiat	com.netflix.spinnaker.fiat.shared.FiatService	dropped family (owner ruling 2026-09-12)
1.34.5	igor	fiat	GET	/_calls/fiat/authorize/{userId}	/authorize/{}	indirect-fiat	com.netflix.spinnaker.fiat.shared.FiatService	dropped family (owner ruling 2026-09-12)
1.34.5	igor	fiat	GET	/_calls/fiat/authorize/{userId}/{resourceType}/{resourceName}/{authorization}	/authorize/{}/{}/{}/{}	indirect-fiat	com.netflix.spinnaker.fiat.shared.FiatService	dropped family (owner ruling 2026-09-12)
1.34.5	igor	fiat	POST	/_calls/fiat/authorize/{userId}/{resourceType}/create	/authorize/{}/{}/create	indirect-fiat	com.netflix.spinnaker.fiat.shared.FiatService	dropped family (owner ruling 2026-09-12)
1.34.5	igor	fiat	POST	/_calls/fiat/roles/sync	/roles/sync	indirect-fiat	com.netflix.spinnaker.fiat.shared.FiatService	dropped family (owner ruling 2026-09-12)
1.34.5	igor	fiat	POST	/_calls/fiat/roles/sync/serviceAccount/{serviceAccountId}	/roles/sync/serviceAccount/{}	indirect-fiat	com.netflix.spinnaker.fiat.shared.FiatService	dropped family (owner ruling 2026-09-12)
1.34.5	igor	fiat	POST	/_calls/fiat/roles/{userId}	/roles/{}	indirect-fiat	com.netflix.spinnaker.fiat.shared.FiatService	dropped family (owner ruling 2026-09-12)
1.34.5	igor	fiat	PUT	/_calls/fiat/roles/{userId}	/roles/{}	indirect-fiat	com.netflix.spinnaker.fiat.shared.FiatService	dropped family (owner ruling 2026-09-12)
1.34.5	clouddriver	front50	GET	/_calls/front50/pluginInfo	/pluginInfo	kork	com.netflix.spinnaker.kork.plugins.update.internal.Front50Service	dropped family (owner ruling 2026-09-12)
1.34.5	clouddriver	front50	GET	/_calls/front50/pluginInfo/{id}	/pluginInfo/{}	kork	com.netflix.spinnaker.kork.plugins.update.internal.Front50Service	dropped family (owner ruling 2026-09-12)
1.34.5	clouddriver	front50	PUT	/_calls/front50/pluginVersions/{serverGroupName}	/pluginVersions/{}	kork	com.netflix.spinnaker.kork.plugins.update.internal.Front50Service	dropped family (owner ruling 2026-09-12)
1.34.5	echo	front50	GET	/_calls/front50/pluginInfo	/pluginInfo	kork	com.netflix.spinnaker.kork.plugins.update.internal.Front50Service	dropped family (owner ruling 2026-09-12)
1.34.5	echo	front50	GET	/_calls/front50/pluginInfo/{id}	/pluginInfo/{}	kork	com.netflix.spinnaker.kork.plugins.update.internal.Front50Service	dropped family (owner ruling 2026-09-12)
1.34.5	echo	front50	PUT	/_calls/front50/pluginVersions/{serverGroupName}	/pluginVersions/{}	kork	com.netflix.spinnaker.kork.plugins.update.internal.Front50Service	dropped family (owner ruling 2026-09-12)
1.34.5	fiat	front50	GET	/_calls/front50/pluginInfo	/pluginInfo	kork	com.netflix.spinnaker.kork.plugins.update.internal.Front50Service	dropped family (owner ruling 2026-09-12)
1.34.5	fiat	front50	GET	/_calls/front50/pluginInfo/{id}	/pluginInfo/{}	kork	com.netflix.spinnaker.kork.plugins.update.internal.Front50Service	dropped family (owner ruling 2026-09-12)
1.34.5	fiat	front50	PUT	/_calls/front50/pluginVersions/{serverGroupName}	/pluginVersions/{}	kork	com.netflix.spinnaker.kork.plugins.update.internal.Front50Service	dropped family (owner ruling 2026-09-12)
1.34.5	front50	front50	GET	/_calls/front50/pluginInfo	/pluginInfo	kork	com.netflix.spinnaker.kork.plugins.update.internal.Front50Service	dropped family (owner ruling 2026-09-12)
1.34.5	front50	front50	GET	/_calls/front50/pluginInfo/{id}	/pluginInfo/{}	kork	com.netflix.spinnaker.kork.plugins.update.internal.Front50Service	dropped family (owner ruling 2026-09-12)
1.34.5	front50	front50	PUT	/_calls/front50/pluginVersions/{serverGroupName}	/pluginVersions/{}	kork	com.netflix.spinnaker.kork.plugins.update.internal.Front50Service	dropped family (owner ruling 2026-09-12)
1.34.5	gate	front50	GET	/_calls/front50/pluginInfo/{id}	/pluginInfo/{}	kork	com.netflix.spinnaker.kork.plugins.update.internal.Front50Service	dropped family (owner ruling 2026-09-12)
1.34.5	gate	front50	PUT	/_calls/front50/pluginVersions/{serverGroupName}	/pluginVersions/{}	kork	com.netflix.spinnaker.kork.plugins.update.internal.Front50Service	dropped family (owner ruling 2026-09-12)
1.34.5	igor	front50	GET	/_calls/front50/pluginInfo/{id}	/pluginInfo/{}	kork	com.netflix.spinnaker.kork.plugins.update.internal.Front50Service	dropped family (owner ruling 2026-09-12)
1.34.5	igor	front50	PUT	/_calls/front50/pluginVersions/{serverGroupName}	/pluginVersions/{}	kork	com.netflix.spinnaker.kork.plugins.update.internal.Front50Service	dropped family (owner ruling 2026-09-12)
1.34.5	kayenta	front50	GET	/_calls/front50/pluginInfo	/pluginInfo	kork	com.netflix.spinnaker.kork.plugins.update.internal.Front50Service	dropped family (owner ruling 2026-09-12)
1.34.5	kayenta	front50	GET	/_calls/front50/pluginInfo/{id}	/pluginInfo/{}	kork	com.netflix.spinnaker.kork.plugins.update.internal.Front50Service	dropped family (owner ruling 2026-09-12)
1.34.5	kayenta	front50	PUT	/_calls/front50/pluginVersions/{serverGroupName}	/pluginVersions/{}	kork	com.netflix.spinnaker.kork.plugins.update.internal.Front50Service	dropped family (owner ruling 2026-09-12)
1.34.5	orca	front50	GET	/_calls/front50/pluginInfo	/pluginInfo	kork	com.netflix.spinnaker.kork.plugins.update.internal.Front50Service	dropped family (owner ruling 2026-09-12)
1.34.5	orca	front50	GET	/_calls/front50/pluginInfo/{id}	/pluginInfo/{}	kork	com.netflix.spinnaker.kork.plugins.update.internal.Front50Service	dropped family (owner ruling 2026-09-12)
1.34.5	orca	front50	PUT	/_calls/front50/pluginVersions/{serverGroupName}	/pluginVersions/{}	kork	com.netflix.spinnaker.kork.plugins.update.internal.Front50Service	dropped family (owner ruling 2026-09-12)
1.34.5	rosco	front50	GET	/_calls/front50/pluginInfo	/pluginInfo	kork	com.netflix.spinnaker.kork.plugins.update.internal.Front50Service	dropped family (owner ruling 2026-09-12)
1.34.5	rosco	front50	GET	/_calls/front50/pluginInfo/{id}	/pluginInfo/{}	kork	com.netflix.spinnaker.kork.plugins.update.internal.Front50Service	dropped family (owner ruling 2026-09-12)
1.34.5	rosco	front50	PUT	/_calls/front50/pluginVersions/{serverGroupName}	/pluginVersions/{}	kork	com.netflix.spinnaker.kork.plugins.update.internal.Front50Service	dropped family (owner ruling 2026-09-12)
1.34.5	echo	keel	POST	/_calls/keel/artifacts/events	/artifacts/events	out-of-mesh	com.netflix.spinnaker.echo.services.KeelService	
1.34.5	gate	keel	DELETE	/_calls/keel/application/{application}/config	/application/{}/config	out-of-mesh	com.netflix.spinnaker.gate.services.internal.KeelService	
1.34.5	gate	keel	DELETE	/_calls/keel/application/{application}/pause	/application/{}/pause	out-of-mesh	com.netflix.spinnaker.gate.services.internal.KeelService	
1.34.5	gate	keel	DELETE	/_calls/keel/application/{application}/pin/{targetEnvironment}	/application/{}/pin/{}	out-of-mesh	com.netflix.spinnaker.gate.services.internal.KeelService	
1.34.5	gate	keel	DELETE	/_calls/keel/application/{application}/veto/{targetEnvironment}/{reference}/{version}	/application/{}/veto/{}/{}/{}	out-of-mesh	com.netflix.spinnaker.gate.services.internal.KeelService	
1.34.5	gate	keel	DELETE	/_calls/keel/delivery-configs/{name}	/delivery-configs/{}	out-of-mesh	com.netflix.spinnaker.gate.services.internal.KeelService	
1.34.5	gate	keel	DELETE	/_calls/keel/resources/{name}	/resources/{}	out-of-mesh	com.netflix.spinnaker.gate.services.internal.KeelService	
1.34.5	gate	keel	DELETE	/_calls/keel/resources/{name}/pause	/resources/{}/pause	out-of-mesh	com.netflix.spinnaker.gate.services.internal.KeelService	
1.34.5	gate	keel	GET	/_calls/keel/application/{application}	/application/{}	out-of-mesh	com.netflix.spinnaker.gate.services.internal.KeelService	
1.34.5	gate	keel	GET	/_calls/keel/application/{application}/config	/application/{}/config	out-of-mesh	com.netflix.spinnaker.gate.services.internal.KeelService	
1.34.5	gate	keel	GET	/_calls/keel/application/{application}/environment/{environment}/constraints	/application/{}/environment/{}/constraints	out-of-mesh	com.netflix.spinnaker.gate.services.internal.KeelService	
1.34.5	gate	keel	GET	/_calls/keel/delivery-configs/schema	/delivery-configs/schema	out-of-mesh	com.netflix.spinnaker.gate.services.internal.KeelService	
1.34.5	gate	keel	GET	/_calls/keel/delivery-configs/{name}	/delivery-configs/{}	out-of-mesh	com.netflix.spinnaker.gate.services.internal.KeelService	
1.34.5	gate	keel	GET	/_calls/keel/delivery-configs/{name}/artifacts	/delivery-configs/{}/artifacts	out-of-mesh	com.netflix.spinnaker.gate.services.internal.KeelService	
1.34.5	gate	keel	GET	/_calls/keel/environments/{application}	/environments/{}	out-of-mesh	com.netflix.spinnaker.gate.services.internal.KeelService	
1.34.5	gate	keel	GET	/_calls/keel/export/artifact/{cloudProvider}/{account}/{clusterName}	/export/artifact/{}/{}/{}	out-of-mesh	com.netflix.spinnaker.gate.services.internal.KeelService	
1.34.5	gate	keel	GET	/_calls/keel/export/{cloudProvider}/{account}/{type}/{name}	/export/{}/{}/{}/{}	out-of-mesh	com.netflix.spinnaker.gate.services.internal.KeelService	
1.34.5	gate	keel	GET	/_calls/keel/health	/health	out-of-mesh	com.netflix.spinnaker.gate.services.internal.HealthCheckableService	
1.34.5	gate	keel	GET	/_calls/keel/installedPlugins	/installedPlugins	out-of-mesh	com.netflix.spinnaker.gate.services.internal.KeelService	
1.34.5	gate	keel	GET	/_calls/keel/reports/adoption	/reports/adoption	out-of-mesh	com.netflix.spinnaker.gate.services.internal.KeelService	
1.34.5	gate	keel	GET	/_calls/keel/reports/onboarding	/reports/onboarding	out-of-mesh	com.netflix.spinnaker.gate.services.internal.KeelService	
1.34.5	gate	keel	GET	/_calls/keel/resources/events/{name}	/resources/events/{}	out-of-mesh	com.netflix.spinnaker.gate.services.internal.KeelService	
1.34.5	gate	keel	GET	/_calls/keel/resources/{name}	/resources/{}	out-of-mesh	com.netflix.spinnaker.gate.services.internal.KeelService	
1.34.5	gate	keel	GET	/_calls/keel/resources/{name}/status	/resources/{}/status	out-of-mesh	com.netflix.spinnaker.gate.services.internal.KeelService	
1.34.5	gate	keel	POST	/_calls/keel/application/{application}/environment/{environment}/constraint	/application/{}/environment/{}/constraint	out-of-mesh	com.netflix.spinnaker.gate.services.internal.KeelService	
1.34.5	gate	keel	POST	/_calls/keel/application/{application}/environment/{environment}/verifications	/application/{}/environment/{}/verifications	out-of-mesh	com.netflix.spinnaker.gate.services.internal.KeelService	
1.34.5	gate	keel	POST	/_calls/keel/application/{application}/environment/{environment}/verifications/retry	/application/{}/environment/{}/verifications/retry	out-of-mesh	com.netflix.spinnaker.gate.services.internal.KeelService	
1.34.5	gate	keel	POST	/_calls/keel/application/{application}/mark/bad	/application/{}/mark/bad	out-of-mesh	com.netflix.spinnaker.gate.services.internal.KeelService	
1.34.5	gate	keel	POST	/_calls/keel/application/{application}/mark/good	/application/{}/mark/good	out-of-mesh	com.netflix.spinnaker.gate.services.internal.KeelService	
1.34.5	gate	keel	POST	/_calls/keel/application/{application}/pause	/application/{}/pause	out-of-mesh	com.netflix.spinnaker.gate.services.internal.KeelService	
1.34.5	gate	keel	POST	/_calls/keel/application/{application}/pin	/application/{}/pin	out-of-mesh	com.netflix.spinnaker.gate.services.internal.KeelService	
1.34.5	gate	keel	POST	/_calls/keel/application/{application}/veto	/application/{}/veto	out-of-mesh	com.netflix.spinnaker.gate.services.internal.KeelService	
1.34.5	gate	keel	POST	/_calls/keel/delivery-configs	/delivery-configs	out-of-mesh	com.netflix.spinnaker.gate.services.internal.KeelService	
1.34.5	gate	keel	POST	/_calls/keel/delivery-configs/diff	/delivery-configs/diff	out-of-mesh	com.netflix.spinnaker.gate.services.internal.KeelService	
1.34.5	gate	keel	POST	/_calls/keel/delivery-configs/validate	/delivery-configs/validate	out-of-mesh	com.netflix.spinnaker.gate.services.internal.KeelService	
1.34.5	gate	keel	POST	/_calls/keel/graphql	/graphql	out-of-mesh	com.netflix.spinnaker.gate.services.internal.KeelService	
1.34.5	gate	keel	POST	/_calls/keel/resources	/resources	out-of-mesh	com.netflix.spinnaker.gate.services.internal.KeelService	
1.34.5	gate	keel	POST	/_calls/keel/resources/diff	/resources/diff	out-of-mesh	com.netflix.spinnaker.gate.services.internal.KeelService	
1.34.5	gate	keel	POST	/_calls/keel/resources/{name}/pause	/resources/{}/pause	out-of-mesh	com.netflix.spinnaker.gate.services.internal.KeelService	
1.34.5	igor	keel	POST	/_calls/keel/artifacts/events	/artifacts/events	out-of-mesh	com.netflix.spinnaker.igor.keel.KeelService	
1.34.5	orca	keel	DELETE	/_calls/keel/application/{application}/config	/application/{}/config	out-of-mesh	com.netflix.spinnaker.orca.KeelService	
1.34.5	orca	keel	POST	/_calls/keel/delivery-configs	/delivery-configs	out-of-mesh	com.netflix.spinnaker.orca.KeelService	
1.34.5	clouddriver	front50	GET	/_calls/front50/credentials	/credentials	stale	com.netflix.spinnaker.clouddriver.core.services.Front50Service	
1.34.5	echo	front50	POST	/_calls/front50/graphql	/graphql	stale	com.netflix.spinnaker.echo.services.Front50Service	
1.34.5	gate	clouddriver	GET	/_calls/clouddriver/applications/{name}/clusters/{account}/{cluster}/{type}/loadBalancers	/applications/{}/clusters/{}/{}/{}/loadBalancers	stale	com.netflix.spinnaker.gate.services.internal.ClouddriverService	
1.34.5	gate	clouddriver	POST	/_calls/clouddriver/applications/{name}/jobs/{account}/{region}/{jobName}	/applications/{}/jobs/{}/{}/{}	stale	com.netflix.spinnaker.gate.services.internal.ClouddriverService	
1.34.5	gate	front50	GET	/_calls/front50/credentials	/credentials	stale	com.netflix.spinnaker.gate.services.internal.Front50Service	
1.34.5	gate	front50	POST	/_calls/front50/pipelines/move	/pipelines/move	stale	com.netflix.spinnaker.gate.services.internal.Front50Service	
1.34.5	gate	front50	POST	/_calls/front50/strategies/move	/strategies/move	stale	com.netflix.spinnaker.gate.services.internal.Front50Service	
1.34.5	orca	echo	GET	/_calls/echo/events/recent/{type}/{since}	/events/recent/{}/{}	stale	com.netflix.spinnaker.orca.echo.EchoService	
1.34.5	orca	front50	GET	/_calls/front50/credentials	/credentials	stale	com.netflix.spinnaker.orca.front50.Front50Service	
1.34.6	gate	clouddriver	GET	/_calls/clouddriver/health	/health	actuator	com.netflix.spinnaker.gate.services.internal.HealthCheckableService	
1.34.6	gate	clouddriver	GET	/_calls/clouddriver/installedPlugins	/installedPlugins	actuator	com.netflix.spinnaker.gate.services.internal.ClouddriverService	
1.34.6	gate	echo	GET	/_calls/echo/health	/health	actuator	com.netflix.spinnaker.gate.services.internal.HealthCheckableService	
1.34.6	gate	echo	GET	/_calls/echo/installedPlugins	/installedPlugins	actuator	com.netflix.spinnaker.gate.services.internal.EchoService	
1.34.6	gate	fiat	GET	/_calls/fiat/installedPlugins	/installedPlugins	actuator	com.netflix.spinnaker.gate.services.internal.ExtendedFiatService	
1.34.6	gate	front50	GET	/_calls/front50/health	/health	actuator	com.netflix.spinnaker.gate.services.internal.HealthCheckableService	
1.34.6	gate	front50	GET	/_calls/front50/installedPlugins	/installedPlugins	actuator	com.netflix.spinnaker.gate.services.internal.Front50Service	
1.34.6	gate	igor	GET	/_calls/igor/health	/health	actuator	com.netflix.spinnaker.gate.services.internal.HealthCheckableService	
1.34.6	gate	igor	GET	/_calls/igor/installedPlugins	/installedPlugins	actuator	com.netflix.spinnaker.gate.services.internal.IgorService	
1.34.6	gate	orca	GET	/_calls/orca/health	/health	actuator	com.netflix.spinnaker.gate.services.internal.HealthCheckableService	
1.34.6	gate	orca	GET	/_calls/orca/installedPlugins	/installedPlugins	actuator	com.netflix.spinnaker.gate.services.internal.OrcaService	
1.34.6	gate	rosco	GET	/_calls/rosco/installedPlugins	/installedPlugins	actuator	com.netflix.spinnaker.gate.services.internal.RoscoService	
1.34.6	orca	clouddriver	PUT	/_calls/clouddriver/admin/db/truncate/{namespace}	/admin/db/truncate/{}	framework	com.netflix.spinnaker.orca.clouddriver.CloudDriverCacheService	excluded by provenance: PUT /admin/db/truncate/{}
1.34.6	clouddriver	fiat	DELETE	/_calls/fiat/roles/{userId}	/roles/{}	indirect-fiat	com.netflix.spinnaker.fiat.shared.FiatService	dropped family (owner ruling 2026-09-12)
1.34.6	clouddriver	fiat	GET	/_calls/fiat/authorize/{userId}	/authorize/{}	indirect-fiat	com.netflix.spinnaker.fiat.shared.FiatService	dropped family (owner ruling 2026-09-12)
1.34.6	clouddriver	fiat	GET	/_calls/fiat/authorize/{userId}/{resourceType}/{resourceName}/{authorization}	/authorize/{}/{}/{}/{}	indirect-fiat	com.netflix.spinnaker.fiat.shared.FiatService	dropped family (owner ruling 2026-09-12)
1.34.6	clouddriver	fiat	POST	/_calls/fiat/authorize/{userId}/{resourceType}/create	/authorize/{}/{}/create	indirect-fiat	com.netflix.spinnaker.fiat.shared.FiatService	dropped family (owner ruling 2026-09-12)
1.34.6	clouddriver	fiat	POST	/_calls/fiat/roles/sync	/roles/sync	indirect-fiat	com.netflix.spinnaker.fiat.shared.FiatService	dropped family (owner ruling 2026-09-12)
1.34.6	clouddriver	fiat	POST	/_calls/fiat/roles/sync/serviceAccount/{serviceAccountId}	/roles/sync/serviceAccount/{}	indirect-fiat	com.netflix.spinnaker.fiat.shared.FiatService	dropped family (owner ruling 2026-09-12)
1.34.6	clouddriver	fiat	POST	/_calls/fiat/roles/{userId}	/roles/{}	indirect-fiat	com.netflix.spinnaker.fiat.shared.FiatService	dropped family (owner ruling 2026-09-12)
1.34.6	clouddriver	fiat	PUT	/_calls/fiat/roles/{userId}	/roles/{}	indirect-fiat	com.netflix.spinnaker.fiat.shared.FiatService	dropped family (owner ruling 2026-09-12)
1.34.6	echo	fiat	DELETE	/_calls/fiat/roles/{userId}	/roles/{}	indirect-fiat	com.netflix.spinnaker.fiat.shared.FiatService	dropped family (owner ruling 2026-09-12)
1.34.6	echo	fiat	GET	/_calls/fiat/authorize/{userId}	/authorize/{}	indirect-fiat	com.netflix.spinnaker.fiat.shared.FiatService	dropped family (owner ruling 2026-09-12)
1.34.6	echo	fiat	GET	/_calls/fiat/authorize/{userId}/{resourceType}/{resourceName}/{authorization}	/authorize/{}/{}/{}/{}	indirect-fiat	com.netflix.spinnaker.fiat.shared.FiatService	dropped family (owner ruling 2026-09-12)
1.34.6	echo	fiat	POST	/_calls/fiat/authorize/{userId}/{resourceType}/create	/authorize/{}/{}/create	indirect-fiat	com.netflix.spinnaker.fiat.shared.FiatService	dropped family (owner ruling 2026-09-12)
1.34.6	echo	fiat	POST	/_calls/fiat/roles/sync	/roles/sync	indirect-fiat	com.netflix.spinnaker.fiat.shared.FiatService	dropped family (owner ruling 2026-09-12)
1.34.6	echo	fiat	POST	/_calls/fiat/roles/sync/serviceAccount/{serviceAccountId}	/roles/sync/serviceAccount/{}	indirect-fiat	com.netflix.spinnaker.fiat.shared.FiatService	dropped family (owner ruling 2026-09-12)
1.34.6	echo	fiat	POST	/_calls/fiat/roles/{userId}	/roles/{}	indirect-fiat	com.netflix.spinnaker.fiat.shared.FiatService	dropped family (owner ruling 2026-09-12)
1.34.6	echo	fiat	PUT	/_calls/fiat/roles/{userId}	/roles/{}	indirect-fiat	com.netflix.spinnaker.fiat.shared.FiatService	dropped family (owner ruling 2026-09-12)
1.34.6	igor	fiat	DELETE	/_calls/fiat/roles/{userId}	/roles/{}	indirect-fiat	com.netflix.spinnaker.fiat.shared.FiatService	dropped family (owner ruling 2026-09-12)
1.34.6	igor	fiat	GET	/_calls/fiat/authorize/{userId}	/authorize/{}	indirect-fiat	com.netflix.spinnaker.fiat.shared.FiatService	dropped family (owner ruling 2026-09-12)
1.34.6	igor	fiat	GET	/_calls/fiat/authorize/{userId}/{resourceType}/{resourceName}/{authorization}	/authorize/{}/{}/{}/{}	indirect-fiat	com.netflix.spinnaker.fiat.shared.FiatService	dropped family (owner ruling 2026-09-12)
1.34.6	igor	fiat	POST	/_calls/fiat/authorize/{userId}/{resourceType}/create	/authorize/{}/{}/create	indirect-fiat	com.netflix.spinnaker.fiat.shared.FiatService	dropped family (owner ruling 2026-09-12)
1.34.6	igor	fiat	POST	/_calls/fiat/roles/sync	/roles/sync	indirect-fiat	com.netflix.spinnaker.fiat.shared.FiatService	dropped family (owner ruling 2026-09-12)
1.34.6	igor	fiat	POST	/_calls/fiat/roles/sync/serviceAccount/{serviceAccountId}	/roles/sync/serviceAccount/{}	indirect-fiat	com.netflix.spinnaker.fiat.shared.FiatService	dropped family (owner ruling 2026-09-12)
1.34.6	igor	fiat	POST	/_calls/fiat/roles/{userId}	/roles/{}	indirect-fiat	com.netflix.spinnaker.fiat.shared.FiatService	dropped family (owner ruling 2026-09-12)
1.34.6	igor	fiat	PUT	/_calls/fiat/roles/{userId}	/roles/{}	indirect-fiat	com.netflix.spinnaker.fiat.shared.FiatService	dropped family (owner ruling 2026-09-12)
1.34.6	clouddriver	front50	GET	/_calls/front50/pluginInfo	/pluginInfo	kork	com.netflix.spinnaker.kork.plugins.update.internal.Front50Service	dropped family (owner ruling 2026-09-12)
1.34.6	clouddriver	front50	GET	/_calls/front50/pluginInfo/{id}	/pluginInfo/{}	kork	com.netflix.spinnaker.kork.plugins.update.internal.Front50Service	dropped family (owner ruling 2026-09-12)
1.34.6	clouddriver	front50	PUT	/_calls/front50/pluginVersions/{serverGroupName}	/pluginVersions/{}	kork	com.netflix.spinnaker.kork.plugins.update.internal.Front50Service	dropped family (owner ruling 2026-09-12)
1.34.6	echo	front50	GET	/_calls/front50/pluginInfo	/pluginInfo	kork	com.netflix.spinnaker.kork.plugins.update.internal.Front50Service	dropped family (owner ruling 2026-09-12)
1.34.6	echo	front50	GET	/_calls/front50/pluginInfo/{id}	/pluginInfo/{}	kork	com.netflix.spinnaker.kork.plugins.update.internal.Front50Service	dropped family (owner ruling 2026-09-12)
1.34.6	echo	front50	PUT	/_calls/front50/pluginVersions/{serverGroupName}	/pluginVersions/{}	kork	com.netflix.spinnaker.kork.plugins.update.internal.Front50Service	dropped family (owner ruling 2026-09-12)
1.34.6	fiat	front50	GET	/_calls/front50/pluginInfo	/pluginInfo	kork	com.netflix.spinnaker.kork.plugins.update.internal.Front50Service	dropped family (owner ruling 2026-09-12)
1.34.6	fiat	front50	GET	/_calls/front50/pluginInfo/{id}	/pluginInfo/{}	kork	com.netflix.spinnaker.kork.plugins.update.internal.Front50Service	dropped family (owner ruling 2026-09-12)
1.34.6	fiat	front50	PUT	/_calls/front50/pluginVersions/{serverGroupName}	/pluginVersions/{}	kork	com.netflix.spinnaker.kork.plugins.update.internal.Front50Service	dropped family (owner ruling 2026-09-12)
1.34.6	front50	front50	GET	/_calls/front50/pluginInfo	/pluginInfo	kork	com.netflix.spinnaker.kork.plugins.update.internal.Front50Service	dropped family (owner ruling 2026-09-12)
1.34.6	front50	front50	GET	/_calls/front50/pluginInfo/{id}	/pluginInfo/{}	kork	com.netflix.spinnaker.kork.plugins.update.internal.Front50Service	dropped family (owner ruling 2026-09-12)
1.34.6	front50	front50	PUT	/_calls/front50/pluginVersions/{serverGroupName}	/pluginVersions/{}	kork	com.netflix.spinnaker.kork.plugins.update.internal.Front50Service	dropped family (owner ruling 2026-09-12)
1.34.6	gate	front50	GET	/_calls/front50/pluginInfo/{id}	/pluginInfo/{}	kork	com.netflix.spinnaker.kork.plugins.update.internal.Front50Service	dropped family (owner ruling 2026-09-12)
1.34.6	gate	front50	PUT	/_calls/front50/pluginVersions/{serverGroupName}	/pluginVersions/{}	kork	com.netflix.spinnaker.kork.plugins.update.internal.Front50Service	dropped family (owner ruling 2026-09-12)
1.34.6	igor	front50	GET	/_calls/front50/pluginInfo/{id}	/pluginInfo/{}	kork	com.netflix.spinnaker.kork.plugins.update.internal.Front50Service	dropped family (owner ruling 2026-09-12)
1.34.6	igor	front50	PUT	/_calls/front50/pluginVersions/{serverGroupName}	/pluginVersions/{}	kork	com.netflix.spinnaker.kork.plugins.update.internal.Front50Service	dropped family (owner ruling 2026-09-12)
1.34.6	kayenta	front50	GET	/_calls/front50/pluginInfo	/pluginInfo	kork	com.netflix.spinnaker.kork.plugins.update.internal.Front50Service	dropped family (owner ruling 2026-09-12)
1.34.6	kayenta	front50	GET	/_calls/front50/pluginInfo/{id}	/pluginInfo/{}	kork	com.netflix.spinnaker.kork.plugins.update.internal.Front50Service	dropped family (owner ruling 2026-09-12)
1.34.6	kayenta	front50	PUT	/_calls/front50/pluginVersions/{serverGroupName}	/pluginVersions/{}	kork	com.netflix.spinnaker.kork.plugins.update.internal.Front50Service	dropped family (owner ruling 2026-09-12)
1.34.6	orca	front50	GET	/_calls/front50/pluginInfo	/pluginInfo	kork	com.netflix.spinnaker.kork.plugins.update.internal.Front50Service	dropped family (owner ruling 2026-09-12)
1.34.6	orca	front50	GET	/_calls/front50/pluginInfo/{id}	/pluginInfo/{}	kork	com.netflix.spinnaker.kork.plugins.update.internal.Front50Service	dropped family (owner ruling 2026-09-12)
1.34.6	orca	front50	PUT	/_calls/front50/pluginVersions/{serverGroupName}	/pluginVersions/{}	kork	com.netflix.spinnaker.kork.plugins.update.internal.Front50Service	dropped family (owner ruling 2026-09-12)
1.34.6	rosco	front50	GET	/_calls/front50/pluginInfo	/pluginInfo	kork	com.netflix.spinnaker.kork.plugins.update.internal.Front50Service	dropped family (owner ruling 2026-09-12)
1.34.6	rosco	front50	GET	/_calls/front50/pluginInfo/{id}	/pluginInfo/{}	kork	com.netflix.spinnaker.kork.plugins.update.internal.Front50Service	dropped family (owner ruling 2026-09-12)
1.34.6	rosco	front50	PUT	/_calls/front50/pluginVersions/{serverGroupName}	/pluginVersions/{}	kork	com.netflix.spinnaker.kork.plugins.update.internal.Front50Service	dropped family (owner ruling 2026-09-12)
1.34.6	echo	keel	POST	/_calls/keel/artifacts/events	/artifacts/events	out-of-mesh	com.netflix.spinnaker.echo.services.KeelService	
1.34.6	gate	keel	DELETE	/_calls/keel/application/{application}/config	/application/{}/config	out-of-mesh	com.netflix.spinnaker.gate.services.internal.KeelService	
1.34.6	gate	keel	DELETE	/_calls/keel/application/{application}/pause	/application/{}/pause	out-of-mesh	com.netflix.spinnaker.gate.services.internal.KeelService	
1.34.6	gate	keel	DELETE	/_calls/keel/application/{application}/pin/{targetEnvironment}	/application/{}/pin/{}	out-of-mesh	com.netflix.spinnaker.gate.services.internal.KeelService	
1.34.6	gate	keel	DELETE	/_calls/keel/application/{application}/veto/{targetEnvironment}/{reference}/{version}	/application/{}/veto/{}/{}/{}	out-of-mesh	com.netflix.spinnaker.gate.services.internal.KeelService	
1.34.6	gate	keel	DELETE	/_calls/keel/delivery-configs/{name}	/delivery-configs/{}	out-of-mesh	com.netflix.spinnaker.gate.services.internal.KeelService	
1.34.6	gate	keel	DELETE	/_calls/keel/resources/{name}	/resources/{}	out-of-mesh	com.netflix.spinnaker.gate.services.internal.KeelService	
1.34.6	gate	keel	DELETE	/_calls/keel/resources/{name}/pause	/resources/{}/pause	out-of-mesh	com.netflix.spinnaker.gate.services.internal.KeelService	
1.34.6	gate	keel	GET	/_calls/keel/application/{application}	/application/{}	out-of-mesh	com.netflix.spinnaker.gate.services.internal.KeelService	
1.34.6	gate	keel	GET	/_calls/keel/application/{application}/config	/application/{}/config	out-of-mesh	com.netflix.spinnaker.gate.services.internal.KeelService	
1.34.6	gate	keel	GET	/_calls/keel/application/{application}/environment/{environment}/constraints	/application/{}/environment/{}/constraints	out-of-mesh	com.netflix.spinnaker.gate.services.internal.KeelService	
1.34.6	gate	keel	GET	/_calls/keel/delivery-configs/schema	/delivery-configs/schema	out-of-mesh	com.netflix.spinnaker.gate.services.internal.KeelService	
1.34.6	gate	keel	GET	/_calls/keel/delivery-configs/{name}	/delivery-configs/{}	out-of-mesh	com.netflix.spinnaker.gate.services.internal.KeelService	
1.34.6	gate	keel	GET	/_calls/keel/delivery-configs/{name}/artifacts	/delivery-configs/{}/artifacts	out-of-mesh	com.netflix.spinnaker.gate.services.internal.KeelService	
1.34.6	gate	keel	GET	/_calls/keel/environments/{application}	/environments/{}	out-of-mesh	com.netflix.spinnaker.gate.services.internal.KeelService	
1.34.6	gate	keel	GET	/_calls/keel/export/artifact/{cloudProvider}/{account}/{clusterName}	/export/artifact/{}/{}/{}	out-of-mesh	com.netflix.spinnaker.gate.services.internal.KeelService	
1.34.6	gate	keel	GET	/_calls/keel/export/{cloudProvider}/{account}/{type}/{name}	/export/{}/{}/{}/{}	out-of-mesh	com.netflix.spinnaker.gate.services.internal.KeelService	
1.34.6	gate	keel	GET	/_calls/keel/health	/health	out-of-mesh	com.netflix.spinnaker.gate.services.internal.HealthCheckableService	
1.34.6	gate	keel	GET	/_calls/keel/installedPlugins	/installedPlugins	out-of-mesh	com.netflix.spinnaker.gate.services.internal.KeelService	
1.34.6	gate	keel	GET	/_calls/keel/reports/adoption	/reports/adoption	out-of-mesh	com.netflix.spinnaker.gate.services.internal.KeelService	
1.34.6	gate	keel	GET	/_calls/keel/reports/onboarding	/reports/onboarding	out-of-mesh	com.netflix.spinnaker.gate.services.internal.KeelService	
1.34.6	gate	keel	GET	/_calls/keel/resources/events/{name}	/resources/events/{}	out-of-mesh	com.netflix.spinnaker.gate.services.internal.KeelService	
1.34.6	gate	keel	GET	/_calls/keel/resources/{name}	/resources/{}	out-of-mesh	com.netflix.spinnaker.gate.services.internal.KeelService	
1.34.6	gate	keel	GET	/_calls/keel/resources/{name}/status	/resources/{}/status	out-of-mesh	com.netflix.spinnaker.gate.services.internal.KeelService	
1.34.6	gate	keel	POST	/_calls/keel/application/{application}/environment/{environment}/constraint	/application/{}/environment/{}/constraint	out-of-mesh	com.netflix.spinnaker.gate.services.internal.KeelService	
1.34.6	gate	keel	POST	/_calls/keel/application/{application}/environment/{environment}/verifications	/application/{}/environment/{}/verifications	out-of-mesh	com.netflix.spinnaker.gate.services.internal.KeelService	
1.34.6	gate	keel	POST	/_calls/keel/application/{application}/environment/{environment}/verifications/retry	/application/{}/environment/{}/verifications/retry	out-of-mesh	com.netflix.spinnaker.gate.services.internal.KeelService	
1.34.6	gate	keel	POST	/_calls/keel/application/{application}/mark/bad	/application/{}/mark/bad	out-of-mesh	com.netflix.spinnaker.gate.services.internal.KeelService	
1.34.6	gate	keel	POST	/_calls/keel/application/{application}/mark/good	/application/{}/mark/good	out-of-mesh	com.netflix.spinnaker.gate.services.internal.KeelService	
1.34.6	gate	keel	POST	/_calls/keel/application/{application}/pause	/application/{}/pause	out-of-mesh	com.netflix.spinnaker.gate.services.internal.KeelService	
1.34.6	gate	keel	POST	/_calls/keel/application/{application}/pin	/application/{}/pin	out-of-mesh	com.netflix.spinnaker.gate.services.internal.KeelService	
1.34.6	gate	keel	POST	/_calls/keel/application/{application}/veto	/application/{}/veto	out-of-mesh	com.netflix.spinnaker.gate.services.internal.KeelService	
1.34.6	gate	keel	POST	/_calls/keel/delivery-configs	/delivery-configs	out-of-mesh	com.netflix.spinnaker.gate.services.internal.KeelService	
1.34.6	gate	keel	POST	/_calls/keel/delivery-configs/diff	/delivery-configs/diff	out-of-mesh	com.netflix.spinnaker.gate.services.internal.KeelService	
1.34.6	gate	keel	POST	/_calls/keel/delivery-configs/validate	/delivery-configs/validate	out-of-mesh	com.netflix.spinnaker.gate.services.internal.KeelService	
1.34.6	gate	keel	POST	/_calls/keel/graphql	/graphql	out-of-mesh	com.netflix.spinnaker.gate.services.internal.KeelService	
1.34.6	gate	keel	POST	/_calls/keel/resources	/resources	out-of-mesh	com.netflix.spinnaker.gate.services.internal.KeelService	
1.34.6	gate	keel	POST	/_calls/keel/resources/diff	/resources/diff	out-of-mesh	com.netflix.spinnaker.gate.services.internal.KeelService	
1.34.6	gate	keel	POST	/_calls/keel/resources/{name}/pause	/resources/{}/pause	out-of-mesh	com.netflix.spinnaker.gate.services.internal.KeelService	
1.34.6	igor	keel	POST	/_calls/keel/artifacts/events	/artifacts/events	out-of-mesh	com.netflix.spinnaker.igor.keel.KeelService	
1.34.6	orca	keel	DELETE	/_calls/keel/application/{application}/config	/application/{}/config	out-of-mesh	com.netflix.spinnaker.orca.KeelService	
1.34.6	orca	keel	POST	/_calls/keel/delivery-configs	/delivery-configs	out-of-mesh	com.netflix.spinnaker.orca.KeelService	
1.34.6	clouddriver	front50	GET	/_calls/front50/credentials	/credentials	stale	com.netflix.spinnaker.clouddriver.core.services.Front50Service	
1.34.6	echo	front50	POST	/_calls/front50/graphql	/graphql	stale	com.netflix.spinnaker.echo.services.Front50Service	
1.34.6	gate	clouddriver	GET	/_calls/clouddriver/applications/{name}/clusters/{account}/{cluster}/{type}/loadBalancers	/applications/{}/clusters/{}/{}/{}/loadBalancers	stale	com.netflix.spinnaker.gate.services.internal.ClouddriverService	
1.34.6	gate	clouddriver	POST	/_calls/clouddriver/applications/{name}/jobs/{account}/{region}/{jobName}	/applications/{}/jobs/{}/{}/{}	stale	com.netflix.spinnaker.gate.services.internal.ClouddriverService	
1.34.6	gate	front50	GET	/_calls/front50/credentials	/credentials	stale	com.netflix.spinnaker.gate.services.internal.Front50Service	
1.34.6	gate	front50	POST	/_calls/front50/pipelines/move	/pipelines/move	stale	com.netflix.spinnaker.gate.services.internal.Front50Service	
1.34.6	gate	front50	POST	/_calls/front50/strategies/move	/strategies/move	stale	com.netflix.spinnaker.gate.services.internal.Front50Service	
1.34.6	orca	echo	GET	/_calls/echo/events/recent/{type}/{since}	/events/recent/{}/{}	stale	com.netflix.spinnaker.orca.echo.EchoService	
1.34.6	orca	front50	GET	/_calls/front50/credentials	/credentials	stale	com.netflix.spinnaker.orca.front50.Front50Service	
1.35.0	gate	clouddriver	GET	/_calls/clouddriver/health	/health	actuator	com.netflix.spinnaker.gate.services.internal.HealthCheckableService	
1.35.0	gate	clouddriver	GET	/_calls/clouddriver/installedPlugins	/installedPlugins	actuator	com.netflix.spinnaker.gate.services.internal.ClouddriverService	
1.35.0	gate	echo	GET	/_calls/echo/health	/health	actuator	com.netflix.spinnaker.gate.services.internal.HealthCheckableService	
1.35.0	gate	echo	GET	/_calls/echo/installedPlugins	/installedPlugins	actuator	com.netflix.spinnaker.gate.services.internal.EchoService	
1.35.0	gate	fiat	GET	/_calls/fiat/installedPlugins	/installedPlugins	actuator	com.netflix.spinnaker.gate.services.internal.ExtendedFiatService	
1.35.0	gate	front50	GET	/_calls/front50/health	/health	actuator	com.netflix.spinnaker.gate.services.internal.HealthCheckableService	
1.35.0	gate	front50	GET	/_calls/front50/installedPlugins	/installedPlugins	actuator	com.netflix.spinnaker.gate.services.internal.Front50Service	
1.35.0	gate	igor	GET	/_calls/igor/health	/health	actuator	com.netflix.spinnaker.gate.services.internal.HealthCheckableService	
1.35.0	gate	igor	GET	/_calls/igor/installedPlugins	/installedPlugins	actuator	com.netflix.spinnaker.gate.services.internal.IgorService	
1.35.0	gate	orca	GET	/_calls/orca/health	/health	actuator	com.netflix.spinnaker.gate.services.internal.HealthCheckableService	
1.35.0	gate	orca	GET	/_calls/orca/installedPlugins	/installedPlugins	actuator	com.netflix.spinnaker.gate.services.internal.OrcaService	
1.35.0	gate	rosco	GET	/_calls/rosco/installedPlugins	/installedPlugins	actuator	com.netflix.spinnaker.gate.services.internal.RoscoService	
1.35.0	orca	clouddriver	PUT	/_calls/clouddriver/admin/db/truncate/{namespace}	/admin/db/truncate/{}	framework	com.netflix.spinnaker.orca.clouddriver.CloudDriverCacheService	excluded by provenance: PUT /admin/db/truncate/{}
1.35.0	clouddriver	fiat	DELETE	/_calls/fiat/roles/{userId}	/roles/{}	indirect-fiat	com.netflix.spinnaker.fiat.shared.FiatService	dropped family (owner ruling 2026-09-12)
1.35.0	clouddriver	fiat	GET	/_calls/fiat/authorize/{userId}	/authorize/{}	indirect-fiat	com.netflix.spinnaker.fiat.shared.FiatService	dropped family (owner ruling 2026-09-12)
1.35.0	clouddriver	fiat	GET	/_calls/fiat/authorize/{userId}/{resourceType}/{resourceName}/{authorization}	/authorize/{}/{}/{}/{}	indirect-fiat	com.netflix.spinnaker.fiat.shared.FiatService	dropped family (owner ruling 2026-09-12)
1.35.0	clouddriver	fiat	POST	/_calls/fiat/authorize/{userId}/{resourceType}/create	/authorize/{}/{}/create	indirect-fiat	com.netflix.spinnaker.fiat.shared.FiatService	dropped family (owner ruling 2026-09-12)
1.35.0	clouddriver	fiat	POST	/_calls/fiat/roles/sync	/roles/sync	indirect-fiat	com.netflix.spinnaker.fiat.shared.FiatService	dropped family (owner ruling 2026-09-12)
1.35.0	clouddriver	fiat	POST	/_calls/fiat/roles/sync/serviceAccount/{serviceAccountId}	/roles/sync/serviceAccount/{}	indirect-fiat	com.netflix.spinnaker.fiat.shared.FiatService	dropped family (owner ruling 2026-09-12)
1.35.0	clouddriver	fiat	POST	/_calls/fiat/roles/{userId}	/roles/{}	indirect-fiat	com.netflix.spinnaker.fiat.shared.FiatService	dropped family (owner ruling 2026-09-12)
1.35.0	clouddriver	fiat	PUT	/_calls/fiat/roles/{userId}	/roles/{}	indirect-fiat	com.netflix.spinnaker.fiat.shared.FiatService	dropped family (owner ruling 2026-09-12)
1.35.0	echo	fiat	DELETE	/_calls/fiat/roles/{userId}	/roles/{}	indirect-fiat	com.netflix.spinnaker.fiat.shared.FiatService	dropped family (owner ruling 2026-09-12)
1.35.0	echo	fiat	GET	/_calls/fiat/authorize/{userId}	/authorize/{}	indirect-fiat	com.netflix.spinnaker.fiat.shared.FiatService	dropped family (owner ruling 2026-09-12)
1.35.0	echo	fiat	GET	/_calls/fiat/authorize/{userId}/{resourceType}/{resourceName}/{authorization}	/authorize/{}/{}/{}/{}	indirect-fiat	com.netflix.spinnaker.fiat.shared.FiatService	dropped family (owner ruling 2026-09-12)
1.35.0	echo	fiat	POST	/_calls/fiat/authorize/{userId}/{resourceType}/create	/authorize/{}/{}/create	indirect-fiat	com.netflix.spinnaker.fiat.shared.FiatService	dropped family (owner ruling 2026-09-12)
1.35.0	echo	fiat	POST	/_calls/fiat/roles/sync	/roles/sync	indirect-fiat	com.netflix.spinnaker.fiat.shared.FiatService	dropped family (owner ruling 2026-09-12)
1.35.0	echo	fiat	POST	/_calls/fiat/roles/sync/serviceAccount/{serviceAccountId}	/roles/sync/serviceAccount/{}	indirect-fiat	com.netflix.spinnaker.fiat.shared.FiatService	dropped family (owner ruling 2026-09-12)
1.35.0	echo	fiat	POST	/_calls/fiat/roles/{userId}	/roles/{}	indirect-fiat	com.netflix.spinnaker.fiat.shared.FiatService	dropped family (owner ruling 2026-09-12)
1.35.0	echo	fiat	PUT	/_calls/fiat/roles/{userId}	/roles/{}	indirect-fiat	com.netflix.spinnaker.fiat.shared.FiatService	dropped family (owner ruling 2026-09-12)
1.35.0	igor	fiat	DELETE	/_calls/fiat/roles/{userId}	/roles/{}	indirect-fiat	com.netflix.spinnaker.fiat.shared.FiatService	dropped family (owner ruling 2026-09-12)
1.35.0	igor	fiat	GET	/_calls/fiat/authorize/{userId}	/authorize/{}	indirect-fiat	com.netflix.spinnaker.fiat.shared.FiatService	dropped family (owner ruling 2026-09-12)
1.35.0	igor	fiat	GET	/_calls/fiat/authorize/{userId}/{resourceType}/{resourceName}/{authorization}	/authorize/{}/{}/{}/{}	indirect-fiat	com.netflix.spinnaker.fiat.shared.FiatService	dropped family (owner ruling 2026-09-12)
1.35.0	igor	fiat	POST	/_calls/fiat/authorize/{userId}/{resourceType}/create	/authorize/{}/{}/create	indirect-fiat	com.netflix.spinnaker.fiat.shared.FiatService	dropped family (owner ruling 2026-09-12)
1.35.0	igor	fiat	POST	/_calls/fiat/roles/sync	/roles/sync	indirect-fiat	com.netflix.spinnaker.fiat.shared.FiatService	dropped family (owner ruling 2026-09-12)
1.35.0	igor	fiat	POST	/_calls/fiat/roles/sync/serviceAccount/{serviceAccountId}	/roles/sync/serviceAccount/{}	indirect-fiat	com.netflix.spinnaker.fiat.shared.FiatService	dropped family (owner ruling 2026-09-12)
1.35.0	igor	fiat	POST	/_calls/fiat/roles/{userId}	/roles/{}	indirect-fiat	com.netflix.spinnaker.fiat.shared.FiatService	dropped family (owner ruling 2026-09-12)
1.35.0	igor	fiat	PUT	/_calls/fiat/roles/{userId}	/roles/{}	indirect-fiat	com.netflix.spinnaker.fiat.shared.FiatService	dropped family (owner ruling 2026-09-12)
1.35.0	clouddriver	front50	GET	/_calls/front50/pluginInfo	/pluginInfo	kork	com.netflix.spinnaker.kork.plugins.update.internal.Front50Service	dropped family (owner ruling 2026-09-12)
1.35.0	clouddriver	front50	GET	/_calls/front50/pluginInfo/{id}	/pluginInfo/{}	kork	com.netflix.spinnaker.kork.plugins.update.internal.Front50Service	dropped family (owner ruling 2026-09-12)
1.35.0	clouddriver	front50	PUT	/_calls/front50/pluginVersions/{serverGroupName}	/pluginVersions/{}	kork	com.netflix.spinnaker.kork.plugins.update.internal.Front50Service	dropped family (owner ruling 2026-09-12)
1.35.0	echo	front50	GET	/_calls/front50/pluginInfo	/pluginInfo	kork	com.netflix.spinnaker.kork.plugins.update.internal.Front50Service	dropped family (owner ruling 2026-09-12)
1.35.0	echo	front50	GET	/_calls/front50/pluginInfo/{id}	/pluginInfo/{}	kork	com.netflix.spinnaker.kork.plugins.update.internal.Front50Service	dropped family (owner ruling 2026-09-12)
1.35.0	echo	front50	PUT	/_calls/front50/pluginVersions/{serverGroupName}	/pluginVersions/{}	kork	com.netflix.spinnaker.kork.plugins.update.internal.Front50Service	dropped family (owner ruling 2026-09-12)
1.35.0	fiat	front50	GET	/_calls/front50/pluginInfo	/pluginInfo	kork	com.netflix.spinnaker.kork.plugins.update.internal.Front50Service	dropped family (owner ruling 2026-09-12)
1.35.0	fiat	front50	GET	/_calls/front50/pluginInfo/{id}	/pluginInfo/{}	kork	com.netflix.spinnaker.kork.plugins.update.internal.Front50Service	dropped family (owner ruling 2026-09-12)
1.35.0	fiat	front50	PUT	/_calls/front50/pluginVersions/{serverGroupName}	/pluginVersions/{}	kork	com.netflix.spinnaker.kork.plugins.update.internal.Front50Service	dropped family (owner ruling 2026-09-12)
1.35.0	front50	front50	GET	/_calls/front50/pluginInfo	/pluginInfo	kork	com.netflix.spinnaker.kork.plugins.update.internal.Front50Service	dropped family (owner ruling 2026-09-12)
1.35.0	front50	front50	GET	/_calls/front50/pluginInfo/{id}	/pluginInfo/{}	kork	com.netflix.spinnaker.kork.plugins.update.internal.Front50Service	dropped family (owner ruling 2026-09-12)
1.35.0	front50	front50	PUT	/_calls/front50/pluginVersions/{serverGroupName}	/pluginVersions/{}	kork	com.netflix.spinnaker.kork.plugins.update.internal.Front50Service	dropped family (owner ruling 2026-09-12)
1.35.0	gate	front50	GET	/_calls/front50/pluginInfo/{id}	/pluginInfo/{}	kork	com.netflix.spinnaker.kork.plugins.update.internal.Front50Service	dropped family (owner ruling 2026-09-12)
1.35.0	gate	front50	PUT	/_calls/front50/pluginVersions/{serverGroupName}	/pluginVersions/{}	kork	com.netflix.spinnaker.kork.plugins.update.internal.Front50Service	dropped family (owner ruling 2026-09-12)
1.35.0	igor	front50	GET	/_calls/front50/pluginInfo/{id}	/pluginInfo/{}	kork	com.netflix.spinnaker.kork.plugins.update.internal.Front50Service	dropped family (owner ruling 2026-09-12)
1.35.0	igor	front50	PUT	/_calls/front50/pluginVersions/{serverGroupName}	/pluginVersions/{}	kork	com.netflix.spinnaker.kork.plugins.update.internal.Front50Service	dropped family (owner ruling 2026-09-12)
1.35.0	kayenta	front50	GET	/_calls/front50/pluginInfo	/pluginInfo	kork	com.netflix.spinnaker.kork.plugins.update.internal.Front50Service	dropped family (owner ruling 2026-09-12)
1.35.0	kayenta	front50	GET	/_calls/front50/pluginInfo/{id}	/pluginInfo/{}	kork	com.netflix.spinnaker.kork.plugins.update.internal.Front50Service	dropped family (owner ruling 2026-09-12)
1.35.0	kayenta	front50	PUT	/_calls/front50/pluginVersions/{serverGroupName}	/pluginVersions/{}	kork	com.netflix.spinnaker.kork.plugins.update.internal.Front50Service	dropped family (owner ruling 2026-09-12)
1.35.0	orca	front50	GET	/_calls/front50/pluginInfo	/pluginInfo	kork	com.netflix.spinnaker.kork.plugins.update.internal.Front50Service	dropped family (owner ruling 2026-09-12)
1.35.0	orca	front50	GET	/_calls/front50/pluginInfo/{id}	/pluginInfo/{}	kork	com.netflix.spinnaker.kork.plugins.update.internal.Front50Service	dropped family (owner ruling 2026-09-12)
1.35.0	orca	front50	PUT	/_calls/front50/pluginVersions/{serverGroupName}	/pluginVersions/{}	kork	com.netflix.spinnaker.kork.plugins.update.internal.Front50Service	dropped family (owner ruling 2026-09-12)
1.35.0	rosco	front50	GET	/_calls/front50/pluginInfo	/pluginInfo	kork	com.netflix.spinnaker.kork.plugins.update.internal.Front50Service	dropped family (owner ruling 2026-09-12)
1.35.0	rosco	front50	GET	/_calls/front50/pluginInfo/{id}	/pluginInfo/{}	kork	com.netflix.spinnaker.kork.plugins.update.internal.Front50Service	dropped family (owner ruling 2026-09-12)
1.35.0	rosco	front50	PUT	/_calls/front50/pluginVersions/{serverGroupName}	/pluginVersions/{}	kork	com.netflix.spinnaker.kork.plugins.update.internal.Front50Service	dropped family (owner ruling 2026-09-12)
1.35.0	echo	keel	POST	/_calls/keel/artifacts/events	/artifacts/events	out-of-mesh	com.netflix.spinnaker.echo.services.KeelService	
1.35.0	gate	keel	DELETE	/_calls/keel/application/{application}/config	/application/{}/config	out-of-mesh	com.netflix.spinnaker.gate.services.internal.KeelService	
1.35.0	gate	keel	DELETE	/_calls/keel/application/{application}/pause	/application/{}/pause	out-of-mesh	com.netflix.spinnaker.gate.services.internal.KeelService	
1.35.0	gate	keel	DELETE	/_calls/keel/application/{application}/pin/{targetEnvironment}	/application/{}/pin/{}	out-of-mesh	com.netflix.spinnaker.gate.services.internal.KeelService	
1.35.0	gate	keel	DELETE	/_calls/keel/application/{application}/veto/{targetEnvironment}/{reference}/{version}	/application/{}/veto/{}/{}/{}	out-of-mesh	com.netflix.spinnaker.gate.services.internal.KeelService	
1.35.0	gate	keel	DELETE	/_calls/keel/delivery-configs/{name}	/delivery-configs/{}	out-of-mesh	com.netflix.spinnaker.gate.services.internal.KeelService	
1.35.0	gate	keel	DELETE	/_calls/keel/resources/{name}	/resources/{}	out-of-mesh	com.netflix.spinnaker.gate.services.internal.KeelService	
1.35.0	gate	keel	DELETE	/_calls/keel/resources/{name}/pause	/resources/{}/pause	out-of-mesh	com.netflix.spinnaker.gate.services.internal.KeelService	
1.35.0	gate	keel	GET	/_calls/keel/application/{application}	/application/{}	out-of-mesh	com.netflix.spinnaker.gate.services.internal.KeelService	
1.35.0	gate	keel	GET	/_calls/keel/application/{application}/config	/application/{}/config	out-of-mesh	com.netflix.spinnaker.gate.services.internal.KeelService	
1.35.0	gate	keel	GET	/_calls/keel/application/{application}/environment/{environment}/constraints	/application/{}/environment/{}/constraints	out-of-mesh	com.netflix.spinnaker.gate.services.internal.KeelService	
1.35.0	gate	keel	GET	/_calls/keel/delivery-configs/schema	/delivery-configs/schema	out-of-mesh	com.netflix.spinnaker.gate.services.internal.KeelService	
1.35.0	gate	keel	GET	/_calls/keel/delivery-configs/{name}	/delivery-configs/{}	out-of-mesh	com.netflix.spinnaker.gate.services.internal.KeelService	
1.35.0	gate	keel	GET	/_calls/keel/delivery-configs/{name}/artifacts	/delivery-configs/{}/artifacts	out-of-mesh	com.netflix.spinnaker.gate.services.internal.KeelService	
1.35.0	gate	keel	GET	/_calls/keel/environments/{application}	/environments/{}	out-of-mesh	com.netflix.spinnaker.gate.services.internal.KeelService	
1.35.0	gate	keel	GET	/_calls/keel/export/artifact/{cloudProvider}/{account}/{clusterName}	/export/artifact/{}/{}/{}	out-of-mesh	com.netflix.spinnaker.gate.services.internal.KeelService	
1.35.0	gate	keel	GET	/_calls/keel/export/{cloudProvider}/{account}/{type}/{name}	/export/{}/{}/{}/{}	out-of-mesh	com.netflix.spinnaker.gate.services.internal.KeelService	
1.35.0	gate	keel	GET	/_calls/keel/health	/health	out-of-mesh	com.netflix.spinnaker.gate.services.internal.HealthCheckableService	
1.35.0	gate	keel	GET	/_calls/keel/installedPlugins	/installedPlugins	out-of-mesh	com.netflix.spinnaker.gate.services.internal.KeelService	
1.35.0	gate	keel	GET	/_calls/keel/reports/adoption	/reports/adoption	out-of-mesh	com.netflix.spinnaker.gate.services.internal.KeelService	
1.35.0	gate	keel	GET	/_calls/keel/reports/onboarding	/reports/onboarding	out-of-mesh	com.netflix.spinnaker.gate.services.internal.KeelService	
1.35.0	gate	keel	GET	/_calls/keel/resources/events/{name}	/resources/events/{}	out-of-mesh	com.netflix.spinnaker.gate.services.internal.KeelService	
1.35.0	gate	keel	GET	/_calls/keel/resources/{name}	/resources/{}	out-of-mesh	com.netflix.spinnaker.gate.services.internal.KeelService	
1.35.0	gate	keel	GET	/_calls/keel/resources/{name}/status	/resources/{}/status	out-of-mesh	com.netflix.spinnaker.gate.services.internal.KeelService	
1.35.0	gate	keel	POST	/_calls/keel/application/{application}/environment/{environment}/constraint	/application/{}/environment/{}/constraint	out-of-mesh	com.netflix.spinnaker.gate.services.internal.KeelService	
1.35.0	gate	keel	POST	/_calls/keel/application/{application}/environment/{environment}/verifications	/application/{}/environment/{}/verifications	out-of-mesh	com.netflix.spinnaker.gate.services.internal.KeelService	
1.35.0	gate	keel	POST	/_calls/keel/application/{application}/environment/{environment}/verifications/retry	/application/{}/environment/{}/verifications/retry	out-of-mesh	com.netflix.spinnaker.gate.services.internal.KeelService	
1.35.0	gate	keel	POST	/_calls/keel/application/{application}/mark/bad	/application/{}/mark/bad	out-of-mesh	com.netflix.spinnaker.gate.services.internal.KeelService	
1.35.0	gate	keel	POST	/_calls/keel/application/{application}/mark/good	/application/{}/mark/good	out-of-mesh	com.netflix.spinnaker.gate.services.internal.KeelService	
1.35.0	gate	keel	POST	/_calls/keel/application/{application}/pause	/application/{}/pause	out-of-mesh	com.netflix.spinnaker.gate.services.internal.KeelService	
1.35.0	gate	keel	POST	/_calls/keel/application/{application}/pin	/application/{}/pin	out-of-mesh	com.netflix.spinnaker.gate.services.internal.KeelService	
1.35.0	gate	keel	POST	/_calls/keel/application/{application}/veto	/application/{}/veto	out-of-mesh	com.netflix.spinnaker.gate.services.internal.KeelService	
1.35.0	gate	keel	POST	/_calls/keel/delivery-configs	/delivery-configs	out-of-mesh	com.netflix.spinnaker.gate.services.internal.KeelService	
1.35.0	gate	keel	POST	/_calls/keel/delivery-configs/diff	/delivery-configs/diff	out-of-mesh	com.netflix.spinnaker.gate.services.internal.KeelService	
1.35.0	gate	keel	POST	/_calls/keel/delivery-configs/validate	/delivery-configs/validate	out-of-mesh	com.netflix.spinnaker.gate.services.internal.KeelService	
1.35.0	gate	keel	POST	/_calls/keel/graphql	/graphql	out-of-mesh	com.netflix.spinnaker.gate.services.internal.KeelService	
1.35.0	gate	keel	POST	/_calls/keel/resources	/resources	out-of-mesh	com.netflix.spinnaker.gate.services.internal.KeelService	
1.35.0	gate	keel	POST	/_calls/keel/resources/diff	/resources/diff	out-of-mesh	com.netflix.spinnaker.gate.services.internal.KeelService	
1.35.0	gate	keel	POST	/_calls/keel/resources/{name}/pause	/resources/{}/pause	out-of-mesh	com.netflix.spinnaker.gate.services.internal.KeelService	
1.35.0	igor	keel	POST	/_calls/keel/artifacts/events	/artifacts/events	out-of-mesh	com.netflix.spinnaker.igor.keel.KeelService	
1.35.0	orca	keel	DELETE	/_calls/keel/application/{application}/config	/application/{}/config	out-of-mesh	com.netflix.spinnaker.orca.KeelService	
1.35.0	orca	keel	POST	/_calls/keel/delivery-configs	/delivery-configs	out-of-mesh	com.netflix.spinnaker.orca.KeelService	
1.35.0	clouddriver	front50	GET	/_calls/front50/credentials	/credentials	stale	com.netflix.spinnaker.clouddriver.core.services.Front50Service	
1.35.0	echo	front50	POST	/_calls/front50/graphql	/graphql	stale	com.netflix.spinnaker.echo.services.Front50Service	
1.35.0	gate	clouddriver	GET	/_calls/clouddriver/applications/{name}/clusters/{account}/{cluster}/{type}/loadBalancers	/applications/{}/clusters/{}/{}/{}/loadBalancers	stale	com.netflix.spinnaker.gate.services.internal.ClouddriverService	
1.35.0	gate	clouddriver	POST	/_calls/clouddriver/applications/{name}/jobs/{account}/{region}/{jobName}	/applications/{}/jobs/{}/{}/{}	stale	com.netflix.spinnaker.gate.services.internal.ClouddriverService	
1.35.0	gate	front50	GET	/_calls/front50/credentials	/credentials	stale	com.netflix.spinnaker.gate.services.internal.Front50Service	
1.35.0	gate	front50	POST	/_calls/front50/pipelines/move	/pipelines/move	stale	com.netflix.spinnaker.gate.services.internal.Front50Service	
1.35.0	gate	front50	POST	/_calls/front50/strategies/move	/strategies/move	stale	com.netflix.spinnaker.gate.services.internal.Front50Service	
1.35.0	orca	echo	GET	/_calls/echo/events/recent/{type}/{since}	/events/recent/{}/{}	stale	com.netflix.spinnaker.orca.echo.EchoService	
1.35.0	orca	front50	GET	/_calls/front50/credentials	/credentials	stale	com.netflix.spinnaker.orca.front50.Front50Service	
1.35.1	gate	clouddriver	GET	/_calls/clouddriver/health	/health	actuator	com.netflix.spinnaker.gate.services.internal.HealthCheckableService	
1.35.1	gate	clouddriver	GET	/_calls/clouddriver/installedPlugins	/installedPlugins	actuator	com.netflix.spinnaker.gate.services.internal.ClouddriverService	
1.35.1	gate	echo	GET	/_calls/echo/health	/health	actuator	com.netflix.spinnaker.gate.services.internal.HealthCheckableService	
1.35.1	gate	echo	GET	/_calls/echo/installedPlugins	/installedPlugins	actuator	com.netflix.spinnaker.gate.services.internal.EchoService	
1.35.1	gate	fiat	GET	/_calls/fiat/installedPlugins	/installedPlugins	actuator	com.netflix.spinnaker.gate.services.internal.ExtendedFiatService	
1.35.1	gate	front50	GET	/_calls/front50/health	/health	actuator	com.netflix.spinnaker.gate.services.internal.HealthCheckableService	
1.35.1	gate	front50	GET	/_calls/front50/installedPlugins	/installedPlugins	actuator	com.netflix.spinnaker.gate.services.internal.Front50Service	
1.35.1	gate	igor	GET	/_calls/igor/health	/health	actuator	com.netflix.spinnaker.gate.services.internal.HealthCheckableService	
1.35.1	gate	igor	GET	/_calls/igor/installedPlugins	/installedPlugins	actuator	com.netflix.spinnaker.gate.services.internal.IgorService	
1.35.1	gate	orca	GET	/_calls/orca/health	/health	actuator	com.netflix.spinnaker.gate.services.internal.HealthCheckableService	
1.35.1	gate	orca	GET	/_calls/orca/installedPlugins	/installedPlugins	actuator	com.netflix.spinnaker.gate.services.internal.OrcaService	
1.35.1	gate	rosco	GET	/_calls/rosco/installedPlugins	/installedPlugins	actuator	com.netflix.spinnaker.gate.services.internal.RoscoService	
1.35.1	orca	clouddriver	PUT	/_calls/clouddriver/admin/db/truncate/{namespace}	/admin/db/truncate/{}	framework	com.netflix.spinnaker.orca.clouddriver.CloudDriverCacheService	excluded by provenance: PUT /admin/db/truncate/{}
1.35.1	clouddriver	fiat	DELETE	/_calls/fiat/roles/{userId}	/roles/{}	indirect-fiat	com.netflix.spinnaker.fiat.shared.FiatService	dropped family (owner ruling 2026-09-12)
1.35.1	clouddriver	fiat	GET	/_calls/fiat/authorize/{userId}	/authorize/{}	indirect-fiat	com.netflix.spinnaker.fiat.shared.FiatService	dropped family (owner ruling 2026-09-12)
1.35.1	clouddriver	fiat	GET	/_calls/fiat/authorize/{userId}/{resourceType}/{resourceName}/{authorization}	/authorize/{}/{}/{}/{}	indirect-fiat	com.netflix.spinnaker.fiat.shared.FiatService	dropped family (owner ruling 2026-09-12)
1.35.1	clouddriver	fiat	POST	/_calls/fiat/authorize/{userId}/{resourceType}/create	/authorize/{}/{}/create	indirect-fiat	com.netflix.spinnaker.fiat.shared.FiatService	dropped family (owner ruling 2026-09-12)
1.35.1	clouddriver	fiat	POST	/_calls/fiat/roles/sync	/roles/sync	indirect-fiat	com.netflix.spinnaker.fiat.shared.FiatService	dropped family (owner ruling 2026-09-12)
1.35.1	clouddriver	fiat	POST	/_calls/fiat/roles/sync/serviceAccount/{serviceAccountId}	/roles/sync/serviceAccount/{}	indirect-fiat	com.netflix.spinnaker.fiat.shared.FiatService	dropped family (owner ruling 2026-09-12)
1.35.1	clouddriver	fiat	POST	/_calls/fiat/roles/{userId}	/roles/{}	indirect-fiat	com.netflix.spinnaker.fiat.shared.FiatService	dropped family (owner ruling 2026-09-12)
1.35.1	clouddriver	fiat	PUT	/_calls/fiat/roles/{userId}	/roles/{}	indirect-fiat	com.netflix.spinnaker.fiat.shared.FiatService	dropped family (owner ruling 2026-09-12)
1.35.1	echo	fiat	DELETE	/_calls/fiat/roles/{userId}	/roles/{}	indirect-fiat	com.netflix.spinnaker.fiat.shared.FiatService	dropped family (owner ruling 2026-09-12)
1.35.1	echo	fiat	GET	/_calls/fiat/authorize/{userId}	/authorize/{}	indirect-fiat	com.netflix.spinnaker.fiat.shared.FiatService	dropped family (owner ruling 2026-09-12)
1.35.1	echo	fiat	GET	/_calls/fiat/authorize/{userId}/{resourceType}/{resourceName}/{authorization}	/authorize/{}/{}/{}/{}	indirect-fiat	com.netflix.spinnaker.fiat.shared.FiatService	dropped family (owner ruling 2026-09-12)
1.35.1	echo	fiat	POST	/_calls/fiat/authorize/{userId}/{resourceType}/create	/authorize/{}/{}/create	indirect-fiat	com.netflix.spinnaker.fiat.shared.FiatService	dropped family (owner ruling 2026-09-12)
1.35.1	echo	fiat	POST	/_calls/fiat/roles/sync	/roles/sync	indirect-fiat	com.netflix.spinnaker.fiat.shared.FiatService	dropped family (owner ruling 2026-09-12)
1.35.1	echo	fiat	POST	/_calls/fiat/roles/sync/serviceAccount/{serviceAccountId}	/roles/sync/serviceAccount/{}	indirect-fiat	com.netflix.spinnaker.fiat.shared.FiatService	dropped family (owner ruling 2026-09-12)
1.35.1	echo	fiat	POST	/_calls/fiat/roles/{userId}	/roles/{}	indirect-fiat	com.netflix.spinnaker.fiat.shared.FiatService	dropped family (owner ruling 2026-09-12)
1.35.1	echo	fiat	PUT	/_calls/fiat/roles/{userId}	/roles/{}	indirect-fiat	com.netflix.spinnaker.fiat.shared.FiatService	dropped family (owner ruling 2026-09-12)
1.35.1	igor	fiat	DELETE	/_calls/fiat/roles/{userId}	/roles/{}	indirect-fiat	com.netflix.spinnaker.fiat.shared.FiatService	dropped family (owner ruling 2026-09-12)
1.35.1	igor	fiat	GET	/_calls/fiat/authorize/{userId}	/authorize/{}	indirect-fiat	com.netflix.spinnaker.fiat.shared.FiatService	dropped family (owner ruling 2026-09-12)
1.35.1	igor	fiat	GET	/_calls/fiat/authorize/{userId}/{resourceType}/{resourceName}/{authorization}	/authorize/{}/{}/{}/{}	indirect-fiat	com.netflix.spinnaker.fiat.shared.FiatService	dropped family (owner ruling 2026-09-12)
1.35.1	igor	fiat	POST	/_calls/fiat/authorize/{userId}/{resourceType}/create	/authorize/{}/{}/create	indirect-fiat	com.netflix.spinnaker.fiat.shared.FiatService	dropped family (owner ruling 2026-09-12)
1.35.1	igor	fiat	POST	/_calls/fiat/roles/sync	/roles/sync	indirect-fiat	com.netflix.spinnaker.fiat.shared.FiatService	dropped family (owner ruling 2026-09-12)
1.35.1	igor	fiat	POST	/_calls/fiat/roles/sync/serviceAccount/{serviceAccountId}	/roles/sync/serviceAccount/{}	indirect-fiat	com.netflix.spinnaker.fiat.shared.FiatService	dropped family (owner ruling 2026-09-12)
1.35.1	igor	fiat	POST	/_calls/fiat/roles/{userId}	/roles/{}	indirect-fiat	com.netflix.spinnaker.fiat.shared.FiatService	dropped family (owner ruling 2026-09-12)
1.35.1	igor	fiat	PUT	/_calls/fiat/roles/{userId}	/roles/{}	indirect-fiat	com.netflix.spinnaker.fiat.shared.FiatService	dropped family (owner ruling 2026-09-12)
1.35.1	clouddriver	front50	GET	/_calls/front50/pluginInfo	/pluginInfo	kork	com.netflix.spinnaker.kork.plugins.update.internal.Front50Service	dropped family (owner ruling 2026-09-12)
1.35.1	clouddriver	front50	GET	/_calls/front50/pluginInfo/{id}	/pluginInfo/{}	kork	com.netflix.spinnaker.kork.plugins.update.internal.Front50Service	dropped family (owner ruling 2026-09-12)
1.35.1	clouddriver	front50	PUT	/_calls/front50/pluginVersions/{serverGroupName}	/pluginVersions/{}	kork	com.netflix.spinnaker.kork.plugins.update.internal.Front50Service	dropped family (owner ruling 2026-09-12)
1.35.1	echo	front50	GET	/_calls/front50/pluginInfo	/pluginInfo	kork	com.netflix.spinnaker.kork.plugins.update.internal.Front50Service	dropped family (owner ruling 2026-09-12)
1.35.1	echo	front50	GET	/_calls/front50/pluginInfo/{id}	/pluginInfo/{}	kork	com.netflix.spinnaker.kork.plugins.update.internal.Front50Service	dropped family (owner ruling 2026-09-12)
1.35.1	echo	front50	PUT	/_calls/front50/pluginVersions/{serverGroupName}	/pluginVersions/{}	kork	com.netflix.spinnaker.kork.plugins.update.internal.Front50Service	dropped family (owner ruling 2026-09-12)
1.35.1	fiat	front50	GET	/_calls/front50/pluginInfo	/pluginInfo	kork	com.netflix.spinnaker.kork.plugins.update.internal.Front50Service	dropped family (owner ruling 2026-09-12)
1.35.1	fiat	front50	GET	/_calls/front50/pluginInfo/{id}	/pluginInfo/{}	kork	com.netflix.spinnaker.kork.plugins.update.internal.Front50Service	dropped family (owner ruling 2026-09-12)
1.35.1	fiat	front50	PUT	/_calls/front50/pluginVersions/{serverGroupName}	/pluginVersions/{}	kork	com.netflix.spinnaker.kork.plugins.update.internal.Front50Service	dropped family (owner ruling 2026-09-12)
1.35.1	front50	front50	GET	/_calls/front50/pluginInfo	/pluginInfo	kork	com.netflix.spinnaker.kork.plugins.update.internal.Front50Service	dropped family (owner ruling 2026-09-12)
1.35.1	front50	front50	GET	/_calls/front50/pluginInfo/{id}	/pluginInfo/{}	kork	com.netflix.spinnaker.kork.plugins.update.internal.Front50Service	dropped family (owner ruling 2026-09-12)
1.35.1	front50	front50	PUT	/_calls/front50/pluginVersions/{serverGroupName}	/pluginVersions/{}	kork	com.netflix.spinnaker.kork.plugins.update.internal.Front50Service	dropped family (owner ruling 2026-09-12)
1.35.1	gate	front50	GET	/_calls/front50/pluginInfo/{id}	/pluginInfo/{}	kork	com.netflix.spinnaker.kork.plugins.update.internal.Front50Service	dropped family (owner ruling 2026-09-12)
1.35.1	gate	front50	PUT	/_calls/front50/pluginVersions/{serverGroupName}	/pluginVersions/{}	kork	com.netflix.spinnaker.kork.plugins.update.internal.Front50Service	dropped family (owner ruling 2026-09-12)
1.35.1	igor	front50	GET	/_calls/front50/pluginInfo/{id}	/pluginInfo/{}	kork	com.netflix.spinnaker.kork.plugins.update.internal.Front50Service	dropped family (owner ruling 2026-09-12)
1.35.1	igor	front50	PUT	/_calls/front50/pluginVersions/{serverGroupName}	/pluginVersions/{}	kork	com.netflix.spinnaker.kork.plugins.update.internal.Front50Service	dropped family (owner ruling 2026-09-12)
1.35.1	kayenta	front50	GET	/_calls/front50/pluginInfo	/pluginInfo	kork	com.netflix.spinnaker.kork.plugins.update.internal.Front50Service	dropped family (owner ruling 2026-09-12)
1.35.1	kayenta	front50	GET	/_calls/front50/pluginInfo/{id}	/pluginInfo/{}	kork	com.netflix.spinnaker.kork.plugins.update.internal.Front50Service	dropped family (owner ruling 2026-09-12)
1.35.1	kayenta	front50	PUT	/_calls/front50/pluginVersions/{serverGroupName}	/pluginVersions/{}	kork	com.netflix.spinnaker.kork.plugins.update.internal.Front50Service	dropped family (owner ruling 2026-09-12)
1.35.1	orca	front50	GET	/_calls/front50/pluginInfo	/pluginInfo	kork	com.netflix.spinnaker.kork.plugins.update.internal.Front50Service	dropped family (owner ruling 2026-09-12)
1.35.1	orca	front50	GET	/_calls/front50/pluginInfo/{id}	/pluginInfo/{}	kork	com.netflix.spinnaker.kork.plugins.update.internal.Front50Service	dropped family (owner ruling 2026-09-12)
1.35.1	orca	front50	PUT	/_calls/front50/pluginVersions/{serverGroupName}	/pluginVersions/{}	kork	com.netflix.spinnaker.kork.plugins.update.internal.Front50Service	dropped family (owner ruling 2026-09-12)
1.35.1	rosco	front50	GET	/_calls/front50/pluginInfo	/pluginInfo	kork	com.netflix.spinnaker.kork.plugins.update.internal.Front50Service	dropped family (owner ruling 2026-09-12)
1.35.1	rosco	front50	GET	/_calls/front50/pluginInfo/{id}	/pluginInfo/{}	kork	com.netflix.spinnaker.kork.plugins.update.internal.Front50Service	dropped family (owner ruling 2026-09-12)
1.35.1	rosco	front50	PUT	/_calls/front50/pluginVersions/{serverGroupName}	/pluginVersions/{}	kork	com.netflix.spinnaker.kork.plugins.update.internal.Front50Service	dropped family (owner ruling 2026-09-12)
1.35.1	echo	keel	POST	/_calls/keel/artifacts/events	/artifacts/events	out-of-mesh	com.netflix.spinnaker.echo.services.KeelService	
1.35.1	gate	keel	DELETE	/_calls/keel/application/{application}/config	/application/{}/config	out-of-mesh	com.netflix.spinnaker.gate.services.internal.KeelService	
1.35.1	gate	keel	DELETE	/_calls/keel/application/{application}/pause	/application/{}/pause	out-of-mesh	com.netflix.spinnaker.gate.services.internal.KeelService	
1.35.1	gate	keel	DELETE	/_calls/keel/application/{application}/pin/{targetEnvironment}	/application/{}/pin/{}	out-of-mesh	com.netflix.spinnaker.gate.services.internal.KeelService	
1.35.1	gate	keel	DELETE	/_calls/keel/application/{application}/veto/{targetEnvironment}/{reference}/{version}	/application/{}/veto/{}/{}/{}	out-of-mesh	com.netflix.spinnaker.gate.services.internal.KeelService	
1.35.1	gate	keel	DELETE	/_calls/keel/delivery-configs/{name}	/delivery-configs/{}	out-of-mesh	com.netflix.spinnaker.gate.services.internal.KeelService	
1.35.1	gate	keel	DELETE	/_calls/keel/resources/{name}	/resources/{}	out-of-mesh	com.netflix.spinnaker.gate.services.internal.KeelService	
1.35.1	gate	keel	DELETE	/_calls/keel/resources/{name}/pause	/resources/{}/pause	out-of-mesh	com.netflix.spinnaker.gate.services.internal.KeelService	
1.35.1	gate	keel	GET	/_calls/keel/application/{application}	/application/{}	out-of-mesh	com.netflix.spinnaker.gate.services.internal.KeelService	
1.35.1	gate	keel	GET	/_calls/keel/application/{application}/config	/application/{}/config	out-of-mesh	com.netflix.spinnaker.gate.services.internal.KeelService	
1.35.1	gate	keel	GET	/_calls/keel/application/{application}/environment/{environment}/constraints	/application/{}/environment/{}/constraints	out-of-mesh	com.netflix.spinnaker.gate.services.internal.KeelService	
1.35.1	gate	keel	GET	/_calls/keel/delivery-configs/schema	/delivery-configs/schema	out-of-mesh	com.netflix.spinnaker.gate.services.internal.KeelService	
1.35.1	gate	keel	GET	/_calls/keel/delivery-configs/{name}	/delivery-configs/{}	out-of-mesh	com.netflix.spinnaker.gate.services.internal.KeelService	
1.35.1	gate	keel	GET	/_calls/keel/delivery-configs/{name}/artifacts	/delivery-configs/{}/artifacts	out-of-mesh	com.netflix.spinnaker.gate.services.internal.KeelService	
1.35.1	gate	keel	GET	/_calls/keel/environments/{application}	/environments/{}	out-of-mesh	com.netflix.spinnaker.gate.services.internal.KeelService	
1.35.1	gate	keel	GET	/_calls/keel/export/artifact/{cloudProvider}/{account}/{clusterName}	/export/artifact/{}/{}/{}	out-of-mesh	com.netflix.spinnaker.gate.services.internal.KeelService	
1.35.1	gate	keel	GET	/_calls/keel/export/{cloudProvider}/{account}/{type}/{name}	/export/{}/{}/{}/{}	out-of-mesh	com.netflix.spinnaker.gate.services.internal.KeelService	
1.35.1	gate	keel	GET	/_calls/keel/health	/health	out-of-mesh	com.netflix.spinnaker.gate.services.internal.HealthCheckableService	
1.35.1	gate	keel	GET	/_calls/keel/installedPlugins	/installedPlugins	out-of-mesh	com.netflix.spinnaker.gate.services.internal.KeelService	
1.35.1	gate	keel	GET	/_calls/keel/reports/adoption	/reports/adoption	out-of-mesh	com.netflix.spinnaker.gate.services.internal.KeelService	
1.35.1	gate	keel	GET	/_calls/keel/reports/onboarding	/reports/onboarding	out-of-mesh	com.netflix.spinnaker.gate.services.internal.KeelService	
1.35.1	gate	keel	GET	/_calls/keel/resources/events/{name}	/resources/events/{}	out-of-mesh	com.netflix.spinnaker.gate.services.internal.KeelService	
1.35.1	gate	keel	GET	/_calls/keel/resources/{name}	/resources/{}	out-of-mesh	com.netflix.spinnaker.gate.services.internal.KeelService	
1.35.1	gate	keel	GET	/_calls/keel/resources/{name}/status	/resources/{}/status	out-of-mesh	com.netflix.spinnaker.gate.services.internal.KeelService	
1.35.1	gate	keel	POST	/_calls/keel/application/{application}/environment/{environment}/constraint	/application/{}/environment/{}/constraint	out-of-mesh	com.netflix.spinnaker.gate.services.internal.KeelService	
1.35.1	gate	keel	POST	/_calls/keel/application/{application}/environment/{environment}/verifications	/application/{}/environment/{}/verifications	out-of-mesh	com.netflix.spinnaker.gate.services.internal.KeelService	
1.35.1	gate	keel	POST	/_calls/keel/application/{application}/environment/{environment}/verifications/retry	/application/{}/environment/{}/verifications/retry	out-of-mesh	com.netflix.spinnaker.gate.services.internal.KeelService	
1.35.1	gate	keel	POST	/_calls/keel/application/{application}/mark/bad	/application/{}/mark/bad	out-of-mesh	com.netflix.spinnaker.gate.services.internal.KeelService	
1.35.1	gate	keel	POST	/_calls/keel/application/{application}/mark/good	/application/{}/mark/good	out-of-mesh	com.netflix.spinnaker.gate.services.internal.KeelService	
1.35.1	gate	keel	POST	/_calls/keel/application/{application}/pause	/application/{}/pause	out-of-mesh	com.netflix.spinnaker.gate.services.internal.KeelService	
1.35.1	gate	keel	POST	/_calls/keel/application/{application}/pin	/application/{}/pin	out-of-mesh	com.netflix.spinnaker.gate.services.internal.KeelService	
1.35.1	gate	keel	POST	/_calls/keel/application/{application}/veto	/application/{}/veto	out-of-mesh	com.netflix.spinnaker.gate.services.internal.KeelService	
1.35.1	gate	keel	POST	/_calls/keel/delivery-configs	/delivery-configs	out-of-mesh	com.netflix.spinnaker.gate.services.internal.KeelService	
1.35.1	gate	keel	POST	/_calls/keel/delivery-configs/diff	/delivery-configs/diff	out-of-mesh	com.netflix.spinnaker.gate.services.internal.KeelService	
1.35.1	gate	keel	POST	/_calls/keel/delivery-configs/validate	/delivery-configs/validate	out-of-mesh	com.netflix.spinnaker.gate.services.internal.KeelService	
1.35.1	gate	keel	POST	/_calls/keel/graphql	/graphql	out-of-mesh	com.netflix.spinnaker.gate.services.internal.KeelService	
1.35.1	gate	keel	POST	/_calls/keel/resources	/resources	out-of-mesh	com.netflix.spinnaker.gate.services.internal.KeelService	
1.35.1	gate	keel	POST	/_calls/keel/resources/diff	/resources/diff	out-of-mesh	com.netflix.spinnaker.gate.services.internal.KeelService	
1.35.1	gate	keel	POST	/_calls/keel/resources/{name}/pause	/resources/{}/pause	out-of-mesh	com.netflix.spinnaker.gate.services.internal.KeelService	
1.35.1	igor	keel	POST	/_calls/keel/artifacts/events	/artifacts/events	out-of-mesh	com.netflix.spinnaker.igor.keel.KeelService	
1.35.1	orca	keel	DELETE	/_calls/keel/application/{application}/config	/application/{}/config	out-of-mesh	com.netflix.spinnaker.orca.KeelService	
1.35.1	orca	keel	POST	/_calls/keel/delivery-configs	/delivery-configs	out-of-mesh	com.netflix.spinnaker.orca.KeelService	
1.35.1	clouddriver	front50	GET	/_calls/front50/credentials	/credentials	stale	com.netflix.spinnaker.clouddriver.core.services.Front50Service	
1.35.1	echo	front50	POST	/_calls/front50/graphql	/graphql	stale	com.netflix.spinnaker.echo.services.Front50Service	
1.35.1	gate	clouddriver	GET	/_calls/clouddriver/applications/{name}/clusters/{account}/{cluster}/{type}/loadBalancers	/applications/{}/clusters/{}/{}/{}/loadBalancers	stale	com.netflix.spinnaker.gate.services.internal.ClouddriverService	
1.35.1	gate	clouddriver	POST	/_calls/clouddriver/applications/{name}/jobs/{account}/{region}/{jobName}	/applications/{}/jobs/{}/{}/{}	stale	com.netflix.spinnaker.gate.services.internal.ClouddriverService	
1.35.1	gate	front50	GET	/_calls/front50/credentials	/credentials	stale	com.netflix.spinnaker.gate.services.internal.Front50Service	
1.35.1	gate	front50	POST	/_calls/front50/pipelines/move	/pipelines/move	stale	com.netflix.spinnaker.gate.services.internal.Front50Service	
1.35.1	gate	front50	POST	/_calls/front50/strategies/move	/strategies/move	stale	com.netflix.spinnaker.gate.services.internal.Front50Service	
1.35.1	orca	echo	GET	/_calls/echo/events/recent/{type}/{since}	/events/recent/{}/{}	stale	com.netflix.spinnaker.orca.echo.EchoService	
1.35.1	orca	front50	GET	/_calls/front50/credentials	/credentials	stale	com.netflix.spinnaker.orca.front50.Front50Service	
1.35.2	gate	clouddriver	GET	/_calls/clouddriver/health	/health	actuator	com.netflix.spinnaker.gate.services.internal.HealthCheckableService	
1.35.2	gate	clouddriver	GET	/_calls/clouddriver/installedPlugins	/installedPlugins	actuator	com.netflix.spinnaker.gate.services.internal.ClouddriverService	
1.35.2	gate	echo	GET	/_calls/echo/health	/health	actuator	com.netflix.spinnaker.gate.services.internal.HealthCheckableService	
1.35.2	gate	echo	GET	/_calls/echo/installedPlugins	/installedPlugins	actuator	com.netflix.spinnaker.gate.services.internal.EchoService	
1.35.2	gate	fiat	GET	/_calls/fiat/installedPlugins	/installedPlugins	actuator	com.netflix.spinnaker.gate.services.internal.ExtendedFiatService	
1.35.2	gate	front50	GET	/_calls/front50/health	/health	actuator	com.netflix.spinnaker.gate.services.internal.HealthCheckableService	
1.35.2	gate	front50	GET	/_calls/front50/installedPlugins	/installedPlugins	actuator	com.netflix.spinnaker.gate.services.internal.Front50Service	
1.35.2	gate	igor	GET	/_calls/igor/health	/health	actuator	com.netflix.spinnaker.gate.services.internal.HealthCheckableService	
1.35.2	gate	igor	GET	/_calls/igor/installedPlugins	/installedPlugins	actuator	com.netflix.spinnaker.gate.services.internal.IgorService	
1.35.2	gate	orca	GET	/_calls/orca/health	/health	actuator	com.netflix.spinnaker.gate.services.internal.HealthCheckableService	
1.35.2	gate	orca	GET	/_calls/orca/installedPlugins	/installedPlugins	actuator	com.netflix.spinnaker.gate.services.internal.OrcaService	
1.35.2	gate	rosco	GET	/_calls/rosco/installedPlugins	/installedPlugins	actuator	com.netflix.spinnaker.gate.services.internal.RoscoService	
1.35.2	orca	clouddriver	PUT	/_calls/clouddriver/admin/db/truncate/{namespace}	/admin/db/truncate/{}	framework	com.netflix.spinnaker.orca.clouddriver.CloudDriverCacheService	excluded by provenance: PUT /admin/db/truncate/{}
1.35.2	clouddriver	fiat	DELETE	/_calls/fiat/roles/{userId}	/roles/{}	indirect-fiat	com.netflix.spinnaker.fiat.shared.FiatService	dropped family (owner ruling 2026-09-12)
1.35.2	clouddriver	fiat	GET	/_calls/fiat/authorize/{userId}	/authorize/{}	indirect-fiat	com.netflix.spinnaker.fiat.shared.FiatService	dropped family (owner ruling 2026-09-12)
1.35.2	clouddriver	fiat	GET	/_calls/fiat/authorize/{userId}/{resourceType}/{resourceName}/{authorization}	/authorize/{}/{}/{}/{}	indirect-fiat	com.netflix.spinnaker.fiat.shared.FiatService	dropped family (owner ruling 2026-09-12)
1.35.2	clouddriver	fiat	POST	/_calls/fiat/authorize/{userId}/{resourceType}/create	/authorize/{}/{}/create	indirect-fiat	com.netflix.spinnaker.fiat.shared.FiatService	dropped family (owner ruling 2026-09-12)
1.35.2	clouddriver	fiat	POST	/_calls/fiat/roles/sync	/roles/sync	indirect-fiat	com.netflix.spinnaker.fiat.shared.FiatService	dropped family (owner ruling 2026-09-12)
1.35.2	clouddriver	fiat	POST	/_calls/fiat/roles/sync/serviceAccount/{serviceAccountId}	/roles/sync/serviceAccount/{}	indirect-fiat	com.netflix.spinnaker.fiat.shared.FiatService	dropped family (owner ruling 2026-09-12)
1.35.2	clouddriver	fiat	POST	/_calls/fiat/roles/{userId}	/roles/{}	indirect-fiat	com.netflix.spinnaker.fiat.shared.FiatService	dropped family (owner ruling 2026-09-12)
1.35.2	clouddriver	fiat	PUT	/_calls/fiat/roles/{userId}	/roles/{}	indirect-fiat	com.netflix.spinnaker.fiat.shared.FiatService	dropped family (owner ruling 2026-09-12)
1.35.2	echo	fiat	DELETE	/_calls/fiat/roles/{userId}	/roles/{}	indirect-fiat	com.netflix.spinnaker.fiat.shared.FiatService	dropped family (owner ruling 2026-09-12)
1.35.2	echo	fiat	GET	/_calls/fiat/authorize/{userId}	/authorize/{}	indirect-fiat	com.netflix.spinnaker.fiat.shared.FiatService	dropped family (owner ruling 2026-09-12)
1.35.2	echo	fiat	GET	/_calls/fiat/authorize/{userId}/{resourceType}/{resourceName}/{authorization}	/authorize/{}/{}/{}/{}	indirect-fiat	com.netflix.spinnaker.fiat.shared.FiatService	dropped family (owner ruling 2026-09-12)
1.35.2	echo	fiat	POST	/_calls/fiat/authorize/{userId}/{resourceType}/create	/authorize/{}/{}/create	indirect-fiat	com.netflix.spinnaker.fiat.shared.FiatService	dropped family (owner ruling 2026-09-12)
1.35.2	echo	fiat	POST	/_calls/fiat/roles/sync	/roles/sync	indirect-fiat	com.netflix.spinnaker.fiat.shared.FiatService	dropped family (owner ruling 2026-09-12)
1.35.2	echo	fiat	POST	/_calls/fiat/roles/sync/serviceAccount/{serviceAccountId}	/roles/sync/serviceAccount/{}	indirect-fiat	com.netflix.spinnaker.fiat.shared.FiatService	dropped family (owner ruling 2026-09-12)
1.35.2	echo	fiat	POST	/_calls/fiat/roles/{userId}	/roles/{}	indirect-fiat	com.netflix.spinnaker.fiat.shared.FiatService	dropped family (owner ruling 2026-09-12)
1.35.2	echo	fiat	PUT	/_calls/fiat/roles/{userId}	/roles/{}	indirect-fiat	com.netflix.spinnaker.fiat.shared.FiatService	dropped family (owner ruling 2026-09-12)
1.35.2	igor	fiat	DELETE	/_calls/fiat/roles/{userId}	/roles/{}	indirect-fiat	com.netflix.spinnaker.fiat.shared.FiatService	dropped family (owner ruling 2026-09-12)
1.35.2	igor	fiat	GET	/_calls/fiat/authorize/{userId}	/authorize/{}	indirect-fiat	com.netflix.spinnaker.fiat.shared.FiatService	dropped family (owner ruling 2026-09-12)
1.35.2	igor	fiat	GET	/_calls/fiat/authorize/{userId}/{resourceType}/{resourceName}/{authorization}	/authorize/{}/{}/{}/{}	indirect-fiat	com.netflix.spinnaker.fiat.shared.FiatService	dropped family (owner ruling 2026-09-12)
1.35.2	igor	fiat	POST	/_calls/fiat/authorize/{userId}/{resourceType}/create	/authorize/{}/{}/create	indirect-fiat	com.netflix.spinnaker.fiat.shared.FiatService	dropped family (owner ruling 2026-09-12)
1.35.2	igor	fiat	POST	/_calls/fiat/roles/sync	/roles/sync	indirect-fiat	com.netflix.spinnaker.fiat.shared.FiatService	dropped family (owner ruling 2026-09-12)
1.35.2	igor	fiat	POST	/_calls/fiat/roles/sync/serviceAccount/{serviceAccountId}	/roles/sync/serviceAccount/{}	indirect-fiat	com.netflix.spinnaker.fiat.shared.FiatService	dropped family (owner ruling 2026-09-12)
1.35.2	igor	fiat	POST	/_calls/fiat/roles/{userId}	/roles/{}	indirect-fiat	com.netflix.spinnaker.fiat.shared.FiatService	dropped family (owner ruling 2026-09-12)
1.35.2	igor	fiat	PUT	/_calls/fiat/roles/{userId}	/roles/{}	indirect-fiat	com.netflix.spinnaker.fiat.shared.FiatService	dropped family (owner ruling 2026-09-12)
1.35.2	clouddriver	front50	GET	/_calls/front50/pluginInfo	/pluginInfo	kork	com.netflix.spinnaker.kork.plugins.update.internal.Front50Service	dropped family (owner ruling 2026-09-12)
1.35.2	clouddriver	front50	GET	/_calls/front50/pluginInfo/{id}	/pluginInfo/{}	kork	com.netflix.spinnaker.kork.plugins.update.internal.Front50Service	dropped family (owner ruling 2026-09-12)
1.35.2	clouddriver	front50	PUT	/_calls/front50/pluginVersions/{serverGroupName}	/pluginVersions/{}	kork	com.netflix.spinnaker.kork.plugins.update.internal.Front50Service	dropped family (owner ruling 2026-09-12)
1.35.2	echo	front50	GET	/_calls/front50/pluginInfo	/pluginInfo	kork	com.netflix.spinnaker.kork.plugins.update.internal.Front50Service	dropped family (owner ruling 2026-09-12)
1.35.2	echo	front50	GET	/_calls/front50/pluginInfo/{id}	/pluginInfo/{}	kork	com.netflix.spinnaker.kork.plugins.update.internal.Front50Service	dropped family (owner ruling 2026-09-12)
1.35.2	echo	front50	PUT	/_calls/front50/pluginVersions/{serverGroupName}	/pluginVersions/{}	kork	com.netflix.spinnaker.kork.plugins.update.internal.Front50Service	dropped family (owner ruling 2026-09-12)
1.35.2	fiat	front50	GET	/_calls/front50/pluginInfo	/pluginInfo	kork	com.netflix.spinnaker.kork.plugins.update.internal.Front50Service	dropped family (owner ruling 2026-09-12)
1.35.2	fiat	front50	GET	/_calls/front50/pluginInfo/{id}	/pluginInfo/{}	kork	com.netflix.spinnaker.kork.plugins.update.internal.Front50Service	dropped family (owner ruling 2026-09-12)
1.35.2	fiat	front50	PUT	/_calls/front50/pluginVersions/{serverGroupName}	/pluginVersions/{}	kork	com.netflix.spinnaker.kork.plugins.update.internal.Front50Service	dropped family (owner ruling 2026-09-12)
1.35.2	front50	front50	GET	/_calls/front50/pluginInfo	/pluginInfo	kork	com.netflix.spinnaker.kork.plugins.update.internal.Front50Service	dropped family (owner ruling 2026-09-12)
1.35.2	front50	front50	GET	/_calls/front50/pluginInfo/{id}	/pluginInfo/{}	kork	com.netflix.spinnaker.kork.plugins.update.internal.Front50Service	dropped family (owner ruling 2026-09-12)
1.35.2	front50	front50	PUT	/_calls/front50/pluginVersions/{serverGroupName}	/pluginVersions/{}	kork	com.netflix.spinnaker.kork.plugins.update.internal.Front50Service	dropped family (owner ruling 2026-09-12)
1.35.2	gate	front50	GET	/_calls/front50/pluginInfo/{id}	/pluginInfo/{}	kork	com.netflix.spinnaker.kork.plugins.update.internal.Front50Service	dropped family (owner ruling 2026-09-12)
1.35.2	gate	front50	PUT	/_calls/front50/pluginVersions/{serverGroupName}	/pluginVersions/{}	kork	com.netflix.spinnaker.kork.plugins.update.internal.Front50Service	dropped family (owner ruling 2026-09-12)
1.35.2	igor	front50	GET	/_calls/front50/pluginInfo/{id}	/pluginInfo/{}	kork	com.netflix.spinnaker.kork.plugins.update.internal.Front50Service	dropped family (owner ruling 2026-09-12)
1.35.2	igor	front50	PUT	/_calls/front50/pluginVersions/{serverGroupName}	/pluginVersions/{}	kork	com.netflix.spinnaker.kork.plugins.update.internal.Front50Service	dropped family (owner ruling 2026-09-12)
1.35.2	kayenta	front50	GET	/_calls/front50/pluginInfo	/pluginInfo	kork	com.netflix.spinnaker.kork.plugins.update.internal.Front50Service	dropped family (owner ruling 2026-09-12)
1.35.2	kayenta	front50	GET	/_calls/front50/pluginInfo/{id}	/pluginInfo/{}	kork	com.netflix.spinnaker.kork.plugins.update.internal.Front50Service	dropped family (owner ruling 2026-09-12)
1.35.2	kayenta	front50	PUT	/_calls/front50/pluginVersions/{serverGroupName}	/pluginVersions/{}	kork	com.netflix.spinnaker.kork.plugins.update.internal.Front50Service	dropped family (owner ruling 2026-09-12)
1.35.2	orca	front50	GET	/_calls/front50/pluginInfo	/pluginInfo	kork	com.netflix.spinnaker.kork.plugins.update.internal.Front50Service	dropped family (owner ruling 2026-09-12)
1.35.2	orca	front50	GET	/_calls/front50/pluginInfo/{id}	/pluginInfo/{}	kork	com.netflix.spinnaker.kork.plugins.update.internal.Front50Service	dropped family (owner ruling 2026-09-12)
1.35.2	orca	front50	PUT	/_calls/front50/pluginVersions/{serverGroupName}	/pluginVersions/{}	kork	com.netflix.spinnaker.kork.plugins.update.internal.Front50Service	dropped family (owner ruling 2026-09-12)
1.35.2	rosco	front50	GET	/_calls/front50/pluginInfo	/pluginInfo	kork	com.netflix.spinnaker.kork.plugins.update.internal.Front50Service	dropped family (owner ruling 2026-09-12)
1.35.2	rosco	front50	GET	/_calls/front50/pluginInfo/{id}	/pluginInfo/{}	kork	com.netflix.spinnaker.kork.plugins.update.internal.Front50Service	dropped family (owner ruling 2026-09-12)
1.35.2	rosco	front50	PUT	/_calls/front50/pluginVersions/{serverGroupName}	/pluginVersions/{}	kork	com.netflix.spinnaker.kork.plugins.update.internal.Front50Service	dropped family (owner ruling 2026-09-12)
1.35.2	echo	keel	POST	/_calls/keel/artifacts/events	/artifacts/events	out-of-mesh	com.netflix.spinnaker.echo.services.KeelService	
1.35.2	gate	keel	DELETE	/_calls/keel/application/{application}/config	/application/{}/config	out-of-mesh	com.netflix.spinnaker.gate.services.internal.KeelService	
1.35.2	gate	keel	DELETE	/_calls/keel/application/{application}/pause	/application/{}/pause	out-of-mesh	com.netflix.spinnaker.gate.services.internal.KeelService	
1.35.2	gate	keel	DELETE	/_calls/keel/application/{application}/pin/{targetEnvironment}	/application/{}/pin/{}	out-of-mesh	com.netflix.spinnaker.gate.services.internal.KeelService	
1.35.2	gate	keel	DELETE	/_calls/keel/application/{application}/veto/{targetEnvironment}/{reference}/{version}	/application/{}/veto/{}/{}/{}	out-of-mesh	com.netflix.spinnaker.gate.services.internal.KeelService	
1.35.2	gate	keel	DELETE	/_calls/keel/delivery-configs/{name}	/delivery-configs/{}	out-of-mesh	com.netflix.spinnaker.gate.services.internal.KeelService	
1.35.2	gate	keel	DELETE	/_calls/keel/resources/{name}	/resources/{}	out-of-mesh	com.netflix.spinnaker.gate.services.internal.KeelService	
1.35.2	gate	keel	DELETE	/_calls/keel/resources/{name}/pause	/resources/{}/pause	out-of-mesh	com.netflix.spinnaker.gate.services.internal.KeelService	
1.35.2	gate	keel	GET	/_calls/keel/application/{application}	/application/{}	out-of-mesh	com.netflix.spinnaker.gate.services.internal.KeelService	
1.35.2	gate	keel	GET	/_calls/keel/application/{application}/config	/application/{}/config	out-of-mesh	com.netflix.spinnaker.gate.services.internal.KeelService	
1.35.2	gate	keel	GET	/_calls/keel/application/{application}/environment/{environment}/constraints	/application/{}/environment/{}/constraints	out-of-mesh	com.netflix.spinnaker.gate.services.internal.KeelService	
1.35.2	gate	keel	GET	/_calls/keel/delivery-configs/schema	/delivery-configs/schema	out-of-mesh	com.netflix.spinnaker.gate.services.internal.KeelService	
1.35.2	gate	keel	GET	/_calls/keel/delivery-configs/{name}	/delivery-configs/{}	out-of-mesh	com.netflix.spinnaker.gate.services.internal.KeelService	
1.35.2	gate	keel	GET	/_calls/keel/delivery-configs/{name}/artifacts	/delivery-configs/{}/artifacts	out-of-mesh	com.netflix.spinnaker.gate.services.internal.KeelService	
1.35.2	gate	keel	GET	/_calls/keel/environments/{application}	/environments/{}	out-of-mesh	com.netflix.spinnaker.gate.services.internal.KeelService	
1.35.2	gate	keel	GET	/_calls/keel/export/artifact/{cloudProvider}/{account}/{clusterName}	/export/artifact/{}/{}/{}	out-of-mesh	com.netflix.spinnaker.gate.services.internal.KeelService	
1.35.2	gate	keel	GET	/_calls/keel/export/{cloudProvider}/{account}/{type}/{name}	/export/{}/{}/{}/{}	out-of-mesh	com.netflix.spinnaker.gate.services.internal.KeelService	
1.35.2	gate	keel	GET	/_calls/keel/health	/health	out-of-mesh	com.netflix.spinnaker.gate.services.internal.HealthCheckableService	
1.35.2	gate	keel	GET	/_calls/keel/installedPlugins	/installedPlugins	out-of-mesh	com.netflix.spinnaker.gate.services.internal.KeelService	
1.35.2	gate	keel	GET	/_calls/keel/reports/adoption	/reports/adoption	out-of-mesh	com.netflix.spinnaker.gate.services.internal.KeelService	
1.35.2	gate	keel	GET	/_calls/keel/reports/onboarding	/reports/onboarding	out-of-mesh	com.netflix.spinnaker.gate.services.internal.KeelService	
1.35.2	gate	keel	GET	/_calls/keel/resources/events/{name}	/resources/events/{}	out-of-mesh	com.netflix.spinnaker.gate.services.internal.KeelService	
1.35.2	gate	keel	GET	/_calls/keel/resources/{name}	/resources/{}	out-of-mesh	com.netflix.spinnaker.gate.services.internal.KeelService	
1.35.2	gate	keel	GET	/_calls/keel/resources/{name}/status	/resources/{}/status	out-of-mesh	com.netflix.spinnaker.gate.services.internal.KeelService	
1.35.2	gate	keel	POST	/_calls/keel/application/{application}/environment/{environment}/constraint	/application/{}/environment/{}/constraint	out-of-mesh	com.netflix.spinnaker.gate.services.internal.KeelService	
1.35.2	gate	keel	POST	/_calls/keel/application/{application}/environment/{environment}/verifications	/application/{}/environment/{}/verifications	out-of-mesh	com.netflix.spinnaker.gate.services.internal.KeelService	
1.35.2	gate	keel	POST	/_calls/keel/application/{application}/environment/{environment}/verifications/retry	/application/{}/environment/{}/verifications/retry	out-of-mesh	com.netflix.spinnaker.gate.services.internal.KeelService	
1.35.2	gate	keel	POST	/_calls/keel/application/{application}/mark/bad	/application/{}/mark/bad	out-of-mesh	com.netflix.spinnaker.gate.services.internal.KeelService	
1.35.2	gate	keel	POST	/_calls/keel/application/{application}/mark/good	/application/{}/mark/good	out-of-mesh	com.netflix.spinnaker.gate.services.internal.KeelService	
1.35.2	gate	keel	POST	/_calls/keel/application/{application}/pause	/application/{}/pause	out-of-mesh	com.netflix.spinnaker.gate.services.internal.KeelService	
1.35.2	gate	keel	POST	/_calls/keel/application/{application}/pin	/application/{}/pin	out-of-mesh	com.netflix.spinnaker.gate.services.internal.KeelService	
1.35.2	gate	keel	POST	/_calls/keel/application/{application}/veto	/application/{}/veto	out-of-mesh	com.netflix.spinnaker.gate.services.internal.KeelService	
1.35.2	gate	keel	POST	/_calls/keel/delivery-configs	/delivery-configs	out-of-mesh	com.netflix.spinnaker.gate.services.internal.KeelService	
1.35.2	gate	keel	POST	/_calls/keel/delivery-configs/diff	/delivery-configs/diff	out-of-mesh	com.netflix.spinnaker.gate.services.internal.KeelService	
1.35.2	gate	keel	POST	/_calls/keel/delivery-configs/validate	/delivery-configs/validate	out-of-mesh	com.netflix.spinnaker.gate.services.internal.KeelService	
1.35.2	gate	keel	POST	/_calls/keel/graphql	/graphql	out-of-mesh	com.netflix.spinnaker.gate.services.internal.KeelService	
1.35.2	gate	keel	POST	/_calls/keel/resources	/resources	out-of-mesh	com.netflix.spinnaker.gate.services.internal.KeelService	
1.35.2	gate	keel	POST	/_calls/keel/resources/diff	/resources/diff	out-of-mesh	com.netflix.spinnaker.gate.services.internal.KeelService	
1.35.2	gate	keel	POST	/_calls/keel/resources/{name}/pause	/resources/{}/pause	out-of-mesh	com.netflix.spinnaker.gate.services.internal.KeelService	
1.35.2	igor	keel	POST	/_calls/keel/artifacts/events	/artifacts/events	out-of-mesh	com.netflix.spinnaker.igor.keel.KeelService	
1.35.2	orca	keel	DELETE	/_calls/keel/application/{application}/config	/application/{}/config	out-of-mesh	com.netflix.spinnaker.orca.KeelService	
1.35.2	orca	keel	POST	/_calls/keel/delivery-configs	/delivery-configs	out-of-mesh	com.netflix.spinnaker.orca.KeelService	
1.35.2	clouddriver	front50	GET	/_calls/front50/credentials	/credentials	stale	com.netflix.spinnaker.clouddriver.core.services.Front50Service	
1.35.2	echo	front50	POST	/_calls/front50/graphql	/graphql	stale	com.netflix.spinnaker.echo.services.Front50Service	
1.35.2	gate	clouddriver	GET	/_calls/clouddriver/applications/{name}/clusters/{account}/{cluster}/{type}/loadBalancers	/applications/{}/clusters/{}/{}/{}/loadBalancers	stale	com.netflix.spinnaker.gate.services.internal.ClouddriverService	
1.35.2	gate	clouddriver	POST	/_calls/clouddriver/applications/{name}/jobs/{account}/{region}/{jobName}	/applications/{}/jobs/{}/{}/{}	stale	com.netflix.spinnaker.gate.services.internal.ClouddriverService	
1.35.2	gate	front50	GET	/_calls/front50/credentials	/credentials	stale	com.netflix.spinnaker.gate.services.internal.Front50Service	
1.35.2	gate	front50	POST	/_calls/front50/pipelines/move	/pipelines/move	stale	com.netflix.spinnaker.gate.services.internal.Front50Service	
1.35.2	gate	front50	POST	/_calls/front50/strategies/move	/strategies/move	stale	com.netflix.spinnaker.gate.services.internal.Front50Service	
1.35.2	orca	echo	GET	/_calls/echo/events/recent/{type}/{since}	/events/recent/{}/{}	stale	com.netflix.spinnaker.orca.echo.EchoService	
1.35.2	orca	front50	GET	/_calls/front50/credentials	/credentials	stale	com.netflix.spinnaker.orca.front50.Front50Service	
1.35.3	gate	clouddriver	GET	/_calls/clouddriver/health	/health	actuator	com.netflix.spinnaker.gate.services.internal.HealthCheckableService	
1.35.3	gate	clouddriver	GET	/_calls/clouddriver/installedPlugins	/installedPlugins	actuator	com.netflix.spinnaker.gate.services.internal.ClouddriverService	
1.35.3	gate	echo	GET	/_calls/echo/health	/health	actuator	com.netflix.spinnaker.gate.services.internal.HealthCheckableService	
1.35.3	gate	echo	GET	/_calls/echo/installedPlugins	/installedPlugins	actuator	com.netflix.spinnaker.gate.services.internal.EchoService	
1.35.3	gate	fiat	GET	/_calls/fiat/installedPlugins	/installedPlugins	actuator	com.netflix.spinnaker.gate.services.internal.ExtendedFiatService	
1.35.3	gate	front50	GET	/_calls/front50/health	/health	actuator	com.netflix.spinnaker.gate.services.internal.HealthCheckableService	
1.35.3	gate	front50	GET	/_calls/front50/installedPlugins	/installedPlugins	actuator	com.netflix.spinnaker.gate.services.internal.Front50Service	
1.35.3	gate	igor	GET	/_calls/igor/health	/health	actuator	com.netflix.spinnaker.gate.services.internal.HealthCheckableService	
1.35.3	gate	igor	GET	/_calls/igor/installedPlugins	/installedPlugins	actuator	com.netflix.spinnaker.gate.services.internal.IgorService	
1.35.3	gate	orca	GET	/_calls/orca/health	/health	actuator	com.netflix.spinnaker.gate.services.internal.HealthCheckableService	
1.35.3	gate	orca	GET	/_calls/orca/installedPlugins	/installedPlugins	actuator	com.netflix.spinnaker.gate.services.internal.OrcaService	
1.35.3	gate	rosco	GET	/_calls/rosco/installedPlugins	/installedPlugins	actuator	com.netflix.spinnaker.gate.services.internal.RoscoService	
1.35.3	orca	clouddriver	PUT	/_calls/clouddriver/admin/db/truncate/{namespace}	/admin/db/truncate/{}	framework	com.netflix.spinnaker.orca.clouddriver.CloudDriverCacheService	excluded by provenance: PUT /admin/db/truncate/{}
1.35.3	clouddriver	fiat	DELETE	/_calls/fiat/roles/{userId}	/roles/{}	indirect-fiat	com.netflix.spinnaker.fiat.shared.FiatService	dropped family (owner ruling 2026-09-12)
1.35.3	clouddriver	fiat	GET	/_calls/fiat/authorize/{userId}	/authorize/{}	indirect-fiat	com.netflix.spinnaker.fiat.shared.FiatService	dropped family (owner ruling 2026-09-12)
1.35.3	clouddriver	fiat	GET	/_calls/fiat/authorize/{userId}/{resourceType}/{resourceName}/{authorization}	/authorize/{}/{}/{}/{}	indirect-fiat	com.netflix.spinnaker.fiat.shared.FiatService	dropped family (owner ruling 2026-09-12)
1.35.3	clouddriver	fiat	POST	/_calls/fiat/authorize/{userId}/{resourceType}/create	/authorize/{}/{}/create	indirect-fiat	com.netflix.spinnaker.fiat.shared.FiatService	dropped family (owner ruling 2026-09-12)
1.35.3	clouddriver	fiat	POST	/_calls/fiat/roles/sync	/roles/sync	indirect-fiat	com.netflix.spinnaker.fiat.shared.FiatService	dropped family (owner ruling 2026-09-12)
1.35.3	clouddriver	fiat	POST	/_calls/fiat/roles/sync/serviceAccount/{serviceAccountId}	/roles/sync/serviceAccount/{}	indirect-fiat	com.netflix.spinnaker.fiat.shared.FiatService	dropped family (owner ruling 2026-09-12)
1.35.3	clouddriver	fiat	POST	/_calls/fiat/roles/{userId}	/roles/{}	indirect-fiat	com.netflix.spinnaker.fiat.shared.FiatService	dropped family (owner ruling 2026-09-12)
1.35.3	clouddriver	fiat	PUT	/_calls/fiat/roles/{userId}	/roles/{}	indirect-fiat	com.netflix.spinnaker.fiat.shared.FiatService	dropped family (owner ruling 2026-09-12)
1.35.3	echo	fiat	DELETE	/_calls/fiat/roles/{userId}	/roles/{}	indirect-fiat	com.netflix.spinnaker.fiat.shared.FiatService	dropped family (owner ruling 2026-09-12)
1.35.3	echo	fiat	GET	/_calls/fiat/authorize/{userId}	/authorize/{}	indirect-fiat	com.netflix.spinnaker.fiat.shared.FiatService	dropped family (owner ruling 2026-09-12)
1.35.3	echo	fiat	GET	/_calls/fiat/authorize/{userId}/{resourceType}/{resourceName}/{authorization}	/authorize/{}/{}/{}/{}	indirect-fiat	com.netflix.spinnaker.fiat.shared.FiatService	dropped family (owner ruling 2026-09-12)
1.35.3	echo	fiat	POST	/_calls/fiat/authorize/{userId}/{resourceType}/create	/authorize/{}/{}/create	indirect-fiat	com.netflix.spinnaker.fiat.shared.FiatService	dropped family (owner ruling 2026-09-12)
1.35.3	echo	fiat	POST	/_calls/fiat/roles/sync	/roles/sync	indirect-fiat	com.netflix.spinnaker.fiat.shared.FiatService	dropped family (owner ruling 2026-09-12)
1.35.3	echo	fiat	POST	/_calls/fiat/roles/sync/serviceAccount/{serviceAccountId}	/roles/sync/serviceAccount/{}	indirect-fiat	com.netflix.spinnaker.fiat.shared.FiatService	dropped family (owner ruling 2026-09-12)
1.35.3	echo	fiat	POST	/_calls/fiat/roles/{userId}	/roles/{}	indirect-fiat	com.netflix.spinnaker.fiat.shared.FiatService	dropped family (owner ruling 2026-09-12)
1.35.3	echo	fiat	PUT	/_calls/fiat/roles/{userId}	/roles/{}	indirect-fiat	com.netflix.spinnaker.fiat.shared.FiatService	dropped family (owner ruling 2026-09-12)
1.35.3	igor	fiat	DELETE	/_calls/fiat/roles/{userId}	/roles/{}	indirect-fiat	com.netflix.spinnaker.fiat.shared.FiatService	dropped family (owner ruling 2026-09-12)
1.35.3	igor	fiat	GET	/_calls/fiat/authorize/{userId}	/authorize/{}	indirect-fiat	com.netflix.spinnaker.fiat.shared.FiatService	dropped family (owner ruling 2026-09-12)
1.35.3	igor	fiat	GET	/_calls/fiat/authorize/{userId}/{resourceType}/{resourceName}/{authorization}	/authorize/{}/{}/{}/{}	indirect-fiat	com.netflix.spinnaker.fiat.shared.FiatService	dropped family (owner ruling 2026-09-12)
1.35.3	igor	fiat	POST	/_calls/fiat/authorize/{userId}/{resourceType}/create	/authorize/{}/{}/create	indirect-fiat	com.netflix.spinnaker.fiat.shared.FiatService	dropped family (owner ruling 2026-09-12)
1.35.3	igor	fiat	POST	/_calls/fiat/roles/sync	/roles/sync	indirect-fiat	com.netflix.spinnaker.fiat.shared.FiatService	dropped family (owner ruling 2026-09-12)
1.35.3	igor	fiat	POST	/_calls/fiat/roles/sync/serviceAccount/{serviceAccountId}	/roles/sync/serviceAccount/{}	indirect-fiat	com.netflix.spinnaker.fiat.shared.FiatService	dropped family (owner ruling 2026-09-12)
1.35.3	igor	fiat	POST	/_calls/fiat/roles/{userId}	/roles/{}	indirect-fiat	com.netflix.spinnaker.fiat.shared.FiatService	dropped family (owner ruling 2026-09-12)
1.35.3	igor	fiat	PUT	/_calls/fiat/roles/{userId}	/roles/{}	indirect-fiat	com.netflix.spinnaker.fiat.shared.FiatService	dropped family (owner ruling 2026-09-12)
1.35.3	clouddriver	front50	GET	/_calls/front50/pluginInfo	/pluginInfo	kork	com.netflix.spinnaker.kork.plugins.update.internal.Front50Service	dropped family (owner ruling 2026-09-12)
1.35.3	clouddriver	front50	GET	/_calls/front50/pluginInfo/{id}	/pluginInfo/{}	kork	com.netflix.spinnaker.kork.plugins.update.internal.Front50Service	dropped family (owner ruling 2026-09-12)
1.35.3	clouddriver	front50	PUT	/_calls/front50/pluginVersions/{serverGroupName}	/pluginVersions/{}	kork	com.netflix.spinnaker.kork.plugins.update.internal.Front50Service	dropped family (owner ruling 2026-09-12)
1.35.3	echo	front50	GET	/_calls/front50/pluginInfo	/pluginInfo	kork	com.netflix.spinnaker.kork.plugins.update.internal.Front50Service	dropped family (owner ruling 2026-09-12)
1.35.3	echo	front50	GET	/_calls/front50/pluginInfo/{id}	/pluginInfo/{}	kork	com.netflix.spinnaker.kork.plugins.update.internal.Front50Service	dropped family (owner ruling 2026-09-12)
1.35.3	echo	front50	PUT	/_calls/front50/pluginVersions/{serverGroupName}	/pluginVersions/{}	kork	com.netflix.spinnaker.kork.plugins.update.internal.Front50Service	dropped family (owner ruling 2026-09-12)
1.35.3	fiat	front50	GET	/_calls/front50/pluginInfo	/pluginInfo	kork	com.netflix.spinnaker.kork.plugins.update.internal.Front50Service	dropped family (owner ruling 2026-09-12)
1.35.3	fiat	front50	GET	/_calls/front50/pluginInfo/{id}	/pluginInfo/{}	kork	com.netflix.spinnaker.kork.plugins.update.internal.Front50Service	dropped family (owner ruling 2026-09-12)
1.35.3	fiat	front50	PUT	/_calls/front50/pluginVersions/{serverGroupName}	/pluginVersions/{}	kork	com.netflix.spinnaker.kork.plugins.update.internal.Front50Service	dropped family (owner ruling 2026-09-12)
1.35.3	front50	front50	GET	/_calls/front50/pluginInfo	/pluginInfo	kork	com.netflix.spinnaker.kork.plugins.update.internal.Front50Service	dropped family (owner ruling 2026-09-12)
1.35.3	front50	front50	GET	/_calls/front50/pluginInfo/{id}	/pluginInfo/{}	kork	com.netflix.spinnaker.kork.plugins.update.internal.Front50Service	dropped family (owner ruling 2026-09-12)
1.35.3	front50	front50	PUT	/_calls/front50/pluginVersions/{serverGroupName}	/pluginVersions/{}	kork	com.netflix.spinnaker.kork.plugins.update.internal.Front50Service	dropped family (owner ruling 2026-09-12)
1.35.3	gate	front50	GET	/_calls/front50/pluginInfo/{id}	/pluginInfo/{}	kork	com.netflix.spinnaker.kork.plugins.update.internal.Front50Service	dropped family (owner ruling 2026-09-12)
1.35.3	gate	front50	PUT	/_calls/front50/pluginVersions/{serverGroupName}	/pluginVersions/{}	kork	com.netflix.spinnaker.kork.plugins.update.internal.Front50Service	dropped family (owner ruling 2026-09-12)
1.35.3	igor	front50	GET	/_calls/front50/pluginInfo/{id}	/pluginInfo/{}	kork	com.netflix.spinnaker.kork.plugins.update.internal.Front50Service	dropped family (owner ruling 2026-09-12)
1.35.3	igor	front50	PUT	/_calls/front50/pluginVersions/{serverGroupName}	/pluginVersions/{}	kork	com.netflix.spinnaker.kork.plugins.update.internal.Front50Service	dropped family (owner ruling 2026-09-12)
1.35.3	kayenta	front50	GET	/_calls/front50/pluginInfo	/pluginInfo	kork	com.netflix.spinnaker.kork.plugins.update.internal.Front50Service	dropped family (owner ruling 2026-09-12)
1.35.3	kayenta	front50	GET	/_calls/front50/pluginInfo/{id}	/pluginInfo/{}	kork	com.netflix.spinnaker.kork.plugins.update.internal.Front50Service	dropped family (owner ruling 2026-09-12)
1.35.3	kayenta	front50	PUT	/_calls/front50/pluginVersions/{serverGroupName}	/pluginVersions/{}	kork	com.netflix.spinnaker.kork.plugins.update.internal.Front50Service	dropped family (owner ruling 2026-09-12)
1.35.3	orca	front50	GET	/_calls/front50/pluginInfo	/pluginInfo	kork	com.netflix.spinnaker.kork.plugins.update.internal.Front50Service	dropped family (owner ruling 2026-09-12)
1.35.3	orca	front50	GET	/_calls/front50/pluginInfo/{id}	/pluginInfo/{}	kork	com.netflix.spinnaker.kork.plugins.update.internal.Front50Service	dropped family (owner ruling 2026-09-12)
1.35.3	orca	front50	PUT	/_calls/front50/pluginVersions/{serverGroupName}	/pluginVersions/{}	kork	com.netflix.spinnaker.kork.plugins.update.internal.Front50Service	dropped family (owner ruling 2026-09-12)
1.35.3	rosco	front50	GET	/_calls/front50/pluginInfo	/pluginInfo	kork	com.netflix.spinnaker.kork.plugins.update.internal.Front50Service	dropped family (owner ruling 2026-09-12)
1.35.3	rosco	front50	GET	/_calls/front50/pluginInfo/{id}	/pluginInfo/{}	kork	com.netflix.spinnaker.kork.plugins.update.internal.Front50Service	dropped family (owner ruling 2026-09-12)
1.35.3	rosco	front50	PUT	/_calls/front50/pluginVersions/{serverGroupName}	/pluginVersions/{}	kork	com.netflix.spinnaker.kork.plugins.update.internal.Front50Service	dropped family (owner ruling 2026-09-12)
1.35.3	echo	keel	POST	/_calls/keel/artifacts/events	/artifacts/events	out-of-mesh	com.netflix.spinnaker.echo.services.KeelService	
1.35.3	gate	keel	DELETE	/_calls/keel/application/{application}/config	/application/{}/config	out-of-mesh	com.netflix.spinnaker.gate.services.internal.KeelService	
1.35.3	gate	keel	DELETE	/_calls/keel/application/{application}/pause	/application/{}/pause	out-of-mesh	com.netflix.spinnaker.gate.services.internal.KeelService	
1.35.3	gate	keel	DELETE	/_calls/keel/application/{application}/pin/{targetEnvironment}	/application/{}/pin/{}	out-of-mesh	com.netflix.spinnaker.gate.services.internal.KeelService	
1.35.3	gate	keel	DELETE	/_calls/keel/application/{application}/veto/{targetEnvironment}/{reference}/{version}	/application/{}/veto/{}/{}/{}	out-of-mesh	com.netflix.spinnaker.gate.services.internal.KeelService	
1.35.3	gate	keel	DELETE	/_calls/keel/delivery-configs/{name}	/delivery-configs/{}	out-of-mesh	com.netflix.spinnaker.gate.services.internal.KeelService	
1.35.3	gate	keel	DELETE	/_calls/keel/resources/{name}	/resources/{}	out-of-mesh	com.netflix.spinnaker.gate.services.internal.KeelService	
1.35.3	gate	keel	DELETE	/_calls/keel/resources/{name}/pause	/resources/{}/pause	out-of-mesh	com.netflix.spinnaker.gate.services.internal.KeelService	
1.35.3	gate	keel	GET	/_calls/keel/application/{application}	/application/{}	out-of-mesh	com.netflix.spinnaker.gate.services.internal.KeelService	
1.35.3	gate	keel	GET	/_calls/keel/application/{application}/config	/application/{}/config	out-of-mesh	com.netflix.spinnaker.gate.services.internal.KeelService	
1.35.3	gate	keel	GET	/_calls/keel/application/{application}/environment/{environment}/constraints	/application/{}/environment/{}/constraints	out-of-mesh	com.netflix.spinnaker.gate.services.internal.KeelService	
1.35.3	gate	keel	GET	/_calls/keel/delivery-configs/schema	/delivery-configs/schema	out-of-mesh	com.netflix.spinnaker.gate.services.internal.KeelService	
1.35.3	gate	keel	GET	/_calls/keel/delivery-configs/{name}	/delivery-configs/{}	out-of-mesh	com.netflix.spinnaker.gate.services.internal.KeelService	
1.35.3	gate	keel	GET	/_calls/keel/delivery-configs/{name}/artifacts	/delivery-configs/{}/artifacts	out-of-mesh	com.netflix.spinnaker.gate.services.internal.KeelService	
1.35.3	gate	keel	GET	/_calls/keel/environments/{application}	/environments/{}	out-of-mesh	com.netflix.spinnaker.gate.services.internal.KeelService	
1.35.3	gate	keel	GET	/_calls/keel/export/artifact/{cloudProvider}/{account}/{clusterName}	/export/artifact/{}/{}/{}	out-of-mesh	com.netflix.spinnaker.gate.services.internal.KeelService	
1.35.3	gate	keel	GET	/_calls/keel/export/{cloudProvider}/{account}/{type}/{name}	/export/{}/{}/{}/{}	out-of-mesh	com.netflix.spinnaker.gate.services.internal.KeelService	
1.35.3	gate	keel	GET	/_calls/keel/health	/health	out-of-mesh	com.netflix.spinnaker.gate.services.internal.HealthCheckableService	
1.35.3	gate	keel	GET	/_calls/keel/installedPlugins	/installedPlugins	out-of-mesh	com.netflix.spinnaker.gate.services.internal.KeelService	
1.35.3	gate	keel	GET	/_calls/keel/reports/adoption	/reports/adoption	out-of-mesh	com.netflix.spinnaker.gate.services.internal.KeelService	
1.35.3	gate	keel	GET	/_calls/keel/reports/onboarding	/reports/onboarding	out-of-mesh	com.netflix.spinnaker.gate.services.internal.KeelService	
1.35.3	gate	keel	GET	/_calls/keel/resources/events/{name}	/resources/events/{}	out-of-mesh	com.netflix.spinnaker.gate.services.internal.KeelService	
1.35.3	gate	keel	GET	/_calls/keel/resources/{name}	/resources/{}	out-of-mesh	com.netflix.spinnaker.gate.services.internal.KeelService	
1.35.3	gate	keel	GET	/_calls/keel/resources/{name}/status	/resources/{}/status	out-of-mesh	com.netflix.spinnaker.gate.services.internal.KeelService	
1.35.3	gate	keel	POST	/_calls/keel/application/{application}/environment/{environment}/constraint	/application/{}/environment/{}/constraint	out-of-mesh	com.netflix.spinnaker.gate.services.internal.KeelService	
1.35.3	gate	keel	POST	/_calls/keel/application/{application}/environment/{environment}/verifications	/application/{}/environment/{}/verifications	out-of-mesh	com.netflix.spinnaker.gate.services.internal.KeelService	
1.35.3	gate	keel	POST	/_calls/keel/application/{application}/environment/{environment}/verifications/retry	/application/{}/environment/{}/verifications/retry	out-of-mesh	com.netflix.spinnaker.gate.services.internal.KeelService	
1.35.3	gate	keel	POST	/_calls/keel/application/{application}/mark/bad	/application/{}/mark/bad	out-of-mesh	com.netflix.spinnaker.gate.services.internal.KeelService	
1.35.3	gate	keel	POST	/_calls/keel/application/{application}/mark/good	/application/{}/mark/good	out-of-mesh	com.netflix.spinnaker.gate.services.internal.KeelService	
1.35.3	gate	keel	POST	/_calls/keel/application/{application}/pause	/application/{}/pause	out-of-mesh	com.netflix.spinnaker.gate.services.internal.KeelService	
1.35.3	gate	keel	POST	/_calls/keel/application/{application}/pin	/application/{}/pin	out-of-mesh	com.netflix.spinnaker.gate.services.internal.KeelService	
1.35.3	gate	keel	POST	/_calls/keel/application/{application}/veto	/application/{}/veto	out-of-mesh	com.netflix.spinnaker.gate.services.internal.KeelService	
1.35.3	gate	keel	POST	/_calls/keel/delivery-configs	/delivery-configs	out-of-mesh	com.netflix.spinnaker.gate.services.internal.KeelService	
1.35.3	gate	keel	POST	/_calls/keel/delivery-configs/diff	/delivery-configs/diff	out-of-mesh	com.netflix.spinnaker.gate.services.internal.KeelService	
1.35.3	gate	keel	POST	/_calls/keel/delivery-configs/validate	/delivery-configs/validate	out-of-mesh	com.netflix.spinnaker.gate.services.internal.KeelService	
1.35.3	gate	keel	POST	/_calls/keel/graphql	/graphql	out-of-mesh	com.netflix.spinnaker.gate.services.internal.KeelService	
1.35.3	gate	keel	POST	/_calls/keel/resources	/resources	out-of-mesh	com.netflix.spinnaker.gate.services.internal.KeelService	
1.35.3	gate	keel	POST	/_calls/keel/resources/diff	/resources/diff	out-of-mesh	com.netflix.spinnaker.gate.services.internal.KeelService	
1.35.3	gate	keel	POST	/_calls/keel/resources/{name}/pause	/resources/{}/pause	out-of-mesh	com.netflix.spinnaker.gate.services.internal.KeelService	
1.35.3	igor	keel	POST	/_calls/keel/artifacts/events	/artifacts/events	out-of-mesh	com.netflix.spinnaker.igor.keel.KeelService	
1.35.3	orca	keel	DELETE	/_calls/keel/application/{application}/config	/application/{}/config	out-of-mesh	com.netflix.spinnaker.orca.KeelService	
1.35.3	orca	keel	POST	/_calls/keel/delivery-configs	/delivery-configs	out-of-mesh	com.netflix.spinnaker.orca.KeelService	
1.35.3	clouddriver	front50	GET	/_calls/front50/credentials	/credentials	stale	com.netflix.spinnaker.clouddriver.core.services.Front50Service	
1.35.3	echo	front50	POST	/_calls/front50/graphql	/graphql	stale	com.netflix.spinnaker.echo.services.Front50Service	
1.35.3	gate	clouddriver	GET	/_calls/clouddriver/applications/{name}/clusters/{account}/{cluster}/{type}/loadBalancers	/applications/{}/clusters/{}/{}/{}/loadBalancers	stale	com.netflix.spinnaker.gate.services.internal.ClouddriverService	
1.35.3	gate	clouddriver	POST	/_calls/clouddriver/applications/{name}/jobs/{account}/{region}/{jobName}	/applications/{}/jobs/{}/{}/{}	stale	com.netflix.spinnaker.gate.services.internal.ClouddriverService	
1.35.3	gate	front50	GET	/_calls/front50/credentials	/credentials	stale	com.netflix.spinnaker.gate.services.internal.Front50Service	
1.35.3	gate	front50	POST	/_calls/front50/pipelines/move	/pipelines/move	stale	com.netflix.spinnaker.gate.services.internal.Front50Service	
1.35.3	gate	front50	POST	/_calls/front50/strategies/move	/strategies/move	stale	com.netflix.spinnaker.gate.services.internal.Front50Service	
1.35.3	orca	echo	GET	/_calls/echo/events/recent/{type}/{since}	/events/recent/{}/{}	stale	com.netflix.spinnaker.orca.echo.EchoService	
1.35.3	orca	front50	GET	/_calls/front50/credentials	/credentials	stale	com.netflix.spinnaker.orca.front50.Front50Service	
1.35.4	gate	clouddriver	GET	/_calls/clouddriver/health	/health	actuator	com.netflix.spinnaker.gate.services.internal.HealthCheckableService	
1.35.4	gate	clouddriver	GET	/_calls/clouddriver/installedPlugins	/installedPlugins	actuator	com.netflix.spinnaker.gate.services.internal.ClouddriverService	
1.35.4	gate	echo	GET	/_calls/echo/health	/health	actuator	com.netflix.spinnaker.gate.services.internal.HealthCheckableService	
1.35.4	gate	echo	GET	/_calls/echo/installedPlugins	/installedPlugins	actuator	com.netflix.spinnaker.gate.services.internal.EchoService	
1.35.4	gate	fiat	GET	/_calls/fiat/installedPlugins	/installedPlugins	actuator	com.netflix.spinnaker.gate.services.internal.ExtendedFiatService	
1.35.4	gate	front50	GET	/_calls/front50/health	/health	actuator	com.netflix.spinnaker.gate.services.internal.HealthCheckableService	
1.35.4	gate	front50	GET	/_calls/front50/installedPlugins	/installedPlugins	actuator	com.netflix.spinnaker.gate.services.internal.Front50Service	
1.35.4	gate	igor	GET	/_calls/igor/health	/health	actuator	com.netflix.spinnaker.gate.services.internal.HealthCheckableService	
1.35.4	gate	igor	GET	/_calls/igor/installedPlugins	/installedPlugins	actuator	com.netflix.spinnaker.gate.services.internal.IgorService	
1.35.4	gate	orca	GET	/_calls/orca/health	/health	actuator	com.netflix.spinnaker.gate.services.internal.HealthCheckableService	
1.35.4	gate	orca	GET	/_calls/orca/installedPlugins	/installedPlugins	actuator	com.netflix.spinnaker.gate.services.internal.OrcaService	
1.35.4	gate	rosco	GET	/_calls/rosco/installedPlugins	/installedPlugins	actuator	com.netflix.spinnaker.gate.services.internal.RoscoService	
1.35.4	orca	clouddriver	PUT	/_calls/clouddriver/admin/db/truncate/{namespace}	/admin/db/truncate/{}	framework	com.netflix.spinnaker.orca.clouddriver.CloudDriverCacheService	excluded by provenance: PUT /admin/db/truncate/{}
1.35.4	clouddriver	fiat	DELETE	/_calls/fiat/roles/{userId}	/roles/{}	indirect-fiat	com.netflix.spinnaker.fiat.shared.FiatService	dropped family (owner ruling 2026-09-12)
1.35.4	clouddriver	fiat	GET	/_calls/fiat/authorize/{userId}	/authorize/{}	indirect-fiat	com.netflix.spinnaker.fiat.shared.FiatService	dropped family (owner ruling 2026-09-12)
1.35.4	clouddriver	fiat	GET	/_calls/fiat/authorize/{userId}/{resourceType}/{resourceName}/{authorization}	/authorize/{}/{}/{}/{}	indirect-fiat	com.netflix.spinnaker.fiat.shared.FiatService	dropped family (owner ruling 2026-09-12)
1.35.4	clouddriver	fiat	POST	/_calls/fiat/authorize/{userId}/{resourceType}/create	/authorize/{}/{}/create	indirect-fiat	com.netflix.spinnaker.fiat.shared.FiatService	dropped family (owner ruling 2026-09-12)
1.35.4	clouddriver	fiat	POST	/_calls/fiat/roles/sync	/roles/sync	indirect-fiat	com.netflix.spinnaker.fiat.shared.FiatService	dropped family (owner ruling 2026-09-12)
1.35.4	clouddriver	fiat	POST	/_calls/fiat/roles/sync/serviceAccount/{serviceAccountId}	/roles/sync/serviceAccount/{}	indirect-fiat	com.netflix.spinnaker.fiat.shared.FiatService	dropped family (owner ruling 2026-09-12)
1.35.4	clouddriver	fiat	POST	/_calls/fiat/roles/{userId}	/roles/{}	indirect-fiat	com.netflix.spinnaker.fiat.shared.FiatService	dropped family (owner ruling 2026-09-12)
1.35.4	clouddriver	fiat	PUT	/_calls/fiat/roles/{userId}	/roles/{}	indirect-fiat	com.netflix.spinnaker.fiat.shared.FiatService	dropped family (owner ruling 2026-09-12)
1.35.4	echo	fiat	DELETE	/_calls/fiat/roles/{userId}	/roles/{}	indirect-fiat	com.netflix.spinnaker.fiat.shared.FiatService	dropped family (owner ruling 2026-09-12)
1.35.4	echo	fiat	GET	/_calls/fiat/authorize/{userId}	/authorize/{}	indirect-fiat	com.netflix.spinnaker.fiat.shared.FiatService	dropped family (owner ruling 2026-09-12)
1.35.4	echo	fiat	GET	/_calls/fiat/authorize/{userId}/{resourceType}/{resourceName}/{authorization}	/authorize/{}/{}/{}/{}	indirect-fiat	com.netflix.spinnaker.fiat.shared.FiatService	dropped family (owner ruling 2026-09-12)
1.35.4	echo	fiat	POST	/_calls/fiat/authorize/{userId}/{resourceType}/create	/authorize/{}/{}/create	indirect-fiat	com.netflix.spinnaker.fiat.shared.FiatService	dropped family (owner ruling 2026-09-12)
1.35.4	echo	fiat	POST	/_calls/fiat/roles/sync	/roles/sync	indirect-fiat	com.netflix.spinnaker.fiat.shared.FiatService	dropped family (owner ruling 2026-09-12)
1.35.4	echo	fiat	POST	/_calls/fiat/roles/sync/serviceAccount/{serviceAccountId}	/roles/sync/serviceAccount/{}	indirect-fiat	com.netflix.spinnaker.fiat.shared.FiatService	dropped family (owner ruling 2026-09-12)
1.35.4	echo	fiat	POST	/_calls/fiat/roles/{userId}	/roles/{}	indirect-fiat	com.netflix.spinnaker.fiat.shared.FiatService	dropped family (owner ruling 2026-09-12)
1.35.4	echo	fiat	PUT	/_calls/fiat/roles/{userId}	/roles/{}	indirect-fiat	com.netflix.spinnaker.fiat.shared.FiatService	dropped family (owner ruling 2026-09-12)
1.35.4	igor	fiat	DELETE	/_calls/fiat/roles/{userId}	/roles/{}	indirect-fiat	com.netflix.spinnaker.fiat.shared.FiatService	dropped family (owner ruling 2026-09-12)
1.35.4	igor	fiat	GET	/_calls/fiat/authorize/{userId}	/authorize/{}	indirect-fiat	com.netflix.spinnaker.fiat.shared.FiatService	dropped family (owner ruling 2026-09-12)
1.35.4	igor	fiat	GET	/_calls/fiat/authorize/{userId}/{resourceType}/{resourceName}/{authorization}	/authorize/{}/{}/{}/{}	indirect-fiat	com.netflix.spinnaker.fiat.shared.FiatService	dropped family (owner ruling 2026-09-12)
1.35.4	igor	fiat	POST	/_calls/fiat/authorize/{userId}/{resourceType}/create	/authorize/{}/{}/create	indirect-fiat	com.netflix.spinnaker.fiat.shared.FiatService	dropped family (owner ruling 2026-09-12)
1.35.4	igor	fiat	POST	/_calls/fiat/roles/sync	/roles/sync	indirect-fiat	com.netflix.spinnaker.fiat.shared.FiatService	dropped family (owner ruling 2026-09-12)
1.35.4	igor	fiat	POST	/_calls/fiat/roles/sync/serviceAccount/{serviceAccountId}	/roles/sync/serviceAccount/{}	indirect-fiat	com.netflix.spinnaker.fiat.shared.FiatService	dropped family (owner ruling 2026-09-12)
1.35.4	igor	fiat	POST	/_calls/fiat/roles/{userId}	/roles/{}	indirect-fiat	com.netflix.spinnaker.fiat.shared.FiatService	dropped family (owner ruling 2026-09-12)
1.35.4	igor	fiat	PUT	/_calls/fiat/roles/{userId}	/roles/{}	indirect-fiat	com.netflix.spinnaker.fiat.shared.FiatService	dropped family (owner ruling 2026-09-12)
1.35.4	clouddriver	front50	GET	/_calls/front50/pluginInfo	/pluginInfo	kork	com.netflix.spinnaker.kork.plugins.update.internal.Front50Service	dropped family (owner ruling 2026-09-12)
1.35.4	clouddriver	front50	GET	/_calls/front50/pluginInfo/{id}	/pluginInfo/{}	kork	com.netflix.spinnaker.kork.plugins.update.internal.Front50Service	dropped family (owner ruling 2026-09-12)
1.35.4	clouddriver	front50	PUT	/_calls/front50/pluginVersions/{serverGroupName}	/pluginVersions/{}	kork	com.netflix.spinnaker.kork.plugins.update.internal.Front50Service	dropped family (owner ruling 2026-09-12)
1.35.4	echo	front50	GET	/_calls/front50/pluginInfo	/pluginInfo	kork	com.netflix.spinnaker.kork.plugins.update.internal.Front50Service	dropped family (owner ruling 2026-09-12)
1.35.4	echo	front50	GET	/_calls/front50/pluginInfo/{id}	/pluginInfo/{}	kork	com.netflix.spinnaker.kork.plugins.update.internal.Front50Service	dropped family (owner ruling 2026-09-12)
1.35.4	echo	front50	PUT	/_calls/front50/pluginVersions/{serverGroupName}	/pluginVersions/{}	kork	com.netflix.spinnaker.kork.plugins.update.internal.Front50Service	dropped family (owner ruling 2026-09-12)
1.35.4	fiat	front50	GET	/_calls/front50/pluginInfo	/pluginInfo	kork	com.netflix.spinnaker.kork.plugins.update.internal.Front50Service	dropped family (owner ruling 2026-09-12)
1.35.4	fiat	front50	GET	/_calls/front50/pluginInfo/{id}	/pluginInfo/{}	kork	com.netflix.spinnaker.kork.plugins.update.internal.Front50Service	dropped family (owner ruling 2026-09-12)
1.35.4	fiat	front50	PUT	/_calls/front50/pluginVersions/{serverGroupName}	/pluginVersions/{}	kork	com.netflix.spinnaker.kork.plugins.update.internal.Front50Service	dropped family (owner ruling 2026-09-12)
1.35.4	front50	front50	GET	/_calls/front50/pluginInfo	/pluginInfo	kork	com.netflix.spinnaker.kork.plugins.update.internal.Front50Service	dropped family (owner ruling 2026-09-12)
1.35.4	front50	front50	GET	/_calls/front50/pluginInfo/{id}	/pluginInfo/{}	kork	com.netflix.spinnaker.kork.plugins.update.internal.Front50Service	dropped family (owner ruling 2026-09-12)
1.35.4	front50	front50	PUT	/_calls/front50/pluginVersions/{serverGroupName}	/pluginVersions/{}	kork	com.netflix.spinnaker.kork.plugins.update.internal.Front50Service	dropped family (owner ruling 2026-09-12)
1.35.4	gate	front50	GET	/_calls/front50/pluginInfo/{id}	/pluginInfo/{}	kork	com.netflix.spinnaker.kork.plugins.update.internal.Front50Service	dropped family (owner ruling 2026-09-12)
1.35.4	gate	front50	PUT	/_calls/front50/pluginVersions/{serverGroupName}	/pluginVersions/{}	kork	com.netflix.spinnaker.kork.plugins.update.internal.Front50Service	dropped family (owner ruling 2026-09-12)
1.35.4	igor	front50	GET	/_calls/front50/pluginInfo/{id}	/pluginInfo/{}	kork	com.netflix.spinnaker.kork.plugins.update.internal.Front50Service	dropped family (owner ruling 2026-09-12)
1.35.4	igor	front50	PUT	/_calls/front50/pluginVersions/{serverGroupName}	/pluginVersions/{}	kork	com.netflix.spinnaker.kork.plugins.update.internal.Front50Service	dropped family (owner ruling 2026-09-12)
1.35.4	kayenta	front50	GET	/_calls/front50/pluginInfo	/pluginInfo	kork	com.netflix.spinnaker.kork.plugins.update.internal.Front50Service	dropped family (owner ruling 2026-09-12)
1.35.4	kayenta	front50	GET	/_calls/front50/pluginInfo/{id}	/pluginInfo/{}	kork	com.netflix.spinnaker.kork.plugins.update.internal.Front50Service	dropped family (owner ruling 2026-09-12)
1.35.4	kayenta	front50	PUT	/_calls/front50/pluginVersions/{serverGroupName}	/pluginVersions/{}	kork	com.netflix.spinnaker.kork.plugins.update.internal.Front50Service	dropped family (owner ruling 2026-09-12)
1.35.4	orca	front50	GET	/_calls/front50/pluginInfo	/pluginInfo	kork	com.netflix.spinnaker.kork.plugins.update.internal.Front50Service	dropped family (owner ruling 2026-09-12)
1.35.4	orca	front50	GET	/_calls/front50/pluginInfo/{id}	/pluginInfo/{}	kork	com.netflix.spinnaker.kork.plugins.update.internal.Front50Service	dropped family (owner ruling 2026-09-12)
1.35.4	orca	front50	PUT	/_calls/front50/pluginVersions/{serverGroupName}	/pluginVersions/{}	kork	com.netflix.spinnaker.kork.plugins.update.internal.Front50Service	dropped family (owner ruling 2026-09-12)
1.35.4	rosco	front50	GET	/_calls/front50/pluginInfo	/pluginInfo	kork	com.netflix.spinnaker.kork.plugins.update.internal.Front50Service	dropped family (owner ruling 2026-09-12)
1.35.4	rosco	front50	GET	/_calls/front50/pluginInfo/{id}	/pluginInfo/{}	kork	com.netflix.spinnaker.kork.plugins.update.internal.Front50Service	dropped family (owner ruling 2026-09-12)
1.35.4	rosco	front50	PUT	/_calls/front50/pluginVersions/{serverGroupName}	/pluginVersions/{}	kork	com.netflix.spinnaker.kork.plugins.update.internal.Front50Service	dropped family (owner ruling 2026-09-12)
1.35.4	echo	keel	POST	/_calls/keel/artifacts/events	/artifacts/events	out-of-mesh	com.netflix.spinnaker.echo.services.KeelService	
1.35.4	gate	keel	DELETE	/_calls/keel/application/{application}/config	/application/{}/config	out-of-mesh	com.netflix.spinnaker.gate.services.internal.KeelService	
1.35.4	gate	keel	DELETE	/_calls/keel/application/{application}/pause	/application/{}/pause	out-of-mesh	com.netflix.spinnaker.gate.services.internal.KeelService	
1.35.4	gate	keel	DELETE	/_calls/keel/application/{application}/pin/{targetEnvironment}	/application/{}/pin/{}	out-of-mesh	com.netflix.spinnaker.gate.services.internal.KeelService	
1.35.4	gate	keel	DELETE	/_calls/keel/application/{application}/veto/{targetEnvironment}/{reference}/{version}	/application/{}/veto/{}/{}/{}	out-of-mesh	com.netflix.spinnaker.gate.services.internal.KeelService	
1.35.4	gate	keel	DELETE	/_calls/keel/delivery-configs/{name}	/delivery-configs/{}	out-of-mesh	com.netflix.spinnaker.gate.services.internal.KeelService	
1.35.4	gate	keel	DELETE	/_calls/keel/resources/{name}	/resources/{}	out-of-mesh	com.netflix.spinnaker.gate.services.internal.KeelService	
1.35.4	gate	keel	DELETE	/_calls/keel/resources/{name}/pause	/resources/{}/pause	out-of-mesh	com.netflix.spinnaker.gate.services.internal.KeelService	
1.35.4	gate	keel	GET	/_calls/keel/application/{application}	/application/{}	out-of-mesh	com.netflix.spinnaker.gate.services.internal.KeelService	
1.35.4	gate	keel	GET	/_calls/keel/application/{application}/config	/application/{}/config	out-of-mesh	com.netflix.spinnaker.gate.services.internal.KeelService	
1.35.4	gate	keel	GET	/_calls/keel/application/{application}/environment/{environment}/constraints	/application/{}/environment/{}/constraints	out-of-mesh	com.netflix.spinnaker.gate.services.internal.KeelService	
1.35.4	gate	keel	GET	/_calls/keel/delivery-configs/schema	/delivery-configs/schema	out-of-mesh	com.netflix.spinnaker.gate.services.internal.KeelService	
1.35.4	gate	keel	GET	/_calls/keel/delivery-configs/{name}	/delivery-configs/{}	out-of-mesh	com.netflix.spinnaker.gate.services.internal.KeelService	
1.35.4	gate	keel	GET	/_calls/keel/delivery-configs/{name}/artifacts	/delivery-configs/{}/artifacts	out-of-mesh	com.netflix.spinnaker.gate.services.internal.KeelService	
1.35.4	gate	keel	GET	/_calls/keel/environments/{application}	/environments/{}	out-of-mesh	com.netflix.spinnaker.gate.services.internal.KeelService	
1.35.4	gate	keel	GET	/_calls/keel/export/artifact/{cloudProvider}/{account}/{clusterName}	/export/artifact/{}/{}/{}	out-of-mesh	com.netflix.spinnaker.gate.services.internal.KeelService	
1.35.4	gate	keel	GET	/_calls/keel/export/{cloudProvider}/{account}/{type}/{name}	/export/{}/{}/{}/{}	out-of-mesh	com.netflix.spinnaker.gate.services.internal.KeelService	
1.35.4	gate	keel	GET	/_calls/keel/health	/health	out-of-mesh	com.netflix.spinnaker.gate.services.internal.HealthCheckableService	
1.35.4	gate	keel	GET	/_calls/keel/installedPlugins	/installedPlugins	out-of-mesh	com.netflix.spinnaker.gate.services.internal.KeelService	
1.35.4	gate	keel	GET	/_calls/keel/reports/adoption	/reports/adoption	out-of-mesh	com.netflix.spinnaker.gate.services.internal.KeelService	
1.35.4	gate	keel	GET	/_calls/keel/reports/onboarding	/reports/onboarding	out-of-mesh	com.netflix.spinnaker.gate.services.internal.KeelService	
1.35.4	gate	keel	GET	/_calls/keel/resources/events/{name}	/resources/events/{}	out-of-mesh	com.netflix.spinnaker.gate.services.internal.KeelService	
1.35.4	gate	keel	GET	/_calls/keel/resources/{name}	/resources/{}	out-of-mesh	com.netflix.spinnaker.gate.services.internal.KeelService	
1.35.4	gate	keel	GET	/_calls/keel/resources/{name}/status	/resources/{}/status	out-of-mesh	com.netflix.spinnaker.gate.services.internal.KeelService	
1.35.4	gate	keel	POST	/_calls/keel/application/{application}/environment/{environment}/constraint	/application/{}/environment/{}/constraint	out-of-mesh	com.netflix.spinnaker.gate.services.internal.KeelService	
1.35.4	gate	keel	POST	/_calls/keel/application/{application}/environment/{environment}/verifications	/application/{}/environment/{}/verifications	out-of-mesh	com.netflix.spinnaker.gate.services.internal.KeelService	
1.35.4	gate	keel	POST	/_calls/keel/application/{application}/environment/{environment}/verifications/retry	/application/{}/environment/{}/verifications/retry	out-of-mesh	com.netflix.spinnaker.gate.services.internal.KeelService	
1.35.4	gate	keel	POST	/_calls/keel/application/{application}/mark/bad	/application/{}/mark/bad	out-of-mesh	com.netflix.spinnaker.gate.services.internal.KeelService	
1.35.4	gate	keel	POST	/_calls/keel/application/{application}/mark/good	/application/{}/mark/good	out-of-mesh	com.netflix.spinnaker.gate.services.internal.KeelService	
1.35.4	gate	keel	POST	/_calls/keel/application/{application}/pause	/application/{}/pause	out-of-mesh	com.netflix.spinnaker.gate.services.internal.KeelService	
1.35.4	gate	keel	POST	/_calls/keel/application/{application}/pin	/application/{}/pin	out-of-mesh	com.netflix.spinnaker.gate.services.internal.KeelService	
1.35.4	gate	keel	POST	/_calls/keel/application/{application}/veto	/application/{}/veto	out-of-mesh	com.netflix.spinnaker.gate.services.internal.KeelService	
1.35.4	gate	keel	POST	/_calls/keel/delivery-configs	/delivery-configs	out-of-mesh	com.netflix.spinnaker.gate.services.internal.KeelService	
1.35.4	gate	keel	POST	/_calls/keel/delivery-configs/diff	/delivery-configs/diff	out-of-mesh	com.netflix.spinnaker.gate.services.internal.KeelService	
1.35.4	gate	keel	POST	/_calls/keel/delivery-configs/validate	/delivery-configs/validate	out-of-mesh	com.netflix.spinnaker.gate.services.internal.KeelService	
1.35.4	gate	keel	POST	/_calls/keel/graphql	/graphql	out-of-mesh	com.netflix.spinnaker.gate.services.internal.KeelService	
1.35.4	gate	keel	POST	/_calls/keel/resources	/resources	out-of-mesh	com.netflix.spinnaker.gate.services.internal.KeelService	
1.35.4	gate	keel	POST	/_calls/keel/resources/diff	/resources/diff	out-of-mesh	com.netflix.spinnaker.gate.services.internal.KeelService	
1.35.4	gate	keel	POST	/_calls/keel/resources/{name}/pause	/resources/{}/pause	out-of-mesh	com.netflix.spinnaker.gate.services.internal.KeelService	
1.35.4	igor	keel	POST	/_calls/keel/artifacts/events	/artifacts/events	out-of-mesh	com.netflix.spinnaker.igor.keel.KeelService	
1.35.4	orca	keel	DELETE	/_calls/keel/application/{application}/config	/application/{}/config	out-of-mesh	com.netflix.spinnaker.orca.KeelService	
1.35.4	orca	keel	POST	/_calls/keel/delivery-configs	/delivery-configs	out-of-mesh	com.netflix.spinnaker.orca.KeelService	
1.35.4	clouddriver	front50	GET	/_calls/front50/credentials	/credentials	stale	com.netflix.spinnaker.clouddriver.core.services.Front50Service	
1.35.4	echo	front50	POST	/_calls/front50/graphql	/graphql	stale	com.netflix.spinnaker.echo.services.Front50Service	
1.35.4	gate	clouddriver	GET	/_calls/clouddriver/applications/{name}/clusters/{account}/{cluster}/{type}/loadBalancers	/applications/{}/clusters/{}/{}/{}/loadBalancers	stale	com.netflix.spinnaker.gate.services.internal.ClouddriverService	
1.35.4	gate	clouddriver	POST	/_calls/clouddriver/applications/{name}/jobs/{account}/{region}/{jobName}	/applications/{}/jobs/{}/{}/{}	stale	com.netflix.spinnaker.gate.services.internal.ClouddriverService	
1.35.4	gate	front50	GET	/_calls/front50/credentials	/credentials	stale	com.netflix.spinnaker.gate.services.internal.Front50Service	
1.35.4	gate	front50	POST	/_calls/front50/pipelines/move	/pipelines/move	stale	com.netflix.spinnaker.gate.services.internal.Front50Service	
1.35.4	gate	front50	POST	/_calls/front50/strategies/move	/strategies/move	stale	com.netflix.spinnaker.gate.services.internal.Front50Service	
1.35.4	orca	echo	GET	/_calls/echo/events/recent/{type}/{since}	/events/recent/{}/{}	stale	com.netflix.spinnaker.orca.echo.EchoService	
1.35.4	orca	front50	GET	/_calls/front50/credentials	/credentials	stale	com.netflix.spinnaker.orca.front50.Front50Service	
1.35.5	gate	clouddriver	GET	/_calls/clouddriver/health	/health	actuator	com.netflix.spinnaker.gate.services.internal.HealthCheckableService	
1.35.5	gate	clouddriver	GET	/_calls/clouddriver/installedPlugins	/installedPlugins	actuator	com.netflix.spinnaker.gate.services.internal.ClouddriverService	
1.35.5	gate	echo	GET	/_calls/echo/health	/health	actuator	com.netflix.spinnaker.gate.services.internal.HealthCheckableService	
1.35.5	gate	echo	GET	/_calls/echo/installedPlugins	/installedPlugins	actuator	com.netflix.spinnaker.gate.services.internal.EchoService	
1.35.5	gate	fiat	GET	/_calls/fiat/installedPlugins	/installedPlugins	actuator	com.netflix.spinnaker.gate.services.internal.ExtendedFiatService	
1.35.5	gate	front50	GET	/_calls/front50/health	/health	actuator	com.netflix.spinnaker.gate.services.internal.HealthCheckableService	
1.35.5	gate	front50	GET	/_calls/front50/installedPlugins	/installedPlugins	actuator	com.netflix.spinnaker.gate.services.internal.Front50Service	
1.35.5	gate	igor	GET	/_calls/igor/health	/health	actuator	com.netflix.spinnaker.gate.services.internal.HealthCheckableService	
1.35.5	gate	igor	GET	/_calls/igor/installedPlugins	/installedPlugins	actuator	com.netflix.spinnaker.gate.services.internal.IgorService	
1.35.5	gate	orca	GET	/_calls/orca/health	/health	actuator	com.netflix.spinnaker.gate.services.internal.HealthCheckableService	
1.35.5	gate	orca	GET	/_calls/orca/installedPlugins	/installedPlugins	actuator	com.netflix.spinnaker.gate.services.internal.OrcaService	
1.35.5	gate	rosco	GET	/_calls/rosco/installedPlugins	/installedPlugins	actuator	com.netflix.spinnaker.gate.services.internal.RoscoService	
1.35.5	orca	clouddriver	PUT	/_calls/clouddriver/admin/db/truncate/{namespace}	/admin/db/truncate/{}	framework	com.netflix.spinnaker.orca.clouddriver.CloudDriverCacheService	excluded by provenance: PUT /admin/db/truncate/{}
1.35.5	clouddriver	fiat	DELETE	/_calls/fiat/roles/{userId}	/roles/{}	indirect-fiat	com.netflix.spinnaker.fiat.shared.FiatService	dropped family (owner ruling 2026-09-12)
1.35.5	clouddriver	fiat	GET	/_calls/fiat/authorize/{userId}	/authorize/{}	indirect-fiat	com.netflix.spinnaker.fiat.shared.FiatService	dropped family (owner ruling 2026-09-12)
1.35.5	clouddriver	fiat	GET	/_calls/fiat/authorize/{userId}/{resourceType}/{resourceName}/{authorization}	/authorize/{}/{}/{}/{}	indirect-fiat	com.netflix.spinnaker.fiat.shared.FiatService	dropped family (owner ruling 2026-09-12)
1.35.5	clouddriver	fiat	POST	/_calls/fiat/authorize/{userId}/{resourceType}/create	/authorize/{}/{}/create	indirect-fiat	com.netflix.spinnaker.fiat.shared.FiatService	dropped family (owner ruling 2026-09-12)
1.35.5	clouddriver	fiat	POST	/_calls/fiat/roles/sync	/roles/sync	indirect-fiat	com.netflix.spinnaker.fiat.shared.FiatService	dropped family (owner ruling 2026-09-12)
1.35.5	clouddriver	fiat	POST	/_calls/fiat/roles/sync/serviceAccount/{serviceAccountId}	/roles/sync/serviceAccount/{}	indirect-fiat	com.netflix.spinnaker.fiat.shared.FiatService	dropped family (owner ruling 2026-09-12)
1.35.5	clouddriver	fiat	POST	/_calls/fiat/roles/{userId}	/roles/{}	indirect-fiat	com.netflix.spinnaker.fiat.shared.FiatService	dropped family (owner ruling 2026-09-12)
1.35.5	clouddriver	fiat	PUT	/_calls/fiat/roles/{userId}	/roles/{}	indirect-fiat	com.netflix.spinnaker.fiat.shared.FiatService	dropped family (owner ruling 2026-09-12)
1.35.5	echo	fiat	DELETE	/_calls/fiat/roles/{userId}	/roles/{}	indirect-fiat	com.netflix.spinnaker.fiat.shared.FiatService	dropped family (owner ruling 2026-09-12)
1.35.5	echo	fiat	GET	/_calls/fiat/authorize/{userId}	/authorize/{}	indirect-fiat	com.netflix.spinnaker.fiat.shared.FiatService	dropped family (owner ruling 2026-09-12)
1.35.5	echo	fiat	GET	/_calls/fiat/authorize/{userId}/{resourceType}/{resourceName}/{authorization}	/authorize/{}/{}/{}/{}	indirect-fiat	com.netflix.spinnaker.fiat.shared.FiatService	dropped family (owner ruling 2026-09-12)
1.35.5	echo	fiat	POST	/_calls/fiat/authorize/{userId}/{resourceType}/create	/authorize/{}/{}/create	indirect-fiat	com.netflix.spinnaker.fiat.shared.FiatService	dropped family (owner ruling 2026-09-12)
1.35.5	echo	fiat	POST	/_calls/fiat/roles/sync	/roles/sync	indirect-fiat	com.netflix.spinnaker.fiat.shared.FiatService	dropped family (owner ruling 2026-09-12)
1.35.5	echo	fiat	POST	/_calls/fiat/roles/sync/serviceAccount/{serviceAccountId}	/roles/sync/serviceAccount/{}	indirect-fiat	com.netflix.spinnaker.fiat.shared.FiatService	dropped family (owner ruling 2026-09-12)
1.35.5	echo	fiat	POST	/_calls/fiat/roles/{userId}	/roles/{}	indirect-fiat	com.netflix.spinnaker.fiat.shared.FiatService	dropped family (owner ruling 2026-09-12)
1.35.5	echo	fiat	PUT	/_calls/fiat/roles/{userId}	/roles/{}	indirect-fiat	com.netflix.spinnaker.fiat.shared.FiatService	dropped family (owner ruling 2026-09-12)
1.35.5	igor	fiat	DELETE	/_calls/fiat/roles/{userId}	/roles/{}	indirect-fiat	com.netflix.spinnaker.fiat.shared.FiatService	dropped family (owner ruling 2026-09-12)
1.35.5	igor	fiat	GET	/_calls/fiat/authorize/{userId}	/authorize/{}	indirect-fiat	com.netflix.spinnaker.fiat.shared.FiatService	dropped family (owner ruling 2026-09-12)
1.35.5	igor	fiat	GET	/_calls/fiat/authorize/{userId}/{resourceType}/{resourceName}/{authorization}	/authorize/{}/{}/{}/{}	indirect-fiat	com.netflix.spinnaker.fiat.shared.FiatService	dropped family (owner ruling 2026-09-12)
1.35.5	igor	fiat	POST	/_calls/fiat/authorize/{userId}/{resourceType}/create	/authorize/{}/{}/create	indirect-fiat	com.netflix.spinnaker.fiat.shared.FiatService	dropped family (owner ruling 2026-09-12)
1.35.5	igor	fiat	POST	/_calls/fiat/roles/sync	/roles/sync	indirect-fiat	com.netflix.spinnaker.fiat.shared.FiatService	dropped family (owner ruling 2026-09-12)
1.35.5	igor	fiat	POST	/_calls/fiat/roles/sync/serviceAccount/{serviceAccountId}	/roles/sync/serviceAccount/{}	indirect-fiat	com.netflix.spinnaker.fiat.shared.FiatService	dropped family (owner ruling 2026-09-12)
1.35.5	igor	fiat	POST	/_calls/fiat/roles/{userId}	/roles/{}	indirect-fiat	com.netflix.spinnaker.fiat.shared.FiatService	dropped family (owner ruling 2026-09-12)
1.35.5	igor	fiat	PUT	/_calls/fiat/roles/{userId}	/roles/{}	indirect-fiat	com.netflix.spinnaker.fiat.shared.FiatService	dropped family (owner ruling 2026-09-12)
1.35.5	clouddriver	front50	GET	/_calls/front50/pluginInfo	/pluginInfo	kork	com.netflix.spinnaker.kork.plugins.update.internal.Front50Service	dropped family (owner ruling 2026-09-12)
1.35.5	clouddriver	front50	GET	/_calls/front50/pluginInfo/{id}	/pluginInfo/{}	kork	com.netflix.spinnaker.kork.plugins.update.internal.Front50Service	dropped family (owner ruling 2026-09-12)
1.35.5	clouddriver	front50	PUT	/_calls/front50/pluginVersions/{serverGroupName}	/pluginVersions/{}	kork	com.netflix.spinnaker.kork.plugins.update.internal.Front50Service	dropped family (owner ruling 2026-09-12)
1.35.5	echo	front50	GET	/_calls/front50/pluginInfo	/pluginInfo	kork	com.netflix.spinnaker.kork.plugins.update.internal.Front50Service	dropped family (owner ruling 2026-09-12)
1.35.5	echo	front50	GET	/_calls/front50/pluginInfo/{id}	/pluginInfo/{}	kork	com.netflix.spinnaker.kork.plugins.update.internal.Front50Service	dropped family (owner ruling 2026-09-12)
1.35.5	echo	front50	PUT	/_calls/front50/pluginVersions/{serverGroupName}	/pluginVersions/{}	kork	com.netflix.spinnaker.kork.plugins.update.internal.Front50Service	dropped family (owner ruling 2026-09-12)
1.35.5	fiat	front50	GET	/_calls/front50/pluginInfo	/pluginInfo	kork	com.netflix.spinnaker.kork.plugins.update.internal.Front50Service	dropped family (owner ruling 2026-09-12)
1.35.5	fiat	front50	GET	/_calls/front50/pluginInfo/{id}	/pluginInfo/{}	kork	com.netflix.spinnaker.kork.plugins.update.internal.Front50Service	dropped family (owner ruling 2026-09-12)
1.35.5	fiat	front50	PUT	/_calls/front50/pluginVersions/{serverGroupName}	/pluginVersions/{}	kork	com.netflix.spinnaker.kork.plugins.update.internal.Front50Service	dropped family (owner ruling 2026-09-12)
1.35.5	front50	front50	GET	/_calls/front50/pluginInfo	/pluginInfo	kork	com.netflix.spinnaker.kork.plugins.update.internal.Front50Service	dropped family (owner ruling 2026-09-12)
1.35.5	front50	front50	GET	/_calls/front50/pluginInfo/{id}	/pluginInfo/{}	kork	com.netflix.spinnaker.kork.plugins.update.internal.Front50Service	dropped family (owner ruling 2026-09-12)
1.35.5	front50	front50	PUT	/_calls/front50/pluginVersions/{serverGroupName}	/pluginVersions/{}	kork	com.netflix.spinnaker.kork.plugins.update.internal.Front50Service	dropped family (owner ruling 2026-09-12)
1.35.5	gate	front50	GET	/_calls/front50/pluginInfo/{id}	/pluginInfo/{}	kork	com.netflix.spinnaker.kork.plugins.update.internal.Front50Service	dropped family (owner ruling 2026-09-12)
1.35.5	gate	front50	PUT	/_calls/front50/pluginVersions/{serverGroupName}	/pluginVersions/{}	kork	com.netflix.spinnaker.kork.plugins.update.internal.Front50Service	dropped family (owner ruling 2026-09-12)
1.35.5	igor	front50	GET	/_calls/front50/pluginInfo/{id}	/pluginInfo/{}	kork	com.netflix.spinnaker.kork.plugins.update.internal.Front50Service	dropped family (owner ruling 2026-09-12)
1.35.5	igor	front50	PUT	/_calls/front50/pluginVersions/{serverGroupName}	/pluginVersions/{}	kork	com.netflix.spinnaker.kork.plugins.update.internal.Front50Service	dropped family (owner ruling 2026-09-12)
1.35.5	kayenta	front50	GET	/_calls/front50/pluginInfo	/pluginInfo	kork	com.netflix.spinnaker.kork.plugins.update.internal.Front50Service	dropped family (owner ruling 2026-09-12)
1.35.5	kayenta	front50	GET	/_calls/front50/pluginInfo/{id}	/pluginInfo/{}	kork	com.netflix.spinnaker.kork.plugins.update.internal.Front50Service	dropped family (owner ruling 2026-09-12)
1.35.5	kayenta	front50	PUT	/_calls/front50/pluginVersions/{serverGroupName}	/pluginVersions/{}	kork	com.netflix.spinnaker.kork.plugins.update.internal.Front50Service	dropped family (owner ruling 2026-09-12)
1.35.5	orca	front50	GET	/_calls/front50/pluginInfo	/pluginInfo	kork	com.netflix.spinnaker.kork.plugins.update.internal.Front50Service	dropped family (owner ruling 2026-09-12)
1.35.5	orca	front50	GET	/_calls/front50/pluginInfo/{id}	/pluginInfo/{}	kork	com.netflix.spinnaker.kork.plugins.update.internal.Front50Service	dropped family (owner ruling 2026-09-12)
1.35.5	orca	front50	PUT	/_calls/front50/pluginVersions/{serverGroupName}	/pluginVersions/{}	kork	com.netflix.spinnaker.kork.plugins.update.internal.Front50Service	dropped family (owner ruling 2026-09-12)
1.35.5	rosco	front50	GET	/_calls/front50/pluginInfo	/pluginInfo	kork	com.netflix.spinnaker.kork.plugins.update.internal.Front50Service	dropped family (owner ruling 2026-09-12)
1.35.5	rosco	front50	GET	/_calls/front50/pluginInfo/{id}	/pluginInfo/{}	kork	com.netflix.spinnaker.kork.plugins.update.internal.Front50Service	dropped family (owner ruling 2026-09-12)
1.35.5	rosco	front50	PUT	/_calls/front50/pluginVersions/{serverGroupName}	/pluginVersions/{}	kork	com.netflix.spinnaker.kork.plugins.update.internal.Front50Service	dropped family (owner ruling 2026-09-12)
1.35.5	echo	keel	POST	/_calls/keel/artifacts/events	/artifacts/events	out-of-mesh	com.netflix.spinnaker.echo.services.KeelService	
1.35.5	gate	keel	DELETE	/_calls/keel/application/{application}/config	/application/{}/config	out-of-mesh	com.netflix.spinnaker.gate.services.internal.KeelService	
1.35.5	gate	keel	DELETE	/_calls/keel/application/{application}/pause	/application/{}/pause	out-of-mesh	com.netflix.spinnaker.gate.services.internal.KeelService	
1.35.5	gate	keel	DELETE	/_calls/keel/application/{application}/pin/{targetEnvironment}	/application/{}/pin/{}	out-of-mesh	com.netflix.spinnaker.gate.services.internal.KeelService	
1.35.5	gate	keel	DELETE	/_calls/keel/application/{application}/veto/{targetEnvironment}/{reference}/{version}	/application/{}/veto/{}/{}/{}	out-of-mesh	com.netflix.spinnaker.gate.services.internal.KeelService	
1.35.5	gate	keel	DELETE	/_calls/keel/delivery-configs/{name}	/delivery-configs/{}	out-of-mesh	com.netflix.spinnaker.gate.services.internal.KeelService	
1.35.5	gate	keel	DELETE	/_calls/keel/resources/{name}	/resources/{}	out-of-mesh	com.netflix.spinnaker.gate.services.internal.KeelService	
1.35.5	gate	keel	DELETE	/_calls/keel/resources/{name}/pause	/resources/{}/pause	out-of-mesh	com.netflix.spinnaker.gate.services.internal.KeelService	
1.35.5	gate	keel	GET	/_calls/keel/application/{application}	/application/{}	out-of-mesh	com.netflix.spinnaker.gate.services.internal.KeelService	
1.35.5	gate	keel	GET	/_calls/keel/application/{application}/config	/application/{}/config	out-of-mesh	com.netflix.spinnaker.gate.services.internal.KeelService	
1.35.5	gate	keel	GET	/_calls/keel/application/{application}/environment/{environment}/constraints	/application/{}/environment/{}/constraints	out-of-mesh	com.netflix.spinnaker.gate.services.internal.KeelService	
1.35.5	gate	keel	GET	/_calls/keel/delivery-configs/schema	/delivery-configs/schema	out-of-mesh	com.netflix.spinnaker.gate.services.internal.KeelService	
1.35.5	gate	keel	GET	/_calls/keel/delivery-configs/{name}	/delivery-configs/{}	out-of-mesh	com.netflix.spinnaker.gate.services.internal.KeelService	
1.35.5	gate	keel	GET	/_calls/keel/delivery-configs/{name}/artifacts	/delivery-configs/{}/artifacts	out-of-mesh	com.netflix.spinnaker.gate.services.internal.KeelService	
1.35.5	gate	keel	GET	/_calls/keel/environments/{application}	/environments/{}	out-of-mesh	com.netflix.spinnaker.gate.services.internal.KeelService	
1.35.5	gate	keel	GET	/_calls/keel/export/artifact/{cloudProvider}/{account}/{clusterName}	/export/artifact/{}/{}/{}	out-of-mesh	com.netflix.spinnaker.gate.services.internal.KeelService	
1.35.5	gate	keel	GET	/_calls/keel/export/{cloudProvider}/{account}/{type}/{name}	/export/{}/{}/{}/{}	out-of-mesh	com.netflix.spinnaker.gate.services.internal.KeelService	
1.35.5	gate	keel	GET	/_calls/keel/health	/health	out-of-mesh	com.netflix.spinnaker.gate.services.internal.HealthCheckableService	
1.35.5	gate	keel	GET	/_calls/keel/installedPlugins	/installedPlugins	out-of-mesh	com.netflix.spinnaker.gate.services.internal.KeelService	
1.35.5	gate	keel	GET	/_calls/keel/reports/adoption	/reports/adoption	out-of-mesh	com.netflix.spinnaker.gate.services.internal.KeelService	
1.35.5	gate	keel	GET	/_calls/keel/reports/onboarding	/reports/onboarding	out-of-mesh	com.netflix.spinnaker.gate.services.internal.KeelService	
1.35.5	gate	keel	GET	/_calls/keel/resources/events/{name}	/resources/events/{}	out-of-mesh	com.netflix.spinnaker.gate.services.internal.KeelService	
1.35.5	gate	keel	GET	/_calls/keel/resources/{name}	/resources/{}	out-of-mesh	com.netflix.spinnaker.gate.services.internal.KeelService	
1.35.5	gate	keel	GET	/_calls/keel/resources/{name}/status	/resources/{}/status	out-of-mesh	com.netflix.spinnaker.gate.services.internal.KeelService	
1.35.5	gate	keel	POST	/_calls/keel/application/{application}/environment/{environment}/constraint	/application/{}/environment/{}/constraint	out-of-mesh	com.netflix.spinnaker.gate.services.internal.KeelService	
1.35.5	gate	keel	POST	/_calls/keel/application/{application}/environment/{environment}/verifications	/application/{}/environment/{}/verifications	out-of-mesh	com.netflix.spinnaker.gate.services.internal.KeelService	
1.35.5	gate	keel	POST	/_calls/keel/application/{application}/environment/{environment}/verifications/retry	/application/{}/environment/{}/verifications/retry	out-of-mesh	com.netflix.spinnaker.gate.services.internal.KeelService	
1.35.5	gate	keel	POST	/_calls/keel/application/{application}/mark/bad	/application/{}/mark/bad	out-of-mesh	com.netflix.spinnaker.gate.services.internal.KeelService	
1.35.5	gate	keel	POST	/_calls/keel/application/{application}/mark/good	/application/{}/mark/good	out-of-mesh	com.netflix.spinnaker.gate.services.internal.KeelService	
1.35.5	gate	keel	POST	/_calls/keel/application/{application}/pause	/application/{}/pause	out-of-mesh	com.netflix.spinnaker.gate.services.internal.KeelService	
1.35.5	gate	keel	POST	/_calls/keel/application/{application}/pin	/application/{}/pin	out-of-mesh	com.netflix.spinnaker.gate.services.internal.KeelService	
1.35.5	gate	keel	POST	/_calls/keel/application/{application}/veto	/application/{}/veto	out-of-mesh	com.netflix.spinnaker.gate.services.internal.KeelService	
1.35.5	gate	keel	POST	/_calls/keel/delivery-configs	/delivery-configs	out-of-mesh	com.netflix.spinnaker.gate.services.internal.KeelService	
1.35.5	gate	keel	POST	/_calls/keel/delivery-configs/diff	/delivery-configs/diff	out-of-mesh	com.netflix.spinnaker.gate.services.internal.KeelService	
1.35.5	gate	keel	POST	/_calls/keel/delivery-configs/validate	/delivery-configs/validate	out-of-mesh	com.netflix.spinnaker.gate.services.internal.KeelService	
1.35.5	gate	keel	POST	/_calls/keel/graphql	/graphql	out-of-mesh	com.netflix.spinnaker.gate.services.internal.KeelService	
1.35.5	gate	keel	POST	/_calls/keel/resources	/resources	out-of-mesh	com.netflix.spinnaker.gate.services.internal.KeelService	
1.35.5	gate	keel	POST	/_calls/keel/resources/diff	/resources/diff	out-of-mesh	com.netflix.spinnaker.gate.services.internal.KeelService	
1.35.5	gate	keel	POST	/_calls/keel/resources/{name}/pause	/resources/{}/pause	out-of-mesh	com.netflix.spinnaker.gate.services.internal.KeelService	
1.35.5	igor	keel	POST	/_calls/keel/artifacts/events	/artifacts/events	out-of-mesh	com.netflix.spinnaker.igor.keel.KeelService	
1.35.5	orca	keel	DELETE	/_calls/keel/application/{application}/config	/application/{}/config	out-of-mesh	com.netflix.spinnaker.orca.KeelService	
1.35.5	orca	keel	POST	/_calls/keel/delivery-configs	/delivery-configs	out-of-mesh	com.netflix.spinnaker.orca.KeelService	
1.35.5	clouddriver	front50	GET	/_calls/front50/credentials	/credentials	stale	com.netflix.spinnaker.clouddriver.core.services.Front50Service	
1.35.5	echo	front50	POST	/_calls/front50/graphql	/graphql	stale	com.netflix.spinnaker.echo.services.Front50Service	
1.35.5	gate	clouddriver	GET	/_calls/clouddriver/applications/{name}/clusters/{account}/{cluster}/{type}/loadBalancers	/applications/{}/clusters/{}/{}/{}/loadBalancers	stale	com.netflix.spinnaker.gate.services.internal.ClouddriverService	
1.35.5	gate	clouddriver	POST	/_calls/clouddriver/applications/{name}/jobs/{account}/{region}/{jobName}	/applications/{}/jobs/{}/{}/{}	stale	com.netflix.spinnaker.gate.services.internal.ClouddriverService	
1.35.5	gate	front50	GET	/_calls/front50/credentials	/credentials	stale	com.netflix.spinnaker.gate.services.internal.Front50Service	
1.35.5	gate	front50	POST	/_calls/front50/pipelines/move	/pipelines/move	stale	com.netflix.spinnaker.gate.services.internal.Front50Service	
1.35.5	gate	front50	POST	/_calls/front50/strategies/move	/strategies/move	stale	com.netflix.spinnaker.gate.services.internal.Front50Service	
1.35.5	orca	echo	GET	/_calls/echo/events/recent/{type}/{since}	/events/recent/{}/{}	stale	com.netflix.spinnaker.orca.echo.EchoService	
1.35.5	orca	front50	GET	/_calls/front50/credentials	/credentials	stale	com.netflix.spinnaker.orca.front50.Front50Service	
1.36.0	gate	clouddriver	GET	/_calls/clouddriver/health	/health	actuator	com.netflix.spinnaker.gate.services.internal.HealthCheckableService	
1.36.0	gate	clouddriver	GET	/_calls/clouddriver/installedPlugins	/installedPlugins	actuator	com.netflix.spinnaker.gate.services.internal.ClouddriverService	
1.36.0	gate	echo	GET	/_calls/echo/health	/health	actuator	com.netflix.spinnaker.gate.services.internal.HealthCheckableService	
1.36.0	gate	echo	GET	/_calls/echo/installedPlugins	/installedPlugins	actuator	com.netflix.spinnaker.gate.services.internal.EchoService	
1.36.0	gate	fiat	GET	/_calls/fiat/installedPlugins	/installedPlugins	actuator	com.netflix.spinnaker.gate.services.internal.ExtendedFiatService	
1.36.0	gate	front50	GET	/_calls/front50/health	/health	actuator	com.netflix.spinnaker.gate.services.internal.HealthCheckableService	
1.36.0	gate	front50	GET	/_calls/front50/installedPlugins	/installedPlugins	actuator	com.netflix.spinnaker.gate.services.internal.Front50Service	
1.36.0	gate	igor	GET	/_calls/igor/health	/health	actuator	com.netflix.spinnaker.gate.services.internal.HealthCheckableService	
1.36.0	gate	igor	GET	/_calls/igor/installedPlugins	/installedPlugins	actuator	com.netflix.spinnaker.gate.services.internal.IgorService	
1.36.0	gate	orca	GET	/_calls/orca/health	/health	actuator	com.netflix.spinnaker.gate.services.internal.HealthCheckableService	
1.36.0	gate	orca	GET	/_calls/orca/installedPlugins	/installedPlugins	actuator	com.netflix.spinnaker.gate.services.internal.OrcaService	
1.36.0	gate	rosco	GET	/_calls/rosco/installedPlugins	/installedPlugins	actuator	com.netflix.spinnaker.gate.services.internal.RoscoService	
1.36.0	orca	clouddriver	PUT	/_calls/clouddriver/admin/db/truncate/{namespace}	/admin/db/truncate/{}	framework	com.netflix.spinnaker.orca.clouddriver.CloudDriverCacheService	excluded by provenance: PUT /admin/db/truncate/{}
1.36.0	clouddriver	fiat	DELETE	/_calls/fiat/roles/{userId}	/roles/{}	indirect-fiat	com.netflix.spinnaker.fiat.shared.FiatService	dropped family (owner ruling 2026-09-12)
1.36.0	clouddriver	fiat	GET	/_calls/fiat/authorize/{userId}	/authorize/{}	indirect-fiat	com.netflix.spinnaker.fiat.shared.FiatService	dropped family (owner ruling 2026-09-12)
1.36.0	clouddriver	fiat	GET	/_calls/fiat/authorize/{userId}/{resourceType}/{resourceName}/{authorization}	/authorize/{}/{}/{}/{}	indirect-fiat	com.netflix.spinnaker.fiat.shared.FiatService	dropped family (owner ruling 2026-09-12)
1.36.0	clouddriver	fiat	POST	/_calls/fiat/authorize/{userId}/{resourceType}/create	/authorize/{}/{}/create	indirect-fiat	com.netflix.spinnaker.fiat.shared.FiatService	dropped family (owner ruling 2026-09-12)
1.36.0	clouddriver	fiat	POST	/_calls/fiat/roles/sync	/roles/sync	indirect-fiat	com.netflix.spinnaker.fiat.shared.FiatService	dropped family (owner ruling 2026-09-12)
1.36.0	clouddriver	fiat	POST	/_calls/fiat/roles/sync/serviceAccount/{serviceAccountId}	/roles/sync/serviceAccount/{}	indirect-fiat	com.netflix.spinnaker.fiat.shared.FiatService	dropped family (owner ruling 2026-09-12)
1.36.0	clouddriver	fiat	POST	/_calls/fiat/roles/{userId}	/roles/{}	indirect-fiat	com.netflix.spinnaker.fiat.shared.FiatService	dropped family (owner ruling 2026-09-12)
1.36.0	clouddriver	fiat	PUT	/_calls/fiat/roles/{userId}	/roles/{}	indirect-fiat	com.netflix.spinnaker.fiat.shared.FiatService	dropped family (owner ruling 2026-09-12)
1.36.0	echo	fiat	DELETE	/_calls/fiat/roles/{userId}	/roles/{}	indirect-fiat	com.netflix.spinnaker.fiat.shared.FiatService	dropped family (owner ruling 2026-09-12)
1.36.0	echo	fiat	GET	/_calls/fiat/authorize/{userId}	/authorize/{}	indirect-fiat	com.netflix.spinnaker.fiat.shared.FiatService	dropped family (owner ruling 2026-09-12)
1.36.0	echo	fiat	GET	/_calls/fiat/authorize/{userId}/{resourceType}/{resourceName}/{authorization}	/authorize/{}/{}/{}/{}	indirect-fiat	com.netflix.spinnaker.fiat.shared.FiatService	dropped family (owner ruling 2026-09-12)
1.36.0	echo	fiat	POST	/_calls/fiat/authorize/{userId}/{resourceType}/create	/authorize/{}/{}/create	indirect-fiat	com.netflix.spinnaker.fiat.shared.FiatService	dropped family (owner ruling 2026-09-12)
1.36.0	echo	fiat	POST	/_calls/fiat/roles/sync	/roles/sync	indirect-fiat	com.netflix.spinnaker.fiat.shared.FiatService	dropped family (owner ruling 2026-09-12)
1.36.0	echo	fiat	POST	/_calls/fiat/roles/sync/serviceAccount/{serviceAccountId}	/roles/sync/serviceAccount/{}	indirect-fiat	com.netflix.spinnaker.fiat.shared.FiatService	dropped family (owner ruling 2026-09-12)
1.36.0	echo	fiat	POST	/_calls/fiat/roles/{userId}	/roles/{}	indirect-fiat	com.netflix.spinnaker.fiat.shared.FiatService	dropped family (owner ruling 2026-09-12)
1.36.0	echo	fiat	PUT	/_calls/fiat/roles/{userId}	/roles/{}	indirect-fiat	com.netflix.spinnaker.fiat.shared.FiatService	dropped family (owner ruling 2026-09-12)
1.36.0	igor	fiat	DELETE	/_calls/fiat/roles/{userId}	/roles/{}	indirect-fiat	com.netflix.spinnaker.fiat.shared.FiatService	dropped family (owner ruling 2026-09-12)
1.36.0	igor	fiat	GET	/_calls/fiat/authorize/{userId}	/authorize/{}	indirect-fiat	com.netflix.spinnaker.fiat.shared.FiatService	dropped family (owner ruling 2026-09-12)
1.36.0	igor	fiat	GET	/_calls/fiat/authorize/{userId}/{resourceType}/{resourceName}/{authorization}	/authorize/{}/{}/{}/{}	indirect-fiat	com.netflix.spinnaker.fiat.shared.FiatService	dropped family (owner ruling 2026-09-12)
1.36.0	igor	fiat	POST	/_calls/fiat/authorize/{userId}/{resourceType}/create	/authorize/{}/{}/create	indirect-fiat	com.netflix.spinnaker.fiat.shared.FiatService	dropped family (owner ruling 2026-09-12)
1.36.0	igor	fiat	POST	/_calls/fiat/roles/sync	/roles/sync	indirect-fiat	com.netflix.spinnaker.fiat.shared.FiatService	dropped family (owner ruling 2026-09-12)
1.36.0	igor	fiat	POST	/_calls/fiat/roles/sync/serviceAccount/{serviceAccountId}	/roles/sync/serviceAccount/{}	indirect-fiat	com.netflix.spinnaker.fiat.shared.FiatService	dropped family (owner ruling 2026-09-12)
1.36.0	igor	fiat	POST	/_calls/fiat/roles/{userId}	/roles/{}	indirect-fiat	com.netflix.spinnaker.fiat.shared.FiatService	dropped family (owner ruling 2026-09-12)
1.36.0	igor	fiat	PUT	/_calls/fiat/roles/{userId}	/roles/{}	indirect-fiat	com.netflix.spinnaker.fiat.shared.FiatService	dropped family (owner ruling 2026-09-12)
1.36.0	clouddriver	front50	GET	/_calls/front50/pluginInfo	/pluginInfo	kork	com.netflix.spinnaker.kork.plugins.update.internal.Front50Service	dropped family (owner ruling 2026-09-12)
1.36.0	clouddriver	front50	GET	/_calls/front50/pluginInfo/{id}	/pluginInfo/{}	kork	com.netflix.spinnaker.kork.plugins.update.internal.Front50Service	dropped family (owner ruling 2026-09-12)
1.36.0	clouddriver	front50	PUT	/_calls/front50/pluginVersions/{serverGroupName}	/pluginVersions/{}	kork	com.netflix.spinnaker.kork.plugins.update.internal.Front50Service	dropped family (owner ruling 2026-09-12)
1.36.0	echo	front50	GET	/_calls/front50/pluginInfo	/pluginInfo	kork	com.netflix.spinnaker.kork.plugins.update.internal.Front50Service	dropped family (owner ruling 2026-09-12)
1.36.0	echo	front50	GET	/_calls/front50/pluginInfo/{id}	/pluginInfo/{}	kork	com.netflix.spinnaker.kork.plugins.update.internal.Front50Service	dropped family (owner ruling 2026-09-12)
1.36.0	echo	front50	PUT	/_calls/front50/pluginVersions/{serverGroupName}	/pluginVersions/{}	kork	com.netflix.spinnaker.kork.plugins.update.internal.Front50Service	dropped family (owner ruling 2026-09-12)
1.36.0	fiat	front50	GET	/_calls/front50/pluginInfo	/pluginInfo	kork	com.netflix.spinnaker.kork.plugins.update.internal.Front50Service	dropped family (owner ruling 2026-09-12)
1.36.0	fiat	front50	GET	/_calls/front50/pluginInfo/{id}	/pluginInfo/{}	kork	com.netflix.spinnaker.kork.plugins.update.internal.Front50Service	dropped family (owner ruling 2026-09-12)
1.36.0	fiat	front50	PUT	/_calls/front50/pluginVersions/{serverGroupName}	/pluginVersions/{}	kork	com.netflix.spinnaker.kork.plugins.update.internal.Front50Service	dropped family (owner ruling 2026-09-12)
1.36.0	front50	front50	GET	/_calls/front50/pluginInfo	/pluginInfo	kork	com.netflix.spinnaker.kork.plugins.update.internal.Front50Service	dropped family (owner ruling 2026-09-12)
1.36.0	front50	front50	GET	/_calls/front50/pluginInfo/{id}	/pluginInfo/{}	kork	com.netflix.spinnaker.kork.plugins.update.internal.Front50Service	dropped family (owner ruling 2026-09-12)
1.36.0	front50	front50	PUT	/_calls/front50/pluginVersions/{serverGroupName}	/pluginVersions/{}	kork	com.netflix.spinnaker.kork.plugins.update.internal.Front50Service	dropped family (owner ruling 2026-09-12)
1.36.0	gate	front50	GET	/_calls/front50/pluginInfo/{id}	/pluginInfo/{}	kork	com.netflix.spinnaker.kork.plugins.update.internal.Front50Service	dropped family (owner ruling 2026-09-12)
1.36.0	gate	front50	PUT	/_calls/front50/pluginVersions/{serverGroupName}	/pluginVersions/{}	kork	com.netflix.spinnaker.kork.plugins.update.internal.Front50Service	dropped family (owner ruling 2026-09-12)
1.36.0	igor	front50	GET	/_calls/front50/pluginInfo/{id}	/pluginInfo/{}	kork	com.netflix.spinnaker.kork.plugins.update.internal.Front50Service	dropped family (owner ruling 2026-09-12)
1.36.0	igor	front50	PUT	/_calls/front50/pluginVersions/{serverGroupName}	/pluginVersions/{}	kork	com.netflix.spinnaker.kork.plugins.update.internal.Front50Service	dropped family (owner ruling 2026-09-12)
1.36.0	kayenta	front50	GET	/_calls/front50/pluginInfo	/pluginInfo	kork	com.netflix.spinnaker.kork.plugins.update.internal.Front50Service	dropped family (owner ruling 2026-09-12)
1.36.0	kayenta	front50	GET	/_calls/front50/pluginInfo/{id}	/pluginInfo/{}	kork	com.netflix.spinnaker.kork.plugins.update.internal.Front50Service	dropped family (owner ruling 2026-09-12)
1.36.0	kayenta	front50	PUT	/_calls/front50/pluginVersions/{serverGroupName}	/pluginVersions/{}	kork	com.netflix.spinnaker.kork.plugins.update.internal.Front50Service	dropped family (owner ruling 2026-09-12)
1.36.0	orca	front50	GET	/_calls/front50/pluginInfo	/pluginInfo	kork	com.netflix.spinnaker.kork.plugins.update.internal.Front50Service	dropped family (owner ruling 2026-09-12)
1.36.0	orca	front50	GET	/_calls/front50/pluginInfo/{id}	/pluginInfo/{}	kork	com.netflix.spinnaker.kork.plugins.update.internal.Front50Service	dropped family (owner ruling 2026-09-12)
1.36.0	orca	front50	PUT	/_calls/front50/pluginVersions/{serverGroupName}	/pluginVersions/{}	kork	com.netflix.spinnaker.kork.plugins.update.internal.Front50Service	dropped family (owner ruling 2026-09-12)
1.36.0	rosco	front50	GET	/_calls/front50/pluginInfo	/pluginInfo	kork	com.netflix.spinnaker.kork.plugins.update.internal.Front50Service	dropped family (owner ruling 2026-09-12)
1.36.0	rosco	front50	GET	/_calls/front50/pluginInfo/{id}	/pluginInfo/{}	kork	com.netflix.spinnaker.kork.plugins.update.internal.Front50Service	dropped family (owner ruling 2026-09-12)
1.36.0	rosco	front50	PUT	/_calls/front50/pluginVersions/{serverGroupName}	/pluginVersions/{}	kork	com.netflix.spinnaker.kork.plugins.update.internal.Front50Service	dropped family (owner ruling 2026-09-12)
1.36.0	echo	keel	POST	/_calls/keel/artifacts/events	/artifacts/events	out-of-mesh	com.netflix.spinnaker.echo.services.KeelService	
1.36.0	gate	keel	DELETE	/_calls/keel/application/{application}/config	/application/{}/config	out-of-mesh	com.netflix.spinnaker.gate.services.internal.KeelService	
1.36.0	gate	keel	DELETE	/_calls/keel/application/{application}/pause	/application/{}/pause	out-of-mesh	com.netflix.spinnaker.gate.services.internal.KeelService	
1.36.0	gate	keel	DELETE	/_calls/keel/application/{application}/pin/{targetEnvironment}	/application/{}/pin/{}	out-of-mesh	com.netflix.spinnaker.gate.services.internal.KeelService	
1.36.0	gate	keel	DELETE	/_calls/keel/application/{application}/veto/{targetEnvironment}/{reference}/{version}	/application/{}/veto/{}/{}/{}	out-of-mesh	com.netflix.spinnaker.gate.services.internal.KeelService	
1.36.0	gate	keel	DELETE	/_calls/keel/delivery-configs/{name}	/delivery-configs/{}	out-of-mesh	com.netflix.spinnaker.gate.services.internal.KeelService	
1.36.0	gate	keel	DELETE	/_calls/keel/resources/{name}	/resources/{}	out-of-mesh	com.netflix.spinnaker.gate.services.internal.KeelService	
1.36.0	gate	keel	DELETE	/_calls/keel/resources/{name}/pause	/resources/{}/pause	out-of-mesh	com.netflix.spinnaker.gate.services.internal.KeelService	
1.36.0	gate	keel	GET	/_calls/keel/application/{application}	/application/{}	out-of-mesh	com.netflix.spinnaker.gate.services.internal.KeelService	
1.36.0	gate	keel	GET	/_calls/keel/application/{application}/config	/application/{}/config	out-of-mesh	com.netflix.spinnaker.gate.services.internal.KeelService	
1.36.0	gate	keel	GET	/_calls/keel/application/{application}/environment/{environment}/constraints	/application/{}/environment/{}/constraints	out-of-mesh	com.netflix.spinnaker.gate.services.internal.KeelService	
1.36.0	gate	keel	GET	/_calls/keel/delivery-configs/schema	/delivery-configs/schema	out-of-mesh	com.netflix.spinnaker.gate.services.internal.KeelService	
1.36.0	gate	keel	GET	/_calls/keel/delivery-configs/{name}	/delivery-configs/{}	out-of-mesh	com.netflix.spinnaker.gate.services.internal.KeelService	
1.36.0	gate	keel	GET	/_calls/keel/delivery-configs/{name}/artifacts	/delivery-configs/{}/artifacts	out-of-mesh	com.netflix.spinnaker.gate.services.internal.KeelService	
1.36.0	gate	keel	GET	/_calls/keel/environments/{application}	/environments/{}	out-of-mesh	com.netflix.spinnaker.gate.services.internal.KeelService	
1.36.0	gate	keel	GET	/_calls/keel/export/artifact/{cloudProvider}/{account}/{clusterName}	/export/artifact/{}/{}/{}	out-of-mesh	com.netflix.spinnaker.gate.services.internal.KeelService	
1.36.0	gate	keel	GET	/_calls/keel/export/{cloudProvider}/{account}/{type}/{name}	/export/{}/{}/{}/{}	out-of-mesh	com.netflix.spinnaker.gate.services.internal.KeelService	
1.36.0	gate	keel	GET	/_calls/keel/health	/health	out-of-mesh	com.netflix.spinnaker.gate.services.internal.HealthCheckableService	
1.36.0	gate	keel	GET	/_calls/keel/installedPlugins	/installedPlugins	out-of-mesh	com.netflix.spinnaker.gate.services.internal.KeelService	
1.36.0	gate	keel	GET	/_calls/keel/reports/adoption	/reports/adoption	out-of-mesh	com.netflix.spinnaker.gate.services.internal.KeelService	
1.36.0	gate	keel	GET	/_calls/keel/reports/onboarding	/reports/onboarding	out-of-mesh	com.netflix.spinnaker.gate.services.internal.KeelService	
1.36.0	gate	keel	GET	/_calls/keel/resources/events/{name}	/resources/events/{}	out-of-mesh	com.netflix.spinnaker.gate.services.internal.KeelService	
1.36.0	gate	keel	GET	/_calls/keel/resources/{name}	/resources/{}	out-of-mesh	com.netflix.spinnaker.gate.services.internal.KeelService	
1.36.0	gate	keel	GET	/_calls/keel/resources/{name}/status	/resources/{}/status	out-of-mesh	com.netflix.spinnaker.gate.services.internal.KeelService	
1.36.0	gate	keel	POST	/_calls/keel/application/{application}/environment/{environment}/constraint	/application/{}/environment/{}/constraint	out-of-mesh	com.netflix.spinnaker.gate.services.internal.KeelService	
1.36.0	gate	keel	POST	/_calls/keel/application/{application}/environment/{environment}/verifications	/application/{}/environment/{}/verifications	out-of-mesh	com.netflix.spinnaker.gate.services.internal.KeelService	
1.36.0	gate	keel	POST	/_calls/keel/application/{application}/environment/{environment}/verifications/retry	/application/{}/environment/{}/verifications/retry	out-of-mesh	com.netflix.spinnaker.gate.services.internal.KeelService	
1.36.0	gate	keel	POST	/_calls/keel/application/{application}/mark/bad	/application/{}/mark/bad	out-of-mesh	com.netflix.spinnaker.gate.services.internal.KeelService	
1.36.0	gate	keel	POST	/_calls/keel/application/{application}/mark/good	/application/{}/mark/good	out-of-mesh	com.netflix.spinnaker.gate.services.internal.KeelService	
1.36.0	gate	keel	POST	/_calls/keel/application/{application}/pause	/application/{}/pause	out-of-mesh	com.netflix.spinnaker.gate.services.internal.KeelService	
1.36.0	gate	keel	POST	/_calls/keel/application/{application}/pin	/application/{}/pin	out-of-mesh	com.netflix.spinnaker.gate.services.internal.KeelService	
1.36.0	gate	keel	POST	/_calls/keel/application/{application}/veto	/application/{}/veto	out-of-mesh	com.netflix.spinnaker.gate.services.internal.KeelService	
1.36.0	gate	keel	POST	/_calls/keel/delivery-configs	/delivery-configs	out-of-mesh	com.netflix.spinnaker.gate.services.internal.KeelService	
1.36.0	gate	keel	POST	/_calls/keel/delivery-configs/diff	/delivery-configs/diff	out-of-mesh	com.netflix.spinnaker.gate.services.internal.KeelService	
1.36.0	gate	keel	POST	/_calls/keel/delivery-configs/validate	/delivery-configs/validate	out-of-mesh	com.netflix.spinnaker.gate.services.internal.KeelService	
1.36.0	gate	keel	POST	/_calls/keel/graphql	/graphql	out-of-mesh	com.netflix.spinnaker.gate.services.internal.KeelService	
1.36.0	gate	keel	POST	/_calls/keel/resources	/resources	out-of-mesh	com.netflix.spinnaker.gate.services.internal.KeelService	
1.36.0	gate	keel	POST	/_calls/keel/resources/diff	/resources/diff	out-of-mesh	com.netflix.spinnaker.gate.services.internal.KeelService	
1.36.0	gate	keel	POST	/_calls/keel/resources/{name}/pause	/resources/{}/pause	out-of-mesh	com.netflix.spinnaker.gate.services.internal.KeelService	
1.36.0	igor	keel	POST	/_calls/keel/artifacts/events	/artifacts/events	out-of-mesh	com.netflix.spinnaker.igor.keel.KeelService	
1.36.0	orca	keel	DELETE	/_calls/keel/application/{application}/config	/application/{}/config	out-of-mesh	com.netflix.spinnaker.orca.KeelService	
1.36.0	orca	keel	POST	/_calls/keel/delivery-configs	/delivery-configs	out-of-mesh	com.netflix.spinnaker.orca.KeelService	
1.36.0	clouddriver	front50	GET	/_calls/front50/credentials	/credentials	stale	com.netflix.spinnaker.clouddriver.core.services.Front50Service	
1.36.0	echo	front50	POST	/_calls/front50/graphql	/graphql	stale	com.netflix.spinnaker.echo.services.Front50Service	
1.36.0	gate	clouddriver	GET	/_calls/clouddriver/applications/{name}/clusters/{account}/{cluster}/{type}/loadBalancers	/applications/{}/clusters/{}/{}/{}/loadBalancers	stale	com.netflix.spinnaker.gate.services.internal.ClouddriverService	
1.36.0	gate	clouddriver	POST	/_calls/clouddriver/applications/{name}/jobs/{account}/{region}/{jobName}	/applications/{}/jobs/{}/{}/{}	stale	com.netflix.spinnaker.gate.services.internal.ClouddriverService	
1.36.0	gate	front50	GET	/_calls/front50/credentials	/credentials	stale	com.netflix.spinnaker.gate.services.internal.Front50Service	
1.36.0	gate	front50	POST	/_calls/front50/pipelines/move	/pipelines/move	stale	com.netflix.spinnaker.gate.services.internal.Front50Service	
1.36.0	gate	front50	POST	/_calls/front50/strategies/move	/strategies/move	stale	com.netflix.spinnaker.gate.services.internal.Front50Service	
1.36.0	orca	echo	GET	/_calls/echo/events/recent/{type}/{since}	/events/recent/{}/{}	stale	com.netflix.spinnaker.orca.echo.EchoService	
1.36.0	orca	front50	GET	/_calls/front50/credentials	/credentials	stale	com.netflix.spinnaker.orca.front50.Front50Service	
1.36.1	gate	clouddriver	GET	/_calls/clouddriver/health	/health	actuator	com.netflix.spinnaker.gate.services.internal.HealthCheckableService	
1.36.1	gate	clouddriver	GET	/_calls/clouddriver/installedPlugins	/installedPlugins	actuator	com.netflix.spinnaker.gate.services.internal.ClouddriverService	
1.36.1	gate	echo	GET	/_calls/echo/health	/health	actuator	com.netflix.spinnaker.gate.services.internal.HealthCheckableService	
1.36.1	gate	echo	GET	/_calls/echo/installedPlugins	/installedPlugins	actuator	com.netflix.spinnaker.gate.services.internal.EchoService	
1.36.1	gate	fiat	GET	/_calls/fiat/installedPlugins	/installedPlugins	actuator	com.netflix.spinnaker.gate.services.internal.ExtendedFiatService	
1.36.1	gate	front50	GET	/_calls/front50/health	/health	actuator	com.netflix.spinnaker.gate.services.internal.HealthCheckableService	
1.36.1	gate	front50	GET	/_calls/front50/installedPlugins	/installedPlugins	actuator	com.netflix.spinnaker.gate.services.internal.Front50Service	
1.36.1	gate	igor	GET	/_calls/igor/health	/health	actuator	com.netflix.spinnaker.gate.services.internal.HealthCheckableService	
1.36.1	gate	igor	GET	/_calls/igor/installedPlugins	/installedPlugins	actuator	com.netflix.spinnaker.gate.services.internal.IgorService	
1.36.1	gate	orca	GET	/_calls/orca/health	/health	actuator	com.netflix.spinnaker.gate.services.internal.HealthCheckableService	
1.36.1	gate	orca	GET	/_calls/orca/installedPlugins	/installedPlugins	actuator	com.netflix.spinnaker.gate.services.internal.OrcaService	
1.36.1	gate	rosco	GET	/_calls/rosco/installedPlugins	/installedPlugins	actuator	com.netflix.spinnaker.gate.services.internal.RoscoService	
1.36.1	orca	clouddriver	PUT	/_calls/clouddriver/admin/db/truncate/{namespace}	/admin/db/truncate/{}	framework	com.netflix.spinnaker.orca.clouddriver.CloudDriverCacheService	excluded by provenance: PUT /admin/db/truncate/{}
1.36.1	clouddriver	fiat	DELETE	/_calls/fiat/roles/{userId}	/roles/{}	indirect-fiat	com.netflix.spinnaker.fiat.shared.FiatService	dropped family (owner ruling 2026-09-12)
1.36.1	clouddriver	fiat	GET	/_calls/fiat/authorize/{userId}	/authorize/{}	indirect-fiat	com.netflix.spinnaker.fiat.shared.FiatService	dropped family (owner ruling 2026-09-12)
1.36.1	clouddriver	fiat	GET	/_calls/fiat/authorize/{userId}/{resourceType}/{resourceName}/{authorization}	/authorize/{}/{}/{}/{}	indirect-fiat	com.netflix.spinnaker.fiat.shared.FiatService	dropped family (owner ruling 2026-09-12)
1.36.1	clouddriver	fiat	POST	/_calls/fiat/authorize/{userId}/{resourceType}/create	/authorize/{}/{}/create	indirect-fiat	com.netflix.spinnaker.fiat.shared.FiatService	dropped family (owner ruling 2026-09-12)
1.36.1	clouddriver	fiat	POST	/_calls/fiat/roles/sync	/roles/sync	indirect-fiat	com.netflix.spinnaker.fiat.shared.FiatService	dropped family (owner ruling 2026-09-12)
1.36.1	clouddriver	fiat	POST	/_calls/fiat/roles/sync/serviceAccount/{serviceAccountId}	/roles/sync/serviceAccount/{}	indirect-fiat	com.netflix.spinnaker.fiat.shared.FiatService	dropped family (owner ruling 2026-09-12)
1.36.1	clouddriver	fiat	POST	/_calls/fiat/roles/{userId}	/roles/{}	indirect-fiat	com.netflix.spinnaker.fiat.shared.FiatService	dropped family (owner ruling 2026-09-12)
1.36.1	clouddriver	fiat	PUT	/_calls/fiat/roles/{userId}	/roles/{}	indirect-fiat	com.netflix.spinnaker.fiat.shared.FiatService	dropped family (owner ruling 2026-09-12)
1.36.1	echo	fiat	DELETE	/_calls/fiat/roles/{userId}	/roles/{}	indirect-fiat	com.netflix.spinnaker.fiat.shared.FiatService	dropped family (owner ruling 2026-09-12)
1.36.1	echo	fiat	GET	/_calls/fiat/authorize/{userId}	/authorize/{}	indirect-fiat	com.netflix.spinnaker.fiat.shared.FiatService	dropped family (owner ruling 2026-09-12)
1.36.1	echo	fiat	GET	/_calls/fiat/authorize/{userId}/{resourceType}/{resourceName}/{authorization}	/authorize/{}/{}/{}/{}	indirect-fiat	com.netflix.spinnaker.fiat.shared.FiatService	dropped family (owner ruling 2026-09-12)
1.36.1	echo	fiat	POST	/_calls/fiat/authorize/{userId}/{resourceType}/create	/authorize/{}/{}/create	indirect-fiat	com.netflix.spinnaker.fiat.shared.FiatService	dropped family (owner ruling 2026-09-12)
1.36.1	echo	fiat	POST	/_calls/fiat/roles/sync	/roles/sync	indirect-fiat	com.netflix.spinnaker.fiat.shared.FiatService	dropped family (owner ruling 2026-09-12)
1.36.1	echo	fiat	POST	/_calls/fiat/roles/sync/serviceAccount/{serviceAccountId}	/roles/sync/serviceAccount/{}	indirect-fiat	com.netflix.spinnaker.fiat.shared.FiatService	dropped family (owner ruling 2026-09-12)
1.36.1	echo	fiat	POST	/_calls/fiat/roles/{userId}	/roles/{}	indirect-fiat	com.netflix.spinnaker.fiat.shared.FiatService	dropped family (owner ruling 2026-09-12)
1.36.1	echo	fiat	PUT	/_calls/fiat/roles/{userId}	/roles/{}	indirect-fiat	com.netflix.spinnaker.fiat.shared.FiatService	dropped family (owner ruling 2026-09-12)
1.36.1	igor	fiat	DELETE	/_calls/fiat/roles/{userId}	/roles/{}	indirect-fiat	com.netflix.spinnaker.fiat.shared.FiatService	dropped family (owner ruling 2026-09-12)
1.36.1	igor	fiat	GET	/_calls/fiat/authorize/{userId}	/authorize/{}	indirect-fiat	com.netflix.spinnaker.fiat.shared.FiatService	dropped family (owner ruling 2026-09-12)
1.36.1	igor	fiat	GET	/_calls/fiat/authorize/{userId}/{resourceType}/{resourceName}/{authorization}	/authorize/{}/{}/{}/{}	indirect-fiat	com.netflix.spinnaker.fiat.shared.FiatService	dropped family (owner ruling 2026-09-12)
1.36.1	igor	fiat	POST	/_calls/fiat/authorize/{userId}/{resourceType}/create	/authorize/{}/{}/create	indirect-fiat	com.netflix.spinnaker.fiat.shared.FiatService	dropped family (owner ruling 2026-09-12)
1.36.1	igor	fiat	POST	/_calls/fiat/roles/sync	/roles/sync	indirect-fiat	com.netflix.spinnaker.fiat.shared.FiatService	dropped family (owner ruling 2026-09-12)
1.36.1	igor	fiat	POST	/_calls/fiat/roles/sync/serviceAccount/{serviceAccountId}	/roles/sync/serviceAccount/{}	indirect-fiat	com.netflix.spinnaker.fiat.shared.FiatService	dropped family (owner ruling 2026-09-12)
1.36.1	igor	fiat	POST	/_calls/fiat/roles/{userId}	/roles/{}	indirect-fiat	com.netflix.spinnaker.fiat.shared.FiatService	dropped family (owner ruling 2026-09-12)
1.36.1	igor	fiat	PUT	/_calls/fiat/roles/{userId}	/roles/{}	indirect-fiat	com.netflix.spinnaker.fiat.shared.FiatService	dropped family (owner ruling 2026-09-12)
1.36.1	clouddriver	front50	GET	/_calls/front50/pluginInfo	/pluginInfo	kork	com.netflix.spinnaker.kork.plugins.update.internal.Front50Service	dropped family (owner ruling 2026-09-12)
1.36.1	clouddriver	front50	GET	/_calls/front50/pluginInfo/{id}	/pluginInfo/{}	kork	com.netflix.spinnaker.kork.plugins.update.internal.Front50Service	dropped family (owner ruling 2026-09-12)
1.36.1	clouddriver	front50	PUT	/_calls/front50/pluginVersions/{serverGroupName}	/pluginVersions/{}	kork	com.netflix.spinnaker.kork.plugins.update.internal.Front50Service	dropped family (owner ruling 2026-09-12)
1.36.1	echo	front50	GET	/_calls/front50/pluginInfo	/pluginInfo	kork	com.netflix.spinnaker.kork.plugins.update.internal.Front50Service	dropped family (owner ruling 2026-09-12)
1.36.1	echo	front50	GET	/_calls/front50/pluginInfo/{id}	/pluginInfo/{}	kork	com.netflix.spinnaker.kork.plugins.update.internal.Front50Service	dropped family (owner ruling 2026-09-12)
1.36.1	echo	front50	PUT	/_calls/front50/pluginVersions/{serverGroupName}	/pluginVersions/{}	kork	com.netflix.spinnaker.kork.plugins.update.internal.Front50Service	dropped family (owner ruling 2026-09-12)
1.36.1	fiat	front50	GET	/_calls/front50/pluginInfo	/pluginInfo	kork	com.netflix.spinnaker.kork.plugins.update.internal.Front50Service	dropped family (owner ruling 2026-09-12)
1.36.1	fiat	front50	GET	/_calls/front50/pluginInfo/{id}	/pluginInfo/{}	kork	com.netflix.spinnaker.kork.plugins.update.internal.Front50Service	dropped family (owner ruling 2026-09-12)
1.36.1	fiat	front50	PUT	/_calls/front50/pluginVersions/{serverGroupName}	/pluginVersions/{}	kork	com.netflix.spinnaker.kork.plugins.update.internal.Front50Service	dropped family (owner ruling 2026-09-12)
1.36.1	front50	front50	GET	/_calls/front50/pluginInfo	/pluginInfo	kork	com.netflix.spinnaker.kork.plugins.update.internal.Front50Service	dropped family (owner ruling 2026-09-12)
1.36.1	front50	front50	GET	/_calls/front50/pluginInfo/{id}	/pluginInfo/{}	kork	com.netflix.spinnaker.kork.plugins.update.internal.Front50Service	dropped family (owner ruling 2026-09-12)
1.36.1	front50	front50	PUT	/_calls/front50/pluginVersions/{serverGroupName}	/pluginVersions/{}	kork	com.netflix.spinnaker.kork.plugins.update.internal.Front50Service	dropped family (owner ruling 2026-09-12)
1.36.1	gate	front50	GET	/_calls/front50/pluginInfo/{id}	/pluginInfo/{}	kork	com.netflix.spinnaker.kork.plugins.update.internal.Front50Service	dropped family (owner ruling 2026-09-12)
1.36.1	gate	front50	PUT	/_calls/front50/pluginVersions/{serverGroupName}	/pluginVersions/{}	kork	com.netflix.spinnaker.kork.plugins.update.internal.Front50Service	dropped family (owner ruling 2026-09-12)
1.36.1	igor	front50	GET	/_calls/front50/pluginInfo/{id}	/pluginInfo/{}	kork	com.netflix.spinnaker.kork.plugins.update.internal.Front50Service	dropped family (owner ruling 2026-09-12)
1.36.1	igor	front50	PUT	/_calls/front50/pluginVersions/{serverGroupName}	/pluginVersions/{}	kork	com.netflix.spinnaker.kork.plugins.update.internal.Front50Service	dropped family (owner ruling 2026-09-12)
1.36.1	kayenta	front50	GET	/_calls/front50/pluginInfo	/pluginInfo	kork	com.netflix.spinnaker.kork.plugins.update.internal.Front50Service	dropped family (owner ruling 2026-09-12)
1.36.1	kayenta	front50	GET	/_calls/front50/pluginInfo/{id}	/pluginInfo/{}	kork	com.netflix.spinnaker.kork.plugins.update.internal.Front50Service	dropped family (owner ruling 2026-09-12)
1.36.1	kayenta	front50	PUT	/_calls/front50/pluginVersions/{serverGroupName}	/pluginVersions/{}	kork	com.netflix.spinnaker.kork.plugins.update.internal.Front50Service	dropped family (owner ruling 2026-09-12)
1.36.1	orca	front50	GET	/_calls/front50/pluginInfo	/pluginInfo	kork	com.netflix.spinnaker.kork.plugins.update.internal.Front50Service	dropped family (owner ruling 2026-09-12)
1.36.1	orca	front50	GET	/_calls/front50/pluginInfo/{id}	/pluginInfo/{}	kork	com.netflix.spinnaker.kork.plugins.update.internal.Front50Service	dropped family (owner ruling 2026-09-12)
1.36.1	orca	front50	PUT	/_calls/front50/pluginVersions/{serverGroupName}	/pluginVersions/{}	kork	com.netflix.spinnaker.kork.plugins.update.internal.Front50Service	dropped family (owner ruling 2026-09-12)
1.36.1	rosco	front50	GET	/_calls/front50/pluginInfo	/pluginInfo	kork	com.netflix.spinnaker.kork.plugins.update.internal.Front50Service	dropped family (owner ruling 2026-09-12)
1.36.1	rosco	front50	GET	/_calls/front50/pluginInfo/{id}	/pluginInfo/{}	kork	com.netflix.spinnaker.kork.plugins.update.internal.Front50Service	dropped family (owner ruling 2026-09-12)
1.36.1	rosco	front50	PUT	/_calls/front50/pluginVersions/{serverGroupName}	/pluginVersions/{}	kork	com.netflix.spinnaker.kork.plugins.update.internal.Front50Service	dropped family (owner ruling 2026-09-12)
1.36.1	echo	keel	POST	/_calls/keel/artifacts/events	/artifacts/events	out-of-mesh	com.netflix.spinnaker.echo.services.KeelService	
1.36.1	gate	keel	DELETE	/_calls/keel/application/{application}/config	/application/{}/config	out-of-mesh	com.netflix.spinnaker.gate.services.internal.KeelService	
1.36.1	gate	keel	DELETE	/_calls/keel/application/{application}/pause	/application/{}/pause	out-of-mesh	com.netflix.spinnaker.gate.services.internal.KeelService	
1.36.1	gate	keel	DELETE	/_calls/keel/application/{application}/pin/{targetEnvironment}	/application/{}/pin/{}	out-of-mesh	com.netflix.spinnaker.gate.services.internal.KeelService	
1.36.1	gate	keel	DELETE	/_calls/keel/application/{application}/veto/{targetEnvironment}/{reference}/{version}	/application/{}/veto/{}/{}/{}	out-of-mesh	com.netflix.spinnaker.gate.services.internal.KeelService	
1.36.1	gate	keel	DELETE	/_calls/keel/delivery-configs/{name}	/delivery-configs/{}	out-of-mesh	com.netflix.spinnaker.gate.services.internal.KeelService	
1.36.1	gate	keel	DELETE	/_calls/keel/resources/{name}	/resources/{}	out-of-mesh	com.netflix.spinnaker.gate.services.internal.KeelService	
1.36.1	gate	keel	DELETE	/_calls/keel/resources/{name}/pause	/resources/{}/pause	out-of-mesh	com.netflix.spinnaker.gate.services.internal.KeelService	
1.36.1	gate	keel	GET	/_calls/keel/application/{application}	/application/{}	out-of-mesh	com.netflix.spinnaker.gate.services.internal.KeelService	
1.36.1	gate	keel	GET	/_calls/keel/application/{application}/config	/application/{}/config	out-of-mesh	com.netflix.spinnaker.gate.services.internal.KeelService	
1.36.1	gate	keel	GET	/_calls/keel/application/{application}/environment/{environment}/constraints	/application/{}/environment/{}/constraints	out-of-mesh	com.netflix.spinnaker.gate.services.internal.KeelService	
1.36.1	gate	keel	GET	/_calls/keel/delivery-configs/schema	/delivery-configs/schema	out-of-mesh	com.netflix.spinnaker.gate.services.internal.KeelService	
1.36.1	gate	keel	GET	/_calls/keel/delivery-configs/{name}	/delivery-configs/{}	out-of-mesh	com.netflix.spinnaker.gate.services.internal.KeelService	
1.36.1	gate	keel	GET	/_calls/keel/delivery-configs/{name}/artifacts	/delivery-configs/{}/artifacts	out-of-mesh	com.netflix.spinnaker.gate.services.internal.KeelService	
1.36.1	gate	keel	GET	/_calls/keel/environments/{application}	/environments/{}	out-of-mesh	com.netflix.spinnaker.gate.services.internal.KeelService	
1.36.1	gate	keel	GET	/_calls/keel/export/artifact/{cloudProvider}/{account}/{clusterName}	/export/artifact/{}/{}/{}	out-of-mesh	com.netflix.spinnaker.gate.services.internal.KeelService	
1.36.1	gate	keel	GET	/_calls/keel/export/{cloudProvider}/{account}/{type}/{name}	/export/{}/{}/{}/{}	out-of-mesh	com.netflix.spinnaker.gate.services.internal.KeelService	
1.36.1	gate	keel	GET	/_calls/keel/health	/health	out-of-mesh	com.netflix.spinnaker.gate.services.internal.HealthCheckableService	
1.36.1	gate	keel	GET	/_calls/keel/installedPlugins	/installedPlugins	out-of-mesh	com.netflix.spinnaker.gate.services.internal.KeelService	
1.36.1	gate	keel	GET	/_calls/keel/reports/adoption	/reports/adoption	out-of-mesh	com.netflix.spinnaker.gate.services.internal.KeelService	
1.36.1	gate	keel	GET	/_calls/keel/reports/onboarding	/reports/onboarding	out-of-mesh	com.netflix.spinnaker.gate.services.internal.KeelService	
1.36.1	gate	keel	GET	/_calls/keel/resources/events/{name}	/resources/events/{}	out-of-mesh	com.netflix.spinnaker.gate.services.internal.KeelService	
1.36.1	gate	keel	GET	/_calls/keel/resources/{name}	/resources/{}	out-of-mesh	com.netflix.spinnaker.gate.services.internal.KeelService	
1.36.1	gate	keel	GET	/_calls/keel/resources/{name}/status	/resources/{}/status	out-of-mesh	com.netflix.spinnaker.gate.services.internal.KeelService	
1.36.1	gate	keel	POST	/_calls/keel/application/{application}/environment/{environment}/constraint	/application/{}/environment/{}/constraint	out-of-mesh	com.netflix.spinnaker.gate.services.internal.KeelService	
1.36.1	gate	keel	POST	/_calls/keel/application/{application}/environment/{environment}/verifications	/application/{}/environment/{}/verifications	out-of-mesh	com.netflix.spinnaker.gate.services.internal.KeelService	
1.36.1	gate	keel	POST	/_calls/keel/application/{application}/environment/{environment}/verifications/retry	/application/{}/environment/{}/verifications/retry	out-of-mesh	com.netflix.spinnaker.gate.services.internal.KeelService	
1.36.1	gate	keel	POST	/_calls/keel/application/{application}/mark/bad	/application/{}/mark/bad	out-of-mesh	com.netflix.spinnaker.gate.services.internal.KeelService	
1.36.1	gate	keel	POST	/_calls/keel/application/{application}/mark/good	/application/{}/mark/good	out-of-mesh	com.netflix.spinnaker.gate.services.internal.KeelService	
1.36.1	gate	keel	POST	/_calls/keel/application/{application}/pause	/application/{}/pause	out-of-mesh	com.netflix.spinnaker.gate.services.internal.KeelService	
1.36.1	gate	keel	POST	/_calls/keel/application/{application}/pin	/application/{}/pin	out-of-mesh	com.netflix.spinnaker.gate.services.internal.KeelService	
1.36.1	gate	keel	POST	/_calls/keel/application/{application}/veto	/application/{}/veto	out-of-mesh	com.netflix.spinnaker.gate.services.internal.KeelService	
1.36.1	gate	keel	POST	/_calls/keel/delivery-configs	/delivery-configs	out-of-mesh	com.netflix.spinnaker.gate.services.internal.KeelService	
1.36.1	gate	keel	POST	/_calls/keel/delivery-configs/diff	/delivery-configs/diff	out-of-mesh	com.netflix.spinnaker.gate.services.internal.KeelService	
1.36.1	gate	keel	POST	/_calls/keel/delivery-configs/validate	/delivery-configs/validate	out-of-mesh	com.netflix.spinnaker.gate.services.internal.KeelService	
1.36.1	gate	keel	POST	/_calls/keel/graphql	/graphql	out-of-mesh	com.netflix.spinnaker.gate.services.internal.KeelService	
1.36.1	gate	keel	POST	/_calls/keel/resources	/resources	out-of-mesh	com.netflix.spinnaker.gate.services.internal.KeelService	
1.36.1	gate	keel	POST	/_calls/keel/resources/diff	/resources/diff	out-of-mesh	com.netflix.spinnaker.gate.services.internal.KeelService	
1.36.1	gate	keel	POST	/_calls/keel/resources/{name}/pause	/resources/{}/pause	out-of-mesh	com.netflix.spinnaker.gate.services.internal.KeelService	
1.36.1	igor	keel	POST	/_calls/keel/artifacts/events	/artifacts/events	out-of-mesh	com.netflix.spinnaker.igor.keel.KeelService	
1.36.1	orca	keel	DELETE	/_calls/keel/application/{application}/config	/application/{}/config	out-of-mesh	com.netflix.spinnaker.orca.KeelService	
1.36.1	orca	keel	POST	/_calls/keel/delivery-configs	/delivery-configs	out-of-mesh	com.netflix.spinnaker.orca.KeelService	
1.36.1	clouddriver	front50	GET	/_calls/front50/credentials	/credentials	stale	com.netflix.spinnaker.clouddriver.core.services.Front50Service	
1.36.1	echo	front50	POST	/_calls/front50/graphql	/graphql	stale	com.netflix.spinnaker.echo.services.Front50Service	
1.36.1	gate	clouddriver	GET	/_calls/clouddriver/applications/{name}/clusters/{account}/{cluster}/{type}/loadBalancers	/applications/{}/clusters/{}/{}/{}/loadBalancers	stale	com.netflix.spinnaker.gate.services.internal.ClouddriverService	
1.36.1	gate	clouddriver	POST	/_calls/clouddriver/applications/{name}/jobs/{account}/{region}/{jobName}	/applications/{}/jobs/{}/{}/{}	stale	com.netflix.spinnaker.gate.services.internal.ClouddriverService	
1.36.1	gate	front50	GET	/_calls/front50/credentials	/credentials	stale	com.netflix.spinnaker.gate.services.internal.Front50Service	
1.36.1	gate	front50	POST	/_calls/front50/pipelines/move	/pipelines/move	stale	com.netflix.spinnaker.gate.services.internal.Front50Service	
1.36.1	gate	front50	POST	/_calls/front50/strategies/move	/strategies/move	stale	com.netflix.spinnaker.gate.services.internal.Front50Service	
1.36.1	orca	echo	GET	/_calls/echo/events/recent/{type}/{since}	/events/recent/{}/{}	stale	com.netflix.spinnaker.orca.echo.EchoService	
1.36.1	orca	front50	GET	/_calls/front50/credentials	/credentials	stale	com.netflix.spinnaker.orca.front50.Front50Service	
1.36.2	gate	clouddriver	GET	/_calls/clouddriver/health	/health	actuator	com.netflix.spinnaker.gate.services.internal.HealthCheckableService	
1.36.2	gate	clouddriver	GET	/_calls/clouddriver/installedPlugins	/installedPlugins	actuator	com.netflix.spinnaker.gate.services.internal.ClouddriverService	
1.36.2	gate	echo	GET	/_calls/echo/health	/health	actuator	com.netflix.spinnaker.gate.services.internal.HealthCheckableService	
1.36.2	gate	echo	GET	/_calls/echo/installedPlugins	/installedPlugins	actuator	com.netflix.spinnaker.gate.services.internal.EchoService	
1.36.2	gate	fiat	GET	/_calls/fiat/installedPlugins	/installedPlugins	actuator	com.netflix.spinnaker.gate.services.internal.ExtendedFiatService	
1.36.2	gate	front50	GET	/_calls/front50/health	/health	actuator	com.netflix.spinnaker.gate.services.internal.HealthCheckableService	
1.36.2	gate	front50	GET	/_calls/front50/installedPlugins	/installedPlugins	actuator	com.netflix.spinnaker.gate.services.internal.Front50Service	
1.36.2	gate	igor	GET	/_calls/igor/health	/health	actuator	com.netflix.spinnaker.gate.services.internal.HealthCheckableService	
1.36.2	gate	igor	GET	/_calls/igor/installedPlugins	/installedPlugins	actuator	com.netflix.spinnaker.gate.services.internal.IgorService	
1.36.2	gate	orca	GET	/_calls/orca/health	/health	actuator	com.netflix.spinnaker.gate.services.internal.HealthCheckableService	
1.36.2	gate	orca	GET	/_calls/orca/installedPlugins	/installedPlugins	actuator	com.netflix.spinnaker.gate.services.internal.OrcaService	
1.36.2	gate	rosco	GET	/_calls/rosco/installedPlugins	/installedPlugins	actuator	com.netflix.spinnaker.gate.services.internal.RoscoService	
1.36.2	orca	clouddriver	PUT	/_calls/clouddriver/admin/db/truncate/{namespace}	/admin/db/truncate/{}	framework	com.netflix.spinnaker.orca.clouddriver.CloudDriverCacheService	excluded by provenance: PUT /admin/db/truncate/{}
1.36.2	clouddriver	fiat	DELETE	/_calls/fiat/roles/{userId}	/roles/{}	indirect-fiat	com.netflix.spinnaker.fiat.shared.FiatService	dropped family (owner ruling 2026-09-12)
1.36.2	clouddriver	fiat	GET	/_calls/fiat/authorize/{userId}	/authorize/{}	indirect-fiat	com.netflix.spinnaker.fiat.shared.FiatService	dropped family (owner ruling 2026-09-12)
1.36.2	clouddriver	fiat	GET	/_calls/fiat/authorize/{userId}/{resourceType}/{resourceName}/{authorization}	/authorize/{}/{}/{}/{}	indirect-fiat	com.netflix.spinnaker.fiat.shared.FiatService	dropped family (owner ruling 2026-09-12)
1.36.2	clouddriver	fiat	POST	/_calls/fiat/authorize/{userId}/{resourceType}/create	/authorize/{}/{}/create	indirect-fiat	com.netflix.spinnaker.fiat.shared.FiatService	dropped family (owner ruling 2026-09-12)
1.36.2	clouddriver	fiat	POST	/_calls/fiat/roles/sync	/roles/sync	indirect-fiat	com.netflix.spinnaker.fiat.shared.FiatService	dropped family (owner ruling 2026-09-12)
1.36.2	clouddriver	fiat	POST	/_calls/fiat/roles/sync/serviceAccount/{serviceAccountId}	/roles/sync/serviceAccount/{}	indirect-fiat	com.netflix.spinnaker.fiat.shared.FiatService	dropped family (owner ruling 2026-09-12)
1.36.2	clouddriver	fiat	POST	/_calls/fiat/roles/{userId}	/roles/{}	indirect-fiat	com.netflix.spinnaker.fiat.shared.FiatService	dropped family (owner ruling 2026-09-12)
1.36.2	clouddriver	fiat	PUT	/_calls/fiat/roles/{userId}	/roles/{}	indirect-fiat	com.netflix.spinnaker.fiat.shared.FiatService	dropped family (owner ruling 2026-09-12)
1.36.2	echo	fiat	DELETE	/_calls/fiat/roles/{userId}	/roles/{}	indirect-fiat	com.netflix.spinnaker.fiat.shared.FiatService	dropped family (owner ruling 2026-09-12)
1.36.2	echo	fiat	GET	/_calls/fiat/authorize/{userId}	/authorize/{}	indirect-fiat	com.netflix.spinnaker.fiat.shared.FiatService	dropped family (owner ruling 2026-09-12)
1.36.2	echo	fiat	GET	/_calls/fiat/authorize/{userId}/{resourceType}/{resourceName}/{authorization}	/authorize/{}/{}/{}/{}	indirect-fiat	com.netflix.spinnaker.fiat.shared.FiatService	dropped family (owner ruling 2026-09-12)
1.36.2	echo	fiat	POST	/_calls/fiat/authorize/{userId}/{resourceType}/create	/authorize/{}/{}/create	indirect-fiat	com.netflix.spinnaker.fiat.shared.FiatService	dropped family (owner ruling 2026-09-12)
1.36.2	echo	fiat	POST	/_calls/fiat/roles/sync	/roles/sync	indirect-fiat	com.netflix.spinnaker.fiat.shared.FiatService	dropped family (owner ruling 2026-09-12)
1.36.2	echo	fiat	POST	/_calls/fiat/roles/sync/serviceAccount/{serviceAccountId}	/roles/sync/serviceAccount/{}	indirect-fiat	com.netflix.spinnaker.fiat.shared.FiatService	dropped family (owner ruling 2026-09-12)
1.36.2	echo	fiat	POST	/_calls/fiat/roles/{userId}	/roles/{}	indirect-fiat	com.netflix.spinnaker.fiat.shared.FiatService	dropped family (owner ruling 2026-09-12)
1.36.2	echo	fiat	PUT	/_calls/fiat/roles/{userId}	/roles/{}	indirect-fiat	com.netflix.spinnaker.fiat.shared.FiatService	dropped family (owner ruling 2026-09-12)
1.36.2	igor	fiat	DELETE	/_calls/fiat/roles/{userId}	/roles/{}	indirect-fiat	com.netflix.spinnaker.fiat.shared.FiatService	dropped family (owner ruling 2026-09-12)
1.36.2	igor	fiat	GET	/_calls/fiat/authorize/{userId}	/authorize/{}	indirect-fiat	com.netflix.spinnaker.fiat.shared.FiatService	dropped family (owner ruling 2026-09-12)
1.36.2	igor	fiat	GET	/_calls/fiat/authorize/{userId}/{resourceType}/{resourceName}/{authorization}	/authorize/{}/{}/{}/{}	indirect-fiat	com.netflix.spinnaker.fiat.shared.FiatService	dropped family (owner ruling 2026-09-12)
1.36.2	igor	fiat	POST	/_calls/fiat/authorize/{userId}/{resourceType}/create	/authorize/{}/{}/create	indirect-fiat	com.netflix.spinnaker.fiat.shared.FiatService	dropped family (owner ruling 2026-09-12)
1.36.2	igor	fiat	POST	/_calls/fiat/roles/sync	/roles/sync	indirect-fiat	com.netflix.spinnaker.fiat.shared.FiatService	dropped family (owner ruling 2026-09-12)
1.36.2	igor	fiat	POST	/_calls/fiat/roles/sync/serviceAccount/{serviceAccountId}	/roles/sync/serviceAccount/{}	indirect-fiat	com.netflix.spinnaker.fiat.shared.FiatService	dropped family (owner ruling 2026-09-12)
1.36.2	igor	fiat	POST	/_calls/fiat/roles/{userId}	/roles/{}	indirect-fiat	com.netflix.spinnaker.fiat.shared.FiatService	dropped family (owner ruling 2026-09-12)
1.36.2	igor	fiat	PUT	/_calls/fiat/roles/{userId}	/roles/{}	indirect-fiat	com.netflix.spinnaker.fiat.shared.FiatService	dropped family (owner ruling 2026-09-12)
1.36.2	clouddriver	front50	GET	/_calls/front50/pluginInfo	/pluginInfo	kork	com.netflix.spinnaker.kork.plugins.update.internal.Front50Service	dropped family (owner ruling 2026-09-12)
1.36.2	clouddriver	front50	GET	/_calls/front50/pluginInfo/{id}	/pluginInfo/{}	kork	com.netflix.spinnaker.kork.plugins.update.internal.Front50Service	dropped family (owner ruling 2026-09-12)
1.36.2	clouddriver	front50	PUT	/_calls/front50/pluginVersions/{serverGroupName}	/pluginVersions/{}	kork	com.netflix.spinnaker.kork.plugins.update.internal.Front50Service	dropped family (owner ruling 2026-09-12)
1.36.2	echo	front50	GET	/_calls/front50/pluginInfo	/pluginInfo	kork	com.netflix.spinnaker.kork.plugins.update.internal.Front50Service	dropped family (owner ruling 2026-09-12)
1.36.2	echo	front50	GET	/_calls/front50/pluginInfo/{id}	/pluginInfo/{}	kork	com.netflix.spinnaker.kork.plugins.update.internal.Front50Service	dropped family (owner ruling 2026-09-12)
1.36.2	echo	front50	PUT	/_calls/front50/pluginVersions/{serverGroupName}	/pluginVersions/{}	kork	com.netflix.spinnaker.kork.plugins.update.internal.Front50Service	dropped family (owner ruling 2026-09-12)
1.36.2	fiat	front50	GET	/_calls/front50/pluginInfo	/pluginInfo	kork	com.netflix.spinnaker.kork.plugins.update.internal.Front50Service	dropped family (owner ruling 2026-09-12)
1.36.2	fiat	front50	GET	/_calls/front50/pluginInfo/{id}	/pluginInfo/{}	kork	com.netflix.spinnaker.kork.plugins.update.internal.Front50Service	dropped family (owner ruling 2026-09-12)
1.36.2	fiat	front50	PUT	/_calls/front50/pluginVersions/{serverGroupName}	/pluginVersions/{}	kork	com.netflix.spinnaker.kork.plugins.update.internal.Front50Service	dropped family (owner ruling 2026-09-12)
1.36.2	front50	front50	GET	/_calls/front50/pluginInfo	/pluginInfo	kork	com.netflix.spinnaker.kork.plugins.update.internal.Front50Service	dropped family (owner ruling 2026-09-12)
1.36.2	front50	front50	GET	/_calls/front50/pluginInfo/{id}	/pluginInfo/{}	kork	com.netflix.spinnaker.kork.plugins.update.internal.Front50Service	dropped family (owner ruling 2026-09-12)
1.36.2	front50	front50	PUT	/_calls/front50/pluginVersions/{serverGroupName}	/pluginVersions/{}	kork	com.netflix.spinnaker.kork.plugins.update.internal.Front50Service	dropped family (owner ruling 2026-09-12)
1.36.2	gate	front50	GET	/_calls/front50/pluginInfo/{id}	/pluginInfo/{}	kork	com.netflix.spinnaker.kork.plugins.update.internal.Front50Service	dropped family (owner ruling 2026-09-12)
1.36.2	gate	front50	PUT	/_calls/front50/pluginVersions/{serverGroupName}	/pluginVersions/{}	kork	com.netflix.spinnaker.kork.plugins.update.internal.Front50Service	dropped family (owner ruling 2026-09-12)
1.36.2	igor	front50	GET	/_calls/front50/pluginInfo/{id}	/pluginInfo/{}	kork	com.netflix.spinnaker.kork.plugins.update.internal.Front50Service	dropped family (owner ruling 2026-09-12)
1.36.2	igor	front50	PUT	/_calls/front50/pluginVersions/{serverGroupName}	/pluginVersions/{}	kork	com.netflix.spinnaker.kork.plugins.update.internal.Front50Service	dropped family (owner ruling 2026-09-12)
1.36.2	kayenta	front50	GET	/_calls/front50/pluginInfo	/pluginInfo	kork	com.netflix.spinnaker.kork.plugins.update.internal.Front50Service	dropped family (owner ruling 2026-09-12)
1.36.2	kayenta	front50	GET	/_calls/front50/pluginInfo/{id}	/pluginInfo/{}	kork	com.netflix.spinnaker.kork.plugins.update.internal.Front50Service	dropped family (owner ruling 2026-09-12)
1.36.2	kayenta	front50	PUT	/_calls/front50/pluginVersions/{serverGroupName}	/pluginVersions/{}	kork	com.netflix.spinnaker.kork.plugins.update.internal.Front50Service	dropped family (owner ruling 2026-09-12)
1.36.2	orca	front50	GET	/_calls/front50/pluginInfo	/pluginInfo	kork	com.netflix.spinnaker.kork.plugins.update.internal.Front50Service	dropped family (owner ruling 2026-09-12)
1.36.2	orca	front50	GET	/_calls/front50/pluginInfo/{id}	/pluginInfo/{}	kork	com.netflix.spinnaker.kork.plugins.update.internal.Front50Service	dropped family (owner ruling 2026-09-12)
1.36.2	orca	front50	PUT	/_calls/front50/pluginVersions/{serverGroupName}	/pluginVersions/{}	kork	com.netflix.spinnaker.kork.plugins.update.internal.Front50Service	dropped family (owner ruling 2026-09-12)
1.36.2	rosco	front50	GET	/_calls/front50/pluginInfo	/pluginInfo	kork	com.netflix.spinnaker.kork.plugins.update.internal.Front50Service	dropped family (owner ruling 2026-09-12)
1.36.2	rosco	front50	GET	/_calls/front50/pluginInfo/{id}	/pluginInfo/{}	kork	com.netflix.spinnaker.kork.plugins.update.internal.Front50Service	dropped family (owner ruling 2026-09-12)
1.36.2	rosco	front50	PUT	/_calls/front50/pluginVersions/{serverGroupName}	/pluginVersions/{}	kork	com.netflix.spinnaker.kork.plugins.update.internal.Front50Service	dropped family (owner ruling 2026-09-12)
1.36.2	echo	keel	POST	/_calls/keel/artifacts/events	/artifacts/events	out-of-mesh	com.netflix.spinnaker.echo.services.KeelService	
1.36.2	gate	keel	DELETE	/_calls/keel/application/{application}/config	/application/{}/config	out-of-mesh	com.netflix.spinnaker.gate.services.internal.KeelService	
1.36.2	gate	keel	DELETE	/_calls/keel/application/{application}/pause	/application/{}/pause	out-of-mesh	com.netflix.spinnaker.gate.services.internal.KeelService	
1.36.2	gate	keel	DELETE	/_calls/keel/application/{application}/pin/{targetEnvironment}	/application/{}/pin/{}	out-of-mesh	com.netflix.spinnaker.gate.services.internal.KeelService	
1.36.2	gate	keel	DELETE	/_calls/keel/application/{application}/veto/{targetEnvironment}/{reference}/{version}	/application/{}/veto/{}/{}/{}	out-of-mesh	com.netflix.spinnaker.gate.services.internal.KeelService	
1.36.2	gate	keel	DELETE	/_calls/keel/delivery-configs/{name}	/delivery-configs/{}	out-of-mesh	com.netflix.spinnaker.gate.services.internal.KeelService	
1.36.2	gate	keel	DELETE	/_calls/keel/resources/{name}	/resources/{}	out-of-mesh	com.netflix.spinnaker.gate.services.internal.KeelService	
1.36.2	gate	keel	DELETE	/_calls/keel/resources/{name}/pause	/resources/{}/pause	out-of-mesh	com.netflix.spinnaker.gate.services.internal.KeelService	
1.36.2	gate	keel	GET	/_calls/keel/application/{application}	/application/{}	out-of-mesh	com.netflix.spinnaker.gate.services.internal.KeelService	
1.36.2	gate	keel	GET	/_calls/keel/application/{application}/config	/application/{}/config	out-of-mesh	com.netflix.spinnaker.gate.services.internal.KeelService	
1.36.2	gate	keel	GET	/_calls/keel/application/{application}/environment/{environment}/constraints	/application/{}/environment/{}/constraints	out-of-mesh	com.netflix.spinnaker.gate.services.internal.KeelService	
1.36.2	gate	keel	GET	/_calls/keel/delivery-configs/schema	/delivery-configs/schema	out-of-mesh	com.netflix.spinnaker.gate.services.internal.KeelService	
1.36.2	gate	keel	GET	/_calls/keel/delivery-configs/{name}	/delivery-configs/{}	out-of-mesh	com.netflix.spinnaker.gate.services.internal.KeelService	
1.36.2	gate	keel	GET	/_calls/keel/delivery-configs/{name}/artifacts	/delivery-configs/{}/artifacts	out-of-mesh	com.netflix.spinnaker.gate.services.internal.KeelService	
1.36.2	gate	keel	GET	/_calls/keel/environments/{application}	/environments/{}	out-of-mesh	com.netflix.spinnaker.gate.services.internal.KeelService	
1.36.2	gate	keel	GET	/_calls/keel/export/artifact/{cloudProvider}/{account}/{clusterName}	/export/artifact/{}/{}/{}	out-of-mesh	com.netflix.spinnaker.gate.services.internal.KeelService	
1.36.2	gate	keel	GET	/_calls/keel/export/{cloudProvider}/{account}/{type}/{name}	/export/{}/{}/{}/{}	out-of-mesh	com.netflix.spinnaker.gate.services.internal.KeelService	
1.36.2	gate	keel	GET	/_calls/keel/health	/health	out-of-mesh	com.netflix.spinnaker.gate.services.internal.HealthCheckableService	
1.36.2	gate	keel	GET	/_calls/keel/installedPlugins	/installedPlugins	out-of-mesh	com.netflix.spinnaker.gate.services.internal.KeelService	
1.36.2	gate	keel	GET	/_calls/keel/reports/adoption	/reports/adoption	out-of-mesh	com.netflix.spinnaker.gate.services.internal.KeelService	
1.36.2	gate	keel	GET	/_calls/keel/reports/onboarding	/reports/onboarding	out-of-mesh	com.netflix.spinnaker.gate.services.internal.KeelService	
1.36.2	gate	keel	GET	/_calls/keel/resources/events/{name}	/resources/events/{}	out-of-mesh	com.netflix.spinnaker.gate.services.internal.KeelService	
1.36.2	gate	keel	GET	/_calls/keel/resources/{name}	/resources/{}	out-of-mesh	com.netflix.spinnaker.gate.services.internal.KeelService	
1.36.2	gate	keel	GET	/_calls/keel/resources/{name}/status	/resources/{}/status	out-of-mesh	com.netflix.spinnaker.gate.services.internal.KeelService	
1.36.2	gate	keel	POST	/_calls/keel/application/{application}/environment/{environment}/constraint	/application/{}/environment/{}/constraint	out-of-mesh	com.netflix.spinnaker.gate.services.internal.KeelService	
1.36.2	gate	keel	POST	/_calls/keel/application/{application}/environment/{environment}/verifications	/application/{}/environment/{}/verifications	out-of-mesh	com.netflix.spinnaker.gate.services.internal.KeelService	
1.36.2	gate	keel	POST	/_calls/keel/application/{application}/environment/{environment}/verifications/retry	/application/{}/environment/{}/verifications/retry	out-of-mesh	com.netflix.spinnaker.gate.services.internal.KeelService	
1.36.2	gate	keel	POST	/_calls/keel/application/{application}/mark/bad	/application/{}/mark/bad	out-of-mesh	com.netflix.spinnaker.gate.services.internal.KeelService	
1.36.2	gate	keel	POST	/_calls/keel/application/{application}/mark/good	/application/{}/mark/good	out-of-mesh	com.netflix.spinnaker.gate.services.internal.KeelService	
1.36.2	gate	keel	POST	/_calls/keel/application/{application}/pause	/application/{}/pause	out-of-mesh	com.netflix.spinnaker.gate.services.internal.KeelService	
1.36.2	gate	keel	POST	/_calls/keel/application/{application}/pin	/application/{}/pin	out-of-mesh	com.netflix.spinnaker.gate.services.internal.KeelService	
1.36.2	gate	keel	POST	/_calls/keel/application/{application}/veto	/application/{}/veto	out-of-mesh	com.netflix.spinnaker.gate.services.internal.KeelService	
1.36.2	gate	keel	POST	/_calls/keel/delivery-configs	/delivery-configs	out-of-mesh	com.netflix.spinnaker.gate.services.internal.KeelService	
1.36.2	gate	keel	POST	/_calls/keel/delivery-configs/diff	/delivery-configs/diff	out-of-mesh	com.netflix.spinnaker.gate.services.internal.KeelService	
1.36.2	gate	keel	POST	/_calls/keel/delivery-configs/validate	/delivery-configs/validate	out-of-mesh	com.netflix.spinnaker.gate.services.internal.KeelService	
1.36.2	gate	keel	POST	/_calls/keel/graphql	/graphql	out-of-mesh	com.netflix.spinnaker.gate.services.internal.KeelService	
1.36.2	gate	keel	POST	/_calls/keel/resources	/resources	out-of-mesh	com.netflix.spinnaker.gate.services.internal.KeelService	
1.36.2	gate	keel	POST	/_calls/keel/resources/diff	/resources/diff	out-of-mesh	com.netflix.spinnaker.gate.services.internal.KeelService	
1.36.2	gate	keel	POST	/_calls/keel/resources/{name}/pause	/resources/{}/pause	out-of-mesh	com.netflix.spinnaker.gate.services.internal.KeelService	
1.36.2	igor	keel	POST	/_calls/keel/artifacts/events	/artifacts/events	out-of-mesh	com.netflix.spinnaker.igor.keel.KeelService	
1.36.2	orca	keel	DELETE	/_calls/keel/application/{application}/config	/application/{}/config	out-of-mesh	com.netflix.spinnaker.orca.KeelService	
1.36.2	orca	keel	POST	/_calls/keel/delivery-configs	/delivery-configs	out-of-mesh	com.netflix.spinnaker.orca.KeelService	
1.36.2	clouddriver	front50	GET	/_calls/front50/credentials	/credentials	stale	com.netflix.spinnaker.clouddriver.core.services.Front50Service	
1.36.2	echo	front50	POST	/_calls/front50/graphql	/graphql	stale	com.netflix.spinnaker.echo.services.Front50Service	
1.36.2	gate	clouddriver	GET	/_calls/clouddriver/applications/{name}/clusters/{account}/{cluster}/{type}/loadBalancers	/applications/{}/clusters/{}/{}/{}/loadBalancers	stale	com.netflix.spinnaker.gate.services.internal.ClouddriverService	
1.36.2	gate	clouddriver	POST	/_calls/clouddriver/applications/{name}/jobs/{account}/{region}/{jobName}	/applications/{}/jobs/{}/{}/{}	stale	com.netflix.spinnaker.gate.services.internal.ClouddriverService	
1.36.2	gate	front50	GET	/_calls/front50/credentials	/credentials	stale	com.netflix.spinnaker.gate.services.internal.Front50Service	
1.36.2	gate	front50	POST	/_calls/front50/pipelines/move	/pipelines/move	stale	com.netflix.spinnaker.gate.services.internal.Front50Service	
1.36.2	gate	front50	POST	/_calls/front50/strategies/move	/strategies/move	stale	com.netflix.spinnaker.gate.services.internal.Front50Service	
1.36.2	orca	echo	GET	/_calls/echo/events/recent/{type}/{since}	/events/recent/{}/{}	stale	com.netflix.spinnaker.orca.echo.EchoService	
1.36.2	orca	front50	GET	/_calls/front50/credentials	/credentials	stale	com.netflix.spinnaker.orca.front50.Front50Service	
1.36.3	gate	clouddriver	GET	/_calls/clouddriver/health	/health	actuator	com.netflix.spinnaker.gate.services.internal.HealthCheckableService	
1.36.3	gate	clouddriver	GET	/_calls/clouddriver/installedPlugins	/installedPlugins	actuator	com.netflix.spinnaker.gate.services.internal.ClouddriverService	
1.36.3	gate	echo	GET	/_calls/echo/health	/health	actuator	com.netflix.spinnaker.gate.services.internal.HealthCheckableService	
1.36.3	gate	echo	GET	/_calls/echo/installedPlugins	/installedPlugins	actuator	com.netflix.spinnaker.gate.services.internal.EchoService	
1.36.3	gate	fiat	GET	/_calls/fiat/installedPlugins	/installedPlugins	actuator	com.netflix.spinnaker.gate.services.internal.ExtendedFiatService	
1.36.3	gate	front50	GET	/_calls/front50/health	/health	actuator	com.netflix.spinnaker.gate.services.internal.HealthCheckableService	
1.36.3	gate	front50	GET	/_calls/front50/installedPlugins	/installedPlugins	actuator	com.netflix.spinnaker.gate.services.internal.Front50Service	
1.36.3	gate	igor	GET	/_calls/igor/health	/health	actuator	com.netflix.spinnaker.gate.services.internal.HealthCheckableService	
1.36.3	gate	igor	GET	/_calls/igor/installedPlugins	/installedPlugins	actuator	com.netflix.spinnaker.gate.services.internal.IgorService	
1.36.3	gate	orca	GET	/_calls/orca/health	/health	actuator	com.netflix.spinnaker.gate.services.internal.HealthCheckableService	
1.36.3	gate	orca	GET	/_calls/orca/installedPlugins	/installedPlugins	actuator	com.netflix.spinnaker.gate.services.internal.OrcaService	
1.36.3	gate	rosco	GET	/_calls/rosco/installedPlugins	/installedPlugins	actuator	com.netflix.spinnaker.gate.services.internal.RoscoService	
1.36.3	orca	clouddriver	PUT	/_calls/clouddriver/admin/db/truncate/{namespace}	/admin/db/truncate/{}	framework	com.netflix.spinnaker.orca.clouddriver.CloudDriverCacheService	excluded by provenance: PUT /admin/db/truncate/{}
1.36.3	clouddriver	fiat	DELETE	/_calls/fiat/roles/{userId}	/roles/{}	indirect-fiat	com.netflix.spinnaker.fiat.shared.FiatService	dropped family (owner ruling 2026-09-12)
1.36.3	clouddriver	fiat	GET	/_calls/fiat/authorize/{userId}	/authorize/{}	indirect-fiat	com.netflix.spinnaker.fiat.shared.FiatService	dropped family (owner ruling 2026-09-12)
1.36.3	clouddriver	fiat	GET	/_calls/fiat/authorize/{userId}/{resourceType}/{resourceName}/{authorization}	/authorize/{}/{}/{}/{}	indirect-fiat	com.netflix.spinnaker.fiat.shared.FiatService	dropped family (owner ruling 2026-09-12)
1.36.3	clouddriver	fiat	POST	/_calls/fiat/authorize/{userId}/{resourceType}/create	/authorize/{}/{}/create	indirect-fiat	com.netflix.spinnaker.fiat.shared.FiatService	dropped family (owner ruling 2026-09-12)
1.36.3	clouddriver	fiat	POST	/_calls/fiat/roles/sync	/roles/sync	indirect-fiat	com.netflix.spinnaker.fiat.shared.FiatService	dropped family (owner ruling 2026-09-12)
1.36.3	clouddriver	fiat	POST	/_calls/fiat/roles/sync/serviceAccount/{serviceAccountId}	/roles/sync/serviceAccount/{}	indirect-fiat	com.netflix.spinnaker.fiat.shared.FiatService	dropped family (owner ruling 2026-09-12)
1.36.3	clouddriver	fiat	POST	/_calls/fiat/roles/{userId}	/roles/{}	indirect-fiat	com.netflix.spinnaker.fiat.shared.FiatService	dropped family (owner ruling 2026-09-12)
1.36.3	clouddriver	fiat	PUT	/_calls/fiat/roles/{userId}	/roles/{}	indirect-fiat	com.netflix.spinnaker.fiat.shared.FiatService	dropped family (owner ruling 2026-09-12)
1.36.3	echo	fiat	DELETE	/_calls/fiat/roles/{userId}	/roles/{}	indirect-fiat	com.netflix.spinnaker.fiat.shared.FiatService	dropped family (owner ruling 2026-09-12)
1.36.3	echo	fiat	GET	/_calls/fiat/authorize/{userId}	/authorize/{}	indirect-fiat	com.netflix.spinnaker.fiat.shared.FiatService	dropped family (owner ruling 2026-09-12)
1.36.3	echo	fiat	GET	/_calls/fiat/authorize/{userId}/{resourceType}/{resourceName}/{authorization}	/authorize/{}/{}/{}/{}	indirect-fiat	com.netflix.spinnaker.fiat.shared.FiatService	dropped family (owner ruling 2026-09-12)
1.36.3	echo	fiat	POST	/_calls/fiat/authorize/{userId}/{resourceType}/create	/authorize/{}/{}/create	indirect-fiat	com.netflix.spinnaker.fiat.shared.FiatService	dropped family (owner ruling 2026-09-12)
1.36.3	echo	fiat	POST	/_calls/fiat/roles/sync	/roles/sync	indirect-fiat	com.netflix.spinnaker.fiat.shared.FiatService	dropped family (owner ruling 2026-09-12)
1.36.3	echo	fiat	POST	/_calls/fiat/roles/sync/serviceAccount/{serviceAccountId}	/roles/sync/serviceAccount/{}	indirect-fiat	com.netflix.spinnaker.fiat.shared.FiatService	dropped family (owner ruling 2026-09-12)
1.36.3	echo	fiat	POST	/_calls/fiat/roles/{userId}	/roles/{}	indirect-fiat	com.netflix.spinnaker.fiat.shared.FiatService	dropped family (owner ruling 2026-09-12)
1.36.3	echo	fiat	PUT	/_calls/fiat/roles/{userId}	/roles/{}	indirect-fiat	com.netflix.spinnaker.fiat.shared.FiatService	dropped family (owner ruling 2026-09-12)
1.36.3	igor	fiat	DELETE	/_calls/fiat/roles/{userId}	/roles/{}	indirect-fiat	com.netflix.spinnaker.fiat.shared.FiatService	dropped family (owner ruling 2026-09-12)
1.36.3	igor	fiat	GET	/_calls/fiat/authorize/{userId}	/authorize/{}	indirect-fiat	com.netflix.spinnaker.fiat.shared.FiatService	dropped family (owner ruling 2026-09-12)
1.36.3	igor	fiat	GET	/_calls/fiat/authorize/{userId}/{resourceType}/{resourceName}/{authorization}	/authorize/{}/{}/{}/{}	indirect-fiat	com.netflix.spinnaker.fiat.shared.FiatService	dropped family (owner ruling 2026-09-12)
1.36.3	igor	fiat	POST	/_calls/fiat/authorize/{userId}/{resourceType}/create	/authorize/{}/{}/create	indirect-fiat	com.netflix.spinnaker.fiat.shared.FiatService	dropped family (owner ruling 2026-09-12)
1.36.3	igor	fiat	POST	/_calls/fiat/roles/sync	/roles/sync	indirect-fiat	com.netflix.spinnaker.fiat.shared.FiatService	dropped family (owner ruling 2026-09-12)
1.36.3	igor	fiat	POST	/_calls/fiat/roles/sync/serviceAccount/{serviceAccountId}	/roles/sync/serviceAccount/{}	indirect-fiat	com.netflix.spinnaker.fiat.shared.FiatService	dropped family (owner ruling 2026-09-12)
1.36.3	igor	fiat	POST	/_calls/fiat/roles/{userId}	/roles/{}	indirect-fiat	com.netflix.spinnaker.fiat.shared.FiatService	dropped family (owner ruling 2026-09-12)
1.36.3	igor	fiat	PUT	/_calls/fiat/roles/{userId}	/roles/{}	indirect-fiat	com.netflix.spinnaker.fiat.shared.FiatService	dropped family (owner ruling 2026-09-12)
1.36.3	clouddriver	front50	GET	/_calls/front50/pluginInfo	/pluginInfo	kork	com.netflix.spinnaker.kork.plugins.update.internal.Front50Service	dropped family (owner ruling 2026-09-12)
1.36.3	clouddriver	front50	GET	/_calls/front50/pluginInfo/{id}	/pluginInfo/{}	kork	com.netflix.spinnaker.kork.plugins.update.internal.Front50Service	dropped family (owner ruling 2026-09-12)
1.36.3	clouddriver	front50	PUT	/_calls/front50/pluginVersions/{serverGroupName}	/pluginVersions/{}	kork	com.netflix.spinnaker.kork.plugins.update.internal.Front50Service	dropped family (owner ruling 2026-09-12)
1.36.3	echo	front50	GET	/_calls/front50/pluginInfo	/pluginInfo	kork	com.netflix.spinnaker.kork.plugins.update.internal.Front50Service	dropped family (owner ruling 2026-09-12)
1.36.3	echo	front50	GET	/_calls/front50/pluginInfo/{id}	/pluginInfo/{}	kork	com.netflix.spinnaker.kork.plugins.update.internal.Front50Service	dropped family (owner ruling 2026-09-12)
1.36.3	echo	front50	PUT	/_calls/front50/pluginVersions/{serverGroupName}	/pluginVersions/{}	kork	com.netflix.spinnaker.kork.plugins.update.internal.Front50Service	dropped family (owner ruling 2026-09-12)
1.36.3	fiat	front50	GET	/_calls/front50/pluginInfo	/pluginInfo	kork	com.netflix.spinnaker.kork.plugins.update.internal.Front50Service	dropped family (owner ruling 2026-09-12)
1.36.3	fiat	front50	GET	/_calls/front50/pluginInfo/{id}	/pluginInfo/{}	kork	com.netflix.spinnaker.kork.plugins.update.internal.Front50Service	dropped family (owner ruling 2026-09-12)
1.36.3	fiat	front50	PUT	/_calls/front50/pluginVersions/{serverGroupName}	/pluginVersions/{}	kork	com.netflix.spinnaker.kork.plugins.update.internal.Front50Service	dropped family (owner ruling 2026-09-12)
1.36.3	front50	front50	GET	/_calls/front50/pluginInfo	/pluginInfo	kork	com.netflix.spinnaker.kork.plugins.update.internal.Front50Service	dropped family (owner ruling 2026-09-12)
1.36.3	front50	front50	GET	/_calls/front50/pluginInfo/{id}	/pluginInfo/{}	kork	com.netflix.spinnaker.kork.plugins.update.internal.Front50Service	dropped family (owner ruling 2026-09-12)
1.36.3	front50	front50	PUT	/_calls/front50/pluginVersions/{serverGroupName}	/pluginVersions/{}	kork	com.netflix.spinnaker.kork.plugins.update.internal.Front50Service	dropped family (owner ruling 2026-09-12)
1.36.3	gate	front50	GET	/_calls/front50/pluginInfo/{id}	/pluginInfo/{}	kork	com.netflix.spinnaker.kork.plugins.update.internal.Front50Service	dropped family (owner ruling 2026-09-12)
1.36.3	gate	front50	PUT	/_calls/front50/pluginVersions/{serverGroupName}	/pluginVersions/{}	kork	com.netflix.spinnaker.kork.plugins.update.internal.Front50Service	dropped family (owner ruling 2026-09-12)
1.36.3	igor	front50	GET	/_calls/front50/pluginInfo/{id}	/pluginInfo/{}	kork	com.netflix.spinnaker.kork.plugins.update.internal.Front50Service	dropped family (owner ruling 2026-09-12)
1.36.3	igor	front50	PUT	/_calls/front50/pluginVersions/{serverGroupName}	/pluginVersions/{}	kork	com.netflix.spinnaker.kork.plugins.update.internal.Front50Service	dropped family (owner ruling 2026-09-12)
1.36.3	kayenta	front50	GET	/_calls/front50/pluginInfo	/pluginInfo	kork	com.netflix.spinnaker.kork.plugins.update.internal.Front50Service	dropped family (owner ruling 2026-09-12)
1.36.3	kayenta	front50	GET	/_calls/front50/pluginInfo/{id}	/pluginInfo/{}	kork	com.netflix.spinnaker.kork.plugins.update.internal.Front50Service	dropped family (owner ruling 2026-09-12)
1.36.3	kayenta	front50	PUT	/_calls/front50/pluginVersions/{serverGroupName}	/pluginVersions/{}	kork	com.netflix.spinnaker.kork.plugins.update.internal.Front50Service	dropped family (owner ruling 2026-09-12)
1.36.3	orca	front50	GET	/_calls/front50/pluginInfo	/pluginInfo	kork	com.netflix.spinnaker.kork.plugins.update.internal.Front50Service	dropped family (owner ruling 2026-09-12)
1.36.3	orca	front50	GET	/_calls/front50/pluginInfo/{id}	/pluginInfo/{}	kork	com.netflix.spinnaker.kork.plugins.update.internal.Front50Service	dropped family (owner ruling 2026-09-12)
1.36.3	orca	front50	PUT	/_calls/front50/pluginVersions/{serverGroupName}	/pluginVersions/{}	kork	com.netflix.spinnaker.kork.plugins.update.internal.Front50Service	dropped family (owner ruling 2026-09-12)
1.36.3	rosco	front50	GET	/_calls/front50/pluginInfo	/pluginInfo	kork	com.netflix.spinnaker.kork.plugins.update.internal.Front50Service	dropped family (owner ruling 2026-09-12)
1.36.3	rosco	front50	GET	/_calls/front50/pluginInfo/{id}	/pluginInfo/{}	kork	com.netflix.spinnaker.kork.plugins.update.internal.Front50Service	dropped family (owner ruling 2026-09-12)
1.36.3	rosco	front50	PUT	/_calls/front50/pluginVersions/{serverGroupName}	/pluginVersions/{}	kork	com.netflix.spinnaker.kork.plugins.update.internal.Front50Service	dropped family (owner ruling 2026-09-12)
1.36.3	echo	keel	POST	/_calls/keel/artifacts/events	/artifacts/events	out-of-mesh	com.netflix.spinnaker.echo.services.KeelService	
1.36.3	gate	keel	DELETE	/_calls/keel/application/{application}/config	/application/{}/config	out-of-mesh	com.netflix.spinnaker.gate.services.internal.KeelService	
1.36.3	gate	keel	DELETE	/_calls/keel/application/{application}/pause	/application/{}/pause	out-of-mesh	com.netflix.spinnaker.gate.services.internal.KeelService	
1.36.3	gate	keel	DELETE	/_calls/keel/application/{application}/pin/{targetEnvironment}	/application/{}/pin/{}	out-of-mesh	com.netflix.spinnaker.gate.services.internal.KeelService	
1.36.3	gate	keel	DELETE	/_calls/keel/application/{application}/veto/{targetEnvironment}/{reference}/{version}	/application/{}/veto/{}/{}/{}	out-of-mesh	com.netflix.spinnaker.gate.services.internal.KeelService	
1.36.3	gate	keel	DELETE	/_calls/keel/delivery-configs/{name}	/delivery-configs/{}	out-of-mesh	com.netflix.spinnaker.gate.services.internal.KeelService	
1.36.3	gate	keel	DELETE	/_calls/keel/resources/{name}	/resources/{}	out-of-mesh	com.netflix.spinnaker.gate.services.internal.KeelService	
1.36.3	gate	keel	DELETE	/_calls/keel/resources/{name}/pause	/resources/{}/pause	out-of-mesh	com.netflix.spinnaker.gate.services.internal.KeelService	
1.36.3	gate	keel	GET	/_calls/keel/application/{application}	/application/{}	out-of-mesh	com.netflix.spinnaker.gate.services.internal.KeelService	
1.36.3	gate	keel	GET	/_calls/keel/application/{application}/config	/application/{}/config	out-of-mesh	com.netflix.spinnaker.gate.services.internal.KeelService	
1.36.3	gate	keel	GET	/_calls/keel/application/{application}/environment/{environment}/constraints	/application/{}/environment/{}/constraints	out-of-mesh	com.netflix.spinnaker.gate.services.internal.KeelService	
1.36.3	gate	keel	GET	/_calls/keel/delivery-configs/schema	/delivery-configs/schema	out-of-mesh	com.netflix.spinnaker.gate.services.internal.KeelService	
1.36.3	gate	keel	GET	/_calls/keel/delivery-configs/{name}	/delivery-configs/{}	out-of-mesh	com.netflix.spinnaker.gate.services.internal.KeelService	
1.36.3	gate	keel	GET	/_calls/keel/delivery-configs/{name}/artifacts	/delivery-configs/{}/artifacts	out-of-mesh	com.netflix.spinnaker.gate.services.internal.KeelService	
1.36.3	gate	keel	GET	/_calls/keel/environments/{application}	/environments/{}	out-of-mesh	com.netflix.spinnaker.gate.services.internal.KeelService	
1.36.3	gate	keel	GET	/_calls/keel/export/artifact/{cloudProvider}/{account}/{clusterName}	/export/artifact/{}/{}/{}	out-of-mesh	com.netflix.spinnaker.gate.services.internal.KeelService	
1.36.3	gate	keel	GET	/_calls/keel/export/{cloudProvider}/{account}/{type}/{name}	/export/{}/{}/{}/{}	out-of-mesh	com.netflix.spinnaker.gate.services.internal.KeelService	
1.36.3	gate	keel	GET	/_calls/keel/health	/health	out-of-mesh	com.netflix.spinnaker.gate.services.internal.HealthCheckableService	
1.36.3	gate	keel	GET	/_calls/keel/installedPlugins	/installedPlugins	out-of-mesh	com.netflix.spinnaker.gate.services.internal.KeelService	
1.36.3	gate	keel	GET	/_calls/keel/reports/adoption	/reports/adoption	out-of-mesh	com.netflix.spinnaker.gate.services.internal.KeelService	
1.36.3	gate	keel	GET	/_calls/keel/reports/onboarding	/reports/onboarding	out-of-mesh	com.netflix.spinnaker.gate.services.internal.KeelService	
1.36.3	gate	keel	GET	/_calls/keel/resources/events/{name}	/resources/events/{}	out-of-mesh	com.netflix.spinnaker.gate.services.internal.KeelService	
1.36.3	gate	keel	GET	/_calls/keel/resources/{name}	/resources/{}	out-of-mesh	com.netflix.spinnaker.gate.services.internal.KeelService	
1.36.3	gate	keel	GET	/_calls/keel/resources/{name}/status	/resources/{}/status	out-of-mesh	com.netflix.spinnaker.gate.services.internal.KeelService	
1.36.3	gate	keel	POST	/_calls/keel/application/{application}/environment/{environment}/constraint	/application/{}/environment/{}/constraint	out-of-mesh	com.netflix.spinnaker.gate.services.internal.KeelService	
1.36.3	gate	keel	POST	/_calls/keel/application/{application}/environment/{environment}/verifications	/application/{}/environment/{}/verifications	out-of-mesh	com.netflix.spinnaker.gate.services.internal.KeelService	
1.36.3	gate	keel	POST	/_calls/keel/application/{application}/environment/{environment}/verifications/retry	/application/{}/environment/{}/verifications/retry	out-of-mesh	com.netflix.spinnaker.gate.services.internal.KeelService	
1.36.3	gate	keel	POST	/_calls/keel/application/{application}/mark/bad	/application/{}/mark/bad	out-of-mesh	com.netflix.spinnaker.gate.services.internal.KeelService	
1.36.3	gate	keel	POST	/_calls/keel/application/{application}/mark/good	/application/{}/mark/good	out-of-mesh	com.netflix.spinnaker.gate.services.internal.KeelService	
1.36.3	gate	keel	POST	/_calls/keel/application/{application}/pause	/application/{}/pause	out-of-mesh	com.netflix.spinnaker.gate.services.internal.KeelService	
1.36.3	gate	keel	POST	/_calls/keel/application/{application}/pin	/application/{}/pin	out-of-mesh	com.netflix.spinnaker.gate.services.internal.KeelService	
1.36.3	gate	keel	POST	/_calls/keel/application/{application}/veto	/application/{}/veto	out-of-mesh	com.netflix.spinnaker.gate.services.internal.KeelService	
1.36.3	gate	keel	POST	/_calls/keel/delivery-configs	/delivery-configs	out-of-mesh	com.netflix.spinnaker.gate.services.internal.KeelService	
1.36.3	gate	keel	POST	/_calls/keel/delivery-configs/diff	/delivery-configs/diff	out-of-mesh	com.netflix.spinnaker.gate.services.internal.KeelService	
1.36.3	gate	keel	POST	/_calls/keel/delivery-configs/validate	/delivery-configs/validate	out-of-mesh	com.netflix.spinnaker.gate.services.internal.KeelService	
1.36.3	gate	keel	POST	/_calls/keel/graphql	/graphql	out-of-mesh	com.netflix.spinnaker.gate.services.internal.KeelService	
1.36.3	gate	keel	POST	/_calls/keel/resources	/resources	out-of-mesh	com.netflix.spinnaker.gate.services.internal.KeelService	
1.36.3	gate	keel	POST	/_calls/keel/resources/diff	/resources/diff	out-of-mesh	com.netflix.spinnaker.gate.services.internal.KeelService	
1.36.3	gate	keel	POST	/_calls/keel/resources/{name}/pause	/resources/{}/pause	out-of-mesh	com.netflix.spinnaker.gate.services.internal.KeelService	
1.36.3	igor	keel	POST	/_calls/keel/artifacts/events	/artifacts/events	out-of-mesh	com.netflix.spinnaker.igor.keel.KeelService	
1.36.3	orca	keel	DELETE	/_calls/keel/application/{application}/config	/application/{}/config	out-of-mesh	com.netflix.spinnaker.orca.KeelService	
1.36.3	orca	keel	POST	/_calls/keel/delivery-configs	/delivery-configs	out-of-mesh	com.netflix.spinnaker.orca.KeelService	
1.36.3	clouddriver	front50	GET	/_calls/front50/credentials	/credentials	stale	com.netflix.spinnaker.clouddriver.core.services.Front50Service	
1.36.3	echo	front50	POST	/_calls/front50/graphql	/graphql	stale	com.netflix.spinnaker.echo.services.Front50Service	
1.36.3	gate	clouddriver	GET	/_calls/clouddriver/applications/{name}/clusters/{account}/{cluster}/{type}/loadBalancers	/applications/{}/clusters/{}/{}/{}/loadBalancers	stale	com.netflix.spinnaker.gate.services.internal.ClouddriverService	
1.36.3	gate	clouddriver	POST	/_calls/clouddriver/applications/{name}/jobs/{account}/{region}/{jobName}	/applications/{}/jobs/{}/{}/{}	stale	com.netflix.spinnaker.gate.services.internal.ClouddriverService	
1.36.3	gate	front50	GET	/_calls/front50/credentials	/credentials	stale	com.netflix.spinnaker.gate.services.internal.Front50Service	
1.36.3	gate	front50	POST	/_calls/front50/pipelines/move	/pipelines/move	stale	com.netflix.spinnaker.gate.services.internal.Front50Service	
1.36.3	gate	front50	POST	/_calls/front50/strategies/move	/strategies/move	stale	com.netflix.spinnaker.gate.services.internal.Front50Service	
1.36.3	orca	echo	GET	/_calls/echo/events/recent/{type}/{since}	/events/recent/{}/{}	stale	com.netflix.spinnaker.orca.echo.EchoService	
1.36.3	orca	front50	GET	/_calls/front50/credentials	/credentials	stale	com.netflix.spinnaker.orca.front50.Front50Service	
1.37.0	gate	clouddriver	GET	/_calls/clouddriver/health	/health	actuator	com.netflix.spinnaker.gate.services.internal.HealthCheckableService	
1.37.0	gate	clouddriver	GET	/_calls/clouddriver/installedPlugins	/installedPlugins	actuator	com.netflix.spinnaker.gate.services.internal.ClouddriverService	
1.37.0	gate	echo	GET	/_calls/echo/health	/health	actuator	com.netflix.spinnaker.gate.services.internal.HealthCheckableService	
1.37.0	gate	echo	GET	/_calls/echo/installedPlugins	/installedPlugins	actuator	com.netflix.spinnaker.gate.services.internal.EchoService	
1.37.0	gate	fiat	GET	/_calls/fiat/installedPlugins	/installedPlugins	actuator	com.netflix.spinnaker.gate.services.internal.ExtendedFiatService	
1.37.0	gate	front50	GET	/_calls/front50/health	/health	actuator	com.netflix.spinnaker.gate.services.internal.HealthCheckableService	
1.37.0	gate	front50	GET	/_calls/front50/installedPlugins	/installedPlugins	actuator	com.netflix.spinnaker.gate.services.internal.Front50Service	
1.37.0	gate	igor	GET	/_calls/igor/health	/health	actuator	com.netflix.spinnaker.gate.services.internal.HealthCheckableService	
1.37.0	gate	igor	GET	/_calls/igor/installedPlugins	/installedPlugins	actuator	com.netflix.spinnaker.gate.services.internal.IgorService	
1.37.0	gate	orca	GET	/_calls/orca/health	/health	actuator	com.netflix.spinnaker.gate.services.internal.HealthCheckableService	
1.37.0	gate	orca	GET	/_calls/orca/installedPlugins	/installedPlugins	actuator	com.netflix.spinnaker.gate.services.internal.OrcaService	
1.37.0	gate	rosco	GET	/_calls/rosco/installedPlugins	/installedPlugins	actuator	com.netflix.spinnaker.gate.services.internal.RoscoService	
1.37.0	orca	clouddriver	PUT	/_calls/clouddriver/admin/db/truncate/{namespace}	/admin/db/truncate/{}	framework	com.netflix.spinnaker.orca.clouddriver.CloudDriverCacheService	excluded by provenance: PUT /admin/db/truncate/{}
1.37.0	clouddriver	fiat	DELETE	/_calls/fiat/roles/{userId}	/roles/{}	indirect-fiat	com.netflix.spinnaker.fiat.shared.FiatService	dropped family (owner ruling 2026-09-12)
1.37.0	clouddriver	fiat	GET	/_calls/fiat/authorize/{userId}	/authorize/{}	indirect-fiat	com.netflix.spinnaker.fiat.shared.FiatService	dropped family (owner ruling 2026-09-12)
1.37.0	clouddriver	fiat	GET	/_calls/fiat/authorize/{userId}/{resourceType}/{resourceName}/{authorization}	/authorize/{}/{}/{}/{}	indirect-fiat	com.netflix.spinnaker.fiat.shared.FiatService	dropped family (owner ruling 2026-09-12)
1.37.0	clouddriver	fiat	POST	/_calls/fiat/authorize/{userId}/{resourceType}/create	/authorize/{}/{}/create	indirect-fiat	com.netflix.spinnaker.fiat.shared.FiatService	dropped family (owner ruling 2026-09-12)
1.37.0	clouddriver	fiat	POST	/_calls/fiat/roles/sync	/roles/sync	indirect-fiat	com.netflix.spinnaker.fiat.shared.FiatService	dropped family (owner ruling 2026-09-12)
1.37.0	clouddriver	fiat	POST	/_calls/fiat/roles/sync/serviceAccount/{serviceAccountId}	/roles/sync/serviceAccount/{}	indirect-fiat	com.netflix.spinnaker.fiat.shared.FiatService	dropped family (owner ruling 2026-09-12)
1.37.0	clouddriver	fiat	POST	/_calls/fiat/roles/{userId}	/roles/{}	indirect-fiat	com.netflix.spinnaker.fiat.shared.FiatService	dropped family (owner ruling 2026-09-12)
1.37.0	clouddriver	fiat	PUT	/_calls/fiat/roles/{userId}	/roles/{}	indirect-fiat	com.netflix.spinnaker.fiat.shared.FiatService	dropped family (owner ruling 2026-09-12)
1.37.0	echo	fiat	DELETE	/_calls/fiat/roles/{userId}	/roles/{}	indirect-fiat	com.netflix.spinnaker.fiat.shared.FiatService	dropped family (owner ruling 2026-09-12)
1.37.0	echo	fiat	GET	/_calls/fiat/authorize/{userId}	/authorize/{}	indirect-fiat	com.netflix.spinnaker.fiat.shared.FiatService	dropped family (owner ruling 2026-09-12)
1.37.0	echo	fiat	GET	/_calls/fiat/authorize/{userId}/{resourceType}/{resourceName}/{authorization}	/authorize/{}/{}/{}/{}	indirect-fiat	com.netflix.spinnaker.fiat.shared.FiatService	dropped family (owner ruling 2026-09-12)
1.37.0	echo	fiat	POST	/_calls/fiat/authorize/{userId}/{resourceType}/create	/authorize/{}/{}/create	indirect-fiat	com.netflix.spinnaker.fiat.shared.FiatService	dropped family (owner ruling 2026-09-12)
1.37.0	echo	fiat	POST	/_calls/fiat/roles/sync	/roles/sync	indirect-fiat	com.netflix.spinnaker.fiat.shared.FiatService	dropped family (owner ruling 2026-09-12)
1.37.0	echo	fiat	POST	/_calls/fiat/roles/sync/serviceAccount/{serviceAccountId}	/roles/sync/serviceAccount/{}	indirect-fiat	com.netflix.spinnaker.fiat.shared.FiatService	dropped family (owner ruling 2026-09-12)
1.37.0	echo	fiat	POST	/_calls/fiat/roles/{userId}	/roles/{}	indirect-fiat	com.netflix.spinnaker.fiat.shared.FiatService	dropped family (owner ruling 2026-09-12)
1.37.0	echo	fiat	PUT	/_calls/fiat/roles/{userId}	/roles/{}	indirect-fiat	com.netflix.spinnaker.fiat.shared.FiatService	dropped family (owner ruling 2026-09-12)
1.37.0	igor	fiat	DELETE	/_calls/fiat/roles/{userId}	/roles/{}	indirect-fiat	com.netflix.spinnaker.fiat.shared.FiatService	dropped family (owner ruling 2026-09-12)
1.37.0	igor	fiat	GET	/_calls/fiat/authorize/{userId}	/authorize/{}	indirect-fiat	com.netflix.spinnaker.fiat.shared.FiatService	dropped family (owner ruling 2026-09-12)
1.37.0	igor	fiat	GET	/_calls/fiat/authorize/{userId}/{resourceType}/{resourceName}/{authorization}	/authorize/{}/{}/{}/{}	indirect-fiat	com.netflix.spinnaker.fiat.shared.FiatService	dropped family (owner ruling 2026-09-12)
1.37.0	igor	fiat	POST	/_calls/fiat/authorize/{userId}/{resourceType}/create	/authorize/{}/{}/create	indirect-fiat	com.netflix.spinnaker.fiat.shared.FiatService	dropped family (owner ruling 2026-09-12)
1.37.0	igor	fiat	POST	/_calls/fiat/roles/sync	/roles/sync	indirect-fiat	com.netflix.spinnaker.fiat.shared.FiatService	dropped family (owner ruling 2026-09-12)
1.37.0	igor	fiat	POST	/_calls/fiat/roles/sync/serviceAccount/{serviceAccountId}	/roles/sync/serviceAccount/{}	indirect-fiat	com.netflix.spinnaker.fiat.shared.FiatService	dropped family (owner ruling 2026-09-12)
1.37.0	igor	fiat	POST	/_calls/fiat/roles/{userId}	/roles/{}	indirect-fiat	com.netflix.spinnaker.fiat.shared.FiatService	dropped family (owner ruling 2026-09-12)
1.37.0	igor	fiat	PUT	/_calls/fiat/roles/{userId}	/roles/{}	indirect-fiat	com.netflix.spinnaker.fiat.shared.FiatService	dropped family (owner ruling 2026-09-12)
1.37.0	clouddriver	front50	GET	/_calls/front50/pluginInfo	/pluginInfo	kork	com.netflix.spinnaker.kork.plugins.update.internal.Front50Service	dropped family (owner ruling 2026-09-12)
1.37.0	clouddriver	front50	GET	/_calls/front50/pluginInfo/{id}	/pluginInfo/{}	kork	com.netflix.spinnaker.kork.plugins.update.internal.Front50Service	dropped family (owner ruling 2026-09-12)
1.37.0	clouddriver	front50	PUT	/_calls/front50/pluginVersions/{serverGroupName}	/pluginVersions/{}	kork	com.netflix.spinnaker.kork.plugins.update.internal.Front50Service	dropped family (owner ruling 2026-09-12)
1.37.0	echo	front50	GET	/_calls/front50/pluginInfo	/pluginInfo	kork	com.netflix.spinnaker.kork.plugins.update.internal.Front50Service	dropped family (owner ruling 2026-09-12)
1.37.0	echo	front50	GET	/_calls/front50/pluginInfo/{id}	/pluginInfo/{}	kork	com.netflix.spinnaker.kork.plugins.update.internal.Front50Service	dropped family (owner ruling 2026-09-12)
1.37.0	echo	front50	PUT	/_calls/front50/pluginVersions/{serverGroupName}	/pluginVersions/{}	kork	com.netflix.spinnaker.kork.plugins.update.internal.Front50Service	dropped family (owner ruling 2026-09-12)
1.37.0	fiat	front50	GET	/_calls/front50/pluginInfo	/pluginInfo	kork	com.netflix.spinnaker.kork.plugins.update.internal.Front50Service	dropped family (owner ruling 2026-09-12)
1.37.0	fiat	front50	GET	/_calls/front50/pluginInfo/{id}	/pluginInfo/{}	kork	com.netflix.spinnaker.kork.plugins.update.internal.Front50Service	dropped family (owner ruling 2026-09-12)
1.37.0	fiat	front50	PUT	/_calls/front50/pluginVersions/{serverGroupName}	/pluginVersions/{}	kork	com.netflix.spinnaker.kork.plugins.update.internal.Front50Service	dropped family (owner ruling 2026-09-12)
1.37.0	front50	front50	GET	/_calls/front50/pluginInfo	/pluginInfo	kork	com.netflix.spinnaker.kork.plugins.update.internal.Front50Service	dropped family (owner ruling 2026-09-12)
1.37.0	front50	front50	GET	/_calls/front50/pluginInfo/{id}	/pluginInfo/{}	kork	com.netflix.spinnaker.kork.plugins.update.internal.Front50Service	dropped family (owner ruling 2026-09-12)
1.37.0	front50	front50	PUT	/_calls/front50/pluginVersions/{serverGroupName}	/pluginVersions/{}	kork	com.netflix.spinnaker.kork.plugins.update.internal.Front50Service	dropped family (owner ruling 2026-09-12)
1.37.0	gate	front50	GET	/_calls/front50/pluginInfo/{id}	/pluginInfo/{}	kork	com.netflix.spinnaker.kork.plugins.update.internal.Front50Service	dropped family (owner ruling 2026-09-12)
1.37.0	gate	front50	PUT	/_calls/front50/pluginVersions/{serverGroupName}	/pluginVersions/{}	kork	com.netflix.spinnaker.kork.plugins.update.internal.Front50Service	dropped family (owner ruling 2026-09-12)
1.37.0	igor	front50	GET	/_calls/front50/pluginInfo/{id}	/pluginInfo/{}	kork	com.netflix.spinnaker.kork.plugins.update.internal.Front50Service	dropped family (owner ruling 2026-09-12)
1.37.0	igor	front50	PUT	/_calls/front50/pluginVersions/{serverGroupName}	/pluginVersions/{}	kork	com.netflix.spinnaker.kork.plugins.update.internal.Front50Service	dropped family (owner ruling 2026-09-12)
1.37.0	kayenta	front50	GET	/_calls/front50/pluginInfo	/pluginInfo	kork	com.netflix.spinnaker.kork.plugins.update.internal.Front50Service	dropped family (owner ruling 2026-09-12)
1.37.0	kayenta	front50	GET	/_calls/front50/pluginInfo/{id}	/pluginInfo/{}	kork	com.netflix.spinnaker.kork.plugins.update.internal.Front50Service	dropped family (owner ruling 2026-09-12)
1.37.0	kayenta	front50	PUT	/_calls/front50/pluginVersions/{serverGroupName}	/pluginVersions/{}	kork	com.netflix.spinnaker.kork.plugins.update.internal.Front50Service	dropped family (owner ruling 2026-09-12)
1.37.0	orca	front50	GET	/_calls/front50/pluginInfo	/pluginInfo	kork	com.netflix.spinnaker.kork.plugins.update.internal.Front50Service	dropped family (owner ruling 2026-09-12)
1.37.0	orca	front50	GET	/_calls/front50/pluginInfo/{id}	/pluginInfo/{}	kork	com.netflix.spinnaker.kork.plugins.update.internal.Front50Service	dropped family (owner ruling 2026-09-12)
1.37.0	orca	front50	PUT	/_calls/front50/pluginVersions/{serverGroupName}	/pluginVersions/{}	kork	com.netflix.spinnaker.kork.plugins.update.internal.Front50Service	dropped family (owner ruling 2026-09-12)
1.37.0	rosco	front50	GET	/_calls/front50/pluginInfo	/pluginInfo	kork	com.netflix.spinnaker.kork.plugins.update.internal.Front50Service	dropped family (owner ruling 2026-09-12)
1.37.0	rosco	front50	GET	/_calls/front50/pluginInfo/{id}	/pluginInfo/{}	kork	com.netflix.spinnaker.kork.plugins.update.internal.Front50Service	dropped family (owner ruling 2026-09-12)
1.37.0	rosco	front50	PUT	/_calls/front50/pluginVersions/{serverGroupName}	/pluginVersions/{}	kork	com.netflix.spinnaker.kork.plugins.update.internal.Front50Service	dropped family (owner ruling 2026-09-12)
1.37.0	echo	keel	POST	/_calls/keel/artifacts/events	/artifacts/events	out-of-mesh	com.netflix.spinnaker.echo.services.KeelService	
1.37.0	gate	keel	DELETE	/_calls/keel/application/{application}/config	/application/{}/config	out-of-mesh	com.netflix.spinnaker.gate.services.internal.KeelService	
1.37.0	gate	keel	DELETE	/_calls/keel/application/{application}/pause	/application/{}/pause	out-of-mesh	com.netflix.spinnaker.gate.services.internal.KeelService	
1.37.0	gate	keel	DELETE	/_calls/keel/application/{application}/pin/{targetEnvironment}	/application/{}/pin/{}	out-of-mesh	com.netflix.spinnaker.gate.services.internal.KeelService	
1.37.0	gate	keel	DELETE	/_calls/keel/application/{application}/veto/{targetEnvironment}/{reference}/{version}	/application/{}/veto/{}/{}/{}	out-of-mesh	com.netflix.spinnaker.gate.services.internal.KeelService	
1.37.0	gate	keel	DELETE	/_calls/keel/delivery-configs/{name}	/delivery-configs/{}	out-of-mesh	com.netflix.spinnaker.gate.services.internal.KeelService	
1.37.0	gate	keel	DELETE	/_calls/keel/resources/{name}	/resources/{}	out-of-mesh	com.netflix.spinnaker.gate.services.internal.KeelService	
1.37.0	gate	keel	DELETE	/_calls/keel/resources/{name}/pause	/resources/{}/pause	out-of-mesh	com.netflix.spinnaker.gate.services.internal.KeelService	
1.37.0	gate	keel	GET	/_calls/keel/application/{application}	/application/{}	out-of-mesh	com.netflix.spinnaker.gate.services.internal.KeelService	
1.37.0	gate	keel	GET	/_calls/keel/application/{application}/config	/application/{}/config	out-of-mesh	com.netflix.spinnaker.gate.services.internal.KeelService	
1.37.0	gate	keel	GET	/_calls/keel/application/{application}/environment/{environment}/constraints	/application/{}/environment/{}/constraints	out-of-mesh	com.netflix.spinnaker.gate.services.internal.KeelService	
1.37.0	gate	keel	GET	/_calls/keel/delivery-configs/schema	/delivery-configs/schema	out-of-mesh	com.netflix.spinnaker.gate.services.internal.KeelService	
1.37.0	gate	keel	GET	/_calls/keel/delivery-configs/{name}	/delivery-configs/{}	out-of-mesh	com.netflix.spinnaker.gate.services.internal.KeelService	
1.37.0	gate	keel	GET	/_calls/keel/delivery-configs/{name}/artifacts	/delivery-configs/{}/artifacts	out-of-mesh	com.netflix.spinnaker.gate.services.internal.KeelService	
1.37.0	gate	keel	GET	/_calls/keel/environments/{application}	/environments/{}	out-of-mesh	com.netflix.spinnaker.gate.services.internal.KeelService	
1.37.0	gate	keel	GET	/_calls/keel/export/artifact/{cloudProvider}/{account}/{clusterName}	/export/artifact/{}/{}/{}	out-of-mesh	com.netflix.spinnaker.gate.services.internal.KeelService	
1.37.0	gate	keel	GET	/_calls/keel/export/{cloudProvider}/{account}/{type}/{name}	/export/{}/{}/{}/{}	out-of-mesh	com.netflix.spinnaker.gate.services.internal.KeelService	
1.37.0	gate	keel	GET	/_calls/keel/health	/health	out-of-mesh	com.netflix.spinnaker.gate.services.internal.HealthCheckableService	
1.37.0	gate	keel	GET	/_calls/keel/installedPlugins	/installedPlugins	out-of-mesh	com.netflix.spinnaker.gate.services.internal.KeelService	
1.37.0	gate	keel	GET	/_calls/keel/reports/adoption	/reports/adoption	out-of-mesh	com.netflix.spinnaker.gate.services.internal.KeelService	
1.37.0	gate	keel	GET	/_calls/keel/reports/onboarding	/reports/onboarding	out-of-mesh	com.netflix.spinnaker.gate.services.internal.KeelService	
1.37.0	gate	keel	GET	/_calls/keel/resources/events/{name}	/resources/events/{}	out-of-mesh	com.netflix.spinnaker.gate.services.internal.KeelService	
1.37.0	gate	keel	GET	/_calls/keel/resources/{name}	/resources/{}	out-of-mesh	com.netflix.spinnaker.gate.services.internal.KeelService	
1.37.0	gate	keel	GET	/_calls/keel/resources/{name}/status	/resources/{}/status	out-of-mesh	com.netflix.spinnaker.gate.services.internal.KeelService	
1.37.0	gate	keel	POST	/_calls/keel/application/{application}/environment/{environment}/constraint	/application/{}/environment/{}/constraint	out-of-mesh	com.netflix.spinnaker.gate.services.internal.KeelService	
1.37.0	gate	keel	POST	/_calls/keel/application/{application}/environment/{environment}/verifications	/application/{}/environment/{}/verifications	out-of-mesh	com.netflix.spinnaker.gate.services.internal.KeelService	
1.37.0	gate	keel	POST	/_calls/keel/application/{application}/environment/{environment}/verifications/retry	/application/{}/environment/{}/verifications/retry	out-of-mesh	com.netflix.spinnaker.gate.services.internal.KeelService	
1.37.0	gate	keel	POST	/_calls/keel/application/{application}/mark/bad	/application/{}/mark/bad	out-of-mesh	com.netflix.spinnaker.gate.services.internal.KeelService	
1.37.0	gate	keel	POST	/_calls/keel/application/{application}/mark/good	/application/{}/mark/good	out-of-mesh	com.netflix.spinnaker.gate.services.internal.KeelService	
1.37.0	gate	keel	POST	/_calls/keel/application/{application}/pause	/application/{}/pause	out-of-mesh	com.netflix.spinnaker.gate.services.internal.KeelService	
1.37.0	gate	keel	POST	/_calls/keel/application/{application}/pin	/application/{}/pin	out-of-mesh	com.netflix.spinnaker.gate.services.internal.KeelService	
1.37.0	gate	keel	POST	/_calls/keel/application/{application}/veto	/application/{}/veto	out-of-mesh	com.netflix.spinnaker.gate.services.internal.KeelService	
1.37.0	gate	keel	POST	/_calls/keel/delivery-configs	/delivery-configs	out-of-mesh	com.netflix.spinnaker.gate.services.internal.KeelService	
1.37.0	gate	keel	POST	/_calls/keel/delivery-configs/diff	/delivery-configs/diff	out-of-mesh	com.netflix.spinnaker.gate.services.internal.KeelService	
1.37.0	gate	keel	POST	/_calls/keel/delivery-configs/validate	/delivery-configs/validate	out-of-mesh	com.netflix.spinnaker.gate.services.internal.KeelService	
1.37.0	gate	keel	POST	/_calls/keel/graphql	/graphql	out-of-mesh	com.netflix.spinnaker.gate.services.internal.KeelService	
1.37.0	gate	keel	POST	/_calls/keel/resources	/resources	out-of-mesh	com.netflix.spinnaker.gate.services.internal.KeelService	
1.37.0	gate	keel	POST	/_calls/keel/resources/diff	/resources/diff	out-of-mesh	com.netflix.spinnaker.gate.services.internal.KeelService	
1.37.0	gate	keel	POST	/_calls/keel/resources/{name}/pause	/resources/{}/pause	out-of-mesh	com.netflix.spinnaker.gate.services.internal.KeelService	
1.37.0	igor	keel	POST	/_calls/keel/artifacts/events	/artifacts/events	out-of-mesh	com.netflix.spinnaker.igor.keel.KeelService	
1.37.0	orca	keel	DELETE	/_calls/keel/application/{application}/config	/application/{}/config	out-of-mesh	com.netflix.spinnaker.orca.KeelService	
1.37.0	orca	keel	POST	/_calls/keel/delivery-configs	/delivery-configs	out-of-mesh	com.netflix.spinnaker.orca.KeelService	
1.37.0	clouddriver	front50	GET	/_calls/front50/credentials	/credentials	stale	com.netflix.spinnaker.clouddriver.core.services.Front50Service	
1.37.0	echo	front50	POST	/_calls/front50/graphql	/graphql	stale	com.netflix.spinnaker.echo.services.Front50Service	
1.37.0	gate	clouddriver	GET	/_calls/clouddriver/applications/{name}/clusters/{account}/{cluster}/{type}/loadBalancers	/applications/{}/clusters/{}/{}/{}/loadBalancers	stale	com.netflix.spinnaker.gate.services.internal.ClouddriverService	
1.37.0	gate	clouddriver	POST	/_calls/clouddriver/applications/{name}/jobs/{account}/{region}/{jobName}	/applications/{}/jobs/{}/{}/{}	stale	com.netflix.spinnaker.gate.services.internal.ClouddriverService	
1.37.0	gate	front50	GET	/_calls/front50/credentials	/credentials	stale	com.netflix.spinnaker.gate.services.internal.Front50Service	
1.37.0	gate	front50	POST	/_calls/front50/pipelines/move	/pipelines/move	stale	com.netflix.spinnaker.gate.services.internal.Front50Service	
1.37.0	gate	front50	POST	/_calls/front50/strategies/move	/strategies/move	stale	com.netflix.spinnaker.gate.services.internal.Front50Service	
1.37.0	orca	echo	GET	/_calls/echo/events/recent/{type}/{since}	/events/recent/{}/{}	stale	com.netflix.spinnaker.orca.echo.EchoService	
1.37.0	orca	front50	GET	/_calls/front50/credentials	/credentials	stale	com.netflix.spinnaker.orca.front50.Front50Service	
1.37.1	gate	clouddriver	GET	/_calls/clouddriver/health	/health	actuator	com.netflix.spinnaker.gate.services.internal.HealthCheckableService	
1.37.1	gate	clouddriver	GET	/_calls/clouddriver/installedPlugins	/installedPlugins	actuator	com.netflix.spinnaker.gate.services.internal.ClouddriverService	
1.37.1	gate	echo	GET	/_calls/echo/health	/health	actuator	com.netflix.spinnaker.gate.services.internal.HealthCheckableService	
1.37.1	gate	echo	GET	/_calls/echo/installedPlugins	/installedPlugins	actuator	com.netflix.spinnaker.gate.services.internal.EchoService	
1.37.1	gate	fiat	GET	/_calls/fiat/installedPlugins	/installedPlugins	actuator	com.netflix.spinnaker.gate.services.internal.ExtendedFiatService	
1.37.1	gate	front50	GET	/_calls/front50/health	/health	actuator	com.netflix.spinnaker.gate.services.internal.HealthCheckableService	
1.37.1	gate	front50	GET	/_calls/front50/installedPlugins	/installedPlugins	actuator	com.netflix.spinnaker.gate.services.internal.Front50Service	
1.37.1	gate	igor	GET	/_calls/igor/health	/health	actuator	com.netflix.spinnaker.gate.services.internal.HealthCheckableService	
1.37.1	gate	igor	GET	/_calls/igor/installedPlugins	/installedPlugins	actuator	com.netflix.spinnaker.gate.services.internal.IgorService	
1.37.1	gate	orca	GET	/_calls/orca/health	/health	actuator	com.netflix.spinnaker.gate.services.internal.HealthCheckableService	
1.37.1	gate	orca	GET	/_calls/orca/installedPlugins	/installedPlugins	actuator	com.netflix.spinnaker.gate.services.internal.OrcaService	
1.37.1	gate	rosco	GET	/_calls/rosco/installedPlugins	/installedPlugins	actuator	com.netflix.spinnaker.gate.services.internal.RoscoService	
1.37.1	orca	clouddriver	PUT	/_calls/clouddriver/admin/db/truncate/{namespace}	/admin/db/truncate/{}	framework	com.netflix.spinnaker.orca.clouddriver.CloudDriverCacheService	excluded by provenance: PUT /admin/db/truncate/{}
1.37.1	clouddriver	fiat	DELETE	/_calls/fiat/roles/{userId}	/roles/{}	indirect-fiat	com.netflix.spinnaker.fiat.shared.FiatService	dropped family (owner ruling 2026-09-12)
1.37.1	clouddriver	fiat	GET	/_calls/fiat/authorize/{userId}	/authorize/{}	indirect-fiat	com.netflix.spinnaker.fiat.shared.FiatService	dropped family (owner ruling 2026-09-12)
1.37.1	clouddriver	fiat	GET	/_calls/fiat/authorize/{userId}/{resourceType}/{resourceName}/{authorization}	/authorize/{}/{}/{}/{}	indirect-fiat	com.netflix.spinnaker.fiat.shared.FiatService	dropped family (owner ruling 2026-09-12)
1.37.1	clouddriver	fiat	POST	/_calls/fiat/authorize/{userId}/{resourceType}/create	/authorize/{}/{}/create	indirect-fiat	com.netflix.spinnaker.fiat.shared.FiatService	dropped family (owner ruling 2026-09-12)
1.37.1	clouddriver	fiat	POST	/_calls/fiat/roles/sync	/roles/sync	indirect-fiat	com.netflix.spinnaker.fiat.shared.FiatService	dropped family (owner ruling 2026-09-12)
1.37.1	clouddriver	fiat	POST	/_calls/fiat/roles/sync/serviceAccount/{serviceAccountId}	/roles/sync/serviceAccount/{}	indirect-fiat	com.netflix.spinnaker.fiat.shared.FiatService	dropped family (owner ruling 2026-09-12)
1.37.1	clouddriver	fiat	POST	/_calls/fiat/roles/{userId}	/roles/{}	indirect-fiat	com.netflix.spinnaker.fiat.shared.FiatService	dropped family (owner ruling 2026-09-12)
1.37.1	clouddriver	fiat	PUT	/_calls/fiat/roles/{userId}	/roles/{}	indirect-fiat	com.netflix.spinnaker.fiat.shared.FiatService	dropped family (owner ruling 2026-09-12)
1.37.1	echo	fiat	DELETE	/_calls/fiat/roles/{userId}	/roles/{}	indirect-fiat	com.netflix.spinnaker.fiat.shared.FiatService	dropped family (owner ruling 2026-09-12)
1.37.1	echo	fiat	GET	/_calls/fiat/authorize/{userId}	/authorize/{}	indirect-fiat	com.netflix.spinnaker.fiat.shared.FiatService	dropped family (owner ruling 2026-09-12)
1.37.1	echo	fiat	GET	/_calls/fiat/authorize/{userId}/{resourceType}/{resourceName}/{authorization}	/authorize/{}/{}/{}/{}	indirect-fiat	com.netflix.spinnaker.fiat.shared.FiatService	dropped family (owner ruling 2026-09-12)
1.37.1	echo	fiat	POST	/_calls/fiat/authorize/{userId}/{resourceType}/create	/authorize/{}/{}/create	indirect-fiat	com.netflix.spinnaker.fiat.shared.FiatService	dropped family (owner ruling 2026-09-12)
1.37.1	echo	fiat	POST	/_calls/fiat/roles/sync	/roles/sync	indirect-fiat	com.netflix.spinnaker.fiat.shared.FiatService	dropped family (owner ruling 2026-09-12)
1.37.1	echo	fiat	POST	/_calls/fiat/roles/sync/serviceAccount/{serviceAccountId}	/roles/sync/serviceAccount/{}	indirect-fiat	com.netflix.spinnaker.fiat.shared.FiatService	dropped family (owner ruling 2026-09-12)
1.37.1	echo	fiat	POST	/_calls/fiat/roles/{userId}	/roles/{}	indirect-fiat	com.netflix.spinnaker.fiat.shared.FiatService	dropped family (owner ruling 2026-09-12)
1.37.1	echo	fiat	PUT	/_calls/fiat/roles/{userId}	/roles/{}	indirect-fiat	com.netflix.spinnaker.fiat.shared.FiatService	dropped family (owner ruling 2026-09-12)
1.37.1	igor	fiat	DELETE	/_calls/fiat/roles/{userId}	/roles/{}	indirect-fiat	com.netflix.spinnaker.fiat.shared.FiatService	dropped family (owner ruling 2026-09-12)
1.37.1	igor	fiat	GET	/_calls/fiat/authorize/{userId}	/authorize/{}	indirect-fiat	com.netflix.spinnaker.fiat.shared.FiatService	dropped family (owner ruling 2026-09-12)
1.37.1	igor	fiat	GET	/_calls/fiat/authorize/{userId}/{resourceType}/{resourceName}/{authorization}	/authorize/{}/{}/{}/{}	indirect-fiat	com.netflix.spinnaker.fiat.shared.FiatService	dropped family (owner ruling 2026-09-12)
1.37.1	igor	fiat	POST	/_calls/fiat/authorize/{userId}/{resourceType}/create	/authorize/{}/{}/create	indirect-fiat	com.netflix.spinnaker.fiat.shared.FiatService	dropped family (owner ruling 2026-09-12)
1.37.1	igor	fiat	POST	/_calls/fiat/roles/sync	/roles/sync	indirect-fiat	com.netflix.spinnaker.fiat.shared.FiatService	dropped family (owner ruling 2026-09-12)
1.37.1	igor	fiat	POST	/_calls/fiat/roles/sync/serviceAccount/{serviceAccountId}	/roles/sync/serviceAccount/{}	indirect-fiat	com.netflix.spinnaker.fiat.shared.FiatService	dropped family (owner ruling 2026-09-12)
1.37.1	igor	fiat	POST	/_calls/fiat/roles/{userId}	/roles/{}	indirect-fiat	com.netflix.spinnaker.fiat.shared.FiatService	dropped family (owner ruling 2026-09-12)
1.37.1	igor	fiat	PUT	/_calls/fiat/roles/{userId}	/roles/{}	indirect-fiat	com.netflix.spinnaker.fiat.shared.FiatService	dropped family (owner ruling 2026-09-12)
1.37.1	clouddriver	front50	GET	/_calls/front50/pluginInfo	/pluginInfo	kork	com.netflix.spinnaker.kork.plugins.update.internal.Front50Service	dropped family (owner ruling 2026-09-12)
1.37.1	clouddriver	front50	GET	/_calls/front50/pluginInfo/{id}	/pluginInfo/{}	kork	com.netflix.spinnaker.kork.plugins.update.internal.Front50Service	dropped family (owner ruling 2026-09-12)
1.37.1	clouddriver	front50	PUT	/_calls/front50/pluginVersions/{serverGroupName}	/pluginVersions/{}	kork	com.netflix.spinnaker.kork.plugins.update.internal.Front50Service	dropped family (owner ruling 2026-09-12)
1.37.1	echo	front50	GET	/_calls/front50/pluginInfo	/pluginInfo	kork	com.netflix.spinnaker.kork.plugins.update.internal.Front50Service	dropped family (owner ruling 2026-09-12)
1.37.1	echo	front50	GET	/_calls/front50/pluginInfo/{id}	/pluginInfo/{}	kork	com.netflix.spinnaker.kork.plugins.update.internal.Front50Service	dropped family (owner ruling 2026-09-12)
1.37.1	echo	front50	PUT	/_calls/front50/pluginVersions/{serverGroupName}	/pluginVersions/{}	kork	com.netflix.spinnaker.kork.plugins.update.internal.Front50Service	dropped family (owner ruling 2026-09-12)
1.37.1	fiat	front50	GET	/_calls/front50/pluginInfo	/pluginInfo	kork	com.netflix.spinnaker.kork.plugins.update.internal.Front50Service	dropped family (owner ruling 2026-09-12)
1.37.1	fiat	front50	GET	/_calls/front50/pluginInfo/{id}	/pluginInfo/{}	kork	com.netflix.spinnaker.kork.plugins.update.internal.Front50Service	dropped family (owner ruling 2026-09-12)
1.37.1	fiat	front50	PUT	/_calls/front50/pluginVersions/{serverGroupName}	/pluginVersions/{}	kork	com.netflix.spinnaker.kork.plugins.update.internal.Front50Service	dropped family (owner ruling 2026-09-12)
1.37.1	front50	front50	GET	/_calls/front50/pluginInfo	/pluginInfo	kork	com.netflix.spinnaker.kork.plugins.update.internal.Front50Service	dropped family (owner ruling 2026-09-12)
1.37.1	front50	front50	GET	/_calls/front50/pluginInfo/{id}	/pluginInfo/{}	kork	com.netflix.spinnaker.kork.plugins.update.internal.Front50Service	dropped family (owner ruling 2026-09-12)
1.37.1	front50	front50	PUT	/_calls/front50/pluginVersions/{serverGroupName}	/pluginVersions/{}	kork	com.netflix.spinnaker.kork.plugins.update.internal.Front50Service	dropped family (owner ruling 2026-09-12)
1.37.1	gate	front50	GET	/_calls/front50/pluginInfo/{id}	/pluginInfo/{}	kork	com.netflix.spinnaker.kork.plugins.update.internal.Front50Service	dropped family (owner ruling 2026-09-12)
1.37.1	gate	front50	PUT	/_calls/front50/pluginVersions/{serverGroupName}	/pluginVersions/{}	kork	com.netflix.spinnaker.kork.plugins.update.internal.Front50Service	dropped family (owner ruling 2026-09-12)
1.37.1	igor	front50	GET	/_calls/front50/pluginInfo/{id}	/pluginInfo/{}	kork	com.netflix.spinnaker.kork.plugins.update.internal.Front50Service	dropped family (owner ruling 2026-09-12)
1.37.1	igor	front50	PUT	/_calls/front50/pluginVersions/{serverGroupName}	/pluginVersions/{}	kork	com.netflix.spinnaker.kork.plugins.update.internal.Front50Service	dropped family (owner ruling 2026-09-12)
1.37.1	kayenta	front50	GET	/_calls/front50/pluginInfo	/pluginInfo	kork	com.netflix.spinnaker.kork.plugins.update.internal.Front50Service	dropped family (owner ruling 2026-09-12)
1.37.1	kayenta	front50	GET	/_calls/front50/pluginInfo/{id}	/pluginInfo/{}	kork	com.netflix.spinnaker.kork.plugins.update.internal.Front50Service	dropped family (owner ruling 2026-09-12)
1.37.1	kayenta	front50	PUT	/_calls/front50/pluginVersions/{serverGroupName}	/pluginVersions/{}	kork	com.netflix.spinnaker.kork.plugins.update.internal.Front50Service	dropped family (owner ruling 2026-09-12)
1.37.1	orca	front50	GET	/_calls/front50/pluginInfo	/pluginInfo	kork	com.netflix.spinnaker.kork.plugins.update.internal.Front50Service	dropped family (owner ruling 2026-09-12)
1.37.1	orca	front50	GET	/_calls/front50/pluginInfo/{id}	/pluginInfo/{}	kork	com.netflix.spinnaker.kork.plugins.update.internal.Front50Service	dropped family (owner ruling 2026-09-12)
1.37.1	orca	front50	PUT	/_calls/front50/pluginVersions/{serverGroupName}	/pluginVersions/{}	kork	com.netflix.spinnaker.kork.plugins.update.internal.Front50Service	dropped family (owner ruling 2026-09-12)
1.37.1	rosco	front50	GET	/_calls/front50/pluginInfo	/pluginInfo	kork	com.netflix.spinnaker.kork.plugins.update.internal.Front50Service	dropped family (owner ruling 2026-09-12)
1.37.1	rosco	front50	GET	/_calls/front50/pluginInfo/{id}	/pluginInfo/{}	kork	com.netflix.spinnaker.kork.plugins.update.internal.Front50Service	dropped family (owner ruling 2026-09-12)
1.37.1	rosco	front50	PUT	/_calls/front50/pluginVersions/{serverGroupName}	/pluginVersions/{}	kork	com.netflix.spinnaker.kork.plugins.update.internal.Front50Service	dropped family (owner ruling 2026-09-12)
1.37.1	echo	keel	POST	/_calls/keel/artifacts/events	/artifacts/events	out-of-mesh	com.netflix.spinnaker.echo.services.KeelService	
1.37.1	gate	keel	DELETE	/_calls/keel/application/{application}/config	/application/{}/config	out-of-mesh	com.netflix.spinnaker.gate.services.internal.KeelService	
1.37.1	gate	keel	DELETE	/_calls/keel/application/{application}/pause	/application/{}/pause	out-of-mesh	com.netflix.spinnaker.gate.services.internal.KeelService	
1.37.1	gate	keel	DELETE	/_calls/keel/application/{application}/pin/{targetEnvironment}	/application/{}/pin/{}	out-of-mesh	com.netflix.spinnaker.gate.services.internal.KeelService	
1.37.1	gate	keel	DELETE	/_calls/keel/application/{application}/veto/{targetEnvironment}/{reference}/{version}	/application/{}/veto/{}/{}/{}	out-of-mesh	com.netflix.spinnaker.gate.services.internal.KeelService	
1.37.1	gate	keel	DELETE	/_calls/keel/delivery-configs/{name}	/delivery-configs/{}	out-of-mesh	com.netflix.spinnaker.gate.services.internal.KeelService	
1.37.1	gate	keel	DELETE	/_calls/keel/resources/{name}	/resources/{}	out-of-mesh	com.netflix.spinnaker.gate.services.internal.KeelService	
1.37.1	gate	keel	DELETE	/_calls/keel/resources/{name}/pause	/resources/{}/pause	out-of-mesh	com.netflix.spinnaker.gate.services.internal.KeelService	
1.37.1	gate	keel	GET	/_calls/keel/application/{application}	/application/{}	out-of-mesh	com.netflix.spinnaker.gate.services.internal.KeelService	
1.37.1	gate	keel	GET	/_calls/keel/application/{application}/config	/application/{}/config	out-of-mesh	com.netflix.spinnaker.gate.services.internal.KeelService	
1.37.1	gate	keel	GET	/_calls/keel/application/{application}/environment/{environment}/constraints	/application/{}/environment/{}/constraints	out-of-mesh	com.netflix.spinnaker.gate.services.internal.KeelService	
1.37.1	gate	keel	GET	/_calls/keel/delivery-configs/schema	/delivery-configs/schema	out-of-mesh	com.netflix.spinnaker.gate.services.internal.KeelService	
1.37.1	gate	keel	GET	/_calls/keel/delivery-configs/{name}	/delivery-configs/{}	out-of-mesh	com.netflix.spinnaker.gate.services.internal.KeelService	
1.37.1	gate	keel	GET	/_calls/keel/delivery-configs/{name}/artifacts	/delivery-configs/{}/artifacts	out-of-mesh	com.netflix.spinnaker.gate.services.internal.KeelService	
1.37.1	gate	keel	GET	/_calls/keel/environments/{application}	/environments/{}	out-of-mesh	com.netflix.spinnaker.gate.services.internal.KeelService	
1.37.1	gate	keel	GET	/_calls/keel/export/artifact/{cloudProvider}/{account}/{clusterName}	/export/artifact/{}/{}/{}	out-of-mesh	com.netflix.spinnaker.gate.services.internal.KeelService	
1.37.1	gate	keel	GET	/_calls/keel/export/{cloudProvider}/{account}/{type}/{name}	/export/{}/{}/{}/{}	out-of-mesh	com.netflix.spinnaker.gate.services.internal.KeelService	
1.37.1	gate	keel	GET	/_calls/keel/health	/health	out-of-mesh	com.netflix.spinnaker.gate.services.internal.HealthCheckableService	
1.37.1	gate	keel	GET	/_calls/keel/installedPlugins	/installedPlugins	out-of-mesh	com.netflix.spinnaker.gate.services.internal.KeelService	
1.37.1	gate	keel	GET	/_calls/keel/reports/adoption	/reports/adoption	out-of-mesh	com.netflix.spinnaker.gate.services.internal.KeelService	
1.37.1	gate	keel	GET	/_calls/keel/reports/onboarding	/reports/onboarding	out-of-mesh	com.netflix.spinnaker.gate.services.internal.KeelService	
1.37.1	gate	keel	GET	/_calls/keel/resources/events/{name}	/resources/events/{}	out-of-mesh	com.netflix.spinnaker.gate.services.internal.KeelService	
1.37.1	gate	keel	GET	/_calls/keel/resources/{name}	/resources/{}	out-of-mesh	com.netflix.spinnaker.gate.services.internal.KeelService	
1.37.1	gate	keel	GET	/_calls/keel/resources/{name}/status	/resources/{}/status	out-of-mesh	com.netflix.spinnaker.gate.services.internal.KeelService	
1.37.1	gate	keel	POST	/_calls/keel/application/{application}/environment/{environment}/constraint	/application/{}/environment/{}/constraint	out-of-mesh	com.netflix.spinnaker.gate.services.internal.KeelService	
1.37.1	gate	keel	POST	/_calls/keel/application/{application}/environment/{environment}/verifications	/application/{}/environment/{}/verifications	out-of-mesh	com.netflix.spinnaker.gate.services.internal.KeelService	
1.37.1	gate	keel	POST	/_calls/keel/application/{application}/environment/{environment}/verifications/retry	/application/{}/environment/{}/verifications/retry	out-of-mesh	com.netflix.spinnaker.gate.services.internal.KeelService	
1.37.1	gate	keel	POST	/_calls/keel/application/{application}/mark/bad	/application/{}/mark/bad	out-of-mesh	com.netflix.spinnaker.gate.services.internal.KeelService	
1.37.1	gate	keel	POST	/_calls/keel/application/{application}/mark/good	/application/{}/mark/good	out-of-mesh	com.netflix.spinnaker.gate.services.internal.KeelService	
1.37.1	gate	keel	POST	/_calls/keel/application/{application}/pause	/application/{}/pause	out-of-mesh	com.netflix.spinnaker.gate.services.internal.KeelService	
1.37.1	gate	keel	POST	/_calls/keel/application/{application}/pin	/application/{}/pin	out-of-mesh	com.netflix.spinnaker.gate.services.internal.KeelService	
1.37.1	gate	keel	POST	/_calls/keel/application/{application}/veto	/application/{}/veto	out-of-mesh	com.netflix.spinnaker.gate.services.internal.KeelService	
1.37.1	gate	keel	POST	/_calls/keel/delivery-configs	/delivery-configs	out-of-mesh	com.netflix.spinnaker.gate.services.internal.KeelService	
1.37.1	gate	keel	POST	/_calls/keel/delivery-configs/diff	/delivery-configs/diff	out-of-mesh	com.netflix.spinnaker.gate.services.internal.KeelService	
1.37.1	gate	keel	POST	/_calls/keel/delivery-configs/validate	/delivery-configs/validate	out-of-mesh	com.netflix.spinnaker.gate.services.internal.KeelService	
1.37.1	gate	keel	POST	/_calls/keel/graphql	/graphql	out-of-mesh	com.netflix.spinnaker.gate.services.internal.KeelService	
1.37.1	gate	keel	POST	/_calls/keel/resources	/resources	out-of-mesh	com.netflix.spinnaker.gate.services.internal.KeelService	
1.37.1	gate	keel	POST	/_calls/keel/resources/diff	/resources/diff	out-of-mesh	com.netflix.spinnaker.gate.services.internal.KeelService	
1.37.1	gate	keel	POST	/_calls/keel/resources/{name}/pause	/resources/{}/pause	out-of-mesh	com.netflix.spinnaker.gate.services.internal.KeelService	
1.37.1	igor	keel	POST	/_calls/keel/artifacts/events	/artifacts/events	out-of-mesh	com.netflix.spinnaker.igor.keel.KeelService	
1.37.1	orca	keel	DELETE	/_calls/keel/application/{application}/config	/application/{}/config	out-of-mesh	com.netflix.spinnaker.orca.KeelService	
1.37.1	orca	keel	POST	/_calls/keel/delivery-configs	/delivery-configs	out-of-mesh	com.netflix.spinnaker.orca.KeelService	
1.37.1	clouddriver	front50	GET	/_calls/front50/credentials	/credentials	stale	com.netflix.spinnaker.clouddriver.core.services.Front50Service	
1.37.1	echo	front50	POST	/_calls/front50/graphql	/graphql	stale	com.netflix.spinnaker.echo.services.Front50Service	
1.37.1	gate	clouddriver	GET	/_calls/clouddriver/applications/{name}/clusters/{account}/{cluster}/{type}/loadBalancers	/applications/{}/clusters/{}/{}/{}/loadBalancers	stale	com.netflix.spinnaker.gate.services.internal.ClouddriverService	
1.37.1	gate	clouddriver	POST	/_calls/clouddriver/applications/{name}/jobs/{account}/{region}/{jobName}	/applications/{}/jobs/{}/{}/{}	stale	com.netflix.spinnaker.gate.services.internal.ClouddriverService	
1.37.1	gate	front50	GET	/_calls/front50/credentials	/credentials	stale	com.netflix.spinnaker.gate.services.internal.Front50Service	
1.37.1	gate	front50	POST	/_calls/front50/pipelines/move	/pipelines/move	stale	com.netflix.spinnaker.gate.services.internal.Front50Service	
1.37.1	gate	front50	POST	/_calls/front50/strategies/move	/strategies/move	stale	com.netflix.spinnaker.gate.services.internal.Front50Service	
1.37.1	orca	echo	GET	/_calls/echo/events/recent/{type}/{since}	/events/recent/{}/{}	stale	com.netflix.spinnaker.orca.echo.EchoService	
1.37.1	orca	front50	GET	/_calls/front50/credentials	/credentials	stale	com.netflix.spinnaker.orca.front50.Front50Service	
1.37.2	gate	clouddriver	GET	/_calls/clouddriver/health	/health	actuator	com.netflix.spinnaker.gate.services.internal.HealthCheckableService	
1.37.2	gate	clouddriver	GET	/_calls/clouddriver/installedPlugins	/installedPlugins	actuator	com.netflix.spinnaker.gate.services.internal.ClouddriverService	
1.37.2	gate	echo	GET	/_calls/echo/health	/health	actuator	com.netflix.spinnaker.gate.services.internal.HealthCheckableService	
1.37.2	gate	echo	GET	/_calls/echo/installedPlugins	/installedPlugins	actuator	com.netflix.spinnaker.gate.services.internal.EchoService	
1.37.2	gate	fiat	GET	/_calls/fiat/installedPlugins	/installedPlugins	actuator	com.netflix.spinnaker.gate.services.internal.ExtendedFiatService	
1.37.2	gate	front50	GET	/_calls/front50/health	/health	actuator	com.netflix.spinnaker.gate.services.internal.HealthCheckableService	
1.37.2	gate	front50	GET	/_calls/front50/installedPlugins	/installedPlugins	actuator	com.netflix.spinnaker.gate.services.internal.Front50Service	
1.37.2	gate	igor	GET	/_calls/igor/health	/health	actuator	com.netflix.spinnaker.gate.services.internal.HealthCheckableService	
1.37.2	gate	igor	GET	/_calls/igor/installedPlugins	/installedPlugins	actuator	com.netflix.spinnaker.gate.services.internal.IgorService	
1.37.2	gate	orca	GET	/_calls/orca/health	/health	actuator	com.netflix.spinnaker.gate.services.internal.HealthCheckableService	
1.37.2	gate	orca	GET	/_calls/orca/installedPlugins	/installedPlugins	actuator	com.netflix.spinnaker.gate.services.internal.OrcaService	
1.37.2	gate	rosco	GET	/_calls/rosco/installedPlugins	/installedPlugins	actuator	com.netflix.spinnaker.gate.services.internal.RoscoService	
1.37.2	orca	clouddriver	PUT	/_calls/clouddriver/admin/db/truncate/{namespace}	/admin/db/truncate/{}	framework	com.netflix.spinnaker.orca.clouddriver.CloudDriverCacheService	excluded by provenance: PUT /admin/db/truncate/{}
1.37.2	clouddriver	fiat	DELETE	/_calls/fiat/roles/{userId}	/roles/{}	indirect-fiat	com.netflix.spinnaker.fiat.shared.FiatService	dropped family (owner ruling 2026-09-12)
1.37.2	clouddriver	fiat	GET	/_calls/fiat/authorize/{userId}	/authorize/{}	indirect-fiat	com.netflix.spinnaker.fiat.shared.FiatService	dropped family (owner ruling 2026-09-12)
1.37.2	clouddriver	fiat	GET	/_calls/fiat/authorize/{userId}/{resourceType}/{resourceName}/{authorization}	/authorize/{}/{}/{}/{}	indirect-fiat	com.netflix.spinnaker.fiat.shared.FiatService	dropped family (owner ruling 2026-09-12)
1.37.2	clouddriver	fiat	POST	/_calls/fiat/authorize/{userId}/{resourceType}/create	/authorize/{}/{}/create	indirect-fiat	com.netflix.spinnaker.fiat.shared.FiatService	dropped family (owner ruling 2026-09-12)
1.37.2	clouddriver	fiat	POST	/_calls/fiat/roles/sync	/roles/sync	indirect-fiat	com.netflix.spinnaker.fiat.shared.FiatService	dropped family (owner ruling 2026-09-12)
1.37.2	clouddriver	fiat	POST	/_calls/fiat/roles/sync/serviceAccount/{serviceAccountId}	/roles/sync/serviceAccount/{}	indirect-fiat	com.netflix.spinnaker.fiat.shared.FiatService	dropped family (owner ruling 2026-09-12)
1.37.2	clouddriver	fiat	POST	/_calls/fiat/roles/{userId}	/roles/{}	indirect-fiat	com.netflix.spinnaker.fiat.shared.FiatService	dropped family (owner ruling 2026-09-12)
1.37.2	clouddriver	fiat	PUT	/_calls/fiat/roles/{userId}	/roles/{}	indirect-fiat	com.netflix.spinnaker.fiat.shared.FiatService	dropped family (owner ruling 2026-09-12)
1.37.2	echo	fiat	DELETE	/_calls/fiat/roles/{userId}	/roles/{}	indirect-fiat	com.netflix.spinnaker.fiat.shared.FiatService	dropped family (owner ruling 2026-09-12)
1.37.2	echo	fiat	GET	/_calls/fiat/authorize/{userId}	/authorize/{}	indirect-fiat	com.netflix.spinnaker.fiat.shared.FiatService	dropped family (owner ruling 2026-09-12)
1.37.2	echo	fiat	GET	/_calls/fiat/authorize/{userId}/{resourceType}/{resourceName}/{authorization}	/authorize/{}/{}/{}/{}	indirect-fiat	com.netflix.spinnaker.fiat.shared.FiatService	dropped family (owner ruling 2026-09-12)
1.37.2	echo	fiat	POST	/_calls/fiat/authorize/{userId}/{resourceType}/create	/authorize/{}/{}/create	indirect-fiat	com.netflix.spinnaker.fiat.shared.FiatService	dropped family (owner ruling 2026-09-12)
1.37.2	echo	fiat	POST	/_calls/fiat/roles/sync	/roles/sync	indirect-fiat	com.netflix.spinnaker.fiat.shared.FiatService	dropped family (owner ruling 2026-09-12)
1.37.2	echo	fiat	POST	/_calls/fiat/roles/sync/serviceAccount/{serviceAccountId}	/roles/sync/serviceAccount/{}	indirect-fiat	com.netflix.spinnaker.fiat.shared.FiatService	dropped family (owner ruling 2026-09-12)
1.37.2	echo	fiat	POST	/_calls/fiat/roles/{userId}	/roles/{}	indirect-fiat	com.netflix.spinnaker.fiat.shared.FiatService	dropped family (owner ruling 2026-09-12)
1.37.2	echo	fiat	PUT	/_calls/fiat/roles/{userId}	/roles/{}	indirect-fiat	com.netflix.spinnaker.fiat.shared.FiatService	dropped family (owner ruling 2026-09-12)
1.37.2	igor	fiat	DELETE	/_calls/fiat/roles/{userId}	/roles/{}	indirect-fiat	com.netflix.spinnaker.fiat.shared.FiatService	dropped family (owner ruling 2026-09-12)
1.37.2	igor	fiat	GET	/_calls/fiat/authorize/{userId}	/authorize/{}	indirect-fiat	com.netflix.spinnaker.fiat.shared.FiatService	dropped family (owner ruling 2026-09-12)
1.37.2	igor	fiat	GET	/_calls/fiat/authorize/{userId}/{resourceType}/{resourceName}/{authorization}	/authorize/{}/{}/{}/{}	indirect-fiat	com.netflix.spinnaker.fiat.shared.FiatService	dropped family (owner ruling 2026-09-12)
1.37.2	igor	fiat	POST	/_calls/fiat/authorize/{userId}/{resourceType}/create	/authorize/{}/{}/create	indirect-fiat	com.netflix.spinnaker.fiat.shared.FiatService	dropped family (owner ruling 2026-09-12)
1.37.2	igor	fiat	POST	/_calls/fiat/roles/sync	/roles/sync	indirect-fiat	com.netflix.spinnaker.fiat.shared.FiatService	dropped family (owner ruling 2026-09-12)
1.37.2	igor	fiat	POST	/_calls/fiat/roles/sync/serviceAccount/{serviceAccountId}	/roles/sync/serviceAccount/{}	indirect-fiat	com.netflix.spinnaker.fiat.shared.FiatService	dropped family (owner ruling 2026-09-12)
1.37.2	igor	fiat	POST	/_calls/fiat/roles/{userId}	/roles/{}	indirect-fiat	com.netflix.spinnaker.fiat.shared.FiatService	dropped family (owner ruling 2026-09-12)
1.37.2	igor	fiat	PUT	/_calls/fiat/roles/{userId}	/roles/{}	indirect-fiat	com.netflix.spinnaker.fiat.shared.FiatService	dropped family (owner ruling 2026-09-12)
1.37.2	clouddriver	front50	GET	/_calls/front50/pluginInfo	/pluginInfo	kork	com.netflix.spinnaker.kork.plugins.update.internal.Front50Service	dropped family (owner ruling 2026-09-12)
1.37.2	clouddriver	front50	GET	/_calls/front50/pluginInfo/{id}	/pluginInfo/{}	kork	com.netflix.spinnaker.kork.plugins.update.internal.Front50Service	dropped family (owner ruling 2026-09-12)
1.37.2	clouddriver	front50	PUT	/_calls/front50/pluginVersions/{serverGroupName}	/pluginVersions/{}	kork	com.netflix.spinnaker.kork.plugins.update.internal.Front50Service	dropped family (owner ruling 2026-09-12)
1.37.2	echo	front50	GET	/_calls/front50/pluginInfo	/pluginInfo	kork	com.netflix.spinnaker.kork.plugins.update.internal.Front50Service	dropped family (owner ruling 2026-09-12)
1.37.2	echo	front50	GET	/_calls/front50/pluginInfo/{id}	/pluginInfo/{}	kork	com.netflix.spinnaker.kork.plugins.update.internal.Front50Service	dropped family (owner ruling 2026-09-12)
1.37.2	echo	front50	PUT	/_calls/front50/pluginVersions/{serverGroupName}	/pluginVersions/{}	kork	com.netflix.spinnaker.kork.plugins.update.internal.Front50Service	dropped family (owner ruling 2026-09-12)
1.37.2	fiat	front50	GET	/_calls/front50/pluginInfo	/pluginInfo	kork	com.netflix.spinnaker.kork.plugins.update.internal.Front50Service	dropped family (owner ruling 2026-09-12)
1.37.2	fiat	front50	GET	/_calls/front50/pluginInfo/{id}	/pluginInfo/{}	kork	com.netflix.spinnaker.kork.plugins.update.internal.Front50Service	dropped family (owner ruling 2026-09-12)
1.37.2	fiat	front50	PUT	/_calls/front50/pluginVersions/{serverGroupName}	/pluginVersions/{}	kork	com.netflix.spinnaker.kork.plugins.update.internal.Front50Service	dropped family (owner ruling 2026-09-12)
1.37.2	front50	front50	GET	/_calls/front50/pluginInfo	/pluginInfo	kork	com.netflix.spinnaker.kork.plugins.update.internal.Front50Service	dropped family (owner ruling 2026-09-12)
1.37.2	front50	front50	GET	/_calls/front50/pluginInfo/{id}	/pluginInfo/{}	kork	com.netflix.spinnaker.kork.plugins.update.internal.Front50Service	dropped family (owner ruling 2026-09-12)
1.37.2	front50	front50	PUT	/_calls/front50/pluginVersions/{serverGroupName}	/pluginVersions/{}	kork	com.netflix.spinnaker.kork.plugins.update.internal.Front50Service	dropped family (owner ruling 2026-09-12)
1.37.2	gate	front50	GET	/_calls/front50/pluginInfo/{id}	/pluginInfo/{}	kork	com.netflix.spinnaker.kork.plugins.update.internal.Front50Service	dropped family (owner ruling 2026-09-12)
1.37.2	gate	front50	PUT	/_calls/front50/pluginVersions/{serverGroupName}	/pluginVersions/{}	kork	com.netflix.spinnaker.kork.plugins.update.internal.Front50Service	dropped family (owner ruling 2026-09-12)
1.37.2	igor	front50	GET	/_calls/front50/pluginInfo/{id}	/pluginInfo/{}	kork	com.netflix.spinnaker.kork.plugins.update.internal.Front50Service	dropped family (owner ruling 2026-09-12)
1.37.2	igor	front50	PUT	/_calls/front50/pluginVersions/{serverGroupName}	/pluginVersions/{}	kork	com.netflix.spinnaker.kork.plugins.update.internal.Front50Service	dropped family (owner ruling 2026-09-12)
1.37.2	kayenta	front50	GET	/_calls/front50/pluginInfo	/pluginInfo	kork	com.netflix.spinnaker.kork.plugins.update.internal.Front50Service	dropped family (owner ruling 2026-09-12)
1.37.2	kayenta	front50	GET	/_calls/front50/pluginInfo/{id}	/pluginInfo/{}	kork	com.netflix.spinnaker.kork.plugins.update.internal.Front50Service	dropped family (owner ruling 2026-09-12)
1.37.2	kayenta	front50	PUT	/_calls/front50/pluginVersions/{serverGroupName}	/pluginVersions/{}	kork	com.netflix.spinnaker.kork.plugins.update.internal.Front50Service	dropped family (owner ruling 2026-09-12)
1.37.2	orca	front50	GET	/_calls/front50/pluginInfo	/pluginInfo	kork	com.netflix.spinnaker.kork.plugins.update.internal.Front50Service	dropped family (owner ruling 2026-09-12)
1.37.2	orca	front50	GET	/_calls/front50/pluginInfo/{id}	/pluginInfo/{}	kork	com.netflix.spinnaker.kork.plugins.update.internal.Front50Service	dropped family (owner ruling 2026-09-12)
1.37.2	orca	front50	PUT	/_calls/front50/pluginVersions/{serverGroupName}	/pluginVersions/{}	kork	com.netflix.spinnaker.kork.plugins.update.internal.Front50Service	dropped family (owner ruling 2026-09-12)
1.37.2	rosco	front50	GET	/_calls/front50/pluginInfo	/pluginInfo	kork	com.netflix.spinnaker.kork.plugins.update.internal.Front50Service	dropped family (owner ruling 2026-09-12)
1.37.2	rosco	front50	GET	/_calls/front50/pluginInfo/{id}	/pluginInfo/{}	kork	com.netflix.spinnaker.kork.plugins.update.internal.Front50Service	dropped family (owner ruling 2026-09-12)
1.37.2	rosco	front50	PUT	/_calls/front50/pluginVersions/{serverGroupName}	/pluginVersions/{}	kork	com.netflix.spinnaker.kork.plugins.update.internal.Front50Service	dropped family (owner ruling 2026-09-12)
1.37.2	echo	keel	POST	/_calls/keel/artifacts/events	/artifacts/events	out-of-mesh	com.netflix.spinnaker.echo.services.KeelService	
1.37.2	gate	keel	DELETE	/_calls/keel/application/{application}/config	/application/{}/config	out-of-mesh	com.netflix.spinnaker.gate.services.internal.KeelService	
1.37.2	gate	keel	DELETE	/_calls/keel/application/{application}/pause	/application/{}/pause	out-of-mesh	com.netflix.spinnaker.gate.services.internal.KeelService	
1.37.2	gate	keel	DELETE	/_calls/keel/application/{application}/pin/{targetEnvironment}	/application/{}/pin/{}	out-of-mesh	com.netflix.spinnaker.gate.services.internal.KeelService	
1.37.2	gate	keel	DELETE	/_calls/keel/application/{application}/veto/{targetEnvironment}/{reference}/{version}	/application/{}/veto/{}/{}/{}	out-of-mesh	com.netflix.spinnaker.gate.services.internal.KeelService	
1.37.2	gate	keel	DELETE	/_calls/keel/delivery-configs/{name}	/delivery-configs/{}	out-of-mesh	com.netflix.spinnaker.gate.services.internal.KeelService	
1.37.2	gate	keel	DELETE	/_calls/keel/resources/{name}	/resources/{}	out-of-mesh	com.netflix.spinnaker.gate.services.internal.KeelService	
1.37.2	gate	keel	DELETE	/_calls/keel/resources/{name}/pause	/resources/{}/pause	out-of-mesh	com.netflix.spinnaker.gate.services.internal.KeelService	
1.37.2	gate	keel	GET	/_calls/keel/application/{application}	/application/{}	out-of-mesh	com.netflix.spinnaker.gate.services.internal.KeelService	
1.37.2	gate	keel	GET	/_calls/keel/application/{application}/config	/application/{}/config	out-of-mesh	com.netflix.spinnaker.gate.services.internal.KeelService	
1.37.2	gate	keel	GET	/_calls/keel/application/{application}/environment/{environment}/constraints	/application/{}/environment/{}/constraints	out-of-mesh	com.netflix.spinnaker.gate.services.internal.KeelService	
1.37.2	gate	keel	GET	/_calls/keel/delivery-configs/schema	/delivery-configs/schema	out-of-mesh	com.netflix.spinnaker.gate.services.internal.KeelService	
1.37.2	gate	keel	GET	/_calls/keel/delivery-configs/{name}	/delivery-configs/{}	out-of-mesh	com.netflix.spinnaker.gate.services.internal.KeelService	
1.37.2	gate	keel	GET	/_calls/keel/delivery-configs/{name}/artifacts	/delivery-configs/{}/artifacts	out-of-mesh	com.netflix.spinnaker.gate.services.internal.KeelService	
1.37.2	gate	keel	GET	/_calls/keel/environments/{application}	/environments/{}	out-of-mesh	com.netflix.spinnaker.gate.services.internal.KeelService	
1.37.2	gate	keel	GET	/_calls/keel/export/artifact/{cloudProvider}/{account}/{clusterName}	/export/artifact/{}/{}/{}	out-of-mesh	com.netflix.spinnaker.gate.services.internal.KeelService	
1.37.2	gate	keel	GET	/_calls/keel/export/{cloudProvider}/{account}/{type}/{name}	/export/{}/{}/{}/{}	out-of-mesh	com.netflix.spinnaker.gate.services.internal.KeelService	
1.37.2	gate	keel	GET	/_calls/keel/health	/health	out-of-mesh	com.netflix.spinnaker.gate.services.internal.HealthCheckableService	
1.37.2	gate	keel	GET	/_calls/keel/installedPlugins	/installedPlugins	out-of-mesh	com.netflix.spinnaker.gate.services.internal.KeelService	
1.37.2	gate	keel	GET	/_calls/keel/reports/adoption	/reports/adoption	out-of-mesh	com.netflix.spinnaker.gate.services.internal.KeelService	
1.37.2	gate	keel	GET	/_calls/keel/reports/onboarding	/reports/onboarding	out-of-mesh	com.netflix.spinnaker.gate.services.internal.KeelService	
1.37.2	gate	keel	GET	/_calls/keel/resources/events/{name}	/resources/events/{}	out-of-mesh	com.netflix.spinnaker.gate.services.internal.KeelService	
1.37.2	gate	keel	GET	/_calls/keel/resources/{name}	/resources/{}	out-of-mesh	com.netflix.spinnaker.gate.services.internal.KeelService	
1.37.2	gate	keel	GET	/_calls/keel/resources/{name}/status	/resources/{}/status	out-of-mesh	com.netflix.spinnaker.gate.services.internal.KeelService	
1.37.2	gate	keel	POST	/_calls/keel/application/{application}/environment/{environment}/constraint	/application/{}/environment/{}/constraint	out-of-mesh	com.netflix.spinnaker.gate.services.internal.KeelService	
1.37.2	gate	keel	POST	/_calls/keel/application/{application}/environment/{environment}/verifications	/application/{}/environment/{}/verifications	out-of-mesh	com.netflix.spinnaker.gate.services.internal.KeelService	
1.37.2	gate	keel	POST	/_calls/keel/application/{application}/environment/{environment}/verifications/retry	/application/{}/environment/{}/verifications/retry	out-of-mesh	com.netflix.spinnaker.gate.services.internal.KeelService	
1.37.2	gate	keel	POST	/_calls/keel/application/{application}/mark/bad	/application/{}/mark/bad	out-of-mesh	com.netflix.spinnaker.gate.services.internal.KeelService	
1.37.2	gate	keel	POST	/_calls/keel/application/{application}/mark/good	/application/{}/mark/good	out-of-mesh	com.netflix.spinnaker.gate.services.internal.KeelService	
1.37.2	gate	keel	POST	/_calls/keel/application/{application}/pause	/application/{}/pause	out-of-mesh	com.netflix.spinnaker.gate.services.internal.KeelService	
1.37.2	gate	keel	POST	/_calls/keel/application/{application}/pin	/application/{}/pin	out-of-mesh	com.netflix.spinnaker.gate.services.internal.KeelService	
1.37.2	gate	keel	POST	/_calls/keel/application/{application}/veto	/application/{}/veto	out-of-mesh	com.netflix.spinnaker.gate.services.internal.KeelService	
1.37.2	gate	keel	POST	/_calls/keel/delivery-configs	/delivery-configs	out-of-mesh	com.netflix.spinnaker.gate.services.internal.KeelService	
1.37.2	gate	keel	POST	/_calls/keel/delivery-configs/diff	/delivery-configs/diff	out-of-mesh	com.netflix.spinnaker.gate.services.internal.KeelService	
1.37.2	gate	keel	POST	/_calls/keel/delivery-configs/validate	/delivery-configs/validate	out-of-mesh	com.netflix.spinnaker.gate.services.internal.KeelService	
1.37.2	gate	keel	POST	/_calls/keel/graphql	/graphql	out-of-mesh	com.netflix.spinnaker.gate.services.internal.KeelService	
1.37.2	gate	keel	POST	/_calls/keel/resources	/resources	out-of-mesh	com.netflix.spinnaker.gate.services.internal.KeelService	
1.37.2	gate	keel	POST	/_calls/keel/resources/diff	/resources/diff	out-of-mesh	com.netflix.spinnaker.gate.services.internal.KeelService	
1.37.2	gate	keel	POST	/_calls/keel/resources/{name}/pause	/resources/{}/pause	out-of-mesh	com.netflix.spinnaker.gate.services.internal.KeelService	
1.37.2	igor	keel	POST	/_calls/keel/artifacts/events	/artifacts/events	out-of-mesh	com.netflix.spinnaker.igor.keel.KeelService	
1.37.2	orca	keel	DELETE	/_calls/keel/application/{application}/config	/application/{}/config	out-of-mesh	com.netflix.spinnaker.orca.KeelService	
1.37.2	orca	keel	POST	/_calls/keel/delivery-configs	/delivery-configs	out-of-mesh	com.netflix.spinnaker.orca.KeelService	
1.37.2	clouddriver	front50	GET	/_calls/front50/credentials	/credentials	stale	com.netflix.spinnaker.clouddriver.core.services.Front50Service	
1.37.2	echo	front50	POST	/_calls/front50/graphql	/graphql	stale	com.netflix.spinnaker.echo.services.Front50Service	
1.37.2	gate	clouddriver	GET	/_calls/clouddriver/applications/{name}/clusters/{account}/{cluster}/{type}/loadBalancers	/applications/{}/clusters/{}/{}/{}/loadBalancers	stale	com.netflix.spinnaker.gate.services.internal.ClouddriverService	
1.37.2	gate	clouddriver	POST	/_calls/clouddriver/applications/{name}/jobs/{account}/{region}/{jobName}	/applications/{}/jobs/{}/{}/{}	stale	com.netflix.spinnaker.gate.services.internal.ClouddriverService	
1.37.2	gate	front50	GET	/_calls/front50/credentials	/credentials	stale	com.netflix.spinnaker.gate.services.internal.Front50Service	
1.37.2	gate	front50	POST	/_calls/front50/pipelines/move	/pipelines/move	stale	com.netflix.spinnaker.gate.services.internal.Front50Service	
1.37.2	gate	front50	POST	/_calls/front50/strategies/move	/strategies/move	stale	com.netflix.spinnaker.gate.services.internal.Front50Service	
1.37.2	orca	echo	GET	/_calls/echo/events/recent/{type}/{since}	/events/recent/{}/{}	stale	com.netflix.spinnaker.orca.echo.EchoService	
1.37.2	orca	front50	GET	/_calls/front50/credentials	/credentials	stale	com.netflix.spinnaker.orca.front50.Front50Service	
1.37.3	gate	clouddriver	GET	/_calls/clouddriver/health	/health	actuator	com.netflix.spinnaker.gate.services.internal.HealthCheckableService	
1.37.3	gate	clouddriver	GET	/_calls/clouddriver/installedPlugins	/installedPlugins	actuator	com.netflix.spinnaker.gate.services.internal.ClouddriverService	
1.37.3	gate	echo	GET	/_calls/echo/health	/health	actuator	com.netflix.spinnaker.gate.services.internal.HealthCheckableService	
1.37.3	gate	echo	GET	/_calls/echo/installedPlugins	/installedPlugins	actuator	com.netflix.spinnaker.gate.services.internal.EchoService	
1.37.3	gate	fiat	GET	/_calls/fiat/installedPlugins	/installedPlugins	actuator	com.netflix.spinnaker.gate.services.internal.ExtendedFiatService	
1.37.3	gate	front50	GET	/_calls/front50/health	/health	actuator	com.netflix.spinnaker.gate.services.internal.HealthCheckableService	
1.37.3	gate	front50	GET	/_calls/front50/installedPlugins	/installedPlugins	actuator	com.netflix.spinnaker.gate.services.internal.Front50Service	
1.37.3	gate	igor	GET	/_calls/igor/health	/health	actuator	com.netflix.spinnaker.gate.services.internal.HealthCheckableService	
1.37.3	gate	igor	GET	/_calls/igor/installedPlugins	/installedPlugins	actuator	com.netflix.spinnaker.gate.services.internal.IgorService	
1.37.3	gate	orca	GET	/_calls/orca/health	/health	actuator	com.netflix.spinnaker.gate.services.internal.HealthCheckableService	
1.37.3	gate	orca	GET	/_calls/orca/installedPlugins	/installedPlugins	actuator	com.netflix.spinnaker.gate.services.internal.OrcaService	
1.37.3	gate	rosco	GET	/_calls/rosco/installedPlugins	/installedPlugins	actuator	com.netflix.spinnaker.gate.services.internal.RoscoService	
1.37.3	orca	clouddriver	PUT	/_calls/clouddriver/admin/db/truncate/{namespace}	/admin/db/truncate/{}	framework	com.netflix.spinnaker.orca.clouddriver.CloudDriverCacheService	excluded by provenance: PUT /admin/db/truncate/{}
1.37.3	clouddriver	fiat	DELETE	/_calls/fiat/roles/{userId}	/roles/{}	indirect-fiat	com.netflix.spinnaker.fiat.shared.FiatService	dropped family (owner ruling 2026-09-12)
1.37.3	clouddriver	fiat	GET	/_calls/fiat/authorize/{userId}	/authorize/{}	indirect-fiat	com.netflix.spinnaker.fiat.shared.FiatService	dropped family (owner ruling 2026-09-12)
1.37.3	clouddriver	fiat	GET	/_calls/fiat/authorize/{userId}/{resourceType}/{resourceName}/{authorization}	/authorize/{}/{}/{}/{}	indirect-fiat	com.netflix.spinnaker.fiat.shared.FiatService	dropped family (owner ruling 2026-09-12)
1.37.3	clouddriver	fiat	POST	/_calls/fiat/authorize/{userId}/{resourceType}/create	/authorize/{}/{}/create	indirect-fiat	com.netflix.spinnaker.fiat.shared.FiatService	dropped family (owner ruling 2026-09-12)
1.37.3	clouddriver	fiat	POST	/_calls/fiat/roles/sync	/roles/sync	indirect-fiat	com.netflix.spinnaker.fiat.shared.FiatService	dropped family (owner ruling 2026-09-12)
1.37.3	clouddriver	fiat	POST	/_calls/fiat/roles/sync/serviceAccount/{serviceAccountId}	/roles/sync/serviceAccount/{}	indirect-fiat	com.netflix.spinnaker.fiat.shared.FiatService	dropped family (owner ruling 2026-09-12)
1.37.3	clouddriver	fiat	POST	/_calls/fiat/roles/{userId}	/roles/{}	indirect-fiat	com.netflix.spinnaker.fiat.shared.FiatService	dropped family (owner ruling 2026-09-12)
1.37.3	clouddriver	fiat	PUT	/_calls/fiat/roles/{userId}	/roles/{}	indirect-fiat	com.netflix.spinnaker.fiat.shared.FiatService	dropped family (owner ruling 2026-09-12)
1.37.3	echo	fiat	DELETE	/_calls/fiat/roles/{userId}	/roles/{}	indirect-fiat	com.netflix.spinnaker.fiat.shared.FiatService	dropped family (owner ruling 2026-09-12)
1.37.3	echo	fiat	GET	/_calls/fiat/authorize/{userId}	/authorize/{}	indirect-fiat	com.netflix.spinnaker.fiat.shared.FiatService	dropped family (owner ruling 2026-09-12)
1.37.3	echo	fiat	GET	/_calls/fiat/authorize/{userId}/{resourceType}/{resourceName}/{authorization}	/authorize/{}/{}/{}/{}	indirect-fiat	com.netflix.spinnaker.fiat.shared.FiatService	dropped family (owner ruling 2026-09-12)
1.37.3	echo	fiat	POST	/_calls/fiat/authorize/{userId}/{resourceType}/create	/authorize/{}/{}/create	indirect-fiat	com.netflix.spinnaker.fiat.shared.FiatService	dropped family (owner ruling 2026-09-12)
1.37.3	echo	fiat	POST	/_calls/fiat/roles/sync	/roles/sync	indirect-fiat	com.netflix.spinnaker.fiat.shared.FiatService	dropped family (owner ruling 2026-09-12)
1.37.3	echo	fiat	POST	/_calls/fiat/roles/sync/serviceAccount/{serviceAccountId}	/roles/sync/serviceAccount/{}	indirect-fiat	com.netflix.spinnaker.fiat.shared.FiatService	dropped family (owner ruling 2026-09-12)
1.37.3	echo	fiat	POST	/_calls/fiat/roles/{userId}	/roles/{}	indirect-fiat	com.netflix.spinnaker.fiat.shared.FiatService	dropped family (owner ruling 2026-09-12)
1.37.3	echo	fiat	PUT	/_calls/fiat/roles/{userId}	/roles/{}	indirect-fiat	com.netflix.spinnaker.fiat.shared.FiatService	dropped family (owner ruling 2026-09-12)
1.37.3	igor	fiat	DELETE	/_calls/fiat/roles/{userId}	/roles/{}	indirect-fiat	com.netflix.spinnaker.fiat.shared.FiatService	dropped family (owner ruling 2026-09-12)
1.37.3	igor	fiat	GET	/_calls/fiat/authorize/{userId}	/authorize/{}	indirect-fiat	com.netflix.spinnaker.fiat.shared.FiatService	dropped family (owner ruling 2026-09-12)
1.37.3	igor	fiat	GET	/_calls/fiat/authorize/{userId}/{resourceType}/{resourceName}/{authorization}	/authorize/{}/{}/{}/{}	indirect-fiat	com.netflix.spinnaker.fiat.shared.FiatService	dropped family (owner ruling 2026-09-12)
1.37.3	igor	fiat	POST	/_calls/fiat/authorize/{userId}/{resourceType}/create	/authorize/{}/{}/create	indirect-fiat	com.netflix.spinnaker.fiat.shared.FiatService	dropped family (owner ruling 2026-09-12)
1.37.3	igor	fiat	POST	/_calls/fiat/roles/sync	/roles/sync	indirect-fiat	com.netflix.spinnaker.fiat.shared.FiatService	dropped family (owner ruling 2026-09-12)
1.37.3	igor	fiat	POST	/_calls/fiat/roles/sync/serviceAccount/{serviceAccountId}	/roles/sync/serviceAccount/{}	indirect-fiat	com.netflix.spinnaker.fiat.shared.FiatService	dropped family (owner ruling 2026-09-12)
1.37.3	igor	fiat	POST	/_calls/fiat/roles/{userId}	/roles/{}	indirect-fiat	com.netflix.spinnaker.fiat.shared.FiatService	dropped family (owner ruling 2026-09-12)
1.37.3	igor	fiat	PUT	/_calls/fiat/roles/{userId}	/roles/{}	indirect-fiat	com.netflix.spinnaker.fiat.shared.FiatService	dropped family (owner ruling 2026-09-12)
1.37.3	clouddriver	front50	GET	/_calls/front50/pluginInfo	/pluginInfo	kork	com.netflix.spinnaker.kork.plugins.update.internal.Front50Service	dropped family (owner ruling 2026-09-12)
1.37.3	clouddriver	front50	GET	/_calls/front50/pluginInfo/{id}	/pluginInfo/{}	kork	com.netflix.spinnaker.kork.plugins.update.internal.Front50Service	dropped family (owner ruling 2026-09-12)
1.37.3	clouddriver	front50	PUT	/_calls/front50/pluginVersions/{serverGroupName}	/pluginVersions/{}	kork	com.netflix.spinnaker.kork.plugins.update.internal.Front50Service	dropped family (owner ruling 2026-09-12)
1.37.3	echo	front50	GET	/_calls/front50/pluginInfo	/pluginInfo	kork	com.netflix.spinnaker.kork.plugins.update.internal.Front50Service	dropped family (owner ruling 2026-09-12)
1.37.3	echo	front50	GET	/_calls/front50/pluginInfo/{id}	/pluginInfo/{}	kork	com.netflix.spinnaker.kork.plugins.update.internal.Front50Service	dropped family (owner ruling 2026-09-12)
1.37.3	echo	front50	PUT	/_calls/front50/pluginVersions/{serverGroupName}	/pluginVersions/{}	kork	com.netflix.spinnaker.kork.plugins.update.internal.Front50Service	dropped family (owner ruling 2026-09-12)
1.37.3	fiat	front50	GET	/_calls/front50/pluginInfo	/pluginInfo	kork	com.netflix.spinnaker.kork.plugins.update.internal.Front50Service	dropped family (owner ruling 2026-09-12)
1.37.3	fiat	front50	GET	/_calls/front50/pluginInfo/{id}	/pluginInfo/{}	kork	com.netflix.spinnaker.kork.plugins.update.internal.Front50Service	dropped family (owner ruling 2026-09-12)
1.37.3	fiat	front50	PUT	/_calls/front50/pluginVersions/{serverGroupName}	/pluginVersions/{}	kork	com.netflix.spinnaker.kork.plugins.update.internal.Front50Service	dropped family (owner ruling 2026-09-12)
1.37.3	front50	front50	GET	/_calls/front50/pluginInfo	/pluginInfo	kork	com.netflix.spinnaker.kork.plugins.update.internal.Front50Service	dropped family (owner ruling 2026-09-12)
1.37.3	front50	front50	GET	/_calls/front50/pluginInfo/{id}	/pluginInfo/{}	kork	com.netflix.spinnaker.kork.plugins.update.internal.Front50Service	dropped family (owner ruling 2026-09-12)
1.37.3	front50	front50	PUT	/_calls/front50/pluginVersions/{serverGroupName}	/pluginVersions/{}	kork	com.netflix.spinnaker.kork.plugins.update.internal.Front50Service	dropped family (owner ruling 2026-09-12)
1.37.3	gate	front50	GET	/_calls/front50/pluginInfo/{id}	/pluginInfo/{}	kork	com.netflix.spinnaker.kork.plugins.update.internal.Front50Service	dropped family (owner ruling 2026-09-12)
1.37.3	gate	front50	PUT	/_calls/front50/pluginVersions/{serverGroupName}	/pluginVersions/{}	kork	com.netflix.spinnaker.kork.plugins.update.internal.Front50Service	dropped family (owner ruling 2026-09-12)
1.37.3	igor	front50	GET	/_calls/front50/pluginInfo/{id}	/pluginInfo/{}	kork	com.netflix.spinnaker.kork.plugins.update.internal.Front50Service	dropped family (owner ruling 2026-09-12)
1.37.3	igor	front50	PUT	/_calls/front50/pluginVersions/{serverGroupName}	/pluginVersions/{}	kork	com.netflix.spinnaker.kork.plugins.update.internal.Front50Service	dropped family (owner ruling 2026-09-12)
1.37.3	kayenta	front50	GET	/_calls/front50/pluginInfo	/pluginInfo	kork	com.netflix.spinnaker.kork.plugins.update.internal.Front50Service	dropped family (owner ruling 2026-09-12)
1.37.3	kayenta	front50	GET	/_calls/front50/pluginInfo/{id}	/pluginInfo/{}	kork	com.netflix.spinnaker.kork.plugins.update.internal.Front50Service	dropped family (owner ruling 2026-09-12)
1.37.3	kayenta	front50	PUT	/_calls/front50/pluginVersions/{serverGroupName}	/pluginVersions/{}	kork	com.netflix.spinnaker.kork.plugins.update.internal.Front50Service	dropped family (owner ruling 2026-09-12)
1.37.3	orca	front50	GET	/_calls/front50/pluginInfo	/pluginInfo	kork	com.netflix.spinnaker.kork.plugins.update.internal.Front50Service	dropped family (owner ruling 2026-09-12)
1.37.3	orca	front50	GET	/_calls/front50/pluginInfo/{id}	/pluginInfo/{}	kork	com.netflix.spinnaker.kork.plugins.update.internal.Front50Service	dropped family (owner ruling 2026-09-12)
1.37.3	orca	front50	PUT	/_calls/front50/pluginVersions/{serverGroupName}	/pluginVersions/{}	kork	com.netflix.spinnaker.kork.plugins.update.internal.Front50Service	dropped family (owner ruling 2026-09-12)
1.37.3	rosco	front50	GET	/_calls/front50/pluginInfo	/pluginInfo	kork	com.netflix.spinnaker.kork.plugins.update.internal.Front50Service	dropped family (owner ruling 2026-09-12)
1.37.3	rosco	front50	GET	/_calls/front50/pluginInfo/{id}	/pluginInfo/{}	kork	com.netflix.spinnaker.kork.plugins.update.internal.Front50Service	dropped family (owner ruling 2026-09-12)
1.37.3	rosco	front50	PUT	/_calls/front50/pluginVersions/{serverGroupName}	/pluginVersions/{}	kork	com.netflix.spinnaker.kork.plugins.update.internal.Front50Service	dropped family (owner ruling 2026-09-12)
1.37.3	echo	keel	POST	/_calls/keel/artifacts/events	/artifacts/events	out-of-mesh	com.netflix.spinnaker.echo.services.KeelService	
1.37.3	gate	keel	DELETE	/_calls/keel/application/{application}/config	/application/{}/config	out-of-mesh	com.netflix.spinnaker.gate.services.internal.KeelService	
1.37.3	gate	keel	DELETE	/_calls/keel/application/{application}/pause	/application/{}/pause	out-of-mesh	com.netflix.spinnaker.gate.services.internal.KeelService	
1.37.3	gate	keel	DELETE	/_calls/keel/application/{application}/pin/{targetEnvironment}	/application/{}/pin/{}	out-of-mesh	com.netflix.spinnaker.gate.services.internal.KeelService	
1.37.3	gate	keel	DELETE	/_calls/keel/application/{application}/veto/{targetEnvironment}/{reference}/{version}	/application/{}/veto/{}/{}/{}	out-of-mesh	com.netflix.spinnaker.gate.services.internal.KeelService	
1.37.3	gate	keel	DELETE	/_calls/keel/delivery-configs/{name}	/delivery-configs/{}	out-of-mesh	com.netflix.spinnaker.gate.services.internal.KeelService	
1.37.3	gate	keel	DELETE	/_calls/keel/resources/{name}	/resources/{}	out-of-mesh	com.netflix.spinnaker.gate.services.internal.KeelService	
1.37.3	gate	keel	DELETE	/_calls/keel/resources/{name}/pause	/resources/{}/pause	out-of-mesh	com.netflix.spinnaker.gate.services.internal.KeelService	
1.37.3	gate	keel	GET	/_calls/keel/application/{application}	/application/{}	out-of-mesh	com.netflix.spinnaker.gate.services.internal.KeelService	
1.37.3	gate	keel	GET	/_calls/keel/application/{application}/config	/application/{}/config	out-of-mesh	com.netflix.spinnaker.gate.services.internal.KeelService	
1.37.3	gate	keel	GET	/_calls/keel/application/{application}/environment/{environment}/constraints	/application/{}/environment/{}/constraints	out-of-mesh	com.netflix.spinnaker.gate.services.internal.KeelService	
1.37.3	gate	keel	GET	/_calls/keel/delivery-configs/schema	/delivery-configs/schema	out-of-mesh	com.netflix.spinnaker.gate.services.internal.KeelService	
1.37.3	gate	keel	GET	/_calls/keel/delivery-configs/{name}	/delivery-configs/{}	out-of-mesh	com.netflix.spinnaker.gate.services.internal.KeelService	
1.37.3	gate	keel	GET	/_calls/keel/delivery-configs/{name}/artifacts	/delivery-configs/{}/artifacts	out-of-mesh	com.netflix.spinnaker.gate.services.internal.KeelService	
1.37.3	gate	keel	GET	/_calls/keel/environments/{application}	/environments/{}	out-of-mesh	com.netflix.spinnaker.gate.services.internal.KeelService	
1.37.3	gate	keel	GET	/_calls/keel/export/artifact/{cloudProvider}/{account}/{clusterName}	/export/artifact/{}/{}/{}	out-of-mesh	com.netflix.spinnaker.gate.services.internal.KeelService	
1.37.3	gate	keel	GET	/_calls/keel/export/{cloudProvider}/{account}/{type}/{name}	/export/{}/{}/{}/{}	out-of-mesh	com.netflix.spinnaker.gate.services.internal.KeelService	
1.37.3	gate	keel	GET	/_calls/keel/health	/health	out-of-mesh	com.netflix.spinnaker.gate.services.internal.HealthCheckableService	
1.37.3	gate	keel	GET	/_calls/keel/installedPlugins	/installedPlugins	out-of-mesh	com.netflix.spinnaker.gate.services.internal.KeelService	
1.37.3	gate	keel	GET	/_calls/keel/reports/adoption	/reports/adoption	out-of-mesh	com.netflix.spinnaker.gate.services.internal.KeelService	
1.37.3	gate	keel	GET	/_calls/keel/reports/onboarding	/reports/onboarding	out-of-mesh	com.netflix.spinnaker.gate.services.internal.KeelService	
1.37.3	gate	keel	GET	/_calls/keel/resources/events/{name}	/resources/events/{}	out-of-mesh	com.netflix.spinnaker.gate.services.internal.KeelService	
1.37.3	gate	keel	GET	/_calls/keel/resources/{name}	/resources/{}	out-of-mesh	com.netflix.spinnaker.gate.services.internal.KeelService	
1.37.3	gate	keel	GET	/_calls/keel/resources/{name}/status	/resources/{}/status	out-of-mesh	com.netflix.spinnaker.gate.services.internal.KeelService	
1.37.3	gate	keel	POST	/_calls/keel/application/{application}/environment/{environment}/constraint	/application/{}/environment/{}/constraint	out-of-mesh	com.netflix.spinnaker.gate.services.internal.KeelService	
1.37.3	gate	keel	POST	/_calls/keel/application/{application}/environment/{environment}/verifications	/application/{}/environment/{}/verifications	out-of-mesh	com.netflix.spinnaker.gate.services.internal.KeelService	
1.37.3	gate	keel	POST	/_calls/keel/application/{application}/environment/{environment}/verifications/retry	/application/{}/environment/{}/verifications/retry	out-of-mesh	com.netflix.spinnaker.gate.services.internal.KeelService	
1.37.3	gate	keel	POST	/_calls/keel/application/{application}/mark/bad	/application/{}/mark/bad	out-of-mesh	com.netflix.spinnaker.gate.services.internal.KeelService	
1.37.3	gate	keel	POST	/_calls/keel/application/{application}/mark/good	/application/{}/mark/good	out-of-mesh	com.netflix.spinnaker.gate.services.internal.KeelService	
1.37.3	gate	keel	POST	/_calls/keel/application/{application}/pause	/application/{}/pause	out-of-mesh	com.netflix.spinnaker.gate.services.internal.KeelService	
1.37.3	gate	keel	POST	/_calls/keel/application/{application}/pin	/application/{}/pin	out-of-mesh	com.netflix.spinnaker.gate.services.internal.KeelService	
1.37.3	gate	keel	POST	/_calls/keel/application/{application}/veto	/application/{}/veto	out-of-mesh	com.netflix.spinnaker.gate.services.internal.KeelService	
1.37.3	gate	keel	POST	/_calls/keel/delivery-configs	/delivery-configs	out-of-mesh	com.netflix.spinnaker.gate.services.internal.KeelService	
1.37.3	gate	keel	POST	/_calls/keel/delivery-configs/diff	/delivery-configs/diff	out-of-mesh	com.netflix.spinnaker.gate.services.internal.KeelService	
1.37.3	gate	keel	POST	/_calls/keel/delivery-configs/validate	/delivery-configs/validate	out-of-mesh	com.netflix.spinnaker.gate.services.internal.KeelService	
1.37.3	gate	keel	POST	/_calls/keel/graphql	/graphql	out-of-mesh	com.netflix.spinnaker.gate.services.internal.KeelService	
1.37.3	gate	keel	POST	/_calls/keel/resources	/resources	out-of-mesh	com.netflix.spinnaker.gate.services.internal.KeelService	
1.37.3	gate	keel	POST	/_calls/keel/resources/diff	/resources/diff	out-of-mesh	com.netflix.spinnaker.gate.services.internal.KeelService	
1.37.3	gate	keel	POST	/_calls/keel/resources/{name}/pause	/resources/{}/pause	out-of-mesh	com.netflix.spinnaker.gate.services.internal.KeelService	
1.37.3	igor	keel	POST	/_calls/keel/artifacts/events	/artifacts/events	out-of-mesh	com.netflix.spinnaker.igor.keel.KeelService	
1.37.3	orca	keel	DELETE	/_calls/keel/application/{application}/config	/application/{}/config	out-of-mesh	com.netflix.spinnaker.orca.KeelService	
1.37.3	orca	keel	POST	/_calls/keel/delivery-configs	/delivery-configs	out-of-mesh	com.netflix.spinnaker.orca.KeelService	
1.37.3	clouddriver	front50	GET	/_calls/front50/credentials	/credentials	stale	com.netflix.spinnaker.clouddriver.core.services.Front50Service	
1.37.3	echo	front50	POST	/_calls/front50/graphql	/graphql	stale	com.netflix.spinnaker.echo.services.Front50Service	
1.37.3	gate	clouddriver	GET	/_calls/clouddriver/applications/{name}/clusters/{account}/{cluster}/{type}/loadBalancers	/applications/{}/clusters/{}/{}/{}/loadBalancers	stale	com.netflix.spinnaker.gate.services.internal.ClouddriverService	
1.37.3	gate	clouddriver	POST	/_calls/clouddriver/applications/{name}/jobs/{account}/{region}/{jobName}	/applications/{}/jobs/{}/{}/{}	stale	com.netflix.spinnaker.gate.services.internal.ClouddriverService	
1.37.3	gate	front50	GET	/_calls/front50/credentials	/credentials	stale	com.netflix.spinnaker.gate.services.internal.Front50Service	
1.37.3	gate	front50	POST	/_calls/front50/pipelines/move	/pipelines/move	stale	com.netflix.spinnaker.gate.services.internal.Front50Service	
1.37.3	gate	front50	POST	/_calls/front50/strategies/move	/strategies/move	stale	com.netflix.spinnaker.gate.services.internal.Front50Service	
1.37.3	orca	echo	GET	/_calls/echo/events/recent/{type}/{since}	/events/recent/{}/{}	stale	com.netflix.spinnaker.orca.echo.EchoService	
1.37.3	orca	front50	GET	/_calls/front50/credentials	/credentials	stale	com.netflix.spinnaker.orca.front50.Front50Service	
1.37.4	gate	clouddriver	GET	/_calls/clouddriver/health	/health	actuator	com.netflix.spinnaker.gate.services.internal.HealthCheckableService	
1.37.4	gate	clouddriver	GET	/_calls/clouddriver/installedPlugins	/installedPlugins	actuator	com.netflix.spinnaker.gate.services.internal.ClouddriverService	
1.37.4	gate	echo	GET	/_calls/echo/health	/health	actuator	com.netflix.spinnaker.gate.services.internal.HealthCheckableService	
1.37.4	gate	echo	GET	/_calls/echo/installedPlugins	/installedPlugins	actuator	com.netflix.spinnaker.gate.services.internal.EchoService	
1.37.4	gate	fiat	GET	/_calls/fiat/installedPlugins	/installedPlugins	actuator	com.netflix.spinnaker.gate.services.internal.ExtendedFiatService	
1.37.4	gate	front50	GET	/_calls/front50/health	/health	actuator	com.netflix.spinnaker.gate.services.internal.HealthCheckableService	
1.37.4	gate	front50	GET	/_calls/front50/installedPlugins	/installedPlugins	actuator	com.netflix.spinnaker.gate.services.internal.Front50Service	
1.37.4	gate	igor	GET	/_calls/igor/health	/health	actuator	com.netflix.spinnaker.gate.services.internal.HealthCheckableService	
1.37.4	gate	igor	GET	/_calls/igor/installedPlugins	/installedPlugins	actuator	com.netflix.spinnaker.gate.services.internal.IgorService	
1.37.4	gate	orca	GET	/_calls/orca/health	/health	actuator	com.netflix.spinnaker.gate.services.internal.HealthCheckableService	
1.37.4	gate	orca	GET	/_calls/orca/installedPlugins	/installedPlugins	actuator	com.netflix.spinnaker.gate.services.internal.OrcaService	
1.37.4	gate	rosco	GET	/_calls/rosco/installedPlugins	/installedPlugins	actuator	com.netflix.spinnaker.gate.services.internal.RoscoService	
1.37.4	orca	clouddriver	PUT	/_calls/clouddriver/admin/db/truncate/{namespace}	/admin/db/truncate/{}	framework	com.netflix.spinnaker.orca.clouddriver.CloudDriverCacheService	excluded by provenance: PUT /admin/db/truncate/{}
1.37.4	clouddriver	fiat	DELETE	/_calls/fiat/roles/{userId}	/roles/{}	indirect-fiat	com.netflix.spinnaker.fiat.shared.FiatService	dropped family (owner ruling 2026-09-12)
1.37.4	clouddriver	fiat	GET	/_calls/fiat/authorize/{userId}	/authorize/{}	indirect-fiat	com.netflix.spinnaker.fiat.shared.FiatService	dropped family (owner ruling 2026-09-12)
1.37.4	clouddriver	fiat	GET	/_calls/fiat/authorize/{userId}/{resourceType}/{resourceName}/{authorization}	/authorize/{}/{}/{}/{}	indirect-fiat	com.netflix.spinnaker.fiat.shared.FiatService	dropped family (owner ruling 2026-09-12)
1.37.4	clouddriver	fiat	POST	/_calls/fiat/authorize/{userId}/{resourceType}/create	/authorize/{}/{}/create	indirect-fiat	com.netflix.spinnaker.fiat.shared.FiatService	dropped family (owner ruling 2026-09-12)
1.37.4	clouddriver	fiat	POST	/_calls/fiat/roles/sync	/roles/sync	indirect-fiat	com.netflix.spinnaker.fiat.shared.FiatService	dropped family (owner ruling 2026-09-12)
1.37.4	clouddriver	fiat	POST	/_calls/fiat/roles/sync/serviceAccount/{serviceAccountId}	/roles/sync/serviceAccount/{}	indirect-fiat	com.netflix.spinnaker.fiat.shared.FiatService	dropped family (owner ruling 2026-09-12)
1.37.4	clouddriver	fiat	POST	/_calls/fiat/roles/{userId}	/roles/{}	indirect-fiat	com.netflix.spinnaker.fiat.shared.FiatService	dropped family (owner ruling 2026-09-12)
1.37.4	clouddriver	fiat	PUT	/_calls/fiat/roles/{userId}	/roles/{}	indirect-fiat	com.netflix.spinnaker.fiat.shared.FiatService	dropped family (owner ruling 2026-09-12)
1.37.4	echo	fiat	DELETE	/_calls/fiat/roles/{userId}	/roles/{}	indirect-fiat	com.netflix.spinnaker.fiat.shared.FiatService	dropped family (owner ruling 2026-09-12)
1.37.4	echo	fiat	GET	/_calls/fiat/authorize/{userId}	/authorize/{}	indirect-fiat	com.netflix.spinnaker.fiat.shared.FiatService	dropped family (owner ruling 2026-09-12)
1.37.4	echo	fiat	GET	/_calls/fiat/authorize/{userId}/{resourceType}/{resourceName}/{authorization}	/authorize/{}/{}/{}/{}	indirect-fiat	com.netflix.spinnaker.fiat.shared.FiatService	dropped family (owner ruling 2026-09-12)
1.37.4	echo	fiat	POST	/_calls/fiat/authorize/{userId}/{resourceType}/create	/authorize/{}/{}/create	indirect-fiat	com.netflix.spinnaker.fiat.shared.FiatService	dropped family (owner ruling 2026-09-12)
1.37.4	echo	fiat	POST	/_calls/fiat/roles/sync	/roles/sync	indirect-fiat	com.netflix.spinnaker.fiat.shared.FiatService	dropped family (owner ruling 2026-09-12)
1.37.4	echo	fiat	POST	/_calls/fiat/roles/sync/serviceAccount/{serviceAccountId}	/roles/sync/serviceAccount/{}	indirect-fiat	com.netflix.spinnaker.fiat.shared.FiatService	dropped family (owner ruling 2026-09-12)
1.37.4	echo	fiat	POST	/_calls/fiat/roles/{userId}	/roles/{}	indirect-fiat	com.netflix.spinnaker.fiat.shared.FiatService	dropped family (owner ruling 2026-09-12)
1.37.4	echo	fiat	PUT	/_calls/fiat/roles/{userId}	/roles/{}	indirect-fiat	com.netflix.spinnaker.fiat.shared.FiatService	dropped family (owner ruling 2026-09-12)
1.37.4	igor	fiat	DELETE	/_calls/fiat/roles/{userId}	/roles/{}	indirect-fiat	com.netflix.spinnaker.fiat.shared.FiatService	dropped family (owner ruling 2026-09-12)
1.37.4	igor	fiat	GET	/_calls/fiat/authorize/{userId}	/authorize/{}	indirect-fiat	com.netflix.spinnaker.fiat.shared.FiatService	dropped family (owner ruling 2026-09-12)
1.37.4	igor	fiat	GET	/_calls/fiat/authorize/{userId}/{resourceType}/{resourceName}/{authorization}	/authorize/{}/{}/{}/{}	indirect-fiat	com.netflix.spinnaker.fiat.shared.FiatService	dropped family (owner ruling 2026-09-12)
1.37.4	igor	fiat	POST	/_calls/fiat/authorize/{userId}/{resourceType}/create	/authorize/{}/{}/create	indirect-fiat	com.netflix.spinnaker.fiat.shared.FiatService	dropped family (owner ruling 2026-09-12)
1.37.4	igor	fiat	POST	/_calls/fiat/roles/sync	/roles/sync	indirect-fiat	com.netflix.spinnaker.fiat.shared.FiatService	dropped family (owner ruling 2026-09-12)
1.37.4	igor	fiat	POST	/_calls/fiat/roles/sync/serviceAccount/{serviceAccountId}	/roles/sync/serviceAccount/{}	indirect-fiat	com.netflix.spinnaker.fiat.shared.FiatService	dropped family (owner ruling 2026-09-12)
1.37.4	igor	fiat	POST	/_calls/fiat/roles/{userId}	/roles/{}	indirect-fiat	com.netflix.spinnaker.fiat.shared.FiatService	dropped family (owner ruling 2026-09-12)
1.37.4	igor	fiat	PUT	/_calls/fiat/roles/{userId}	/roles/{}	indirect-fiat	com.netflix.spinnaker.fiat.shared.FiatService	dropped family (owner ruling 2026-09-12)
1.37.4	clouddriver	front50	GET	/_calls/front50/pluginInfo	/pluginInfo	kork	com.netflix.spinnaker.kork.plugins.update.internal.Front50Service	dropped family (owner ruling 2026-09-12)
1.37.4	clouddriver	front50	GET	/_calls/front50/pluginInfo/{id}	/pluginInfo/{}	kork	com.netflix.spinnaker.kork.plugins.update.internal.Front50Service	dropped family (owner ruling 2026-09-12)
1.37.4	clouddriver	front50	PUT	/_calls/front50/pluginVersions/{serverGroupName}	/pluginVersions/{}	kork	com.netflix.spinnaker.kork.plugins.update.internal.Front50Service	dropped family (owner ruling 2026-09-12)
1.37.4	echo	front50	GET	/_calls/front50/pluginInfo	/pluginInfo	kork	com.netflix.spinnaker.kork.plugins.update.internal.Front50Service	dropped family (owner ruling 2026-09-12)
1.37.4	echo	front50	GET	/_calls/front50/pluginInfo/{id}	/pluginInfo/{}	kork	com.netflix.spinnaker.kork.plugins.update.internal.Front50Service	dropped family (owner ruling 2026-09-12)
1.37.4	echo	front50	PUT	/_calls/front50/pluginVersions/{serverGroupName}	/pluginVersions/{}	kork	com.netflix.spinnaker.kork.plugins.update.internal.Front50Service	dropped family (owner ruling 2026-09-12)
1.37.4	fiat	front50	GET	/_calls/front50/pluginInfo	/pluginInfo	kork	com.netflix.spinnaker.kork.plugins.update.internal.Front50Service	dropped family (owner ruling 2026-09-12)
1.37.4	fiat	front50	GET	/_calls/front50/pluginInfo/{id}	/pluginInfo/{}	kork	com.netflix.spinnaker.kork.plugins.update.internal.Front50Service	dropped family (owner ruling 2026-09-12)
1.37.4	fiat	front50	PUT	/_calls/front50/pluginVersions/{serverGroupName}	/pluginVersions/{}	kork	com.netflix.spinnaker.kork.plugins.update.internal.Front50Service	dropped family (owner ruling 2026-09-12)
1.37.4	front50	front50	GET	/_calls/front50/pluginInfo	/pluginInfo	kork	com.netflix.spinnaker.kork.plugins.update.internal.Front50Service	dropped family (owner ruling 2026-09-12)
1.37.4	front50	front50	GET	/_calls/front50/pluginInfo/{id}	/pluginInfo/{}	kork	com.netflix.spinnaker.kork.plugins.update.internal.Front50Service	dropped family (owner ruling 2026-09-12)
1.37.4	front50	front50	PUT	/_calls/front50/pluginVersions/{serverGroupName}	/pluginVersions/{}	kork	com.netflix.spinnaker.kork.plugins.update.internal.Front50Service	dropped family (owner ruling 2026-09-12)
1.37.4	gate	front50	GET	/_calls/front50/pluginInfo/{id}	/pluginInfo/{}	kork	com.netflix.spinnaker.kork.plugins.update.internal.Front50Service	dropped family (owner ruling 2026-09-12)
1.37.4	gate	front50	PUT	/_calls/front50/pluginVersions/{serverGroupName}	/pluginVersions/{}	kork	com.netflix.spinnaker.kork.plugins.update.internal.Front50Service	dropped family (owner ruling 2026-09-12)
1.37.4	igor	front50	GET	/_calls/front50/pluginInfo/{id}	/pluginInfo/{}	kork	com.netflix.spinnaker.kork.plugins.update.internal.Front50Service	dropped family (owner ruling 2026-09-12)
1.37.4	igor	front50	PUT	/_calls/front50/pluginVersions/{serverGroupName}	/pluginVersions/{}	kork	com.netflix.spinnaker.kork.plugins.update.internal.Front50Service	dropped family (owner ruling 2026-09-12)
1.37.4	kayenta	front50	GET	/_calls/front50/pluginInfo	/pluginInfo	kork	com.netflix.spinnaker.kork.plugins.update.internal.Front50Service	dropped family (owner ruling 2026-09-12)
1.37.4	kayenta	front50	GET	/_calls/front50/pluginInfo/{id}	/pluginInfo/{}	kork	com.netflix.spinnaker.kork.plugins.update.internal.Front50Service	dropped family (owner ruling 2026-09-12)
1.37.4	kayenta	front50	PUT	/_calls/front50/pluginVersions/{serverGroupName}	/pluginVersions/{}	kork	com.netflix.spinnaker.kork.plugins.update.internal.Front50Service	dropped family (owner ruling 2026-09-12)
1.37.4	orca	front50	GET	/_calls/front50/pluginInfo	/pluginInfo	kork	com.netflix.spinnaker.kork.plugins.update.internal.Front50Service	dropped family (owner ruling 2026-09-12)
1.37.4	orca	front50	GET	/_calls/front50/pluginInfo/{id}	/pluginInfo/{}	kork	com.netflix.spinnaker.kork.plugins.update.internal.Front50Service	dropped family (owner ruling 2026-09-12)
1.37.4	orca	front50	PUT	/_calls/front50/pluginVersions/{serverGroupName}	/pluginVersions/{}	kork	com.netflix.spinnaker.kork.plugins.update.internal.Front50Service	dropped family (owner ruling 2026-09-12)
1.37.4	rosco	front50	GET	/_calls/front50/pluginInfo	/pluginInfo	kork	com.netflix.spinnaker.kork.plugins.update.internal.Front50Service	dropped family (owner ruling 2026-09-12)
1.37.4	rosco	front50	GET	/_calls/front50/pluginInfo/{id}	/pluginInfo/{}	kork	com.netflix.spinnaker.kork.plugins.update.internal.Front50Service	dropped family (owner ruling 2026-09-12)
1.37.4	rosco	front50	PUT	/_calls/front50/pluginVersions/{serverGroupName}	/pluginVersions/{}	kork	com.netflix.spinnaker.kork.plugins.update.internal.Front50Service	dropped family (owner ruling 2026-09-12)
1.37.4	echo	keel	POST	/_calls/keel/artifacts/events	/artifacts/events	out-of-mesh	com.netflix.spinnaker.echo.services.KeelService	
1.37.4	gate	keel	DELETE	/_calls/keel/application/{application}/config	/application/{}/config	out-of-mesh	com.netflix.spinnaker.gate.services.internal.KeelService	
1.37.4	gate	keel	DELETE	/_calls/keel/application/{application}/pause	/application/{}/pause	out-of-mesh	com.netflix.spinnaker.gate.services.internal.KeelService	
1.37.4	gate	keel	DELETE	/_calls/keel/application/{application}/pin/{targetEnvironment}	/application/{}/pin/{}	out-of-mesh	com.netflix.spinnaker.gate.services.internal.KeelService	
1.37.4	gate	keel	DELETE	/_calls/keel/application/{application}/veto/{targetEnvironment}/{reference}/{version}	/application/{}/veto/{}/{}/{}	out-of-mesh	com.netflix.spinnaker.gate.services.internal.KeelService	
1.37.4	gate	keel	DELETE	/_calls/keel/delivery-configs/{name}	/delivery-configs/{}	out-of-mesh	com.netflix.spinnaker.gate.services.internal.KeelService	
1.37.4	gate	keel	DELETE	/_calls/keel/resources/{name}	/resources/{}	out-of-mesh	com.netflix.spinnaker.gate.services.internal.KeelService	
1.37.4	gate	keel	DELETE	/_calls/keel/resources/{name}/pause	/resources/{}/pause	out-of-mesh	com.netflix.spinnaker.gate.services.internal.KeelService	
1.37.4	gate	keel	GET	/_calls/keel/application/{application}	/application/{}	out-of-mesh	com.netflix.spinnaker.gate.services.internal.KeelService	
1.37.4	gate	keel	GET	/_calls/keel/application/{application}/config	/application/{}/config	out-of-mesh	com.netflix.spinnaker.gate.services.internal.KeelService	
1.37.4	gate	keel	GET	/_calls/keel/application/{application}/environment/{environment}/constraints	/application/{}/environment/{}/constraints	out-of-mesh	com.netflix.spinnaker.gate.services.internal.KeelService	
1.37.4	gate	keel	GET	/_calls/keel/delivery-configs/schema	/delivery-configs/schema	out-of-mesh	com.netflix.spinnaker.gate.services.internal.KeelService	
1.37.4	gate	keel	GET	/_calls/keel/delivery-configs/{name}	/delivery-configs/{}	out-of-mesh	com.netflix.spinnaker.gate.services.internal.KeelService	
1.37.4	gate	keel	GET	/_calls/keel/delivery-configs/{name}/artifacts	/delivery-configs/{}/artifacts	out-of-mesh	com.netflix.spinnaker.gate.services.internal.KeelService	
1.37.4	gate	keel	GET	/_calls/keel/environments/{application}	/environments/{}	out-of-mesh	com.netflix.spinnaker.gate.services.internal.KeelService	
1.37.4	gate	keel	GET	/_calls/keel/export/artifact/{cloudProvider}/{account}/{clusterName}	/export/artifact/{}/{}/{}	out-of-mesh	com.netflix.spinnaker.gate.services.internal.KeelService	
1.37.4	gate	keel	GET	/_calls/keel/export/{cloudProvider}/{account}/{type}/{name}	/export/{}/{}/{}/{}	out-of-mesh	com.netflix.spinnaker.gate.services.internal.KeelService	
1.37.4	gate	keel	GET	/_calls/keel/health	/health	out-of-mesh	com.netflix.spinnaker.gate.services.internal.HealthCheckableService	
1.37.4	gate	keel	GET	/_calls/keel/installedPlugins	/installedPlugins	out-of-mesh	com.netflix.spinnaker.gate.services.internal.KeelService	
1.37.4	gate	keel	GET	/_calls/keel/reports/adoption	/reports/adoption	out-of-mesh	com.netflix.spinnaker.gate.services.internal.KeelService	
1.37.4	gate	keel	GET	/_calls/keel/reports/onboarding	/reports/onboarding	out-of-mesh	com.netflix.spinnaker.gate.services.internal.KeelService	
1.37.4	gate	keel	GET	/_calls/keel/resources/events/{name}	/resources/events/{}	out-of-mesh	com.netflix.spinnaker.gate.services.internal.KeelService	
1.37.4	gate	keel	GET	/_calls/keel/resources/{name}	/resources/{}	out-of-mesh	com.netflix.spinnaker.gate.services.internal.KeelService	
1.37.4	gate	keel	GET	/_calls/keel/resources/{name}/status	/resources/{}/status	out-of-mesh	com.netflix.spinnaker.gate.services.internal.KeelService	
1.37.4	gate	keel	POST	/_calls/keel/application/{application}/environment/{environment}/constraint	/application/{}/environment/{}/constraint	out-of-mesh	com.netflix.spinnaker.gate.services.internal.KeelService	
1.37.4	gate	keel	POST	/_calls/keel/application/{application}/environment/{environment}/verifications	/application/{}/environment/{}/verifications	out-of-mesh	com.netflix.spinnaker.gate.services.internal.KeelService	
1.37.4	gate	keel	POST	/_calls/keel/application/{application}/environment/{environment}/verifications/retry	/application/{}/environment/{}/verifications/retry	out-of-mesh	com.netflix.spinnaker.gate.services.internal.KeelService	
1.37.4	gate	keel	POST	/_calls/keel/application/{application}/mark/bad	/application/{}/mark/bad	out-of-mesh	com.netflix.spinnaker.gate.services.internal.KeelService	
1.37.4	gate	keel	POST	/_calls/keel/application/{application}/mark/good	/application/{}/mark/good	out-of-mesh	com.netflix.spinnaker.gate.services.internal.KeelService	
1.37.4	gate	keel	POST	/_calls/keel/application/{application}/pause	/application/{}/pause	out-of-mesh	com.netflix.spinnaker.gate.services.internal.KeelService	
1.37.4	gate	keel	POST	/_calls/keel/application/{application}/pin	/application/{}/pin	out-of-mesh	com.netflix.spinnaker.gate.services.internal.KeelService	
1.37.4	gate	keel	POST	/_calls/keel/application/{application}/veto	/application/{}/veto	out-of-mesh	com.netflix.spinnaker.gate.services.internal.KeelService	
1.37.4	gate	keel	POST	/_calls/keel/delivery-configs	/delivery-configs	out-of-mesh	com.netflix.spinnaker.gate.services.internal.KeelService	
1.37.4	gate	keel	POST	/_calls/keel/delivery-configs/diff	/delivery-configs/diff	out-of-mesh	com.netflix.spinnaker.gate.services.internal.KeelService	
1.37.4	gate	keel	POST	/_calls/keel/delivery-configs/validate	/delivery-configs/validate	out-of-mesh	com.netflix.spinnaker.gate.services.internal.KeelService	
1.37.4	gate	keel	POST	/_calls/keel/graphql	/graphql	out-of-mesh	com.netflix.spinnaker.gate.services.internal.KeelService	
1.37.4	gate	keel	POST	/_calls/keel/resources	/resources	out-of-mesh	com.netflix.spinnaker.gate.services.internal.KeelService	
1.37.4	gate	keel	POST	/_calls/keel/resources/diff	/resources/diff	out-of-mesh	com.netflix.spinnaker.gate.services.internal.KeelService	
1.37.4	gate	keel	POST	/_calls/keel/resources/{name}/pause	/resources/{}/pause	out-of-mesh	com.netflix.spinnaker.gate.services.internal.KeelService	
1.37.4	igor	keel	POST	/_calls/keel/artifacts/events	/artifacts/events	out-of-mesh	com.netflix.spinnaker.igor.keel.KeelService	
1.37.4	orca	keel	DELETE	/_calls/keel/application/{application}/config	/application/{}/config	out-of-mesh	com.netflix.spinnaker.orca.KeelService	
1.37.4	orca	keel	POST	/_calls/keel/delivery-configs	/delivery-configs	out-of-mesh	com.netflix.spinnaker.orca.KeelService	
1.37.4	clouddriver	front50	GET	/_calls/front50/credentials	/credentials	stale	com.netflix.spinnaker.clouddriver.core.services.Front50Service	
1.37.4	echo	front50	POST	/_calls/front50/graphql	/graphql	stale	com.netflix.spinnaker.echo.services.Front50Service	
1.37.4	gate	clouddriver	GET	/_calls/clouddriver/applications/{name}/clusters/{account}/{cluster}/{type}/loadBalancers	/applications/{}/clusters/{}/{}/{}/loadBalancers	stale	com.netflix.spinnaker.gate.services.internal.ClouddriverService	
1.37.4	gate	clouddriver	POST	/_calls/clouddriver/applications/{name}/jobs/{account}/{region}/{jobName}	/applications/{}/jobs/{}/{}/{}	stale	com.netflix.spinnaker.gate.services.internal.ClouddriverService	
1.37.4	gate	front50	GET	/_calls/front50/credentials	/credentials	stale	com.netflix.spinnaker.gate.services.internal.Front50Service	
1.37.4	gate	front50	POST	/_calls/front50/pipelines/move	/pipelines/move	stale	com.netflix.spinnaker.gate.services.internal.Front50Service	
1.37.4	gate	front50	POST	/_calls/front50/strategies/move	/strategies/move	stale	com.netflix.spinnaker.gate.services.internal.Front50Service	
1.37.4	orca	echo	GET	/_calls/echo/events/recent/{type}/{since}	/events/recent/{}/{}	stale	com.netflix.spinnaker.orca.echo.EchoService	
1.37.4	orca	front50	GET	/_calls/front50/credentials	/credentials	stale	com.netflix.spinnaker.orca.front50.Front50Service	
1.37.5	gate	clouddriver	GET	/_calls/clouddriver/health	/health	actuator	com.netflix.spinnaker.gate.services.internal.HealthCheckableService	
1.37.5	gate	clouddriver	GET	/_calls/clouddriver/installedPlugins	/installedPlugins	actuator	com.netflix.spinnaker.gate.services.internal.ClouddriverService	
1.37.5	gate	echo	GET	/_calls/echo/health	/health	actuator	com.netflix.spinnaker.gate.services.internal.HealthCheckableService	
1.37.5	gate	echo	GET	/_calls/echo/installedPlugins	/installedPlugins	actuator	com.netflix.spinnaker.gate.services.internal.EchoService	
1.37.5	gate	fiat	GET	/_calls/fiat/installedPlugins	/installedPlugins	actuator	com.netflix.spinnaker.gate.services.internal.ExtendedFiatService	
1.37.5	gate	front50	GET	/_calls/front50/health	/health	actuator	com.netflix.spinnaker.gate.services.internal.HealthCheckableService	
1.37.5	gate	front50	GET	/_calls/front50/installedPlugins	/installedPlugins	actuator	com.netflix.spinnaker.gate.services.internal.Front50Service	
1.37.5	gate	igor	GET	/_calls/igor/health	/health	actuator	com.netflix.spinnaker.gate.services.internal.HealthCheckableService	
1.37.5	gate	igor	GET	/_calls/igor/installedPlugins	/installedPlugins	actuator	com.netflix.spinnaker.gate.services.internal.IgorService	
1.37.5	gate	orca	GET	/_calls/orca/health	/health	actuator	com.netflix.spinnaker.gate.services.internal.HealthCheckableService	
1.37.5	gate	orca	GET	/_calls/orca/installedPlugins	/installedPlugins	actuator	com.netflix.spinnaker.gate.services.internal.OrcaService	
1.37.5	gate	rosco	GET	/_calls/rosco/installedPlugins	/installedPlugins	actuator	com.netflix.spinnaker.gate.services.internal.RoscoService	
1.37.5	orca	clouddriver	PUT	/_calls/clouddriver/admin/db/truncate/{namespace}	/admin/db/truncate/{}	framework	com.netflix.spinnaker.orca.clouddriver.CloudDriverCacheService	excluded by provenance: PUT /admin/db/truncate/{}
1.37.5	clouddriver	fiat	DELETE	/_calls/fiat/roles/{userId}	/roles/{}	indirect-fiat	com.netflix.spinnaker.fiat.shared.FiatService	dropped family (owner ruling 2026-09-12)
1.37.5	clouddriver	fiat	GET	/_calls/fiat/authorize/{userId}	/authorize/{}	indirect-fiat	com.netflix.spinnaker.fiat.shared.FiatService	dropped family (owner ruling 2026-09-12)
1.37.5	clouddriver	fiat	GET	/_calls/fiat/authorize/{userId}/{resourceType}/{resourceName}/{authorization}	/authorize/{}/{}/{}/{}	indirect-fiat	com.netflix.spinnaker.fiat.shared.FiatService	dropped family (owner ruling 2026-09-12)
1.37.5	clouddriver	fiat	POST	/_calls/fiat/authorize/{userId}/{resourceType}/create	/authorize/{}/{}/create	indirect-fiat	com.netflix.spinnaker.fiat.shared.FiatService	dropped family (owner ruling 2026-09-12)
1.37.5	clouddriver	fiat	POST	/_calls/fiat/roles/sync	/roles/sync	indirect-fiat	com.netflix.spinnaker.fiat.shared.FiatService	dropped family (owner ruling 2026-09-12)
1.37.5	clouddriver	fiat	POST	/_calls/fiat/roles/sync/serviceAccount/{serviceAccountId}	/roles/sync/serviceAccount/{}	indirect-fiat	com.netflix.spinnaker.fiat.shared.FiatService	dropped family (owner ruling 2026-09-12)
1.37.5	clouddriver	fiat	POST	/_calls/fiat/roles/{userId}	/roles/{}	indirect-fiat	com.netflix.spinnaker.fiat.shared.FiatService	dropped family (owner ruling 2026-09-12)
1.37.5	clouddriver	fiat	PUT	/_calls/fiat/roles/{userId}	/roles/{}	indirect-fiat	com.netflix.spinnaker.fiat.shared.FiatService	dropped family (owner ruling 2026-09-12)
1.37.5	echo	fiat	DELETE	/_calls/fiat/roles/{userId}	/roles/{}	indirect-fiat	com.netflix.spinnaker.fiat.shared.FiatService	dropped family (owner ruling 2026-09-12)
1.37.5	echo	fiat	GET	/_calls/fiat/authorize/{userId}	/authorize/{}	indirect-fiat	com.netflix.spinnaker.fiat.shared.FiatService	dropped family (owner ruling 2026-09-12)
1.37.5	echo	fiat	GET	/_calls/fiat/authorize/{userId}/{resourceType}/{resourceName}/{authorization}	/authorize/{}/{}/{}/{}	indirect-fiat	com.netflix.spinnaker.fiat.shared.FiatService	dropped family (owner ruling 2026-09-12)
1.37.5	echo	fiat	POST	/_calls/fiat/authorize/{userId}/{resourceType}/create	/authorize/{}/{}/create	indirect-fiat	com.netflix.spinnaker.fiat.shared.FiatService	dropped family (owner ruling 2026-09-12)
1.37.5	echo	fiat	POST	/_calls/fiat/roles/sync	/roles/sync	indirect-fiat	com.netflix.spinnaker.fiat.shared.FiatService	dropped family (owner ruling 2026-09-12)
1.37.5	echo	fiat	POST	/_calls/fiat/roles/sync/serviceAccount/{serviceAccountId}	/roles/sync/serviceAccount/{}	indirect-fiat	com.netflix.spinnaker.fiat.shared.FiatService	dropped family (owner ruling 2026-09-12)
1.37.5	echo	fiat	POST	/_calls/fiat/roles/{userId}	/roles/{}	indirect-fiat	com.netflix.spinnaker.fiat.shared.FiatService	dropped family (owner ruling 2026-09-12)
1.37.5	echo	fiat	PUT	/_calls/fiat/roles/{userId}	/roles/{}	indirect-fiat	com.netflix.spinnaker.fiat.shared.FiatService	dropped family (owner ruling 2026-09-12)
1.37.5	igor	fiat	DELETE	/_calls/fiat/roles/{userId}	/roles/{}	indirect-fiat	com.netflix.spinnaker.fiat.shared.FiatService	dropped family (owner ruling 2026-09-12)
1.37.5	igor	fiat	GET	/_calls/fiat/authorize/{userId}	/authorize/{}	indirect-fiat	com.netflix.spinnaker.fiat.shared.FiatService	dropped family (owner ruling 2026-09-12)
1.37.5	igor	fiat	GET	/_calls/fiat/authorize/{userId}/{resourceType}/{resourceName}/{authorization}	/authorize/{}/{}/{}/{}	indirect-fiat	com.netflix.spinnaker.fiat.shared.FiatService	dropped family (owner ruling 2026-09-12)
1.37.5	igor	fiat	POST	/_calls/fiat/authorize/{userId}/{resourceType}/create	/authorize/{}/{}/create	indirect-fiat	com.netflix.spinnaker.fiat.shared.FiatService	dropped family (owner ruling 2026-09-12)
1.37.5	igor	fiat	POST	/_calls/fiat/roles/sync	/roles/sync	indirect-fiat	com.netflix.spinnaker.fiat.shared.FiatService	dropped family (owner ruling 2026-09-12)
1.37.5	igor	fiat	POST	/_calls/fiat/roles/sync/serviceAccount/{serviceAccountId}	/roles/sync/serviceAccount/{}	indirect-fiat	com.netflix.spinnaker.fiat.shared.FiatService	dropped family (owner ruling 2026-09-12)
1.37.5	igor	fiat	POST	/_calls/fiat/roles/{userId}	/roles/{}	indirect-fiat	com.netflix.spinnaker.fiat.shared.FiatService	dropped family (owner ruling 2026-09-12)
1.37.5	igor	fiat	PUT	/_calls/fiat/roles/{userId}	/roles/{}	indirect-fiat	com.netflix.spinnaker.fiat.shared.FiatService	dropped family (owner ruling 2026-09-12)
1.37.5	clouddriver	front50	GET	/_calls/front50/pluginInfo	/pluginInfo	kork	com.netflix.spinnaker.kork.plugins.update.internal.Front50Service	dropped family (owner ruling 2026-09-12)
1.37.5	clouddriver	front50	GET	/_calls/front50/pluginInfo/{id}	/pluginInfo/{}	kork	com.netflix.spinnaker.kork.plugins.update.internal.Front50Service	dropped family (owner ruling 2026-09-12)
1.37.5	clouddriver	front50	PUT	/_calls/front50/pluginVersions/{serverGroupName}	/pluginVersions/{}	kork	com.netflix.spinnaker.kork.plugins.update.internal.Front50Service	dropped family (owner ruling 2026-09-12)
1.37.5	echo	front50	GET	/_calls/front50/pluginInfo	/pluginInfo	kork	com.netflix.spinnaker.kork.plugins.update.internal.Front50Service	dropped family (owner ruling 2026-09-12)
1.37.5	echo	front50	GET	/_calls/front50/pluginInfo/{id}	/pluginInfo/{}	kork	com.netflix.spinnaker.kork.plugins.update.internal.Front50Service	dropped family (owner ruling 2026-09-12)
1.37.5	echo	front50	PUT	/_calls/front50/pluginVersions/{serverGroupName}	/pluginVersions/{}	kork	com.netflix.spinnaker.kork.plugins.update.internal.Front50Service	dropped family (owner ruling 2026-09-12)
1.37.5	fiat	front50	GET	/_calls/front50/pluginInfo	/pluginInfo	kork	com.netflix.spinnaker.kork.plugins.update.internal.Front50Service	dropped family (owner ruling 2026-09-12)
1.37.5	fiat	front50	GET	/_calls/front50/pluginInfo/{id}	/pluginInfo/{}	kork	com.netflix.spinnaker.kork.plugins.update.internal.Front50Service	dropped family (owner ruling 2026-09-12)
1.37.5	fiat	front50	PUT	/_calls/front50/pluginVersions/{serverGroupName}	/pluginVersions/{}	kork	com.netflix.spinnaker.kork.plugins.update.internal.Front50Service	dropped family (owner ruling 2026-09-12)
1.37.5	front50	front50	GET	/_calls/front50/pluginInfo	/pluginInfo	kork	com.netflix.spinnaker.kork.plugins.update.internal.Front50Service	dropped family (owner ruling 2026-09-12)
1.37.5	front50	front50	GET	/_calls/front50/pluginInfo/{id}	/pluginInfo/{}	kork	com.netflix.spinnaker.kork.plugins.update.internal.Front50Service	dropped family (owner ruling 2026-09-12)
1.37.5	front50	front50	PUT	/_calls/front50/pluginVersions/{serverGroupName}	/pluginVersions/{}	kork	com.netflix.spinnaker.kork.plugins.update.internal.Front50Service	dropped family (owner ruling 2026-09-12)
1.37.5	gate	front50	GET	/_calls/front50/pluginInfo/{id}	/pluginInfo/{}	kork	com.netflix.spinnaker.kork.plugins.update.internal.Front50Service	dropped family (owner ruling 2026-09-12)
1.37.5	gate	front50	PUT	/_calls/front50/pluginVersions/{serverGroupName}	/pluginVersions/{}	kork	com.netflix.spinnaker.kork.plugins.update.internal.Front50Service	dropped family (owner ruling 2026-09-12)
1.37.5	igor	front50	GET	/_calls/front50/pluginInfo/{id}	/pluginInfo/{}	kork	com.netflix.spinnaker.kork.plugins.update.internal.Front50Service	dropped family (owner ruling 2026-09-12)
1.37.5	igor	front50	PUT	/_calls/front50/pluginVersions/{serverGroupName}	/pluginVersions/{}	kork	com.netflix.spinnaker.kork.plugins.update.internal.Front50Service	dropped family (owner ruling 2026-09-12)
1.37.5	kayenta	front50	GET	/_calls/front50/pluginInfo	/pluginInfo	kork	com.netflix.spinnaker.kork.plugins.update.internal.Front50Service	dropped family (owner ruling 2026-09-12)
1.37.5	kayenta	front50	GET	/_calls/front50/pluginInfo/{id}	/pluginInfo/{}	kork	com.netflix.spinnaker.kork.plugins.update.internal.Front50Service	dropped family (owner ruling 2026-09-12)
1.37.5	kayenta	front50	PUT	/_calls/front50/pluginVersions/{serverGroupName}	/pluginVersions/{}	kork	com.netflix.spinnaker.kork.plugins.update.internal.Front50Service	dropped family (owner ruling 2026-09-12)
1.37.5	orca	front50	GET	/_calls/front50/pluginInfo	/pluginInfo	kork	com.netflix.spinnaker.kork.plugins.update.internal.Front50Service	dropped family (owner ruling 2026-09-12)
1.37.5	orca	front50	GET	/_calls/front50/pluginInfo/{id}	/pluginInfo/{}	kork	com.netflix.spinnaker.kork.plugins.update.internal.Front50Service	dropped family (owner ruling 2026-09-12)
1.37.5	orca	front50	PUT	/_calls/front50/pluginVersions/{serverGroupName}	/pluginVersions/{}	kork	com.netflix.spinnaker.kork.plugins.update.internal.Front50Service	dropped family (owner ruling 2026-09-12)
1.37.5	rosco	front50	GET	/_calls/front50/pluginInfo	/pluginInfo	kork	com.netflix.spinnaker.kork.plugins.update.internal.Front50Service	dropped family (owner ruling 2026-09-12)
1.37.5	rosco	front50	GET	/_calls/front50/pluginInfo/{id}	/pluginInfo/{}	kork	com.netflix.spinnaker.kork.plugins.update.internal.Front50Service	dropped family (owner ruling 2026-09-12)
1.37.5	rosco	front50	PUT	/_calls/front50/pluginVersions/{serverGroupName}	/pluginVersions/{}	kork	com.netflix.spinnaker.kork.plugins.update.internal.Front50Service	dropped family (owner ruling 2026-09-12)
1.37.5	echo	keel	POST	/_calls/keel/artifacts/events	/artifacts/events	out-of-mesh	com.netflix.spinnaker.echo.services.KeelService	
1.37.5	gate	keel	DELETE	/_calls/keel/application/{application}/config	/application/{}/config	out-of-mesh	com.netflix.spinnaker.gate.services.internal.KeelService	
1.37.5	gate	keel	DELETE	/_calls/keel/application/{application}/pause	/application/{}/pause	out-of-mesh	com.netflix.spinnaker.gate.services.internal.KeelService	
1.37.5	gate	keel	DELETE	/_calls/keel/application/{application}/pin/{targetEnvironment}	/application/{}/pin/{}	out-of-mesh	com.netflix.spinnaker.gate.services.internal.KeelService	
1.37.5	gate	keel	DELETE	/_calls/keel/application/{application}/veto/{targetEnvironment}/{reference}/{version}	/application/{}/veto/{}/{}/{}	out-of-mesh	com.netflix.spinnaker.gate.services.internal.KeelService	
1.37.5	gate	keel	DELETE	/_calls/keel/delivery-configs/{name}	/delivery-configs/{}	out-of-mesh	com.netflix.spinnaker.gate.services.internal.KeelService	
1.37.5	gate	keel	DELETE	/_calls/keel/resources/{name}	/resources/{}	out-of-mesh	com.netflix.spinnaker.gate.services.internal.KeelService	
1.37.5	gate	keel	DELETE	/_calls/keel/resources/{name}/pause	/resources/{}/pause	out-of-mesh	com.netflix.spinnaker.gate.services.internal.KeelService	
1.37.5	gate	keel	GET	/_calls/keel/application/{application}	/application/{}	out-of-mesh	com.netflix.spinnaker.gate.services.internal.KeelService	
1.37.5	gate	keel	GET	/_calls/keel/application/{application}/config	/application/{}/config	out-of-mesh	com.netflix.spinnaker.gate.services.internal.KeelService	
1.37.5	gate	keel	GET	/_calls/keel/application/{application}/environment/{environment}/constraints	/application/{}/environment/{}/constraints	out-of-mesh	com.netflix.spinnaker.gate.services.internal.KeelService	
1.37.5	gate	keel	GET	/_calls/keel/delivery-configs/schema	/delivery-configs/schema	out-of-mesh	com.netflix.spinnaker.gate.services.internal.KeelService	
1.37.5	gate	keel	GET	/_calls/keel/delivery-configs/{name}	/delivery-configs/{}	out-of-mesh	com.netflix.spinnaker.gate.services.internal.KeelService	
1.37.5	gate	keel	GET	/_calls/keel/delivery-configs/{name}/artifacts	/delivery-configs/{}/artifacts	out-of-mesh	com.netflix.spinnaker.gate.services.internal.KeelService	
1.37.5	gate	keel	GET	/_calls/keel/environments/{application}	/environments/{}	out-of-mesh	com.netflix.spinnaker.gate.services.internal.KeelService	
1.37.5	gate	keel	GET	/_calls/keel/export/artifact/{cloudProvider}/{account}/{clusterName}	/export/artifact/{}/{}/{}	out-of-mesh	com.netflix.spinnaker.gate.services.internal.KeelService	
1.37.5	gate	keel	GET	/_calls/keel/export/{cloudProvider}/{account}/{type}/{name}	/export/{}/{}/{}/{}	out-of-mesh	com.netflix.spinnaker.gate.services.internal.KeelService	
1.37.5	gate	keel	GET	/_calls/keel/health	/health	out-of-mesh	com.netflix.spinnaker.gate.services.internal.HealthCheckableService	
1.37.5	gate	keel	GET	/_calls/keel/installedPlugins	/installedPlugins	out-of-mesh	com.netflix.spinnaker.gate.services.internal.KeelService	
1.37.5	gate	keel	GET	/_calls/keel/reports/adoption	/reports/adoption	out-of-mesh	com.netflix.spinnaker.gate.services.internal.KeelService	
1.37.5	gate	keel	GET	/_calls/keel/reports/onboarding	/reports/onboarding	out-of-mesh	com.netflix.spinnaker.gate.services.internal.KeelService	
1.37.5	gate	keel	GET	/_calls/keel/resources/events/{name}	/resources/events/{}	out-of-mesh	com.netflix.spinnaker.gate.services.internal.KeelService	
1.37.5	gate	keel	GET	/_calls/keel/resources/{name}	/resources/{}	out-of-mesh	com.netflix.spinnaker.gate.services.internal.KeelService	
1.37.5	gate	keel	GET	/_calls/keel/resources/{name}/status	/resources/{}/status	out-of-mesh	com.netflix.spinnaker.gate.services.internal.KeelService	
1.37.5	gate	keel	POST	/_calls/keel/application/{application}/environment/{environment}/constraint	/application/{}/environment/{}/constraint	out-of-mesh	com.netflix.spinnaker.gate.services.internal.KeelService	
1.37.5	gate	keel	POST	/_calls/keel/application/{application}/environment/{environment}/verifications	/application/{}/environment/{}/verifications	out-of-mesh	com.netflix.spinnaker.gate.services.internal.KeelService	
1.37.5	gate	keel	POST	/_calls/keel/application/{application}/environment/{environment}/verifications/retry	/application/{}/environment/{}/verifications/retry	out-of-mesh	com.netflix.spinnaker.gate.services.internal.KeelService	
1.37.5	gate	keel	POST	/_calls/keel/application/{application}/mark/bad	/application/{}/mark/bad	out-of-mesh	com.netflix.spinnaker.gate.services.internal.KeelService	
1.37.5	gate	keel	POST	/_calls/keel/application/{application}/mark/good	/application/{}/mark/good	out-of-mesh	com.netflix.spinnaker.gate.services.internal.KeelService	
1.37.5	gate	keel	POST	/_calls/keel/application/{application}/pause	/application/{}/pause	out-of-mesh	com.netflix.spinnaker.gate.services.internal.KeelService	
1.37.5	gate	keel	POST	/_calls/keel/application/{application}/pin	/application/{}/pin	out-of-mesh	com.netflix.spinnaker.gate.services.internal.KeelService	
1.37.5	gate	keel	POST	/_calls/keel/application/{application}/veto	/application/{}/veto	out-of-mesh	com.netflix.spinnaker.gate.services.internal.KeelService	
1.37.5	gate	keel	POST	/_calls/keel/delivery-configs	/delivery-configs	out-of-mesh	com.netflix.spinnaker.gate.services.internal.KeelService	
1.37.5	gate	keel	POST	/_calls/keel/delivery-configs/diff	/delivery-configs/diff	out-of-mesh	com.netflix.spinnaker.gate.services.internal.KeelService	
1.37.5	gate	keel	POST	/_calls/keel/delivery-configs/validate	/delivery-configs/validate	out-of-mesh	com.netflix.spinnaker.gate.services.internal.KeelService	
1.37.5	gate	keel	POST	/_calls/keel/graphql	/graphql	out-of-mesh	com.netflix.spinnaker.gate.services.internal.KeelService	
1.37.5	gate	keel	POST	/_calls/keel/resources	/resources	out-of-mesh	com.netflix.spinnaker.gate.services.internal.KeelService	
1.37.5	gate	keel	POST	/_calls/keel/resources/diff	/resources/diff	out-of-mesh	com.netflix.spinnaker.gate.services.internal.KeelService	
1.37.5	gate	keel	POST	/_calls/keel/resources/{name}/pause	/resources/{}/pause	out-of-mesh	com.netflix.spinnaker.gate.services.internal.KeelService	
1.37.5	igor	keel	POST	/_calls/keel/artifacts/events	/artifacts/events	out-of-mesh	com.netflix.spinnaker.igor.keel.KeelService	
1.37.5	orca	keel	DELETE	/_calls/keel/application/{application}/config	/application/{}/config	out-of-mesh	com.netflix.spinnaker.orca.KeelService	
1.37.5	orca	keel	POST	/_calls/keel/delivery-configs	/delivery-configs	out-of-mesh	com.netflix.spinnaker.orca.KeelService	
1.37.5	clouddriver	front50	GET	/_calls/front50/credentials	/credentials	stale	com.netflix.spinnaker.clouddriver.core.services.Front50Service	
1.37.5	echo	front50	POST	/_calls/front50/graphql	/graphql	stale	com.netflix.spinnaker.echo.services.Front50Service	
1.37.5	gate	clouddriver	GET	/_calls/clouddriver/applications/{name}/clusters/{account}/{cluster}/{type}/loadBalancers	/applications/{}/clusters/{}/{}/{}/loadBalancers	stale	com.netflix.spinnaker.gate.services.internal.ClouddriverService	
1.37.5	gate	clouddriver	POST	/_calls/clouddriver/applications/{name}/jobs/{account}/{region}/{jobName}	/applications/{}/jobs/{}/{}/{}	stale	com.netflix.spinnaker.gate.services.internal.ClouddriverService	
1.37.5	gate	front50	GET	/_calls/front50/credentials	/credentials	stale	com.netflix.spinnaker.gate.services.internal.Front50Service	
1.37.5	gate	front50	POST	/_calls/front50/pipelines/move	/pipelines/move	stale	com.netflix.spinnaker.gate.services.internal.Front50Service	
1.37.5	gate	front50	POST	/_calls/front50/strategies/move	/strategies/move	stale	com.netflix.spinnaker.gate.services.internal.Front50Service	
1.37.5	orca	echo	GET	/_calls/echo/events/recent/{type}/{since}	/events/recent/{}/{}	stale	com.netflix.spinnaker.orca.echo.EchoService	
1.37.5	orca	front50	GET	/_calls/front50/credentials	/credentials	stale	com.netflix.spinnaker.orca.front50.Front50Service	
1.37.6	gate	clouddriver	GET	/_calls/clouddriver/health	/health	actuator	com.netflix.spinnaker.gate.services.internal.HealthCheckableService	
1.37.6	gate	clouddriver	GET	/_calls/clouddriver/installedPlugins	/installedPlugins	actuator	com.netflix.spinnaker.gate.services.internal.ClouddriverService	
1.37.6	gate	echo	GET	/_calls/echo/health	/health	actuator	com.netflix.spinnaker.gate.services.internal.HealthCheckableService	
1.37.6	gate	echo	GET	/_calls/echo/installedPlugins	/installedPlugins	actuator	com.netflix.spinnaker.gate.services.internal.EchoService	
1.37.6	gate	fiat	GET	/_calls/fiat/installedPlugins	/installedPlugins	actuator	com.netflix.spinnaker.gate.services.internal.ExtendedFiatService	
1.37.6	gate	front50	GET	/_calls/front50/health	/health	actuator	com.netflix.spinnaker.gate.services.internal.HealthCheckableService	
1.37.6	gate	front50	GET	/_calls/front50/installedPlugins	/installedPlugins	actuator	com.netflix.spinnaker.gate.services.internal.Front50Service	
1.37.6	gate	igor	GET	/_calls/igor/health	/health	actuator	com.netflix.spinnaker.gate.services.internal.HealthCheckableService	
1.37.6	gate	igor	GET	/_calls/igor/installedPlugins	/installedPlugins	actuator	com.netflix.spinnaker.gate.services.internal.IgorService	
1.37.6	gate	orca	GET	/_calls/orca/health	/health	actuator	com.netflix.spinnaker.gate.services.internal.HealthCheckableService	
1.37.6	gate	orca	GET	/_calls/orca/installedPlugins	/installedPlugins	actuator	com.netflix.spinnaker.gate.services.internal.OrcaService	
1.37.6	gate	rosco	GET	/_calls/rosco/installedPlugins	/installedPlugins	actuator	com.netflix.spinnaker.gate.services.internal.RoscoService	
1.37.6	orca	clouddriver	PUT	/_calls/clouddriver/admin/db/truncate/{namespace}	/admin/db/truncate/{}	framework	com.netflix.spinnaker.orca.clouddriver.CloudDriverCacheService	excluded by provenance: PUT /admin/db/truncate/{}
1.37.6	clouddriver	fiat	DELETE	/_calls/fiat/roles/{userId}	/roles/{}	indirect-fiat	com.netflix.spinnaker.fiat.shared.FiatService	dropped family (owner ruling 2026-09-12)
1.37.6	clouddriver	fiat	GET	/_calls/fiat/authorize/{userId}	/authorize/{}	indirect-fiat	com.netflix.spinnaker.fiat.shared.FiatService	dropped family (owner ruling 2026-09-12)
1.37.6	clouddriver	fiat	GET	/_calls/fiat/authorize/{userId}/{resourceType}/{resourceName}/{authorization}	/authorize/{}/{}/{}/{}	indirect-fiat	com.netflix.spinnaker.fiat.shared.FiatService	dropped family (owner ruling 2026-09-12)
1.37.6	clouddriver	fiat	POST	/_calls/fiat/authorize/{userId}/{resourceType}/create	/authorize/{}/{}/create	indirect-fiat	com.netflix.spinnaker.fiat.shared.FiatService	dropped family (owner ruling 2026-09-12)
1.37.6	clouddriver	fiat	POST	/_calls/fiat/roles/sync	/roles/sync	indirect-fiat	com.netflix.spinnaker.fiat.shared.FiatService	dropped family (owner ruling 2026-09-12)
1.37.6	clouddriver	fiat	POST	/_calls/fiat/roles/sync/serviceAccount/{serviceAccountId}	/roles/sync/serviceAccount/{}	indirect-fiat	com.netflix.spinnaker.fiat.shared.FiatService	dropped family (owner ruling 2026-09-12)
1.37.6	clouddriver	fiat	POST	/_calls/fiat/roles/{userId}	/roles/{}	indirect-fiat	com.netflix.spinnaker.fiat.shared.FiatService	dropped family (owner ruling 2026-09-12)
1.37.6	clouddriver	fiat	PUT	/_calls/fiat/roles/{userId}	/roles/{}	indirect-fiat	com.netflix.spinnaker.fiat.shared.FiatService	dropped family (owner ruling 2026-09-12)
1.37.6	echo	fiat	DELETE	/_calls/fiat/roles/{userId}	/roles/{}	indirect-fiat	com.netflix.spinnaker.fiat.shared.FiatService	dropped family (owner ruling 2026-09-12)
1.37.6	echo	fiat	GET	/_calls/fiat/authorize/{userId}	/authorize/{}	indirect-fiat	com.netflix.spinnaker.fiat.shared.FiatService	dropped family (owner ruling 2026-09-12)
1.37.6	echo	fiat	GET	/_calls/fiat/authorize/{userId}/{resourceType}/{resourceName}/{authorization}	/authorize/{}/{}/{}/{}	indirect-fiat	com.netflix.spinnaker.fiat.shared.FiatService	dropped family (owner ruling 2026-09-12)
1.37.6	echo	fiat	POST	/_calls/fiat/authorize/{userId}/{resourceType}/create	/authorize/{}/{}/create	indirect-fiat	com.netflix.spinnaker.fiat.shared.FiatService	dropped family (owner ruling 2026-09-12)
1.37.6	echo	fiat	POST	/_calls/fiat/roles/sync	/roles/sync	indirect-fiat	com.netflix.spinnaker.fiat.shared.FiatService	dropped family (owner ruling 2026-09-12)
1.37.6	echo	fiat	POST	/_calls/fiat/roles/sync/serviceAccount/{serviceAccountId}	/roles/sync/serviceAccount/{}	indirect-fiat	com.netflix.spinnaker.fiat.shared.FiatService	dropped family (owner ruling 2026-09-12)
1.37.6	echo	fiat	POST	/_calls/fiat/roles/{userId}	/roles/{}	indirect-fiat	com.netflix.spinnaker.fiat.shared.FiatService	dropped family (owner ruling 2026-09-12)
1.37.6	echo	fiat	PUT	/_calls/fiat/roles/{userId}	/roles/{}	indirect-fiat	com.netflix.spinnaker.fiat.shared.FiatService	dropped family (owner ruling 2026-09-12)
1.37.6	igor	fiat	DELETE	/_calls/fiat/roles/{userId}	/roles/{}	indirect-fiat	com.netflix.spinnaker.fiat.shared.FiatService	dropped family (owner ruling 2026-09-12)
1.37.6	igor	fiat	GET	/_calls/fiat/authorize/{userId}	/authorize/{}	indirect-fiat	com.netflix.spinnaker.fiat.shared.FiatService	dropped family (owner ruling 2026-09-12)
1.37.6	igor	fiat	GET	/_calls/fiat/authorize/{userId}/{resourceType}/{resourceName}/{authorization}	/authorize/{}/{}/{}/{}	indirect-fiat	com.netflix.spinnaker.fiat.shared.FiatService	dropped family (owner ruling 2026-09-12)
1.37.6	igor	fiat	POST	/_calls/fiat/authorize/{userId}/{resourceType}/create	/authorize/{}/{}/create	indirect-fiat	com.netflix.spinnaker.fiat.shared.FiatService	dropped family (owner ruling 2026-09-12)
1.37.6	igor	fiat	POST	/_calls/fiat/roles/sync	/roles/sync	indirect-fiat	com.netflix.spinnaker.fiat.shared.FiatService	dropped family (owner ruling 2026-09-12)
1.37.6	igor	fiat	POST	/_calls/fiat/roles/sync/serviceAccount/{serviceAccountId}	/roles/sync/serviceAccount/{}	indirect-fiat	com.netflix.spinnaker.fiat.shared.FiatService	dropped family (owner ruling 2026-09-12)
1.37.6	igor	fiat	POST	/_calls/fiat/roles/{userId}	/roles/{}	indirect-fiat	com.netflix.spinnaker.fiat.shared.FiatService	dropped family (owner ruling 2026-09-12)
1.37.6	igor	fiat	PUT	/_calls/fiat/roles/{userId}	/roles/{}	indirect-fiat	com.netflix.spinnaker.fiat.shared.FiatService	dropped family (owner ruling 2026-09-12)
1.37.6	clouddriver	front50	GET	/_calls/front50/pluginInfo	/pluginInfo	kork	com.netflix.spinnaker.kork.plugins.update.internal.Front50Service	dropped family (owner ruling 2026-09-12)
1.37.6	clouddriver	front50	GET	/_calls/front50/pluginInfo/{id}	/pluginInfo/{}	kork	com.netflix.spinnaker.kork.plugins.update.internal.Front50Service	dropped family (owner ruling 2026-09-12)
1.37.6	clouddriver	front50	PUT	/_calls/front50/pluginVersions/{serverGroupName}	/pluginVersions/{}	kork	com.netflix.spinnaker.kork.plugins.update.internal.Front50Service	dropped family (owner ruling 2026-09-12)
1.37.6	echo	front50	GET	/_calls/front50/pluginInfo	/pluginInfo	kork	com.netflix.spinnaker.kork.plugins.update.internal.Front50Service	dropped family (owner ruling 2026-09-12)
1.37.6	echo	front50	GET	/_calls/front50/pluginInfo/{id}	/pluginInfo/{}	kork	com.netflix.spinnaker.kork.plugins.update.internal.Front50Service	dropped family (owner ruling 2026-09-12)
1.37.6	echo	front50	PUT	/_calls/front50/pluginVersions/{serverGroupName}	/pluginVersions/{}	kork	com.netflix.spinnaker.kork.plugins.update.internal.Front50Service	dropped family (owner ruling 2026-09-12)
1.37.6	fiat	front50	GET	/_calls/front50/pluginInfo	/pluginInfo	kork	com.netflix.spinnaker.kork.plugins.update.internal.Front50Service	dropped family (owner ruling 2026-09-12)
1.37.6	fiat	front50	GET	/_calls/front50/pluginInfo/{id}	/pluginInfo/{}	kork	com.netflix.spinnaker.kork.plugins.update.internal.Front50Service	dropped family (owner ruling 2026-09-12)
1.37.6	fiat	front50	PUT	/_calls/front50/pluginVersions/{serverGroupName}	/pluginVersions/{}	kork	com.netflix.spinnaker.kork.plugins.update.internal.Front50Service	dropped family (owner ruling 2026-09-12)
1.37.6	front50	front50	GET	/_calls/front50/pluginInfo	/pluginInfo	kork	com.netflix.spinnaker.kork.plugins.update.internal.Front50Service	dropped family (owner ruling 2026-09-12)
1.37.6	front50	front50	GET	/_calls/front50/pluginInfo/{id}	/pluginInfo/{}	kork	com.netflix.spinnaker.kork.plugins.update.internal.Front50Service	dropped family (owner ruling 2026-09-12)
1.37.6	front50	front50	PUT	/_calls/front50/pluginVersions/{serverGroupName}	/pluginVersions/{}	kork	com.netflix.spinnaker.kork.plugins.update.internal.Front50Service	dropped family (owner ruling 2026-09-12)
1.37.6	gate	front50	GET	/_calls/front50/pluginInfo/{id}	/pluginInfo/{}	kork	com.netflix.spinnaker.kork.plugins.update.internal.Front50Service	dropped family (owner ruling 2026-09-12)
1.37.6	gate	front50	PUT	/_calls/front50/pluginVersions/{serverGroupName}	/pluginVersions/{}	kork	com.netflix.spinnaker.kork.plugins.update.internal.Front50Service	dropped family (owner ruling 2026-09-12)
1.37.6	igor	front50	GET	/_calls/front50/pluginInfo/{id}	/pluginInfo/{}	kork	com.netflix.spinnaker.kork.plugins.update.internal.Front50Service	dropped family (owner ruling 2026-09-12)
1.37.6	igor	front50	PUT	/_calls/front50/pluginVersions/{serverGroupName}	/pluginVersions/{}	kork	com.netflix.spinnaker.kork.plugins.update.internal.Front50Service	dropped family (owner ruling 2026-09-12)
1.37.6	kayenta	front50	GET	/_calls/front50/pluginInfo	/pluginInfo	kork	com.netflix.spinnaker.kork.plugins.update.internal.Front50Service	dropped family (owner ruling 2026-09-12)
1.37.6	kayenta	front50	GET	/_calls/front50/pluginInfo/{id}	/pluginInfo/{}	kork	com.netflix.spinnaker.kork.plugins.update.internal.Front50Service	dropped family (owner ruling 2026-09-12)
1.37.6	kayenta	front50	PUT	/_calls/front50/pluginVersions/{serverGroupName}	/pluginVersions/{}	kork	com.netflix.spinnaker.kork.plugins.update.internal.Front50Service	dropped family (owner ruling 2026-09-12)
1.37.6	orca	front50	GET	/_calls/front50/pluginInfo	/pluginInfo	kork	com.netflix.spinnaker.kork.plugins.update.internal.Front50Service	dropped family (owner ruling 2026-09-12)
1.37.6	orca	front50	GET	/_calls/front50/pluginInfo/{id}	/pluginInfo/{}	kork	com.netflix.spinnaker.kork.plugins.update.internal.Front50Service	dropped family (owner ruling 2026-09-12)
1.37.6	orca	front50	PUT	/_calls/front50/pluginVersions/{serverGroupName}	/pluginVersions/{}	kork	com.netflix.spinnaker.kork.plugins.update.internal.Front50Service	dropped family (owner ruling 2026-09-12)
1.37.6	rosco	front50	GET	/_calls/front50/pluginInfo	/pluginInfo	kork	com.netflix.spinnaker.kork.plugins.update.internal.Front50Service	dropped family (owner ruling 2026-09-12)
1.37.6	rosco	front50	GET	/_calls/front50/pluginInfo/{id}	/pluginInfo/{}	kork	com.netflix.spinnaker.kork.plugins.update.internal.Front50Service	dropped family (owner ruling 2026-09-12)
1.37.6	rosco	front50	PUT	/_calls/front50/pluginVersions/{serverGroupName}	/pluginVersions/{}	kork	com.netflix.spinnaker.kork.plugins.update.internal.Front50Service	dropped family (owner ruling 2026-09-12)
1.37.6	echo	keel	POST	/_calls/keel/artifacts/events	/artifacts/events	out-of-mesh	com.netflix.spinnaker.echo.services.KeelService	
1.37.6	gate	keel	DELETE	/_calls/keel/application/{application}/config	/application/{}/config	out-of-mesh	com.netflix.spinnaker.gate.services.internal.KeelService	
1.37.6	gate	keel	DELETE	/_calls/keel/application/{application}/pause	/application/{}/pause	out-of-mesh	com.netflix.spinnaker.gate.services.internal.KeelService	
1.37.6	gate	keel	DELETE	/_calls/keel/application/{application}/pin/{targetEnvironment}	/application/{}/pin/{}	out-of-mesh	com.netflix.spinnaker.gate.services.internal.KeelService	
1.37.6	gate	keel	DELETE	/_calls/keel/application/{application}/veto/{targetEnvironment}/{reference}/{version}	/application/{}/veto/{}/{}/{}	out-of-mesh	com.netflix.spinnaker.gate.services.internal.KeelService	
1.37.6	gate	keel	DELETE	/_calls/keel/delivery-configs/{name}	/delivery-configs/{}	out-of-mesh	com.netflix.spinnaker.gate.services.internal.KeelService	
1.37.6	gate	keel	DELETE	/_calls/keel/resources/{name}	/resources/{}	out-of-mesh	com.netflix.spinnaker.gate.services.internal.KeelService	
1.37.6	gate	keel	DELETE	/_calls/keel/resources/{name}/pause	/resources/{}/pause	out-of-mesh	com.netflix.spinnaker.gate.services.internal.KeelService	
1.37.6	gate	keel	GET	/_calls/keel/application/{application}	/application/{}	out-of-mesh	com.netflix.spinnaker.gate.services.internal.KeelService	
1.37.6	gate	keel	GET	/_calls/keel/application/{application}/config	/application/{}/config	out-of-mesh	com.netflix.spinnaker.gate.services.internal.KeelService	
1.37.6	gate	keel	GET	/_calls/keel/application/{application}/environment/{environment}/constraints	/application/{}/environment/{}/constraints	out-of-mesh	com.netflix.spinnaker.gate.services.internal.KeelService	
1.37.6	gate	keel	GET	/_calls/keel/delivery-configs/schema	/delivery-configs/schema	out-of-mesh	com.netflix.spinnaker.gate.services.internal.KeelService	
1.37.6	gate	keel	GET	/_calls/keel/delivery-configs/{name}	/delivery-configs/{}	out-of-mesh	com.netflix.spinnaker.gate.services.internal.KeelService	
1.37.6	gate	keel	GET	/_calls/keel/delivery-configs/{name}/artifacts	/delivery-configs/{}/artifacts	out-of-mesh	com.netflix.spinnaker.gate.services.internal.KeelService	
1.37.6	gate	keel	GET	/_calls/keel/environments/{application}	/environments/{}	out-of-mesh	com.netflix.spinnaker.gate.services.internal.KeelService	
1.37.6	gate	keel	GET	/_calls/keel/export/artifact/{cloudProvider}/{account}/{clusterName}	/export/artifact/{}/{}/{}	out-of-mesh	com.netflix.spinnaker.gate.services.internal.KeelService	
1.37.6	gate	keel	GET	/_calls/keel/export/{cloudProvider}/{account}/{type}/{name}	/export/{}/{}/{}/{}	out-of-mesh	com.netflix.spinnaker.gate.services.internal.KeelService	
1.37.6	gate	keel	GET	/_calls/keel/health	/health	out-of-mesh	com.netflix.spinnaker.gate.services.internal.HealthCheckableService	
1.37.6	gate	keel	GET	/_calls/keel/installedPlugins	/installedPlugins	out-of-mesh	com.netflix.spinnaker.gate.services.internal.KeelService	
1.37.6	gate	keel	GET	/_calls/keel/reports/adoption	/reports/adoption	out-of-mesh	com.netflix.spinnaker.gate.services.internal.KeelService	
1.37.6	gate	keel	GET	/_calls/keel/reports/onboarding	/reports/onboarding	out-of-mesh	com.netflix.spinnaker.gate.services.internal.KeelService	
1.37.6	gate	keel	GET	/_calls/keel/resources/events/{name}	/resources/events/{}	out-of-mesh	com.netflix.spinnaker.gate.services.internal.KeelService	
1.37.6	gate	keel	GET	/_calls/keel/resources/{name}	/resources/{}	out-of-mesh	com.netflix.spinnaker.gate.services.internal.KeelService	
1.37.6	gate	keel	GET	/_calls/keel/resources/{name}/status	/resources/{}/status	out-of-mesh	com.netflix.spinnaker.gate.services.internal.KeelService	
1.37.6	gate	keel	POST	/_calls/keel/application/{application}/environment/{environment}/constraint	/application/{}/environment/{}/constraint	out-of-mesh	com.netflix.spinnaker.gate.services.internal.KeelService	
1.37.6	gate	keel	POST	/_calls/keel/application/{application}/environment/{environment}/verifications	/application/{}/environment/{}/verifications	out-of-mesh	com.netflix.spinnaker.gate.services.internal.KeelService	
1.37.6	gate	keel	POST	/_calls/keel/application/{application}/environment/{environment}/verifications/retry	/application/{}/environment/{}/verifications/retry	out-of-mesh	com.netflix.spinnaker.gate.services.internal.KeelService	
1.37.6	gate	keel	POST	/_calls/keel/application/{application}/mark/bad	/application/{}/mark/bad	out-of-mesh	com.netflix.spinnaker.gate.services.internal.KeelService	
1.37.6	gate	keel	POST	/_calls/keel/application/{application}/mark/good	/application/{}/mark/good	out-of-mesh	com.netflix.spinnaker.gate.services.internal.KeelService	
1.37.6	gate	keel	POST	/_calls/keel/application/{application}/pause	/application/{}/pause	out-of-mesh	com.netflix.spinnaker.gate.services.internal.KeelService	
1.37.6	gate	keel	POST	/_calls/keel/application/{application}/pin	/application/{}/pin	out-of-mesh	com.netflix.spinnaker.gate.services.internal.KeelService	
1.37.6	gate	keel	POST	/_calls/keel/application/{application}/veto	/application/{}/veto	out-of-mesh	com.netflix.spinnaker.gate.services.internal.KeelService	
1.37.6	gate	keel	POST	/_calls/keel/delivery-configs	/delivery-configs	out-of-mesh	com.netflix.spinnaker.gate.services.internal.KeelService	
1.37.6	gate	keel	POST	/_calls/keel/delivery-configs/diff	/delivery-configs/diff	out-of-mesh	com.netflix.spinnaker.gate.services.internal.KeelService	
1.37.6	gate	keel	POST	/_calls/keel/delivery-configs/validate	/delivery-configs/validate	out-of-mesh	com.netflix.spinnaker.gate.services.internal.KeelService	
1.37.6	gate	keel	POST	/_calls/keel/graphql	/graphql	out-of-mesh	com.netflix.spinnaker.gate.services.internal.KeelService	
1.37.6	gate	keel	POST	/_calls/keel/resources	/resources	out-of-mesh	com.netflix.spinnaker.gate.services.internal.KeelService	
1.37.6	gate	keel	POST	/_calls/keel/resources/diff	/resources/diff	out-of-mesh	com.netflix.spinnaker.gate.services.internal.KeelService	
1.37.6	gate	keel	POST	/_calls/keel/resources/{name}/pause	/resources/{}/pause	out-of-mesh	com.netflix.spinnaker.gate.services.internal.KeelService	
1.37.6	igor	keel	POST	/_calls/keel/artifacts/events	/artifacts/events	out-of-mesh	com.netflix.spinnaker.igor.keel.KeelService	
1.37.6	orca	keel	DELETE	/_calls/keel/application/{application}/config	/application/{}/config	out-of-mesh	com.netflix.spinnaker.orca.KeelService	
1.37.6	orca	keel	POST	/_calls/keel/delivery-configs	/delivery-configs	out-of-mesh	com.netflix.spinnaker.orca.KeelService	
1.37.6	clouddriver	front50	GET	/_calls/front50/credentials	/credentials	stale	com.netflix.spinnaker.clouddriver.core.services.Front50Service	
1.37.6	echo	front50	POST	/_calls/front50/graphql	/graphql	stale	com.netflix.spinnaker.echo.services.Front50Service	
1.37.6	gate	clouddriver	GET	/_calls/clouddriver/applications/{name}/clusters/{account}/{cluster}/{type}/loadBalancers	/applications/{}/clusters/{}/{}/{}/loadBalancers	stale	com.netflix.spinnaker.gate.services.internal.ClouddriverService	
1.37.6	gate	clouddriver	POST	/_calls/clouddriver/applications/{name}/jobs/{account}/{region}/{jobName}	/applications/{}/jobs/{}/{}/{}	stale	com.netflix.spinnaker.gate.services.internal.ClouddriverService	
1.37.6	gate	front50	GET	/_calls/front50/credentials	/credentials	stale	com.netflix.spinnaker.gate.services.internal.Front50Service	
1.37.6	gate	front50	POST	/_calls/front50/pipelines/move	/pipelines/move	stale	com.netflix.spinnaker.gate.services.internal.Front50Service	
1.37.6	gate	front50	POST	/_calls/front50/strategies/move	/strategies/move	stale	com.netflix.spinnaker.gate.services.internal.Front50Service	
1.37.6	orca	echo	GET	/_calls/echo/events/recent/{type}/{since}	/events/recent/{}/{}	stale	com.netflix.spinnaker.orca.echo.EchoService	
1.37.6	orca	front50	GET	/_calls/front50/credentials	/credentials	stale	com.netflix.spinnaker.orca.front50.Front50Service	
1.37.7	gate	clouddriver	GET	/_calls/clouddriver/health	/health	actuator	com.netflix.spinnaker.gate.services.internal.HealthCheckableService	
1.37.7	gate	clouddriver	GET	/_calls/clouddriver/installedPlugins	/installedPlugins	actuator	com.netflix.spinnaker.gate.services.internal.ClouddriverService	
1.37.7	gate	echo	GET	/_calls/echo/health	/health	actuator	com.netflix.spinnaker.gate.services.internal.HealthCheckableService	
1.37.7	gate	echo	GET	/_calls/echo/installedPlugins	/installedPlugins	actuator	com.netflix.spinnaker.gate.services.internal.EchoService	
1.37.7	gate	fiat	GET	/_calls/fiat/installedPlugins	/installedPlugins	actuator	com.netflix.spinnaker.gate.services.internal.ExtendedFiatService	
1.37.7	gate	front50	GET	/_calls/front50/health	/health	actuator	com.netflix.spinnaker.gate.services.internal.HealthCheckableService	
1.37.7	gate	front50	GET	/_calls/front50/installedPlugins	/installedPlugins	actuator	com.netflix.spinnaker.gate.services.internal.Front50Service	
1.37.7	gate	igor	GET	/_calls/igor/health	/health	actuator	com.netflix.spinnaker.gate.services.internal.HealthCheckableService	
1.37.7	gate	igor	GET	/_calls/igor/installedPlugins	/installedPlugins	actuator	com.netflix.spinnaker.gate.services.internal.IgorService	
1.37.7	gate	orca	GET	/_calls/orca/health	/health	actuator	com.netflix.spinnaker.gate.services.internal.HealthCheckableService	
1.37.7	gate	orca	GET	/_calls/orca/installedPlugins	/installedPlugins	actuator	com.netflix.spinnaker.gate.services.internal.OrcaService	
1.37.7	gate	rosco	GET	/_calls/rosco/installedPlugins	/installedPlugins	actuator	com.netflix.spinnaker.gate.services.internal.RoscoService	
1.37.7	orca	clouddriver	PUT	/_calls/clouddriver/admin/db/truncate/{namespace}	/admin/db/truncate/{}	framework	com.netflix.spinnaker.orca.clouddriver.CloudDriverCacheService	excluded by provenance: PUT /admin/db/truncate/{}
1.37.7	clouddriver	fiat	DELETE	/_calls/fiat/roles/{userId}	/roles/{}	indirect-fiat	com.netflix.spinnaker.fiat.shared.FiatService	dropped family (owner ruling 2026-09-12)
1.37.7	clouddriver	fiat	GET	/_calls/fiat/authorize/{userId}	/authorize/{}	indirect-fiat	com.netflix.spinnaker.fiat.shared.FiatService	dropped family (owner ruling 2026-09-12)
1.37.7	clouddriver	fiat	GET	/_calls/fiat/authorize/{userId}/{resourceType}/{resourceName}/{authorization}	/authorize/{}/{}/{}/{}	indirect-fiat	com.netflix.spinnaker.fiat.shared.FiatService	dropped family (owner ruling 2026-09-12)
1.37.7	clouddriver	fiat	POST	/_calls/fiat/authorize/{userId}/{resourceType}/create	/authorize/{}/{}/create	indirect-fiat	com.netflix.spinnaker.fiat.shared.FiatService	dropped family (owner ruling 2026-09-12)
1.37.7	clouddriver	fiat	POST	/_calls/fiat/roles/sync	/roles/sync	indirect-fiat	com.netflix.spinnaker.fiat.shared.FiatService	dropped family (owner ruling 2026-09-12)
1.37.7	clouddriver	fiat	POST	/_calls/fiat/roles/sync/serviceAccount/{serviceAccountId}	/roles/sync/serviceAccount/{}	indirect-fiat	com.netflix.spinnaker.fiat.shared.FiatService	dropped family (owner ruling 2026-09-12)
1.37.7	clouddriver	fiat	POST	/_calls/fiat/roles/{userId}	/roles/{}	indirect-fiat	com.netflix.spinnaker.fiat.shared.FiatService	dropped family (owner ruling 2026-09-12)
1.37.7	clouddriver	fiat	PUT	/_calls/fiat/roles/{userId}	/roles/{}	indirect-fiat	com.netflix.spinnaker.fiat.shared.FiatService	dropped family (owner ruling 2026-09-12)
1.37.7	echo	fiat	DELETE	/_calls/fiat/roles/{userId}	/roles/{}	indirect-fiat	com.netflix.spinnaker.fiat.shared.FiatService	dropped family (owner ruling 2026-09-12)
1.37.7	echo	fiat	GET	/_calls/fiat/authorize/{userId}	/authorize/{}	indirect-fiat	com.netflix.spinnaker.fiat.shared.FiatService	dropped family (owner ruling 2026-09-12)
1.37.7	echo	fiat	GET	/_calls/fiat/authorize/{userId}/{resourceType}/{resourceName}/{authorization}	/authorize/{}/{}/{}/{}	indirect-fiat	com.netflix.spinnaker.fiat.shared.FiatService	dropped family (owner ruling 2026-09-12)
1.37.7	echo	fiat	POST	/_calls/fiat/authorize/{userId}/{resourceType}/create	/authorize/{}/{}/create	indirect-fiat	com.netflix.spinnaker.fiat.shared.FiatService	dropped family (owner ruling 2026-09-12)
1.37.7	echo	fiat	POST	/_calls/fiat/roles/sync	/roles/sync	indirect-fiat	com.netflix.spinnaker.fiat.shared.FiatService	dropped family (owner ruling 2026-09-12)
1.37.7	echo	fiat	POST	/_calls/fiat/roles/sync/serviceAccount/{serviceAccountId}	/roles/sync/serviceAccount/{}	indirect-fiat	com.netflix.spinnaker.fiat.shared.FiatService	dropped family (owner ruling 2026-09-12)
1.37.7	echo	fiat	POST	/_calls/fiat/roles/{userId}	/roles/{}	indirect-fiat	com.netflix.spinnaker.fiat.shared.FiatService	dropped family (owner ruling 2026-09-12)
1.37.7	echo	fiat	PUT	/_calls/fiat/roles/{userId}	/roles/{}	indirect-fiat	com.netflix.spinnaker.fiat.shared.FiatService	dropped family (owner ruling 2026-09-12)
1.37.7	igor	fiat	DELETE	/_calls/fiat/roles/{userId}	/roles/{}	indirect-fiat	com.netflix.spinnaker.fiat.shared.FiatService	dropped family (owner ruling 2026-09-12)
1.37.7	igor	fiat	GET	/_calls/fiat/authorize/{userId}	/authorize/{}	indirect-fiat	com.netflix.spinnaker.fiat.shared.FiatService	dropped family (owner ruling 2026-09-12)
1.37.7	igor	fiat	GET	/_calls/fiat/authorize/{userId}/{resourceType}/{resourceName}/{authorization}	/authorize/{}/{}/{}/{}	indirect-fiat	com.netflix.spinnaker.fiat.shared.FiatService	dropped family (owner ruling 2026-09-12)
1.37.7	igor	fiat	POST	/_calls/fiat/authorize/{userId}/{resourceType}/create	/authorize/{}/{}/create	indirect-fiat	com.netflix.spinnaker.fiat.shared.FiatService	dropped family (owner ruling 2026-09-12)
1.37.7	igor	fiat	POST	/_calls/fiat/roles/sync	/roles/sync	indirect-fiat	com.netflix.spinnaker.fiat.shared.FiatService	dropped family (owner ruling 2026-09-12)
1.37.7	igor	fiat	POST	/_calls/fiat/roles/sync/serviceAccount/{serviceAccountId}	/roles/sync/serviceAccount/{}	indirect-fiat	com.netflix.spinnaker.fiat.shared.FiatService	dropped family (owner ruling 2026-09-12)
1.37.7	igor	fiat	POST	/_calls/fiat/roles/{userId}	/roles/{}	indirect-fiat	com.netflix.spinnaker.fiat.shared.FiatService	dropped family (owner ruling 2026-09-12)
1.37.7	igor	fiat	PUT	/_calls/fiat/roles/{userId}	/roles/{}	indirect-fiat	com.netflix.spinnaker.fiat.shared.FiatService	dropped family (owner ruling 2026-09-12)
1.37.7	clouddriver	front50	GET	/_calls/front50/pluginInfo	/pluginInfo	kork	com.netflix.spinnaker.kork.plugins.update.internal.Front50Service	dropped family (owner ruling 2026-09-12)
1.37.7	clouddriver	front50	GET	/_calls/front50/pluginInfo/{id}	/pluginInfo/{}	kork	com.netflix.spinnaker.kork.plugins.update.internal.Front50Service	dropped family (owner ruling 2026-09-12)
1.37.7	clouddriver	front50	PUT	/_calls/front50/pluginVersions/{serverGroupName}	/pluginVersions/{}	kork	com.netflix.spinnaker.kork.plugins.update.internal.Front50Service	dropped family (owner ruling 2026-09-12)
1.37.7	echo	front50	GET	/_calls/front50/pluginInfo	/pluginInfo	kork	com.netflix.spinnaker.kork.plugins.update.internal.Front50Service	dropped family (owner ruling 2026-09-12)
1.37.7	echo	front50	GET	/_calls/front50/pluginInfo/{id}	/pluginInfo/{}	kork	com.netflix.spinnaker.kork.plugins.update.internal.Front50Service	dropped family (owner ruling 2026-09-12)
1.37.7	echo	front50	PUT	/_calls/front50/pluginVersions/{serverGroupName}	/pluginVersions/{}	kork	com.netflix.spinnaker.kork.plugins.update.internal.Front50Service	dropped family (owner ruling 2026-09-12)
1.37.7	fiat	front50	GET	/_calls/front50/pluginInfo	/pluginInfo	kork	com.netflix.spinnaker.kork.plugins.update.internal.Front50Service	dropped family (owner ruling 2026-09-12)
1.37.7	fiat	front50	GET	/_calls/front50/pluginInfo/{id}	/pluginInfo/{}	kork	com.netflix.spinnaker.kork.plugins.update.internal.Front50Service	dropped family (owner ruling 2026-09-12)
1.37.7	fiat	front50	PUT	/_calls/front50/pluginVersions/{serverGroupName}	/pluginVersions/{}	kork	com.netflix.spinnaker.kork.plugins.update.internal.Front50Service	dropped family (owner ruling 2026-09-12)
1.37.7	front50	front50	GET	/_calls/front50/pluginInfo	/pluginInfo	kork	com.netflix.spinnaker.kork.plugins.update.internal.Front50Service	dropped family (owner ruling 2026-09-12)
1.37.7	front50	front50	GET	/_calls/front50/pluginInfo/{id}	/pluginInfo/{}	kork	com.netflix.spinnaker.kork.plugins.update.internal.Front50Service	dropped family (owner ruling 2026-09-12)
1.37.7	front50	front50	PUT	/_calls/front50/pluginVersions/{serverGroupName}	/pluginVersions/{}	kork	com.netflix.spinnaker.kork.plugins.update.internal.Front50Service	dropped family (owner ruling 2026-09-12)
1.37.7	gate	front50	GET	/_calls/front50/pluginInfo/{id}	/pluginInfo/{}	kork	com.netflix.spinnaker.kork.plugins.update.internal.Front50Service	dropped family (owner ruling 2026-09-12)
1.37.7	gate	front50	PUT	/_calls/front50/pluginVersions/{serverGroupName}	/pluginVersions/{}	kork	com.netflix.spinnaker.kork.plugins.update.internal.Front50Service	dropped family (owner ruling 2026-09-12)
1.37.7	igor	front50	GET	/_calls/front50/pluginInfo/{id}	/pluginInfo/{}	kork	com.netflix.spinnaker.kork.plugins.update.internal.Front50Service	dropped family (owner ruling 2026-09-12)
1.37.7	igor	front50	PUT	/_calls/front50/pluginVersions/{serverGroupName}	/pluginVersions/{}	kork	com.netflix.spinnaker.kork.plugins.update.internal.Front50Service	dropped family (owner ruling 2026-09-12)
1.37.7	kayenta	front50	GET	/_calls/front50/pluginInfo	/pluginInfo	kork	com.netflix.spinnaker.kork.plugins.update.internal.Front50Service	dropped family (owner ruling 2026-09-12)
1.37.7	kayenta	front50	GET	/_calls/front50/pluginInfo/{id}	/pluginInfo/{}	kork	com.netflix.spinnaker.kork.plugins.update.internal.Front50Service	dropped family (owner ruling 2026-09-12)
1.37.7	kayenta	front50	PUT	/_calls/front50/pluginVersions/{serverGroupName}	/pluginVersions/{}	kork	com.netflix.spinnaker.kork.plugins.update.internal.Front50Service	dropped family (owner ruling 2026-09-12)
1.37.7	orca	front50	GET	/_calls/front50/pluginInfo	/pluginInfo	kork	com.netflix.spinnaker.kork.plugins.update.internal.Front50Service	dropped family (owner ruling 2026-09-12)
1.37.7	orca	front50	GET	/_calls/front50/pluginInfo/{id}	/pluginInfo/{}	kork	com.netflix.spinnaker.kork.plugins.update.internal.Front50Service	dropped family (owner ruling 2026-09-12)
1.37.7	orca	front50	PUT	/_calls/front50/pluginVersions/{serverGroupName}	/pluginVersions/{}	kork	com.netflix.spinnaker.kork.plugins.update.internal.Front50Service	dropped family (owner ruling 2026-09-12)
1.37.7	rosco	front50	GET	/_calls/front50/pluginInfo	/pluginInfo	kork	com.netflix.spinnaker.kork.plugins.update.internal.Front50Service	dropped family (owner ruling 2026-09-12)
1.37.7	rosco	front50	GET	/_calls/front50/pluginInfo/{id}	/pluginInfo/{}	kork	com.netflix.spinnaker.kork.plugins.update.internal.Front50Service	dropped family (owner ruling 2026-09-12)
1.37.7	rosco	front50	PUT	/_calls/front50/pluginVersions/{serverGroupName}	/pluginVersions/{}	kork	com.netflix.spinnaker.kork.plugins.update.internal.Front50Service	dropped family (owner ruling 2026-09-12)
1.37.7	echo	keel	POST	/_calls/keel/artifacts/events	/artifacts/events	out-of-mesh	com.netflix.spinnaker.echo.services.KeelService	
1.37.7	gate	keel	DELETE	/_calls/keel/application/{application}/config	/application/{}/config	out-of-mesh	com.netflix.spinnaker.gate.services.internal.KeelService	
1.37.7	gate	keel	DELETE	/_calls/keel/application/{application}/pause	/application/{}/pause	out-of-mesh	com.netflix.spinnaker.gate.services.internal.KeelService	
1.37.7	gate	keel	DELETE	/_calls/keel/application/{application}/pin/{targetEnvironment}	/application/{}/pin/{}	out-of-mesh	com.netflix.spinnaker.gate.services.internal.KeelService	
1.37.7	gate	keel	DELETE	/_calls/keel/application/{application}/veto/{targetEnvironment}/{reference}/{version}	/application/{}/veto/{}/{}/{}	out-of-mesh	com.netflix.spinnaker.gate.services.internal.KeelService	
1.37.7	gate	keel	DELETE	/_calls/keel/delivery-configs/{name}	/delivery-configs/{}	out-of-mesh	com.netflix.spinnaker.gate.services.internal.KeelService	
1.37.7	gate	keel	DELETE	/_calls/keel/resources/{name}	/resources/{}	out-of-mesh	com.netflix.spinnaker.gate.services.internal.KeelService	
1.37.7	gate	keel	DELETE	/_calls/keel/resources/{name}/pause	/resources/{}/pause	out-of-mesh	com.netflix.spinnaker.gate.services.internal.KeelService	
1.37.7	gate	keel	GET	/_calls/keel/application/{application}	/application/{}	out-of-mesh	com.netflix.spinnaker.gate.services.internal.KeelService	
1.37.7	gate	keel	GET	/_calls/keel/application/{application}/config	/application/{}/config	out-of-mesh	com.netflix.spinnaker.gate.services.internal.KeelService	
1.37.7	gate	keel	GET	/_calls/keel/application/{application}/environment/{environment}/constraints	/application/{}/environment/{}/constraints	out-of-mesh	com.netflix.spinnaker.gate.services.internal.KeelService	
1.37.7	gate	keel	GET	/_calls/keel/delivery-configs/schema	/delivery-configs/schema	out-of-mesh	com.netflix.spinnaker.gate.services.internal.KeelService	
1.37.7	gate	keel	GET	/_calls/keel/delivery-configs/{name}	/delivery-configs/{}	out-of-mesh	com.netflix.spinnaker.gate.services.internal.KeelService	
1.37.7	gate	keel	GET	/_calls/keel/delivery-configs/{name}/artifacts	/delivery-configs/{}/artifacts	out-of-mesh	com.netflix.spinnaker.gate.services.internal.KeelService	
1.37.7	gate	keel	GET	/_calls/keel/environments/{application}	/environments/{}	out-of-mesh	com.netflix.spinnaker.gate.services.internal.KeelService	
1.37.7	gate	keel	GET	/_calls/keel/export/artifact/{cloudProvider}/{account}/{clusterName}	/export/artifact/{}/{}/{}	out-of-mesh	com.netflix.spinnaker.gate.services.internal.KeelService	
1.37.7	gate	keel	GET	/_calls/keel/export/{cloudProvider}/{account}/{type}/{name}	/export/{}/{}/{}/{}	out-of-mesh	com.netflix.spinnaker.gate.services.internal.KeelService	
1.37.7	gate	keel	GET	/_calls/keel/health	/health	out-of-mesh	com.netflix.spinnaker.gate.services.internal.HealthCheckableService	
1.37.7	gate	keel	GET	/_calls/keel/installedPlugins	/installedPlugins	out-of-mesh	com.netflix.spinnaker.gate.services.internal.KeelService	
1.37.7	gate	keel	GET	/_calls/keel/reports/adoption	/reports/adoption	out-of-mesh	com.netflix.spinnaker.gate.services.internal.KeelService	
1.37.7	gate	keel	GET	/_calls/keel/reports/onboarding	/reports/onboarding	out-of-mesh	com.netflix.spinnaker.gate.services.internal.KeelService	
1.37.7	gate	keel	GET	/_calls/keel/resources/events/{name}	/resources/events/{}	out-of-mesh	com.netflix.spinnaker.gate.services.internal.KeelService	
1.37.7	gate	keel	GET	/_calls/keel/resources/{name}	/resources/{}	out-of-mesh	com.netflix.spinnaker.gate.services.internal.KeelService	
1.37.7	gate	keel	GET	/_calls/keel/resources/{name}/status	/resources/{}/status	out-of-mesh	com.netflix.spinnaker.gate.services.internal.KeelService	
1.37.7	gate	keel	POST	/_calls/keel/application/{application}/environment/{environment}/constraint	/application/{}/environment/{}/constraint	out-of-mesh	com.netflix.spinnaker.gate.services.internal.KeelService	
1.37.7	gate	keel	POST	/_calls/keel/application/{application}/environment/{environment}/verifications	/application/{}/environment/{}/verifications	out-of-mesh	com.netflix.spinnaker.gate.services.internal.KeelService	
1.37.7	gate	keel	POST	/_calls/keel/application/{application}/environment/{environment}/verifications/retry	/application/{}/environment/{}/verifications/retry	out-of-mesh	com.netflix.spinnaker.gate.services.internal.KeelService	
1.37.7	gate	keel	POST	/_calls/keel/application/{application}/mark/bad	/application/{}/mark/bad	out-of-mesh	com.netflix.spinnaker.gate.services.internal.KeelService	
1.37.7	gate	keel	POST	/_calls/keel/application/{application}/mark/good	/application/{}/mark/good	out-of-mesh	com.netflix.spinnaker.gate.services.internal.KeelService	
1.37.7	gate	keel	POST	/_calls/keel/application/{application}/pause	/application/{}/pause	out-of-mesh	com.netflix.spinnaker.gate.services.internal.KeelService	
1.37.7	gate	keel	POST	/_calls/keel/application/{application}/pin	/application/{}/pin	out-of-mesh	com.netflix.spinnaker.gate.services.internal.KeelService	
1.37.7	gate	keel	POST	/_calls/keel/application/{application}/veto	/application/{}/veto	out-of-mesh	com.netflix.spinnaker.gate.services.internal.KeelService	
1.37.7	gate	keel	POST	/_calls/keel/delivery-configs	/delivery-configs	out-of-mesh	com.netflix.spinnaker.gate.services.internal.KeelService	
1.37.7	gate	keel	POST	/_calls/keel/delivery-configs/diff	/delivery-configs/diff	out-of-mesh	com.netflix.spinnaker.gate.services.internal.KeelService	
1.37.7	gate	keel	POST	/_calls/keel/delivery-configs/validate	/delivery-configs/validate	out-of-mesh	com.netflix.spinnaker.gate.services.internal.KeelService	
1.37.7	gate	keel	POST	/_calls/keel/graphql	/graphql	out-of-mesh	com.netflix.spinnaker.gate.services.internal.KeelService	
1.37.7	gate	keel	POST	/_calls/keel/resources	/resources	out-of-mesh	com.netflix.spinnaker.gate.services.internal.KeelService	
1.37.7	gate	keel	POST	/_calls/keel/resources/diff	/resources/diff	out-of-mesh	com.netflix.spinnaker.gate.services.internal.KeelService	
1.37.7	gate	keel	POST	/_calls/keel/resources/{name}/pause	/resources/{}/pause	out-of-mesh	com.netflix.spinnaker.gate.services.internal.KeelService	
1.37.7	igor	keel	POST	/_calls/keel/artifacts/events	/artifacts/events	out-of-mesh	com.netflix.spinnaker.igor.keel.KeelService	
1.37.7	orca	keel	DELETE	/_calls/keel/application/{application}/config	/application/{}/config	out-of-mesh	com.netflix.spinnaker.orca.KeelService	
1.37.7	orca	keel	POST	/_calls/keel/delivery-configs	/delivery-configs	out-of-mesh	com.netflix.spinnaker.orca.KeelService	
1.37.7	clouddriver	front50	GET	/_calls/front50/credentials	/credentials	stale	com.netflix.spinnaker.clouddriver.core.services.Front50Service	
1.37.7	echo	front50	POST	/_calls/front50/graphql	/graphql	stale	com.netflix.spinnaker.echo.services.Front50Service	
1.37.7	gate	clouddriver	GET	/_calls/clouddriver/applications/{name}/clusters/{account}/{cluster}/{type}/loadBalancers	/applications/{}/clusters/{}/{}/{}/loadBalancers	stale	com.netflix.spinnaker.gate.services.internal.ClouddriverService	
1.37.7	gate	clouddriver	POST	/_calls/clouddriver/applications/{name}/jobs/{account}/{region}/{jobName}	/applications/{}/jobs/{}/{}/{}	stale	com.netflix.spinnaker.gate.services.internal.ClouddriverService	
1.37.7	gate	front50	GET	/_calls/front50/credentials	/credentials	stale	com.netflix.spinnaker.gate.services.internal.Front50Service	
1.37.7	gate	front50	POST	/_calls/front50/pipelines/move	/pipelines/move	stale	com.netflix.spinnaker.gate.services.internal.Front50Service	
1.37.7	gate	front50	POST	/_calls/front50/strategies/move	/strategies/move	stale	com.netflix.spinnaker.gate.services.internal.Front50Service	
1.37.7	orca	echo	GET	/_calls/echo/events/recent/{type}/{since}	/events/recent/{}/{}	stale	com.netflix.spinnaker.orca.echo.EchoService	
1.37.7	orca	front50	GET	/_calls/front50/credentials	/credentials	stale	com.netflix.spinnaker.orca.front50.Front50Service	
1.37.8	gate	clouddriver	GET	/_calls/clouddriver/health	/health	actuator	com.netflix.spinnaker.gate.services.internal.HealthCheckableService	
1.37.8	gate	clouddriver	GET	/_calls/clouddriver/installedPlugins	/installedPlugins	actuator	com.netflix.spinnaker.gate.services.internal.ClouddriverService	
1.37.8	gate	echo	GET	/_calls/echo/health	/health	actuator	com.netflix.spinnaker.gate.services.internal.HealthCheckableService	
1.37.8	gate	echo	GET	/_calls/echo/installedPlugins	/installedPlugins	actuator	com.netflix.spinnaker.gate.services.internal.EchoService	
1.37.8	gate	fiat	GET	/_calls/fiat/installedPlugins	/installedPlugins	actuator	com.netflix.spinnaker.gate.services.internal.ExtendedFiatService	
1.37.8	gate	front50	GET	/_calls/front50/health	/health	actuator	com.netflix.spinnaker.gate.services.internal.HealthCheckableService	
1.37.8	gate	front50	GET	/_calls/front50/installedPlugins	/installedPlugins	actuator	com.netflix.spinnaker.gate.services.internal.Front50Service	
1.37.8	gate	igor	GET	/_calls/igor/health	/health	actuator	com.netflix.spinnaker.gate.services.internal.HealthCheckableService	
1.37.8	gate	igor	GET	/_calls/igor/installedPlugins	/installedPlugins	actuator	com.netflix.spinnaker.gate.services.internal.IgorService	
1.37.8	gate	orca	GET	/_calls/orca/health	/health	actuator	com.netflix.spinnaker.gate.services.internal.HealthCheckableService	
1.37.8	gate	orca	GET	/_calls/orca/installedPlugins	/installedPlugins	actuator	com.netflix.spinnaker.gate.services.internal.OrcaService	
1.37.8	gate	rosco	GET	/_calls/rosco/installedPlugins	/installedPlugins	actuator	com.netflix.spinnaker.gate.services.internal.RoscoService	
1.37.8	orca	clouddriver	PUT	/_calls/clouddriver/admin/db/truncate/{namespace}	/admin/db/truncate/{}	framework	com.netflix.spinnaker.orca.clouddriver.CloudDriverCacheService	excluded by provenance: PUT /admin/db/truncate/{}
1.37.8	clouddriver	fiat	DELETE	/_calls/fiat/roles/{userId}	/roles/{}	indirect-fiat	com.netflix.spinnaker.fiat.shared.FiatService	dropped family (owner ruling 2026-09-12)
1.37.8	clouddriver	fiat	GET	/_calls/fiat/authorize/{userId}	/authorize/{}	indirect-fiat	com.netflix.spinnaker.fiat.shared.FiatService	dropped family (owner ruling 2026-09-12)
1.37.8	clouddriver	fiat	GET	/_calls/fiat/authorize/{userId}/{resourceType}/{resourceName}/{authorization}	/authorize/{}/{}/{}/{}	indirect-fiat	com.netflix.spinnaker.fiat.shared.FiatService	dropped family (owner ruling 2026-09-12)
1.37.8	clouddriver	fiat	POST	/_calls/fiat/authorize/{userId}/{resourceType}/create	/authorize/{}/{}/create	indirect-fiat	com.netflix.spinnaker.fiat.shared.FiatService	dropped family (owner ruling 2026-09-12)
1.37.8	clouddriver	fiat	POST	/_calls/fiat/roles/sync	/roles/sync	indirect-fiat	com.netflix.spinnaker.fiat.shared.FiatService	dropped family (owner ruling 2026-09-12)
1.37.8	clouddriver	fiat	POST	/_calls/fiat/roles/sync/serviceAccount/{serviceAccountId}	/roles/sync/serviceAccount/{}	indirect-fiat	com.netflix.spinnaker.fiat.shared.FiatService	dropped family (owner ruling 2026-09-12)
1.37.8	clouddriver	fiat	POST	/_calls/fiat/roles/{userId}	/roles/{}	indirect-fiat	com.netflix.spinnaker.fiat.shared.FiatService	dropped family (owner ruling 2026-09-12)
1.37.8	clouddriver	fiat	PUT	/_calls/fiat/roles/{userId}	/roles/{}	indirect-fiat	com.netflix.spinnaker.fiat.shared.FiatService	dropped family (owner ruling 2026-09-12)
1.37.8	echo	fiat	DELETE	/_calls/fiat/roles/{userId}	/roles/{}	indirect-fiat	com.netflix.spinnaker.fiat.shared.FiatService	dropped family (owner ruling 2026-09-12)
1.37.8	echo	fiat	GET	/_calls/fiat/authorize/{userId}	/authorize/{}	indirect-fiat	com.netflix.spinnaker.fiat.shared.FiatService	dropped family (owner ruling 2026-09-12)
1.37.8	echo	fiat	GET	/_calls/fiat/authorize/{userId}/{resourceType}/{resourceName}/{authorization}	/authorize/{}/{}/{}/{}	indirect-fiat	com.netflix.spinnaker.fiat.shared.FiatService	dropped family (owner ruling 2026-09-12)
1.37.8	echo	fiat	POST	/_calls/fiat/authorize/{userId}/{resourceType}/create	/authorize/{}/{}/create	indirect-fiat	com.netflix.spinnaker.fiat.shared.FiatService	dropped family (owner ruling 2026-09-12)
1.37.8	echo	fiat	POST	/_calls/fiat/roles/sync	/roles/sync	indirect-fiat	com.netflix.spinnaker.fiat.shared.FiatService	dropped family (owner ruling 2026-09-12)
1.37.8	echo	fiat	POST	/_calls/fiat/roles/sync/serviceAccount/{serviceAccountId}	/roles/sync/serviceAccount/{}	indirect-fiat	com.netflix.spinnaker.fiat.shared.FiatService	dropped family (owner ruling 2026-09-12)
1.37.8	echo	fiat	POST	/_calls/fiat/roles/{userId}	/roles/{}	indirect-fiat	com.netflix.spinnaker.fiat.shared.FiatService	dropped family (owner ruling 2026-09-12)
1.37.8	echo	fiat	PUT	/_calls/fiat/roles/{userId}	/roles/{}	indirect-fiat	com.netflix.spinnaker.fiat.shared.FiatService	dropped family (owner ruling 2026-09-12)
1.37.8	igor	fiat	DELETE	/_calls/fiat/roles/{userId}	/roles/{}	indirect-fiat	com.netflix.spinnaker.fiat.shared.FiatService	dropped family (owner ruling 2026-09-12)
1.37.8	igor	fiat	GET	/_calls/fiat/authorize/{userId}	/authorize/{}	indirect-fiat	com.netflix.spinnaker.fiat.shared.FiatService	dropped family (owner ruling 2026-09-12)
1.37.8	igor	fiat	GET	/_calls/fiat/authorize/{userId}/{resourceType}/{resourceName}/{authorization}	/authorize/{}/{}/{}/{}	indirect-fiat	com.netflix.spinnaker.fiat.shared.FiatService	dropped family (owner ruling 2026-09-12)
1.37.8	igor	fiat	POST	/_calls/fiat/authorize/{userId}/{resourceType}/create	/authorize/{}/{}/create	indirect-fiat	com.netflix.spinnaker.fiat.shared.FiatService	dropped family (owner ruling 2026-09-12)
1.37.8	igor	fiat	POST	/_calls/fiat/roles/sync	/roles/sync	indirect-fiat	com.netflix.spinnaker.fiat.shared.FiatService	dropped family (owner ruling 2026-09-12)
1.37.8	igor	fiat	POST	/_calls/fiat/roles/sync/serviceAccount/{serviceAccountId}	/roles/sync/serviceAccount/{}	indirect-fiat	com.netflix.spinnaker.fiat.shared.FiatService	dropped family (owner ruling 2026-09-12)
1.37.8	igor	fiat	POST	/_calls/fiat/roles/{userId}	/roles/{}	indirect-fiat	com.netflix.spinnaker.fiat.shared.FiatService	dropped family (owner ruling 2026-09-12)
1.37.8	igor	fiat	PUT	/_calls/fiat/roles/{userId}	/roles/{}	indirect-fiat	com.netflix.spinnaker.fiat.shared.FiatService	dropped family (owner ruling 2026-09-12)
1.37.8	clouddriver	front50	GET	/_calls/front50/pluginInfo	/pluginInfo	kork	com.netflix.spinnaker.kork.plugins.update.internal.Front50Service	dropped family (owner ruling 2026-09-12)
1.37.8	clouddriver	front50	GET	/_calls/front50/pluginInfo/{id}	/pluginInfo/{}	kork	com.netflix.spinnaker.kork.plugins.update.internal.Front50Service	dropped family (owner ruling 2026-09-12)
1.37.8	clouddriver	front50	PUT	/_calls/front50/pluginVersions/{serverGroupName}	/pluginVersions/{}	kork	com.netflix.spinnaker.kork.plugins.update.internal.Front50Service	dropped family (owner ruling 2026-09-12)
1.37.8	echo	front50	GET	/_calls/front50/pluginInfo	/pluginInfo	kork	com.netflix.spinnaker.kork.plugins.update.internal.Front50Service	dropped family (owner ruling 2026-09-12)
1.37.8	echo	front50	GET	/_calls/front50/pluginInfo/{id}	/pluginInfo/{}	kork	com.netflix.spinnaker.kork.plugins.update.internal.Front50Service	dropped family (owner ruling 2026-09-12)
1.37.8	echo	front50	PUT	/_calls/front50/pluginVersions/{serverGroupName}	/pluginVersions/{}	kork	com.netflix.spinnaker.kork.plugins.update.internal.Front50Service	dropped family (owner ruling 2026-09-12)
1.37.8	fiat	front50	GET	/_calls/front50/pluginInfo	/pluginInfo	kork	com.netflix.spinnaker.kork.plugins.update.internal.Front50Service	dropped family (owner ruling 2026-09-12)
1.37.8	fiat	front50	GET	/_calls/front50/pluginInfo/{id}	/pluginInfo/{}	kork	com.netflix.spinnaker.kork.plugins.update.internal.Front50Service	dropped family (owner ruling 2026-09-12)
1.37.8	fiat	front50	PUT	/_calls/front50/pluginVersions/{serverGroupName}	/pluginVersions/{}	kork	com.netflix.spinnaker.kork.plugins.update.internal.Front50Service	dropped family (owner ruling 2026-09-12)
1.37.8	front50	front50	GET	/_calls/front50/pluginInfo	/pluginInfo	kork	com.netflix.spinnaker.kork.plugins.update.internal.Front50Service	dropped family (owner ruling 2026-09-12)
1.37.8	front50	front50	GET	/_calls/front50/pluginInfo/{id}	/pluginInfo/{}	kork	com.netflix.spinnaker.kork.plugins.update.internal.Front50Service	dropped family (owner ruling 2026-09-12)
1.37.8	front50	front50	PUT	/_calls/front50/pluginVersions/{serverGroupName}	/pluginVersions/{}	kork	com.netflix.spinnaker.kork.plugins.update.internal.Front50Service	dropped family (owner ruling 2026-09-12)
1.37.8	gate	front50	GET	/_calls/front50/pluginInfo/{id}	/pluginInfo/{}	kork	com.netflix.spinnaker.kork.plugins.update.internal.Front50Service	dropped family (owner ruling 2026-09-12)
1.37.8	gate	front50	PUT	/_calls/front50/pluginVersions/{serverGroupName}	/pluginVersions/{}	kork	com.netflix.spinnaker.kork.plugins.update.internal.Front50Service	dropped family (owner ruling 2026-09-12)
1.37.8	igor	front50	GET	/_calls/front50/pluginInfo/{id}	/pluginInfo/{}	kork	com.netflix.spinnaker.kork.plugins.update.internal.Front50Service	dropped family (owner ruling 2026-09-12)
1.37.8	igor	front50	PUT	/_calls/front50/pluginVersions/{serverGroupName}	/pluginVersions/{}	kork	com.netflix.spinnaker.kork.plugins.update.internal.Front50Service	dropped family (owner ruling 2026-09-12)
1.37.8	kayenta	front50	GET	/_calls/front50/pluginInfo	/pluginInfo	kork	com.netflix.spinnaker.kork.plugins.update.internal.Front50Service	dropped family (owner ruling 2026-09-12)
1.37.8	kayenta	front50	GET	/_calls/front50/pluginInfo/{id}	/pluginInfo/{}	kork	com.netflix.spinnaker.kork.plugins.update.internal.Front50Service	dropped family (owner ruling 2026-09-12)
1.37.8	kayenta	front50	PUT	/_calls/front50/pluginVersions/{serverGroupName}	/pluginVersions/{}	kork	com.netflix.spinnaker.kork.plugins.update.internal.Front50Service	dropped family (owner ruling 2026-09-12)
1.37.8	orca	front50	GET	/_calls/front50/pluginInfo	/pluginInfo	kork	com.netflix.spinnaker.kork.plugins.update.internal.Front50Service	dropped family (owner ruling 2026-09-12)
1.37.8	orca	front50	GET	/_calls/front50/pluginInfo/{id}	/pluginInfo/{}	kork	com.netflix.spinnaker.kork.plugins.update.internal.Front50Service	dropped family (owner ruling 2026-09-12)
1.37.8	orca	front50	PUT	/_calls/front50/pluginVersions/{serverGroupName}	/pluginVersions/{}	kork	com.netflix.spinnaker.kork.plugins.update.internal.Front50Service	dropped family (owner ruling 2026-09-12)
1.37.8	rosco	front50	GET	/_calls/front50/pluginInfo	/pluginInfo	kork	com.netflix.spinnaker.kork.plugins.update.internal.Front50Service	dropped family (owner ruling 2026-09-12)
1.37.8	rosco	front50	GET	/_calls/front50/pluginInfo/{id}	/pluginInfo/{}	kork	com.netflix.spinnaker.kork.plugins.update.internal.Front50Service	dropped family (owner ruling 2026-09-12)
1.37.8	rosco	front50	PUT	/_calls/front50/pluginVersions/{serverGroupName}	/pluginVersions/{}	kork	com.netflix.spinnaker.kork.plugins.update.internal.Front50Service	dropped family (owner ruling 2026-09-12)
1.37.8	echo	keel	POST	/_calls/keel/artifacts/events	/artifacts/events	out-of-mesh	com.netflix.spinnaker.echo.services.KeelService	
1.37.8	gate	keel	DELETE	/_calls/keel/application/{application}/config	/application/{}/config	out-of-mesh	com.netflix.spinnaker.gate.services.internal.KeelService	
1.37.8	gate	keel	DELETE	/_calls/keel/application/{application}/pause	/application/{}/pause	out-of-mesh	com.netflix.spinnaker.gate.services.internal.KeelService	
1.37.8	gate	keel	DELETE	/_calls/keel/application/{application}/pin/{targetEnvironment}	/application/{}/pin/{}	out-of-mesh	com.netflix.spinnaker.gate.services.internal.KeelService	
1.37.8	gate	keel	DELETE	/_calls/keel/application/{application}/veto/{targetEnvironment}/{reference}/{version}	/application/{}/veto/{}/{}/{}	out-of-mesh	com.netflix.spinnaker.gate.services.internal.KeelService	
1.37.8	gate	keel	DELETE	/_calls/keel/delivery-configs/{name}	/delivery-configs/{}	out-of-mesh	com.netflix.spinnaker.gate.services.internal.KeelService	
1.37.8	gate	keel	DELETE	/_calls/keel/resources/{name}	/resources/{}	out-of-mesh	com.netflix.spinnaker.gate.services.internal.KeelService	
1.37.8	gate	keel	DELETE	/_calls/keel/resources/{name}/pause	/resources/{}/pause	out-of-mesh	com.netflix.spinnaker.gate.services.internal.KeelService	
1.37.8	gate	keel	GET	/_calls/keel/application/{application}	/application/{}	out-of-mesh	com.netflix.spinnaker.gate.services.internal.KeelService	
1.37.8	gate	keel	GET	/_calls/keel/application/{application}/config	/application/{}/config	out-of-mesh	com.netflix.spinnaker.gate.services.internal.KeelService	
1.37.8	gate	keel	GET	/_calls/keel/application/{application}/environment/{environment}/constraints	/application/{}/environment/{}/constraints	out-of-mesh	com.netflix.spinnaker.gate.services.internal.KeelService	
1.37.8	gate	keel	GET	/_calls/keel/delivery-configs/schema	/delivery-configs/schema	out-of-mesh	com.netflix.spinnaker.gate.services.internal.KeelService	
1.37.8	gate	keel	GET	/_calls/keel/delivery-configs/{name}	/delivery-configs/{}	out-of-mesh	com.netflix.spinnaker.gate.services.internal.KeelService	
1.37.8	gate	keel	GET	/_calls/keel/delivery-configs/{name}/artifacts	/delivery-configs/{}/artifacts	out-of-mesh	com.netflix.spinnaker.gate.services.internal.KeelService	
1.37.8	gate	keel	GET	/_calls/keel/environments/{application}	/environments/{}	out-of-mesh	com.netflix.spinnaker.gate.services.internal.KeelService	
1.37.8	gate	keel	GET	/_calls/keel/export/artifact/{cloudProvider}/{account}/{clusterName}	/export/artifact/{}/{}/{}	out-of-mesh	com.netflix.spinnaker.gate.services.internal.KeelService	
1.37.8	gate	keel	GET	/_calls/keel/export/{cloudProvider}/{account}/{type}/{name}	/export/{}/{}/{}/{}	out-of-mesh	com.netflix.spinnaker.gate.services.internal.KeelService	
1.37.8	gate	keel	GET	/_calls/keel/health	/health	out-of-mesh	com.netflix.spinnaker.gate.services.internal.HealthCheckableService	
1.37.8	gate	keel	GET	/_calls/keel/installedPlugins	/installedPlugins	out-of-mesh	com.netflix.spinnaker.gate.services.internal.KeelService	
1.37.8	gate	keel	GET	/_calls/keel/reports/adoption	/reports/adoption	out-of-mesh	com.netflix.spinnaker.gate.services.internal.KeelService	
1.37.8	gate	keel	GET	/_calls/keel/reports/onboarding	/reports/onboarding	out-of-mesh	com.netflix.spinnaker.gate.services.internal.KeelService	
1.37.8	gate	keel	GET	/_calls/keel/resources/events/{name}	/resources/events/{}	out-of-mesh	com.netflix.spinnaker.gate.services.internal.KeelService	
1.37.8	gate	keel	GET	/_calls/keel/resources/{name}	/resources/{}	out-of-mesh	com.netflix.spinnaker.gate.services.internal.KeelService	
1.37.8	gate	keel	GET	/_calls/keel/resources/{name}/status	/resources/{}/status	out-of-mesh	com.netflix.spinnaker.gate.services.internal.KeelService	
1.37.8	gate	keel	POST	/_calls/keel/application/{application}/environment/{environment}/constraint	/application/{}/environment/{}/constraint	out-of-mesh	com.netflix.spinnaker.gate.services.internal.KeelService	
1.37.8	gate	keel	POST	/_calls/keel/application/{application}/environment/{environment}/verifications	/application/{}/environment/{}/verifications	out-of-mesh	com.netflix.spinnaker.gate.services.internal.KeelService	
1.37.8	gate	keel	POST	/_calls/keel/application/{application}/environment/{environment}/verifications/retry	/application/{}/environment/{}/verifications/retry	out-of-mesh	com.netflix.spinnaker.gate.services.internal.KeelService	
1.37.8	gate	keel	POST	/_calls/keel/application/{application}/mark/bad	/application/{}/mark/bad	out-of-mesh	com.netflix.spinnaker.gate.services.internal.KeelService	
1.37.8	gate	keel	POST	/_calls/keel/application/{application}/mark/good	/application/{}/mark/good	out-of-mesh	com.netflix.spinnaker.gate.services.internal.KeelService	
1.37.8	gate	keel	POST	/_calls/keel/application/{application}/pause	/application/{}/pause	out-of-mesh	com.netflix.spinnaker.gate.services.internal.KeelService	
1.37.8	gate	keel	POST	/_calls/keel/application/{application}/pin	/application/{}/pin	out-of-mesh	com.netflix.spinnaker.gate.services.internal.KeelService	
1.37.8	gate	keel	POST	/_calls/keel/application/{application}/veto	/application/{}/veto	out-of-mesh	com.netflix.spinnaker.gate.services.internal.KeelService	
1.37.8	gate	keel	POST	/_calls/keel/delivery-configs	/delivery-configs	out-of-mesh	com.netflix.spinnaker.gate.services.internal.KeelService	
1.37.8	gate	keel	POST	/_calls/keel/delivery-configs/diff	/delivery-configs/diff	out-of-mesh	com.netflix.spinnaker.gate.services.internal.KeelService	
1.37.8	gate	keel	POST	/_calls/keel/delivery-configs/validate	/delivery-configs/validate	out-of-mesh	com.netflix.spinnaker.gate.services.internal.KeelService	
1.37.8	gate	keel	POST	/_calls/keel/graphql	/graphql	out-of-mesh	com.netflix.spinnaker.gate.services.internal.KeelService	
1.37.8	gate	keel	POST	/_calls/keel/resources	/resources	out-of-mesh	com.netflix.spinnaker.gate.services.internal.KeelService	
1.37.8	gate	keel	POST	/_calls/keel/resources/diff	/resources/diff	out-of-mesh	com.netflix.spinnaker.gate.services.internal.KeelService	
1.37.8	gate	keel	POST	/_calls/keel/resources/{name}/pause	/resources/{}/pause	out-of-mesh	com.netflix.spinnaker.gate.services.internal.KeelService	
1.37.8	igor	keel	POST	/_calls/keel/artifacts/events	/artifacts/events	out-of-mesh	com.netflix.spinnaker.igor.keel.KeelService	
1.37.8	orca	keel	DELETE	/_calls/keel/application/{application}/config	/application/{}/config	out-of-mesh	com.netflix.spinnaker.orca.KeelService	
1.37.8	orca	keel	POST	/_calls/keel/delivery-configs	/delivery-configs	out-of-mesh	com.netflix.spinnaker.orca.KeelService	
1.37.8	clouddriver	front50	GET	/_calls/front50/credentials	/credentials	stale	com.netflix.spinnaker.clouddriver.core.services.Front50Service	
1.37.8	echo	front50	POST	/_calls/front50/graphql	/graphql	stale	com.netflix.spinnaker.echo.services.Front50Service	
1.37.8	gate	clouddriver	GET	/_calls/clouddriver/applications/{name}/clusters/{account}/{cluster}/{type}/loadBalancers	/applications/{}/clusters/{}/{}/{}/loadBalancers	stale	com.netflix.spinnaker.gate.services.internal.ClouddriverService	
1.37.8	gate	clouddriver	POST	/_calls/clouddriver/applications/{name}/jobs/{account}/{region}/{jobName}	/applications/{}/jobs/{}/{}/{}	stale	com.netflix.spinnaker.gate.services.internal.ClouddriverService	
1.37.8	gate	front50	GET	/_calls/front50/credentials	/credentials	stale	com.netflix.spinnaker.gate.services.internal.Front50Service	
1.37.8	gate	front50	POST	/_calls/front50/pipelines/move	/pipelines/move	stale	com.netflix.spinnaker.gate.services.internal.Front50Service	
1.37.8	gate	front50	POST	/_calls/front50/strategies/move	/strategies/move	stale	com.netflix.spinnaker.gate.services.internal.Front50Service	
1.37.8	orca	echo	GET	/_calls/echo/events/recent/{type}/{since}	/events/recent/{}/{}	stale	com.netflix.spinnaker.orca.echo.EchoService	
1.37.8	orca	front50	GET	/_calls/front50/credentials	/credentials	stale	com.netflix.spinnaker.orca.front50.Front50Service	
1.37.9	gate	clouddriver	GET	/_calls/clouddriver/health	/health	actuator	com.netflix.spinnaker.gate.services.internal.HealthCheckableService	
1.37.9	gate	clouddriver	GET	/_calls/clouddriver/installedPlugins	/installedPlugins	actuator	com.netflix.spinnaker.gate.services.internal.ClouddriverService	
1.37.9	gate	echo	GET	/_calls/echo/health	/health	actuator	com.netflix.spinnaker.gate.services.internal.HealthCheckableService	
1.37.9	gate	echo	GET	/_calls/echo/installedPlugins	/installedPlugins	actuator	com.netflix.spinnaker.gate.services.internal.EchoService	
1.37.9	gate	fiat	GET	/_calls/fiat/installedPlugins	/installedPlugins	actuator	com.netflix.spinnaker.gate.services.internal.ExtendedFiatService	
1.37.9	gate	front50	GET	/_calls/front50/health	/health	actuator	com.netflix.spinnaker.gate.services.internal.HealthCheckableService	
1.37.9	gate	front50	GET	/_calls/front50/installedPlugins	/installedPlugins	actuator	com.netflix.spinnaker.gate.services.internal.Front50Service	
1.37.9	gate	igor	GET	/_calls/igor/health	/health	actuator	com.netflix.spinnaker.gate.services.internal.HealthCheckableService	
1.37.9	gate	igor	GET	/_calls/igor/installedPlugins	/installedPlugins	actuator	com.netflix.spinnaker.gate.services.internal.IgorService	
1.37.9	gate	orca	GET	/_calls/orca/health	/health	actuator	com.netflix.spinnaker.gate.services.internal.HealthCheckableService	
1.37.9	gate	orca	GET	/_calls/orca/installedPlugins	/installedPlugins	actuator	com.netflix.spinnaker.gate.services.internal.OrcaService	
1.37.9	gate	rosco	GET	/_calls/rosco/installedPlugins	/installedPlugins	actuator	com.netflix.spinnaker.gate.services.internal.RoscoService	
1.37.9	orca	clouddriver	PUT	/_calls/clouddriver/admin/db/truncate/{namespace}	/admin/db/truncate/{}	framework	com.netflix.spinnaker.orca.clouddriver.CloudDriverCacheService	excluded by provenance: PUT /admin/db/truncate/{}
1.37.9	clouddriver	fiat	DELETE	/_calls/fiat/roles/{userId}	/roles/{}	indirect-fiat	com.netflix.spinnaker.fiat.shared.FiatService	dropped family (owner ruling 2026-09-12)
1.37.9	clouddriver	fiat	GET	/_calls/fiat/authorize/{userId}	/authorize/{}	indirect-fiat	com.netflix.spinnaker.fiat.shared.FiatService	dropped family (owner ruling 2026-09-12)
1.37.9	clouddriver	fiat	GET	/_calls/fiat/authorize/{userId}/{resourceType}/{resourceName}/{authorization}	/authorize/{}/{}/{}/{}	indirect-fiat	com.netflix.spinnaker.fiat.shared.FiatService	dropped family (owner ruling 2026-09-12)
1.37.9	clouddriver	fiat	POST	/_calls/fiat/authorize/{userId}/{resourceType}/create	/authorize/{}/{}/create	indirect-fiat	com.netflix.spinnaker.fiat.shared.FiatService	dropped family (owner ruling 2026-09-12)
1.37.9	clouddriver	fiat	POST	/_calls/fiat/roles/sync	/roles/sync	indirect-fiat	com.netflix.spinnaker.fiat.shared.FiatService	dropped family (owner ruling 2026-09-12)
1.37.9	clouddriver	fiat	POST	/_calls/fiat/roles/sync/serviceAccount/{serviceAccountId}	/roles/sync/serviceAccount/{}	indirect-fiat	com.netflix.spinnaker.fiat.shared.FiatService	dropped family (owner ruling 2026-09-12)
1.37.9	clouddriver	fiat	POST	/_calls/fiat/roles/{userId}	/roles/{}	indirect-fiat	com.netflix.spinnaker.fiat.shared.FiatService	dropped family (owner ruling 2026-09-12)
1.37.9	clouddriver	fiat	PUT	/_calls/fiat/roles/{userId}	/roles/{}	indirect-fiat	com.netflix.spinnaker.fiat.shared.FiatService	dropped family (owner ruling 2026-09-12)
1.37.9	echo	fiat	DELETE	/_calls/fiat/roles/{userId}	/roles/{}	indirect-fiat	com.netflix.spinnaker.fiat.shared.FiatService	dropped family (owner ruling 2026-09-12)
1.37.9	echo	fiat	GET	/_calls/fiat/authorize/{userId}	/authorize/{}	indirect-fiat	com.netflix.spinnaker.fiat.shared.FiatService	dropped family (owner ruling 2026-09-12)
1.37.9	echo	fiat	GET	/_calls/fiat/authorize/{userId}/{resourceType}/{resourceName}/{authorization}	/authorize/{}/{}/{}/{}	indirect-fiat	com.netflix.spinnaker.fiat.shared.FiatService	dropped family (owner ruling 2026-09-12)
1.37.9	echo	fiat	POST	/_calls/fiat/authorize/{userId}/{resourceType}/create	/authorize/{}/{}/create	indirect-fiat	com.netflix.spinnaker.fiat.shared.FiatService	dropped family (owner ruling 2026-09-12)
1.37.9	echo	fiat	POST	/_calls/fiat/roles/sync	/roles/sync	indirect-fiat	com.netflix.spinnaker.fiat.shared.FiatService	dropped family (owner ruling 2026-09-12)
1.37.9	echo	fiat	POST	/_calls/fiat/roles/sync/serviceAccount/{serviceAccountId}	/roles/sync/serviceAccount/{}	indirect-fiat	com.netflix.spinnaker.fiat.shared.FiatService	dropped family (owner ruling 2026-09-12)
1.37.9	echo	fiat	POST	/_calls/fiat/roles/{userId}	/roles/{}	indirect-fiat	com.netflix.spinnaker.fiat.shared.FiatService	dropped family (owner ruling 2026-09-12)
1.37.9	echo	fiat	PUT	/_calls/fiat/roles/{userId}	/roles/{}	indirect-fiat	com.netflix.spinnaker.fiat.shared.FiatService	dropped family (owner ruling 2026-09-12)
1.37.9	igor	fiat	DELETE	/_calls/fiat/roles/{userId}	/roles/{}	indirect-fiat	com.netflix.spinnaker.fiat.shared.FiatService	dropped family (owner ruling 2026-09-12)
1.37.9	igor	fiat	GET	/_calls/fiat/authorize/{userId}	/authorize/{}	indirect-fiat	com.netflix.spinnaker.fiat.shared.FiatService	dropped family (owner ruling 2026-09-12)
1.37.9	igor	fiat	GET	/_calls/fiat/authorize/{userId}/{resourceType}/{resourceName}/{authorization}	/authorize/{}/{}/{}/{}	indirect-fiat	com.netflix.spinnaker.fiat.shared.FiatService	dropped family (owner ruling 2026-09-12)
1.37.9	igor	fiat	POST	/_calls/fiat/authorize/{userId}/{resourceType}/create	/authorize/{}/{}/create	indirect-fiat	com.netflix.spinnaker.fiat.shared.FiatService	dropped family (owner ruling 2026-09-12)
1.37.9	igor	fiat	POST	/_calls/fiat/roles/sync	/roles/sync	indirect-fiat	com.netflix.spinnaker.fiat.shared.FiatService	dropped family (owner ruling 2026-09-12)
1.37.9	igor	fiat	POST	/_calls/fiat/roles/sync/serviceAccount/{serviceAccountId}	/roles/sync/serviceAccount/{}	indirect-fiat	com.netflix.spinnaker.fiat.shared.FiatService	dropped family (owner ruling 2026-09-12)
1.37.9	igor	fiat	POST	/_calls/fiat/roles/{userId}	/roles/{}	indirect-fiat	com.netflix.spinnaker.fiat.shared.FiatService	dropped family (owner ruling 2026-09-12)
1.37.9	igor	fiat	PUT	/_calls/fiat/roles/{userId}	/roles/{}	indirect-fiat	com.netflix.spinnaker.fiat.shared.FiatService	dropped family (owner ruling 2026-09-12)
1.37.9	clouddriver	front50	GET	/_calls/front50/pluginInfo	/pluginInfo	kork	com.netflix.spinnaker.kork.plugins.update.internal.Front50Service	dropped family (owner ruling 2026-09-12)
1.37.9	clouddriver	front50	GET	/_calls/front50/pluginInfo/{id}	/pluginInfo/{}	kork	com.netflix.spinnaker.kork.plugins.update.internal.Front50Service	dropped family (owner ruling 2026-09-12)
1.37.9	clouddriver	front50	PUT	/_calls/front50/pluginVersions/{serverGroupName}	/pluginVersions/{}	kork	com.netflix.spinnaker.kork.plugins.update.internal.Front50Service	dropped family (owner ruling 2026-09-12)
1.37.9	echo	front50	GET	/_calls/front50/pluginInfo	/pluginInfo	kork	com.netflix.spinnaker.kork.plugins.update.internal.Front50Service	dropped family (owner ruling 2026-09-12)
1.37.9	echo	front50	GET	/_calls/front50/pluginInfo/{id}	/pluginInfo/{}	kork	com.netflix.spinnaker.kork.plugins.update.internal.Front50Service	dropped family (owner ruling 2026-09-12)
1.37.9	echo	front50	PUT	/_calls/front50/pluginVersions/{serverGroupName}	/pluginVersions/{}	kork	com.netflix.spinnaker.kork.plugins.update.internal.Front50Service	dropped family (owner ruling 2026-09-12)
1.37.9	fiat	front50	GET	/_calls/front50/pluginInfo	/pluginInfo	kork	com.netflix.spinnaker.kork.plugins.update.internal.Front50Service	dropped family (owner ruling 2026-09-12)
1.37.9	fiat	front50	GET	/_calls/front50/pluginInfo/{id}	/pluginInfo/{}	kork	com.netflix.spinnaker.kork.plugins.update.internal.Front50Service	dropped family (owner ruling 2026-09-12)
1.37.9	fiat	front50	PUT	/_calls/front50/pluginVersions/{serverGroupName}	/pluginVersions/{}	kork	com.netflix.spinnaker.kork.plugins.update.internal.Front50Service	dropped family (owner ruling 2026-09-12)
1.37.9	front50	front50	GET	/_calls/front50/pluginInfo	/pluginInfo	kork	com.netflix.spinnaker.kork.plugins.update.internal.Front50Service	dropped family (owner ruling 2026-09-12)
1.37.9	front50	front50	GET	/_calls/front50/pluginInfo/{id}	/pluginInfo/{}	kork	com.netflix.spinnaker.kork.plugins.update.internal.Front50Service	dropped family (owner ruling 2026-09-12)
1.37.9	front50	front50	PUT	/_calls/front50/pluginVersions/{serverGroupName}	/pluginVersions/{}	kork	com.netflix.spinnaker.kork.plugins.update.internal.Front50Service	dropped family (owner ruling 2026-09-12)
1.37.9	gate	front50	GET	/_calls/front50/pluginInfo/{id}	/pluginInfo/{}	kork	com.netflix.spinnaker.kork.plugins.update.internal.Front50Service	dropped family (owner ruling 2026-09-12)
1.37.9	gate	front50	PUT	/_calls/front50/pluginVersions/{serverGroupName}	/pluginVersions/{}	kork	com.netflix.spinnaker.kork.plugins.update.internal.Front50Service	dropped family (owner ruling 2026-09-12)
1.37.9	igor	front50	GET	/_calls/front50/pluginInfo/{id}	/pluginInfo/{}	kork	com.netflix.spinnaker.kork.plugins.update.internal.Front50Service	dropped family (owner ruling 2026-09-12)
1.37.9	igor	front50	PUT	/_calls/front50/pluginVersions/{serverGroupName}	/pluginVersions/{}	kork	com.netflix.spinnaker.kork.plugins.update.internal.Front50Service	dropped family (owner ruling 2026-09-12)
1.37.9	kayenta	front50	GET	/_calls/front50/pluginInfo	/pluginInfo	kork	com.netflix.spinnaker.kork.plugins.update.internal.Front50Service	dropped family (owner ruling 2026-09-12)
1.37.9	kayenta	front50	GET	/_calls/front50/pluginInfo/{id}	/pluginInfo/{}	kork	com.netflix.spinnaker.kork.plugins.update.internal.Front50Service	dropped family (owner ruling 2026-09-12)
1.37.9	kayenta	front50	PUT	/_calls/front50/pluginVersions/{serverGroupName}	/pluginVersions/{}	kork	com.netflix.spinnaker.kork.plugins.update.internal.Front50Service	dropped family (owner ruling 2026-09-12)
1.37.9	orca	front50	GET	/_calls/front50/pluginInfo	/pluginInfo	kork	com.netflix.spinnaker.kork.plugins.update.internal.Front50Service	dropped family (owner ruling 2026-09-12)
1.37.9	orca	front50	GET	/_calls/front50/pluginInfo/{id}	/pluginInfo/{}	kork	com.netflix.spinnaker.kork.plugins.update.internal.Front50Service	dropped family (owner ruling 2026-09-12)
1.37.9	orca	front50	PUT	/_calls/front50/pluginVersions/{serverGroupName}	/pluginVersions/{}	kork	com.netflix.spinnaker.kork.plugins.update.internal.Front50Service	dropped family (owner ruling 2026-09-12)
1.37.9	rosco	front50	GET	/_calls/front50/pluginInfo	/pluginInfo	kork	com.netflix.spinnaker.kork.plugins.update.internal.Front50Service	dropped family (owner ruling 2026-09-12)
1.37.9	rosco	front50	GET	/_calls/front50/pluginInfo/{id}	/pluginInfo/{}	kork	com.netflix.spinnaker.kork.plugins.update.internal.Front50Service	dropped family (owner ruling 2026-09-12)
1.37.9	rosco	front50	PUT	/_calls/front50/pluginVersions/{serverGroupName}	/pluginVersions/{}	kork	com.netflix.spinnaker.kork.plugins.update.internal.Front50Service	dropped family (owner ruling 2026-09-12)
1.37.9	echo	keel	POST	/_calls/keel/artifacts/events	/artifacts/events	out-of-mesh	com.netflix.spinnaker.echo.services.KeelService	
1.37.9	gate	keel	DELETE	/_calls/keel/application/{application}/config	/application/{}/config	out-of-mesh	com.netflix.spinnaker.gate.services.internal.KeelService	
1.37.9	gate	keel	DELETE	/_calls/keel/application/{application}/pause	/application/{}/pause	out-of-mesh	com.netflix.spinnaker.gate.services.internal.KeelService	
1.37.9	gate	keel	DELETE	/_calls/keel/application/{application}/pin/{targetEnvironment}	/application/{}/pin/{}	out-of-mesh	com.netflix.spinnaker.gate.services.internal.KeelService	
1.37.9	gate	keel	DELETE	/_calls/keel/application/{application}/veto/{targetEnvironment}/{reference}/{version}	/application/{}/veto/{}/{}/{}	out-of-mesh	com.netflix.spinnaker.gate.services.internal.KeelService	
1.37.9	gate	keel	DELETE	/_calls/keel/delivery-configs/{name}	/delivery-configs/{}	out-of-mesh	com.netflix.spinnaker.gate.services.internal.KeelService	
1.37.9	gate	keel	DELETE	/_calls/keel/resources/{name}	/resources/{}	out-of-mesh	com.netflix.spinnaker.gate.services.internal.KeelService	
1.37.9	gate	keel	DELETE	/_calls/keel/resources/{name}/pause	/resources/{}/pause	out-of-mesh	com.netflix.spinnaker.gate.services.internal.KeelService	
1.37.9	gate	keel	GET	/_calls/keel/application/{application}	/application/{}	out-of-mesh	com.netflix.spinnaker.gate.services.internal.KeelService	
1.37.9	gate	keel	GET	/_calls/keel/application/{application}/config	/application/{}/config	out-of-mesh	com.netflix.spinnaker.gate.services.internal.KeelService	
1.37.9	gate	keel	GET	/_calls/keel/application/{application}/environment/{environment}/constraints	/application/{}/environment/{}/constraints	out-of-mesh	com.netflix.spinnaker.gate.services.internal.KeelService	
1.37.9	gate	keel	GET	/_calls/keel/delivery-configs/schema	/delivery-configs/schema	out-of-mesh	com.netflix.spinnaker.gate.services.internal.KeelService	
1.37.9	gate	keel	GET	/_calls/keel/delivery-configs/{name}	/delivery-configs/{}	out-of-mesh	com.netflix.spinnaker.gate.services.internal.KeelService	
1.37.9	gate	keel	GET	/_calls/keel/delivery-configs/{name}/artifacts	/delivery-configs/{}/artifacts	out-of-mesh	com.netflix.spinnaker.gate.services.internal.KeelService	
1.37.9	gate	keel	GET	/_calls/keel/environments/{application}	/environments/{}	out-of-mesh	com.netflix.spinnaker.gate.services.internal.KeelService	
1.37.9	gate	keel	GET	/_calls/keel/export/artifact/{cloudProvider}/{account}/{clusterName}	/export/artifact/{}/{}/{}	out-of-mesh	com.netflix.spinnaker.gate.services.internal.KeelService	
1.37.9	gate	keel	GET	/_calls/keel/export/{cloudProvider}/{account}/{type}/{name}	/export/{}/{}/{}/{}	out-of-mesh	com.netflix.spinnaker.gate.services.internal.KeelService	
1.37.9	gate	keel	GET	/_calls/keel/health	/health	out-of-mesh	com.netflix.spinnaker.gate.services.internal.HealthCheckableService	
1.37.9	gate	keel	GET	/_calls/keel/installedPlugins	/installedPlugins	out-of-mesh	com.netflix.spinnaker.gate.services.internal.KeelService	
1.37.9	gate	keel	GET	/_calls/keel/reports/adoption	/reports/adoption	out-of-mesh	com.netflix.spinnaker.gate.services.internal.KeelService	
1.37.9	gate	keel	GET	/_calls/keel/reports/onboarding	/reports/onboarding	out-of-mesh	com.netflix.spinnaker.gate.services.internal.KeelService	
1.37.9	gate	keel	GET	/_calls/keel/resources/events/{name}	/resources/events/{}	out-of-mesh	com.netflix.spinnaker.gate.services.internal.KeelService	
1.37.9	gate	keel	GET	/_calls/keel/resources/{name}	/resources/{}	out-of-mesh	com.netflix.spinnaker.gate.services.internal.KeelService	
1.37.9	gate	keel	GET	/_calls/keel/resources/{name}/status	/resources/{}/status	out-of-mesh	com.netflix.spinnaker.gate.services.internal.KeelService	
1.37.9	gate	keel	POST	/_calls/keel/application/{application}/environment/{environment}/constraint	/application/{}/environment/{}/constraint	out-of-mesh	com.netflix.spinnaker.gate.services.internal.KeelService	
1.37.9	gate	keel	POST	/_calls/keel/application/{application}/environment/{environment}/verifications	/application/{}/environment/{}/verifications	out-of-mesh	com.netflix.spinnaker.gate.services.internal.KeelService	
1.37.9	gate	keel	POST	/_calls/keel/application/{application}/environment/{environment}/verifications/retry	/application/{}/environment/{}/verifications/retry	out-of-mesh	com.netflix.spinnaker.gate.services.internal.KeelService	
1.37.9	gate	keel	POST	/_calls/keel/application/{application}/mark/bad	/application/{}/mark/bad	out-of-mesh	com.netflix.spinnaker.gate.services.internal.KeelService	
1.37.9	gate	keel	POST	/_calls/keel/application/{application}/mark/good	/application/{}/mark/good	out-of-mesh	com.netflix.spinnaker.gate.services.internal.KeelService	
1.37.9	gate	keel	POST	/_calls/keel/application/{application}/pause	/application/{}/pause	out-of-mesh	com.netflix.spinnaker.gate.services.internal.KeelService	
1.37.9	gate	keel	POST	/_calls/keel/application/{application}/pin	/application/{}/pin	out-of-mesh	com.netflix.spinnaker.gate.services.internal.KeelService	
1.37.9	gate	keel	POST	/_calls/keel/application/{application}/veto	/application/{}/veto	out-of-mesh	com.netflix.spinnaker.gate.services.internal.KeelService	
1.37.9	gate	keel	POST	/_calls/keel/delivery-configs	/delivery-configs	out-of-mesh	com.netflix.spinnaker.gate.services.internal.KeelService	
1.37.9	gate	keel	POST	/_calls/keel/delivery-configs/diff	/delivery-configs/diff	out-of-mesh	com.netflix.spinnaker.gate.services.internal.KeelService	
1.37.9	gate	keel	POST	/_calls/keel/delivery-configs/validate	/delivery-configs/validate	out-of-mesh	com.netflix.spinnaker.gate.services.internal.KeelService	
1.37.9	gate	keel	POST	/_calls/keel/graphql	/graphql	out-of-mesh	com.netflix.spinnaker.gate.services.internal.KeelService	
1.37.9	gate	keel	POST	/_calls/keel/resources	/resources	out-of-mesh	com.netflix.spinnaker.gate.services.internal.KeelService	
1.37.9	gate	keel	POST	/_calls/keel/resources/diff	/resources/diff	out-of-mesh	com.netflix.spinnaker.gate.services.internal.KeelService	
1.37.9	gate	keel	POST	/_calls/keel/resources/{name}/pause	/resources/{}/pause	out-of-mesh	com.netflix.spinnaker.gate.services.internal.KeelService	
1.37.9	igor	keel	POST	/_calls/keel/artifacts/events	/artifacts/events	out-of-mesh	com.netflix.spinnaker.igor.keel.KeelService	
1.37.9	orca	keel	DELETE	/_calls/keel/application/{application}/config	/application/{}/config	out-of-mesh	com.netflix.spinnaker.orca.KeelService	
1.37.9	orca	keel	POST	/_calls/keel/delivery-configs	/delivery-configs	out-of-mesh	com.netflix.spinnaker.orca.KeelService	
1.37.9	clouddriver	front50	GET	/_calls/front50/credentials	/credentials	stale	com.netflix.spinnaker.clouddriver.core.services.Front50Service	
1.37.9	echo	front50	POST	/_calls/front50/graphql	/graphql	stale	com.netflix.spinnaker.echo.services.Front50Service	
1.37.9	gate	clouddriver	GET	/_calls/clouddriver/applications/{name}/clusters/{account}/{cluster}/{type}/loadBalancers	/applications/{}/clusters/{}/{}/{}/loadBalancers	stale	com.netflix.spinnaker.gate.services.internal.ClouddriverService	
1.37.9	gate	clouddriver	POST	/_calls/clouddriver/applications/{name}/jobs/{account}/{region}/{jobName}	/applications/{}/jobs/{}/{}/{}	stale	com.netflix.spinnaker.gate.services.internal.ClouddriverService	
1.37.9	gate	front50	GET	/_calls/front50/credentials	/credentials	stale	com.netflix.spinnaker.gate.services.internal.Front50Service	
1.37.9	gate	front50	POST	/_calls/front50/pipelines/move	/pipelines/move	stale	com.netflix.spinnaker.gate.services.internal.Front50Service	
1.37.9	gate	front50	POST	/_calls/front50/strategies/move	/strategies/move	stale	com.netflix.spinnaker.gate.services.internal.Front50Service	
1.37.9	orca	echo	GET	/_calls/echo/events/recent/{type}/{since}	/events/recent/{}/{}	stale	com.netflix.spinnaker.orca.echo.EchoService	
1.37.9	orca	front50	GET	/_calls/front50/credentials	/credentials	stale	com.netflix.spinnaker.orca.front50.Front50Service	
1.37.10	gate	clouddriver	GET	/_calls/clouddriver/health	/health	actuator	com.netflix.spinnaker.gate.services.internal.HealthCheckableService	
1.37.10	gate	clouddriver	GET	/_calls/clouddriver/installedPlugins	/installedPlugins	actuator	com.netflix.spinnaker.gate.services.internal.ClouddriverService	
1.37.10	gate	echo	GET	/_calls/echo/health	/health	actuator	com.netflix.spinnaker.gate.services.internal.HealthCheckableService	
1.37.10	gate	echo	GET	/_calls/echo/installedPlugins	/installedPlugins	actuator	com.netflix.spinnaker.gate.services.internal.EchoService	
1.37.10	gate	fiat	GET	/_calls/fiat/installedPlugins	/installedPlugins	actuator	com.netflix.spinnaker.gate.services.internal.ExtendedFiatService	
1.37.10	gate	front50	GET	/_calls/front50/health	/health	actuator	com.netflix.spinnaker.gate.services.internal.HealthCheckableService	
1.37.10	gate	front50	GET	/_calls/front50/installedPlugins	/installedPlugins	actuator	com.netflix.spinnaker.gate.services.internal.Front50Service	
1.37.10	gate	igor	GET	/_calls/igor/health	/health	actuator	com.netflix.spinnaker.gate.services.internal.HealthCheckableService	
1.37.10	gate	igor	GET	/_calls/igor/installedPlugins	/installedPlugins	actuator	com.netflix.spinnaker.gate.services.internal.IgorService	
1.37.10	gate	orca	GET	/_calls/orca/health	/health	actuator	com.netflix.spinnaker.gate.services.internal.HealthCheckableService	
1.37.10	gate	orca	GET	/_calls/orca/installedPlugins	/installedPlugins	actuator	com.netflix.spinnaker.gate.services.internal.OrcaService	
1.37.10	gate	rosco	GET	/_calls/rosco/installedPlugins	/installedPlugins	actuator	com.netflix.spinnaker.gate.services.internal.RoscoService	
1.37.10	orca	clouddriver	PUT	/_calls/clouddriver/admin/db/truncate/{namespace}	/admin/db/truncate/{}	framework	com.netflix.spinnaker.orca.clouddriver.CloudDriverCacheService	excluded by provenance: PUT /admin/db/truncate/{}
1.37.10	clouddriver	fiat	DELETE	/_calls/fiat/roles/{userId}	/roles/{}	indirect-fiat	com.netflix.spinnaker.fiat.shared.FiatService	dropped family (owner ruling 2026-09-12)
1.37.10	clouddriver	fiat	GET	/_calls/fiat/authorize/{userId}	/authorize/{}	indirect-fiat	com.netflix.spinnaker.fiat.shared.FiatService	dropped family (owner ruling 2026-09-12)
1.37.10	clouddriver	fiat	GET	/_calls/fiat/authorize/{userId}/{resourceType}/{resourceName}/{authorization}	/authorize/{}/{}/{}/{}	indirect-fiat	com.netflix.spinnaker.fiat.shared.FiatService	dropped family (owner ruling 2026-09-12)
1.37.10	clouddriver	fiat	POST	/_calls/fiat/authorize/{userId}/{resourceType}/create	/authorize/{}/{}/create	indirect-fiat	com.netflix.spinnaker.fiat.shared.FiatService	dropped family (owner ruling 2026-09-12)
1.37.10	clouddriver	fiat	POST	/_calls/fiat/roles/sync	/roles/sync	indirect-fiat	com.netflix.spinnaker.fiat.shared.FiatService	dropped family (owner ruling 2026-09-12)
1.37.10	clouddriver	fiat	POST	/_calls/fiat/roles/sync/serviceAccount/{serviceAccountId}	/roles/sync/serviceAccount/{}	indirect-fiat	com.netflix.spinnaker.fiat.shared.FiatService	dropped family (owner ruling 2026-09-12)
1.37.10	clouddriver	fiat	POST	/_calls/fiat/roles/{userId}	/roles/{}	indirect-fiat	com.netflix.spinnaker.fiat.shared.FiatService	dropped family (owner ruling 2026-09-12)
1.37.10	clouddriver	fiat	PUT	/_calls/fiat/roles/{userId}	/roles/{}	indirect-fiat	com.netflix.spinnaker.fiat.shared.FiatService	dropped family (owner ruling 2026-09-12)
1.37.10	echo	fiat	DELETE	/_calls/fiat/roles/{userId}	/roles/{}	indirect-fiat	com.netflix.spinnaker.fiat.shared.FiatService	dropped family (owner ruling 2026-09-12)
1.37.10	echo	fiat	GET	/_calls/fiat/authorize/{userId}	/authorize/{}	indirect-fiat	com.netflix.spinnaker.fiat.shared.FiatService	dropped family (owner ruling 2026-09-12)
1.37.10	echo	fiat	GET	/_calls/fiat/authorize/{userId}/{resourceType}/{resourceName}/{authorization}	/authorize/{}/{}/{}/{}	indirect-fiat	com.netflix.spinnaker.fiat.shared.FiatService	dropped family (owner ruling 2026-09-12)
1.37.10	echo	fiat	POST	/_calls/fiat/authorize/{userId}/{resourceType}/create	/authorize/{}/{}/create	indirect-fiat	com.netflix.spinnaker.fiat.shared.FiatService	dropped family (owner ruling 2026-09-12)
1.37.10	echo	fiat	POST	/_calls/fiat/roles/sync	/roles/sync	indirect-fiat	com.netflix.spinnaker.fiat.shared.FiatService	dropped family (owner ruling 2026-09-12)
1.37.10	echo	fiat	POST	/_calls/fiat/roles/sync/serviceAccount/{serviceAccountId}	/roles/sync/serviceAccount/{}	indirect-fiat	com.netflix.spinnaker.fiat.shared.FiatService	dropped family (owner ruling 2026-09-12)
1.37.10	echo	fiat	POST	/_calls/fiat/roles/{userId}	/roles/{}	indirect-fiat	com.netflix.spinnaker.fiat.shared.FiatService	dropped family (owner ruling 2026-09-12)
1.37.10	echo	fiat	PUT	/_calls/fiat/roles/{userId}	/roles/{}	indirect-fiat	com.netflix.spinnaker.fiat.shared.FiatService	dropped family (owner ruling 2026-09-12)
1.37.10	igor	fiat	DELETE	/_calls/fiat/roles/{userId}	/roles/{}	indirect-fiat	com.netflix.spinnaker.fiat.shared.FiatService	dropped family (owner ruling 2026-09-12)
1.37.10	igor	fiat	GET	/_calls/fiat/authorize/{userId}	/authorize/{}	indirect-fiat	com.netflix.spinnaker.fiat.shared.FiatService	dropped family (owner ruling 2026-09-12)
1.37.10	igor	fiat	GET	/_calls/fiat/authorize/{userId}/{resourceType}/{resourceName}/{authorization}	/authorize/{}/{}/{}/{}	indirect-fiat	com.netflix.spinnaker.fiat.shared.FiatService	dropped family (owner ruling 2026-09-12)
1.37.10	igor	fiat	POST	/_calls/fiat/authorize/{userId}/{resourceType}/create	/authorize/{}/{}/create	indirect-fiat	com.netflix.spinnaker.fiat.shared.FiatService	dropped family (owner ruling 2026-09-12)
1.37.10	igor	fiat	POST	/_calls/fiat/roles/sync	/roles/sync	indirect-fiat	com.netflix.spinnaker.fiat.shared.FiatService	dropped family (owner ruling 2026-09-12)
1.37.10	igor	fiat	POST	/_calls/fiat/roles/sync/serviceAccount/{serviceAccountId}	/roles/sync/serviceAccount/{}	indirect-fiat	com.netflix.spinnaker.fiat.shared.FiatService	dropped family (owner ruling 2026-09-12)
1.37.10	igor	fiat	POST	/_calls/fiat/roles/{userId}	/roles/{}	indirect-fiat	com.netflix.spinnaker.fiat.shared.FiatService	dropped family (owner ruling 2026-09-12)
1.37.10	igor	fiat	PUT	/_calls/fiat/roles/{userId}	/roles/{}	indirect-fiat	com.netflix.spinnaker.fiat.shared.FiatService	dropped family (owner ruling 2026-09-12)
1.37.10	clouddriver	front50	GET	/_calls/front50/pluginInfo	/pluginInfo	kork	com.netflix.spinnaker.kork.plugins.update.internal.Front50Service	dropped family (owner ruling 2026-09-12)
1.37.10	clouddriver	front50	GET	/_calls/front50/pluginInfo/{id}	/pluginInfo/{}	kork	com.netflix.spinnaker.kork.plugins.update.internal.Front50Service	dropped family (owner ruling 2026-09-12)
1.37.10	clouddriver	front50	PUT	/_calls/front50/pluginVersions/{serverGroupName}	/pluginVersions/{}	kork	com.netflix.spinnaker.kork.plugins.update.internal.Front50Service	dropped family (owner ruling 2026-09-12)
1.37.10	echo	front50	GET	/_calls/front50/pluginInfo	/pluginInfo	kork	com.netflix.spinnaker.kork.plugins.update.internal.Front50Service	dropped family (owner ruling 2026-09-12)
1.37.10	echo	front50	GET	/_calls/front50/pluginInfo/{id}	/pluginInfo/{}	kork	com.netflix.spinnaker.kork.plugins.update.internal.Front50Service	dropped family (owner ruling 2026-09-12)
1.37.10	echo	front50	PUT	/_calls/front50/pluginVersions/{serverGroupName}	/pluginVersions/{}	kork	com.netflix.spinnaker.kork.plugins.update.internal.Front50Service	dropped family (owner ruling 2026-09-12)
1.37.10	fiat	front50	GET	/_calls/front50/pluginInfo	/pluginInfo	kork	com.netflix.spinnaker.kork.plugins.update.internal.Front50Service	dropped family (owner ruling 2026-09-12)
1.37.10	fiat	front50	GET	/_calls/front50/pluginInfo/{id}	/pluginInfo/{}	kork	com.netflix.spinnaker.kork.plugins.update.internal.Front50Service	dropped family (owner ruling 2026-09-12)
1.37.10	fiat	front50	PUT	/_calls/front50/pluginVersions/{serverGroupName}	/pluginVersions/{}	kork	com.netflix.spinnaker.kork.plugins.update.internal.Front50Service	dropped family (owner ruling 2026-09-12)
1.37.10	front50	front50	GET	/_calls/front50/pluginInfo	/pluginInfo	kork	com.netflix.spinnaker.kork.plugins.update.internal.Front50Service	dropped family (owner ruling 2026-09-12)
1.37.10	front50	front50	GET	/_calls/front50/pluginInfo/{id}	/pluginInfo/{}	kork	com.netflix.spinnaker.kork.plugins.update.internal.Front50Service	dropped family (owner ruling 2026-09-12)
1.37.10	front50	front50	PUT	/_calls/front50/pluginVersions/{serverGroupName}	/pluginVersions/{}	kork	com.netflix.spinnaker.kork.plugins.update.internal.Front50Service	dropped family (owner ruling 2026-09-12)
1.37.10	gate	front50	GET	/_calls/front50/pluginInfo/{id}	/pluginInfo/{}	kork	com.netflix.spinnaker.kork.plugins.update.internal.Front50Service	dropped family (owner ruling 2026-09-12)
1.37.10	gate	front50	PUT	/_calls/front50/pluginVersions/{serverGroupName}	/pluginVersions/{}	kork	com.netflix.spinnaker.kork.plugins.update.internal.Front50Service	dropped family (owner ruling 2026-09-12)
1.37.10	igor	front50	GET	/_calls/front50/pluginInfo/{id}	/pluginInfo/{}	kork	com.netflix.spinnaker.kork.plugins.update.internal.Front50Service	dropped family (owner ruling 2026-09-12)
1.37.10	igor	front50	PUT	/_calls/front50/pluginVersions/{serverGroupName}	/pluginVersions/{}	kork	com.netflix.spinnaker.kork.plugins.update.internal.Front50Service	dropped family (owner ruling 2026-09-12)
1.37.10	kayenta	front50	GET	/_calls/front50/pluginInfo	/pluginInfo	kork	com.netflix.spinnaker.kork.plugins.update.internal.Front50Service	dropped family (owner ruling 2026-09-12)
1.37.10	kayenta	front50	GET	/_calls/front50/pluginInfo/{id}	/pluginInfo/{}	kork	com.netflix.spinnaker.kork.plugins.update.internal.Front50Service	dropped family (owner ruling 2026-09-12)
1.37.10	kayenta	front50	PUT	/_calls/front50/pluginVersions/{serverGroupName}	/pluginVersions/{}	kork	com.netflix.spinnaker.kork.plugins.update.internal.Front50Service	dropped family (owner ruling 2026-09-12)
1.37.10	orca	front50	GET	/_calls/front50/pluginInfo	/pluginInfo	kork	com.netflix.spinnaker.kork.plugins.update.internal.Front50Service	dropped family (owner ruling 2026-09-12)
1.37.10	orca	front50	GET	/_calls/front50/pluginInfo/{id}	/pluginInfo/{}	kork	com.netflix.spinnaker.kork.plugins.update.internal.Front50Service	dropped family (owner ruling 2026-09-12)
1.37.10	orca	front50	PUT	/_calls/front50/pluginVersions/{serverGroupName}	/pluginVersions/{}	kork	com.netflix.spinnaker.kork.plugins.update.internal.Front50Service	dropped family (owner ruling 2026-09-12)
1.37.10	rosco	front50	GET	/_calls/front50/pluginInfo	/pluginInfo	kork	com.netflix.spinnaker.kork.plugins.update.internal.Front50Service	dropped family (owner ruling 2026-09-12)
1.37.10	rosco	front50	GET	/_calls/front50/pluginInfo/{id}	/pluginInfo/{}	kork	com.netflix.spinnaker.kork.plugins.update.internal.Front50Service	dropped family (owner ruling 2026-09-12)
1.37.10	rosco	front50	PUT	/_calls/front50/pluginVersions/{serverGroupName}	/pluginVersions/{}	kork	com.netflix.spinnaker.kork.plugins.update.internal.Front50Service	dropped family (owner ruling 2026-09-12)
1.37.10	echo	keel	POST	/_calls/keel/artifacts/events	/artifacts/events	out-of-mesh	com.netflix.spinnaker.echo.services.KeelService	
1.37.10	gate	keel	DELETE	/_calls/keel/application/{application}/config	/application/{}/config	out-of-mesh	com.netflix.spinnaker.gate.services.internal.KeelService	
1.37.10	gate	keel	DELETE	/_calls/keel/application/{application}/pause	/application/{}/pause	out-of-mesh	com.netflix.spinnaker.gate.services.internal.KeelService	
1.37.10	gate	keel	DELETE	/_calls/keel/application/{application}/pin/{targetEnvironment}	/application/{}/pin/{}	out-of-mesh	com.netflix.spinnaker.gate.services.internal.KeelService	
1.37.10	gate	keel	DELETE	/_calls/keel/application/{application}/veto/{targetEnvironment}/{reference}/{version}	/application/{}/veto/{}/{}/{}	out-of-mesh	com.netflix.spinnaker.gate.services.internal.KeelService	
1.37.10	gate	keel	DELETE	/_calls/keel/delivery-configs/{name}	/delivery-configs/{}	out-of-mesh	com.netflix.spinnaker.gate.services.internal.KeelService	
1.37.10	gate	keel	DELETE	/_calls/keel/resources/{name}	/resources/{}	out-of-mesh	com.netflix.spinnaker.gate.services.internal.KeelService	
1.37.10	gate	keel	DELETE	/_calls/keel/resources/{name}/pause	/resources/{}/pause	out-of-mesh	com.netflix.spinnaker.gate.services.internal.KeelService	
1.37.10	gate	keel	GET	/_calls/keel/application/{application}	/application/{}	out-of-mesh	com.netflix.spinnaker.gate.services.internal.KeelService	
1.37.10	gate	keel	GET	/_calls/keel/application/{application}/config	/application/{}/config	out-of-mesh	com.netflix.spinnaker.gate.services.internal.KeelService	
1.37.10	gate	keel	GET	/_calls/keel/application/{application}/environment/{environment}/constraints	/application/{}/environment/{}/constraints	out-of-mesh	com.netflix.spinnaker.gate.services.internal.KeelService	
1.37.10	gate	keel	GET	/_calls/keel/delivery-configs/schema	/delivery-configs/schema	out-of-mesh	com.netflix.spinnaker.gate.services.internal.KeelService	
1.37.10	gate	keel	GET	/_calls/keel/delivery-configs/{name}	/delivery-configs/{}	out-of-mesh	com.netflix.spinnaker.gate.services.internal.KeelService	
1.37.10	gate	keel	GET	/_calls/keel/delivery-configs/{name}/artifacts	/delivery-configs/{}/artifacts	out-of-mesh	com.netflix.spinnaker.gate.services.internal.KeelService	
1.37.10	gate	keel	GET	/_calls/keel/environments/{application}	/environments/{}	out-of-mesh	com.netflix.spinnaker.gate.services.internal.KeelService	
1.37.10	gate	keel	GET	/_calls/keel/export/artifact/{cloudProvider}/{account}/{clusterName}	/export/artifact/{}/{}/{}	out-of-mesh	com.netflix.spinnaker.gate.services.internal.KeelService	
1.37.10	gate	keel	GET	/_calls/keel/export/{cloudProvider}/{account}/{type}/{name}	/export/{}/{}/{}/{}	out-of-mesh	com.netflix.spinnaker.gate.services.internal.KeelService	
1.37.10	gate	keel	GET	/_calls/keel/health	/health	out-of-mesh	com.netflix.spinnaker.gate.services.internal.HealthCheckableService	
1.37.10	gate	keel	GET	/_calls/keel/installedPlugins	/installedPlugins	out-of-mesh	com.netflix.spinnaker.gate.services.internal.KeelService	
1.37.10	gate	keel	GET	/_calls/keel/reports/adoption	/reports/adoption	out-of-mesh	com.netflix.spinnaker.gate.services.internal.KeelService	
1.37.10	gate	keel	GET	/_calls/keel/reports/onboarding	/reports/onboarding	out-of-mesh	com.netflix.spinnaker.gate.services.internal.KeelService	
1.37.10	gate	keel	GET	/_calls/keel/resources/events/{name}	/resources/events/{}	out-of-mesh	com.netflix.spinnaker.gate.services.internal.KeelService	
1.37.10	gate	keel	GET	/_calls/keel/resources/{name}	/resources/{}	out-of-mesh	com.netflix.spinnaker.gate.services.internal.KeelService	
1.37.10	gate	keel	GET	/_calls/keel/resources/{name}/status	/resources/{}/status	out-of-mesh	com.netflix.spinnaker.gate.services.internal.KeelService	
1.37.10	gate	keel	POST	/_calls/keel/application/{application}/environment/{environment}/constraint	/application/{}/environment/{}/constraint	out-of-mesh	com.netflix.spinnaker.gate.services.internal.KeelService	
1.37.10	gate	keel	POST	/_calls/keel/application/{application}/environment/{environment}/verifications	/application/{}/environment/{}/verifications	out-of-mesh	com.netflix.spinnaker.gate.services.internal.KeelService	
1.37.10	gate	keel	POST	/_calls/keel/application/{application}/environment/{environment}/verifications/retry	/application/{}/environment/{}/verifications/retry	out-of-mesh	com.netflix.spinnaker.gate.services.internal.KeelService	
1.37.10	gate	keel	POST	/_calls/keel/application/{application}/mark/bad	/application/{}/mark/bad	out-of-mesh	com.netflix.spinnaker.gate.services.internal.KeelService	
1.37.10	gate	keel	POST	/_calls/keel/application/{application}/mark/good	/application/{}/mark/good	out-of-mesh	com.netflix.spinnaker.gate.services.internal.KeelService	
1.37.10	gate	keel	POST	/_calls/keel/application/{application}/pause	/application/{}/pause	out-of-mesh	com.netflix.spinnaker.gate.services.internal.KeelService	
1.37.10	gate	keel	POST	/_calls/keel/application/{application}/pin	/application/{}/pin	out-of-mesh	com.netflix.spinnaker.gate.services.internal.KeelService	
1.37.10	gate	keel	POST	/_calls/keel/application/{application}/veto	/application/{}/veto	out-of-mesh	com.netflix.spinnaker.gate.services.internal.KeelService	
1.37.10	gate	keel	POST	/_calls/keel/delivery-configs	/delivery-configs	out-of-mesh	com.netflix.spinnaker.gate.services.internal.KeelService	
1.37.10	gate	keel	POST	/_calls/keel/delivery-configs/diff	/delivery-configs/diff	out-of-mesh	com.netflix.spinnaker.gate.services.internal.KeelService	
1.37.10	gate	keel	POST	/_calls/keel/delivery-configs/validate	/delivery-configs/validate	out-of-mesh	com.netflix.spinnaker.gate.services.internal.KeelService	
1.37.10	gate	keel	POST	/_calls/keel/graphql	/graphql	out-of-mesh	com.netflix.spinnaker.gate.services.internal.KeelService	
1.37.10	gate	keel	POST	/_calls/keel/resources	/resources	out-of-mesh	com.netflix.spinnaker.gate.services.internal.KeelService	
1.37.10	gate	keel	POST	/_calls/keel/resources/diff	/resources/diff	out-of-mesh	com.netflix.spinnaker.gate.services.internal.KeelService	
1.37.10	gate	keel	POST	/_calls/keel/resources/{name}/pause	/resources/{}/pause	out-of-mesh	com.netflix.spinnaker.gate.services.internal.KeelService	
1.37.10	igor	keel	POST	/_calls/keel/artifacts/events	/artifacts/events	out-of-mesh	com.netflix.spinnaker.igor.keel.KeelService	
1.37.10	orca	keel	DELETE	/_calls/keel/application/{application}/config	/application/{}/config	out-of-mesh	com.netflix.spinnaker.orca.KeelService	
1.37.10	orca	keel	POST	/_calls/keel/delivery-configs	/delivery-configs	out-of-mesh	com.netflix.spinnaker.orca.KeelService	
1.37.10	clouddriver	front50	GET	/_calls/front50/credentials	/credentials	stale	com.netflix.spinnaker.clouddriver.core.services.Front50Service	
1.37.10	echo	front50	POST	/_calls/front50/graphql	/graphql	stale	com.netflix.spinnaker.echo.services.Front50Service	
1.37.10	gate	clouddriver	GET	/_calls/clouddriver/applications/{name}/clusters/{account}/{cluster}/{type}/loadBalancers	/applications/{}/clusters/{}/{}/{}/loadBalancers	stale	com.netflix.spinnaker.gate.services.internal.ClouddriverService	
1.37.10	gate	clouddriver	POST	/_calls/clouddriver/applications/{name}/jobs/{account}/{region}/{jobName}	/applications/{}/jobs/{}/{}/{}	stale	com.netflix.spinnaker.gate.services.internal.ClouddriverService	
1.37.10	gate	front50	GET	/_calls/front50/credentials	/credentials	stale	com.netflix.spinnaker.gate.services.internal.Front50Service	
1.37.10	gate	front50	POST	/_calls/front50/pipelines/move	/pipelines/move	stale	com.netflix.spinnaker.gate.services.internal.Front50Service	
1.37.10	gate	front50	POST	/_calls/front50/strategies/move	/strategies/move	stale	com.netflix.spinnaker.gate.services.internal.Front50Service	
1.37.10	orca	echo	GET	/_calls/echo/events/recent/{type}/{since}	/events/recent/{}/{}	stale	com.netflix.spinnaker.orca.echo.EchoService	
1.37.10	orca	front50	GET	/_calls/front50/credentials	/credentials	stale	com.netflix.spinnaker.orca.front50.Front50Service	
1.37.11	gate	clouddriver	GET	/_calls/clouddriver/health	/health	actuator	com.netflix.spinnaker.gate.services.internal.HealthCheckableService	
1.37.11	gate	clouddriver	GET	/_calls/clouddriver/installedPlugins	/installedPlugins	actuator	com.netflix.spinnaker.gate.services.internal.ClouddriverService	
1.37.11	gate	echo	GET	/_calls/echo/health	/health	actuator	com.netflix.spinnaker.gate.services.internal.HealthCheckableService	
1.37.11	gate	echo	GET	/_calls/echo/installedPlugins	/installedPlugins	actuator	com.netflix.spinnaker.gate.services.internal.EchoService	
1.37.11	gate	fiat	GET	/_calls/fiat/installedPlugins	/installedPlugins	actuator	com.netflix.spinnaker.gate.services.internal.ExtendedFiatService	
1.37.11	gate	front50	GET	/_calls/front50/health	/health	actuator	com.netflix.spinnaker.gate.services.internal.HealthCheckableService	
1.37.11	gate	front50	GET	/_calls/front50/installedPlugins	/installedPlugins	actuator	com.netflix.spinnaker.gate.services.internal.Front50Service	
1.37.11	gate	igor	GET	/_calls/igor/health	/health	actuator	com.netflix.spinnaker.gate.services.internal.HealthCheckableService	
1.37.11	gate	igor	GET	/_calls/igor/installedPlugins	/installedPlugins	actuator	com.netflix.spinnaker.gate.services.internal.IgorService	
1.37.11	gate	orca	GET	/_calls/orca/health	/health	actuator	com.netflix.spinnaker.gate.services.internal.HealthCheckableService	
1.37.11	gate	orca	GET	/_calls/orca/installedPlugins	/installedPlugins	actuator	com.netflix.spinnaker.gate.services.internal.OrcaService	
1.37.11	gate	rosco	GET	/_calls/rosco/installedPlugins	/installedPlugins	actuator	com.netflix.spinnaker.gate.services.internal.RoscoService	
1.37.11	orca	clouddriver	PUT	/_calls/clouddriver/admin/db/truncate/{namespace}	/admin/db/truncate/{}	framework	com.netflix.spinnaker.orca.clouddriver.CloudDriverCacheService	excluded by provenance: PUT /admin/db/truncate/{}
1.37.11	clouddriver	fiat	DELETE	/_calls/fiat/roles/{userId}	/roles/{}	indirect-fiat	com.netflix.spinnaker.fiat.shared.FiatService	dropped family (owner ruling 2026-09-12)
1.37.11	clouddriver	fiat	GET	/_calls/fiat/authorize/{userId}	/authorize/{}	indirect-fiat	com.netflix.spinnaker.fiat.shared.FiatService	dropped family (owner ruling 2026-09-12)
1.37.11	clouddriver	fiat	GET	/_calls/fiat/authorize/{userId}/{resourceType}/{resourceName}/{authorization}	/authorize/{}/{}/{}/{}	indirect-fiat	com.netflix.spinnaker.fiat.shared.FiatService	dropped family (owner ruling 2026-09-12)
1.37.11	clouddriver	fiat	POST	/_calls/fiat/authorize/{userId}/{resourceType}/create	/authorize/{}/{}/create	indirect-fiat	com.netflix.spinnaker.fiat.shared.FiatService	dropped family (owner ruling 2026-09-12)
1.37.11	clouddriver	fiat	POST	/_calls/fiat/roles/sync	/roles/sync	indirect-fiat	com.netflix.spinnaker.fiat.shared.FiatService	dropped family (owner ruling 2026-09-12)
1.37.11	clouddriver	fiat	POST	/_calls/fiat/roles/sync/serviceAccount/{serviceAccountId}	/roles/sync/serviceAccount/{}	indirect-fiat	com.netflix.spinnaker.fiat.shared.FiatService	dropped family (owner ruling 2026-09-12)
1.37.11	clouddriver	fiat	POST	/_calls/fiat/roles/{userId}	/roles/{}	indirect-fiat	com.netflix.spinnaker.fiat.shared.FiatService	dropped family (owner ruling 2026-09-12)
1.37.11	clouddriver	fiat	PUT	/_calls/fiat/roles/{userId}	/roles/{}	indirect-fiat	com.netflix.spinnaker.fiat.shared.FiatService	dropped family (owner ruling 2026-09-12)
1.37.11	echo	fiat	DELETE	/_calls/fiat/roles/{userId}	/roles/{}	indirect-fiat	com.netflix.spinnaker.fiat.shared.FiatService	dropped family (owner ruling 2026-09-12)
1.37.11	echo	fiat	GET	/_calls/fiat/authorize/{userId}	/authorize/{}	indirect-fiat	com.netflix.spinnaker.fiat.shared.FiatService	dropped family (owner ruling 2026-09-12)
1.37.11	echo	fiat	GET	/_calls/fiat/authorize/{userId}/{resourceType}/{resourceName}/{authorization}	/authorize/{}/{}/{}/{}	indirect-fiat	com.netflix.spinnaker.fiat.shared.FiatService	dropped family (owner ruling 2026-09-12)
1.37.11	echo	fiat	POST	/_calls/fiat/authorize/{userId}/{resourceType}/create	/authorize/{}/{}/create	indirect-fiat	com.netflix.spinnaker.fiat.shared.FiatService	dropped family (owner ruling 2026-09-12)
1.37.11	echo	fiat	POST	/_calls/fiat/roles/sync	/roles/sync	indirect-fiat	com.netflix.spinnaker.fiat.shared.FiatService	dropped family (owner ruling 2026-09-12)
1.37.11	echo	fiat	POST	/_calls/fiat/roles/sync/serviceAccount/{serviceAccountId}	/roles/sync/serviceAccount/{}	indirect-fiat	com.netflix.spinnaker.fiat.shared.FiatService	dropped family (owner ruling 2026-09-12)
1.37.11	echo	fiat	POST	/_calls/fiat/roles/{userId}	/roles/{}	indirect-fiat	com.netflix.spinnaker.fiat.shared.FiatService	dropped family (owner ruling 2026-09-12)
1.37.11	echo	fiat	PUT	/_calls/fiat/roles/{userId}	/roles/{}	indirect-fiat	com.netflix.spinnaker.fiat.shared.FiatService	dropped family (owner ruling 2026-09-12)
1.37.11	igor	fiat	DELETE	/_calls/fiat/roles/{userId}	/roles/{}	indirect-fiat	com.netflix.spinnaker.fiat.shared.FiatService	dropped family (owner ruling 2026-09-12)
1.37.11	igor	fiat	GET	/_calls/fiat/authorize/{userId}	/authorize/{}	indirect-fiat	com.netflix.spinnaker.fiat.shared.FiatService	dropped family (owner ruling 2026-09-12)
1.37.11	igor	fiat	GET	/_calls/fiat/authorize/{userId}/{resourceType}/{resourceName}/{authorization}	/authorize/{}/{}/{}/{}	indirect-fiat	com.netflix.spinnaker.fiat.shared.FiatService	dropped family (owner ruling 2026-09-12)
1.37.11	igor	fiat	POST	/_calls/fiat/authorize/{userId}/{resourceType}/create	/authorize/{}/{}/create	indirect-fiat	com.netflix.spinnaker.fiat.shared.FiatService	dropped family (owner ruling 2026-09-12)
1.37.11	igor	fiat	POST	/_calls/fiat/roles/sync	/roles/sync	indirect-fiat	com.netflix.spinnaker.fiat.shared.FiatService	dropped family (owner ruling 2026-09-12)
1.37.11	igor	fiat	POST	/_calls/fiat/roles/sync/serviceAccount/{serviceAccountId}	/roles/sync/serviceAccount/{}	indirect-fiat	com.netflix.spinnaker.fiat.shared.FiatService	dropped family (owner ruling 2026-09-12)
1.37.11	igor	fiat	POST	/_calls/fiat/roles/{userId}	/roles/{}	indirect-fiat	com.netflix.spinnaker.fiat.shared.FiatService	dropped family (owner ruling 2026-09-12)
1.37.11	igor	fiat	PUT	/_calls/fiat/roles/{userId}	/roles/{}	indirect-fiat	com.netflix.spinnaker.fiat.shared.FiatService	dropped family (owner ruling 2026-09-12)
1.37.11	clouddriver	front50	GET	/_calls/front50/pluginInfo	/pluginInfo	kork	com.netflix.spinnaker.kork.plugins.update.internal.Front50Service	dropped family (owner ruling 2026-09-12)
1.37.11	clouddriver	front50	GET	/_calls/front50/pluginInfo/{id}	/pluginInfo/{}	kork	com.netflix.spinnaker.kork.plugins.update.internal.Front50Service	dropped family (owner ruling 2026-09-12)
1.37.11	clouddriver	front50	PUT	/_calls/front50/pluginVersions/{serverGroupName}	/pluginVersions/{}	kork	com.netflix.spinnaker.kork.plugins.update.internal.Front50Service	dropped family (owner ruling 2026-09-12)
1.37.11	echo	front50	GET	/_calls/front50/pluginInfo	/pluginInfo	kork	com.netflix.spinnaker.kork.plugins.update.internal.Front50Service	dropped family (owner ruling 2026-09-12)
1.37.11	echo	front50	GET	/_calls/front50/pluginInfo/{id}	/pluginInfo/{}	kork	com.netflix.spinnaker.kork.plugins.update.internal.Front50Service	dropped family (owner ruling 2026-09-12)
1.37.11	echo	front50	PUT	/_calls/front50/pluginVersions/{serverGroupName}	/pluginVersions/{}	kork	com.netflix.spinnaker.kork.plugins.update.internal.Front50Service	dropped family (owner ruling 2026-09-12)
1.37.11	fiat	front50	GET	/_calls/front50/pluginInfo	/pluginInfo	kork	com.netflix.spinnaker.kork.plugins.update.internal.Front50Service	dropped family (owner ruling 2026-09-12)
1.37.11	fiat	front50	GET	/_calls/front50/pluginInfo/{id}	/pluginInfo/{}	kork	com.netflix.spinnaker.kork.plugins.update.internal.Front50Service	dropped family (owner ruling 2026-09-12)
1.37.11	fiat	front50	PUT	/_calls/front50/pluginVersions/{serverGroupName}	/pluginVersions/{}	kork	com.netflix.spinnaker.kork.plugins.update.internal.Front50Service	dropped family (owner ruling 2026-09-12)
1.37.11	front50	front50	GET	/_calls/front50/pluginInfo	/pluginInfo	kork	com.netflix.spinnaker.kork.plugins.update.internal.Front50Service	dropped family (owner ruling 2026-09-12)
1.37.11	front50	front50	GET	/_calls/front50/pluginInfo/{id}	/pluginInfo/{}	kork	com.netflix.spinnaker.kork.plugins.update.internal.Front50Service	dropped family (owner ruling 2026-09-12)
1.37.11	front50	front50	PUT	/_calls/front50/pluginVersions/{serverGroupName}	/pluginVersions/{}	kork	com.netflix.spinnaker.kork.plugins.update.internal.Front50Service	dropped family (owner ruling 2026-09-12)
1.37.11	gate	front50	GET	/_calls/front50/pluginInfo/{id}	/pluginInfo/{}	kork	com.netflix.spinnaker.kork.plugins.update.internal.Front50Service	dropped family (owner ruling 2026-09-12)
1.37.11	gate	front50	PUT	/_calls/front50/pluginVersions/{serverGroupName}	/pluginVersions/{}	kork	com.netflix.spinnaker.kork.plugins.update.internal.Front50Service	dropped family (owner ruling 2026-09-12)
1.37.11	igor	front50	GET	/_calls/front50/pluginInfo/{id}	/pluginInfo/{}	kork	com.netflix.spinnaker.kork.plugins.update.internal.Front50Service	dropped family (owner ruling 2026-09-12)
1.37.11	igor	front50	PUT	/_calls/front50/pluginVersions/{serverGroupName}	/pluginVersions/{}	kork	com.netflix.spinnaker.kork.plugins.update.internal.Front50Service	dropped family (owner ruling 2026-09-12)
1.37.11	kayenta	front50	GET	/_calls/front50/pluginInfo	/pluginInfo	kork	com.netflix.spinnaker.kork.plugins.update.internal.Front50Service	dropped family (owner ruling 2026-09-12)
1.37.11	kayenta	front50	GET	/_calls/front50/pluginInfo/{id}	/pluginInfo/{}	kork	com.netflix.spinnaker.kork.plugins.update.internal.Front50Service	dropped family (owner ruling 2026-09-12)
1.37.11	kayenta	front50	PUT	/_calls/front50/pluginVersions/{serverGroupName}	/pluginVersions/{}	kork	com.netflix.spinnaker.kork.plugins.update.internal.Front50Service	dropped family (owner ruling 2026-09-12)
1.37.11	orca	front50	GET	/_calls/front50/pluginInfo	/pluginInfo	kork	com.netflix.spinnaker.kork.plugins.update.internal.Front50Service	dropped family (owner ruling 2026-09-12)
1.37.11	orca	front50	GET	/_calls/front50/pluginInfo/{id}	/pluginInfo/{}	kork	com.netflix.spinnaker.kork.plugins.update.internal.Front50Service	dropped family (owner ruling 2026-09-12)
1.37.11	orca	front50	PUT	/_calls/front50/pluginVersions/{serverGroupName}	/pluginVersions/{}	kork	com.netflix.spinnaker.kork.plugins.update.internal.Front50Service	dropped family (owner ruling 2026-09-12)
1.37.11	rosco	front50	GET	/_calls/front50/pluginInfo	/pluginInfo	kork	com.netflix.spinnaker.kork.plugins.update.internal.Front50Service	dropped family (owner ruling 2026-09-12)
1.37.11	rosco	front50	GET	/_calls/front50/pluginInfo/{id}	/pluginInfo/{}	kork	com.netflix.spinnaker.kork.plugins.update.internal.Front50Service	dropped family (owner ruling 2026-09-12)
1.37.11	rosco	front50	PUT	/_calls/front50/pluginVersions/{serverGroupName}	/pluginVersions/{}	kork	com.netflix.spinnaker.kork.plugins.update.internal.Front50Service	dropped family (owner ruling 2026-09-12)
1.37.11	echo	keel	POST	/_calls/keel/artifacts/events	/artifacts/events	out-of-mesh	com.netflix.spinnaker.echo.services.KeelService	
1.37.11	gate	keel	DELETE	/_calls/keel/application/{application}/config	/application/{}/config	out-of-mesh	com.netflix.spinnaker.gate.services.internal.KeelService	
1.37.11	gate	keel	DELETE	/_calls/keel/application/{application}/pause	/application/{}/pause	out-of-mesh	com.netflix.spinnaker.gate.services.internal.KeelService	
1.37.11	gate	keel	DELETE	/_calls/keel/application/{application}/pin/{targetEnvironment}	/application/{}/pin/{}	out-of-mesh	com.netflix.spinnaker.gate.services.internal.KeelService	
1.37.11	gate	keel	DELETE	/_calls/keel/application/{application}/veto/{targetEnvironment}/{reference}/{version}	/application/{}/veto/{}/{}/{}	out-of-mesh	com.netflix.spinnaker.gate.services.internal.KeelService	
1.37.11	gate	keel	DELETE	/_calls/keel/delivery-configs/{name}	/delivery-configs/{}	out-of-mesh	com.netflix.spinnaker.gate.services.internal.KeelService	
1.37.11	gate	keel	DELETE	/_calls/keel/resources/{name}	/resources/{}	out-of-mesh	com.netflix.spinnaker.gate.services.internal.KeelService	
1.37.11	gate	keel	DELETE	/_calls/keel/resources/{name}/pause	/resources/{}/pause	out-of-mesh	com.netflix.spinnaker.gate.services.internal.KeelService	
1.37.11	gate	keel	GET	/_calls/keel/application/{application}	/application/{}	out-of-mesh	com.netflix.spinnaker.gate.services.internal.KeelService	
1.37.11	gate	keel	GET	/_calls/keel/application/{application}/config	/application/{}/config	out-of-mesh	com.netflix.spinnaker.gate.services.internal.KeelService	
1.37.11	gate	keel	GET	/_calls/keel/application/{application}/environment/{environment}/constraints	/application/{}/environment/{}/constraints	out-of-mesh	com.netflix.spinnaker.gate.services.internal.KeelService	
1.37.11	gate	keel	GET	/_calls/keel/delivery-configs/schema	/delivery-configs/schema	out-of-mesh	com.netflix.spinnaker.gate.services.internal.KeelService	
1.37.11	gate	keel	GET	/_calls/keel/delivery-configs/{name}	/delivery-configs/{}	out-of-mesh	com.netflix.spinnaker.gate.services.internal.KeelService	
1.37.11	gate	keel	GET	/_calls/keel/delivery-configs/{name}/artifacts	/delivery-configs/{}/artifacts	out-of-mesh	com.netflix.spinnaker.gate.services.internal.KeelService	
1.37.11	gate	keel	GET	/_calls/keel/environments/{application}	/environments/{}	out-of-mesh	com.netflix.spinnaker.gate.services.internal.KeelService	
1.37.11	gate	keel	GET	/_calls/keel/export/artifact/{cloudProvider}/{account}/{clusterName}	/export/artifact/{}/{}/{}	out-of-mesh	com.netflix.spinnaker.gate.services.internal.KeelService	
1.37.11	gate	keel	GET	/_calls/keel/export/{cloudProvider}/{account}/{type}/{name}	/export/{}/{}/{}/{}	out-of-mesh	com.netflix.spinnaker.gate.services.internal.KeelService	
1.37.11	gate	keel	GET	/_calls/keel/health	/health	out-of-mesh	com.netflix.spinnaker.gate.services.internal.HealthCheckableService	
1.37.11	gate	keel	GET	/_calls/keel/installedPlugins	/installedPlugins	out-of-mesh	com.netflix.spinnaker.gate.services.internal.KeelService	
1.37.11	gate	keel	GET	/_calls/keel/reports/adoption	/reports/adoption	out-of-mesh	com.netflix.spinnaker.gate.services.internal.KeelService	
1.37.11	gate	keel	GET	/_calls/keel/reports/onboarding	/reports/onboarding	out-of-mesh	com.netflix.spinnaker.gate.services.internal.KeelService	
1.37.11	gate	keel	GET	/_calls/keel/resources/events/{name}	/resources/events/{}	out-of-mesh	com.netflix.spinnaker.gate.services.internal.KeelService	
1.37.11	gate	keel	GET	/_calls/keel/resources/{name}	/resources/{}	out-of-mesh	com.netflix.spinnaker.gate.services.internal.KeelService	
1.37.11	gate	keel	GET	/_calls/keel/resources/{name}/status	/resources/{}/status	out-of-mesh	com.netflix.spinnaker.gate.services.internal.KeelService	
1.37.11	gate	keel	POST	/_calls/keel/application/{application}/environment/{environment}/constraint	/application/{}/environment/{}/constraint	out-of-mesh	com.netflix.spinnaker.gate.services.internal.KeelService	
1.37.11	gate	keel	POST	/_calls/keel/application/{application}/environment/{environment}/verifications	/application/{}/environment/{}/verifications	out-of-mesh	com.netflix.spinnaker.gate.services.internal.KeelService	
1.37.11	gate	keel	POST	/_calls/keel/application/{application}/environment/{environment}/verifications/retry	/application/{}/environment/{}/verifications/retry	out-of-mesh	com.netflix.spinnaker.gate.services.internal.KeelService	
1.37.11	gate	keel	POST	/_calls/keel/application/{application}/mark/bad	/application/{}/mark/bad	out-of-mesh	com.netflix.spinnaker.gate.services.internal.KeelService	
1.37.11	gate	keel	POST	/_calls/keel/application/{application}/mark/good	/application/{}/mark/good	out-of-mesh	com.netflix.spinnaker.gate.services.internal.KeelService	
1.37.11	gate	keel	POST	/_calls/keel/application/{application}/pause	/application/{}/pause	out-of-mesh	com.netflix.spinnaker.gate.services.internal.KeelService	
1.37.11	gate	keel	POST	/_calls/keel/application/{application}/pin	/application/{}/pin	out-of-mesh	com.netflix.spinnaker.gate.services.internal.KeelService	
1.37.11	gate	keel	POST	/_calls/keel/application/{application}/veto	/application/{}/veto	out-of-mesh	com.netflix.spinnaker.gate.services.internal.KeelService	
1.37.11	gate	keel	POST	/_calls/keel/delivery-configs	/delivery-configs	out-of-mesh	com.netflix.spinnaker.gate.services.internal.KeelService	
1.37.11	gate	keel	POST	/_calls/keel/delivery-configs/diff	/delivery-configs/diff	out-of-mesh	com.netflix.spinnaker.gate.services.internal.KeelService	
1.37.11	gate	keel	POST	/_calls/keel/delivery-configs/validate	/delivery-configs/validate	out-of-mesh	com.netflix.spinnaker.gate.services.internal.KeelService	
1.37.11	gate	keel	POST	/_calls/keel/graphql	/graphql	out-of-mesh	com.netflix.spinnaker.gate.services.internal.KeelService	
1.37.11	gate	keel	POST	/_calls/keel/resources	/resources	out-of-mesh	com.netflix.spinnaker.gate.services.internal.KeelService	
1.37.11	gate	keel	POST	/_calls/keel/resources/diff	/resources/diff	out-of-mesh	com.netflix.spinnaker.gate.services.internal.KeelService	
1.37.11	gate	keel	POST	/_calls/keel/resources/{name}/pause	/resources/{}/pause	out-of-mesh	com.netflix.spinnaker.gate.services.internal.KeelService	
1.37.11	igor	keel	POST	/_calls/keel/artifacts/events	/artifacts/events	out-of-mesh	com.netflix.spinnaker.igor.keel.KeelService	
1.37.11	orca	keel	DELETE	/_calls/keel/application/{application}/config	/application/{}/config	out-of-mesh	com.netflix.spinnaker.orca.KeelService	
1.37.11	orca	keel	POST	/_calls/keel/delivery-configs	/delivery-configs	out-of-mesh	com.netflix.spinnaker.orca.KeelService	
1.37.11	clouddriver	front50	GET	/_calls/front50/credentials	/credentials	stale	com.netflix.spinnaker.clouddriver.core.services.Front50Service	
1.37.11	echo	front50	POST	/_calls/front50/graphql	/graphql	stale	com.netflix.spinnaker.echo.services.Front50Service	
1.37.11	gate	clouddriver	GET	/_calls/clouddriver/applications/{name}/clusters/{account}/{cluster}/{type}/loadBalancers	/applications/{}/clusters/{}/{}/{}/loadBalancers	stale	com.netflix.spinnaker.gate.services.internal.ClouddriverService	
1.37.11	gate	clouddriver	POST	/_calls/clouddriver/applications/{name}/jobs/{account}/{region}/{jobName}	/applications/{}/jobs/{}/{}/{}	stale	com.netflix.spinnaker.gate.services.internal.ClouddriverService	
1.37.11	gate	front50	GET	/_calls/front50/credentials	/credentials	stale	com.netflix.spinnaker.gate.services.internal.Front50Service	
1.37.11	gate	front50	POST	/_calls/front50/pipelines/move	/pipelines/move	stale	com.netflix.spinnaker.gate.services.internal.Front50Service	
1.37.11	gate	front50	POST	/_calls/front50/strategies/move	/strategies/move	stale	com.netflix.spinnaker.gate.services.internal.Front50Service	
1.37.11	orca	echo	GET	/_calls/echo/events/recent/{type}/{since}	/events/recent/{}/{}	stale	com.netflix.spinnaker.orca.echo.EchoService	
1.37.11	orca	front50	GET	/_calls/front50/credentials	/credentials	stale	com.netflix.spinnaker.orca.front50.Front50Service	
1.38.0	gate	clouddriver	GET	/_calls/clouddriver/health	/health	actuator	com.netflix.spinnaker.gate.services.internal.HealthCheckableService	
1.38.0	gate	clouddriver	GET	/_calls/clouddriver/installedPlugins	/installedPlugins	actuator	com.netflix.spinnaker.gate.services.internal.ClouddriverService	
1.38.0	gate	echo	GET	/_calls/echo/health	/health	actuator	com.netflix.spinnaker.gate.services.internal.HealthCheckableService	
1.38.0	gate	echo	GET	/_calls/echo/installedPlugins	/installedPlugins	actuator	com.netflix.spinnaker.gate.services.internal.EchoService	
1.38.0	gate	fiat	GET	/_calls/fiat/installedPlugins	/installedPlugins	actuator	com.netflix.spinnaker.gate.services.internal.ExtendedFiatService	
1.38.0	gate	front50	GET	/_calls/front50/health	/health	actuator	com.netflix.spinnaker.gate.services.internal.HealthCheckableService	
1.38.0	gate	front50	GET	/_calls/front50/installedPlugins	/installedPlugins	actuator	com.netflix.spinnaker.gate.services.internal.Front50Service	
1.38.0	gate	igor	GET	/_calls/igor/health	/health	actuator	com.netflix.spinnaker.gate.services.internal.HealthCheckableService	
1.38.0	gate	igor	GET	/_calls/igor/installedPlugins	/installedPlugins	actuator	com.netflix.spinnaker.gate.services.internal.IgorService	
1.38.0	gate	orca	GET	/_calls/orca/health	/health	actuator	com.netflix.spinnaker.gate.services.internal.HealthCheckableService	
1.38.0	gate	orca	GET	/_calls/orca/installedPlugins	/installedPlugins	actuator	com.netflix.spinnaker.gate.services.internal.OrcaService	
1.38.0	gate	rosco	GET	/_calls/rosco/installedPlugins	/installedPlugins	actuator	com.netflix.spinnaker.gate.services.internal.RoscoService	
1.38.0	orca	clouddriver	PUT	/_calls/clouddriver/admin/db/truncate/{namespace}	/admin/db/truncate/{}	framework	com.netflix.spinnaker.orca.clouddriver.CloudDriverCacheService	excluded by provenance: PUT /admin/db/truncate/{}
1.38.0	clouddriver	fiat	DELETE	/_calls/fiat/roles/{userId}	/roles/{}	indirect-fiat	com.netflix.spinnaker.fiat.shared.FiatService	dropped family (owner ruling 2026-09-12)
1.38.0	clouddriver	fiat	GET	/_calls/fiat/authorize/{userId}	/authorize/{}	indirect-fiat	com.netflix.spinnaker.fiat.shared.FiatService	dropped family (owner ruling 2026-09-12)
1.38.0	clouddriver	fiat	GET	/_calls/fiat/authorize/{userId}/{resourceType}/{resourceName}/{authorization}	/authorize/{}/{}/{}/{}	indirect-fiat	com.netflix.spinnaker.fiat.shared.FiatService	dropped family (owner ruling 2026-09-12)
1.38.0	clouddriver	fiat	POST	/_calls/fiat/authorize/{userId}/{resourceType}/create	/authorize/{}/{}/create	indirect-fiat	com.netflix.spinnaker.fiat.shared.FiatService	dropped family (owner ruling 2026-09-12)
1.38.0	clouddriver	fiat	POST	/_calls/fiat/roles/sync	/roles/sync	indirect-fiat	com.netflix.spinnaker.fiat.shared.FiatService	dropped family (owner ruling 2026-09-12)
1.38.0	clouddriver	fiat	POST	/_calls/fiat/roles/sync/serviceAccount/{serviceAccountId}	/roles/sync/serviceAccount/{}	indirect-fiat	com.netflix.spinnaker.fiat.shared.FiatService	dropped family (owner ruling 2026-09-12)
1.38.0	clouddriver	fiat	POST	/_calls/fiat/roles/{userId}	/roles/{}	indirect-fiat	com.netflix.spinnaker.fiat.shared.FiatService	dropped family (owner ruling 2026-09-12)
1.38.0	clouddriver	fiat	PUT	/_calls/fiat/roles/{userId}	/roles/{}	indirect-fiat	com.netflix.spinnaker.fiat.shared.FiatService	dropped family (owner ruling 2026-09-12)
1.38.0	echo	fiat	DELETE	/_calls/fiat/roles/{userId}	/roles/{}	indirect-fiat	com.netflix.spinnaker.fiat.shared.FiatService	dropped family (owner ruling 2026-09-12)
1.38.0	echo	fiat	GET	/_calls/fiat/authorize/{userId}	/authorize/{}	indirect-fiat	com.netflix.spinnaker.fiat.shared.FiatService	dropped family (owner ruling 2026-09-12)
1.38.0	echo	fiat	GET	/_calls/fiat/authorize/{userId}/{resourceType}/{resourceName}/{authorization}	/authorize/{}/{}/{}/{}	indirect-fiat	com.netflix.spinnaker.fiat.shared.FiatService	dropped family (owner ruling 2026-09-12)
1.38.0	echo	fiat	POST	/_calls/fiat/authorize/{userId}/{resourceType}/create	/authorize/{}/{}/create	indirect-fiat	com.netflix.spinnaker.fiat.shared.FiatService	dropped family (owner ruling 2026-09-12)
1.38.0	echo	fiat	POST	/_calls/fiat/roles/sync	/roles/sync	indirect-fiat	com.netflix.spinnaker.fiat.shared.FiatService	dropped family (owner ruling 2026-09-12)
1.38.0	echo	fiat	POST	/_calls/fiat/roles/sync/serviceAccount/{serviceAccountId}	/roles/sync/serviceAccount/{}	indirect-fiat	com.netflix.spinnaker.fiat.shared.FiatService	dropped family (owner ruling 2026-09-12)
1.38.0	echo	fiat	POST	/_calls/fiat/roles/{userId}	/roles/{}	indirect-fiat	com.netflix.spinnaker.fiat.shared.FiatService	dropped family (owner ruling 2026-09-12)
1.38.0	echo	fiat	PUT	/_calls/fiat/roles/{userId}	/roles/{}	indirect-fiat	com.netflix.spinnaker.fiat.shared.FiatService	dropped family (owner ruling 2026-09-12)
1.38.0	igor	fiat	DELETE	/_calls/fiat/roles/{userId}	/roles/{}	indirect-fiat	com.netflix.spinnaker.fiat.shared.FiatService	dropped family (owner ruling 2026-09-12)
1.38.0	igor	fiat	GET	/_calls/fiat/authorize/{userId}	/authorize/{}	indirect-fiat	com.netflix.spinnaker.fiat.shared.FiatService	dropped family (owner ruling 2026-09-12)
1.38.0	igor	fiat	GET	/_calls/fiat/authorize/{userId}/{resourceType}/{resourceName}/{authorization}	/authorize/{}/{}/{}/{}	indirect-fiat	com.netflix.spinnaker.fiat.shared.FiatService	dropped family (owner ruling 2026-09-12)
1.38.0	igor	fiat	POST	/_calls/fiat/authorize/{userId}/{resourceType}/create	/authorize/{}/{}/create	indirect-fiat	com.netflix.spinnaker.fiat.shared.FiatService	dropped family (owner ruling 2026-09-12)
1.38.0	igor	fiat	POST	/_calls/fiat/roles/sync	/roles/sync	indirect-fiat	com.netflix.spinnaker.fiat.shared.FiatService	dropped family (owner ruling 2026-09-12)
1.38.0	igor	fiat	POST	/_calls/fiat/roles/sync/serviceAccount/{serviceAccountId}	/roles/sync/serviceAccount/{}	indirect-fiat	com.netflix.spinnaker.fiat.shared.FiatService	dropped family (owner ruling 2026-09-12)
1.38.0	igor	fiat	POST	/_calls/fiat/roles/{userId}	/roles/{}	indirect-fiat	com.netflix.spinnaker.fiat.shared.FiatService	dropped family (owner ruling 2026-09-12)
1.38.0	igor	fiat	PUT	/_calls/fiat/roles/{userId}	/roles/{}	indirect-fiat	com.netflix.spinnaker.fiat.shared.FiatService	dropped family (owner ruling 2026-09-12)
1.38.0	clouddriver	front50	GET	/_calls/front50/pluginInfo	/pluginInfo	kork	com.netflix.spinnaker.kork.plugins.update.internal.Front50Service	dropped family (owner ruling 2026-09-12)
1.38.0	clouddriver	front50	GET	/_calls/front50/pluginInfo/{id}	/pluginInfo/{}	kork	com.netflix.spinnaker.kork.plugins.update.internal.Front50Service	dropped family (owner ruling 2026-09-12)
1.38.0	clouddriver	front50	PUT	/_calls/front50/pluginVersions/{serverGroupName}	/pluginVersions/{}	kork	com.netflix.spinnaker.kork.plugins.update.internal.Front50Service	dropped family (owner ruling 2026-09-12)
1.38.0	echo	front50	GET	/_calls/front50/pluginInfo	/pluginInfo	kork	com.netflix.spinnaker.kork.plugins.update.internal.Front50Service	dropped family (owner ruling 2026-09-12)
1.38.0	echo	front50	GET	/_calls/front50/pluginInfo/{id}	/pluginInfo/{}	kork	com.netflix.spinnaker.kork.plugins.update.internal.Front50Service	dropped family (owner ruling 2026-09-12)
1.38.0	echo	front50	PUT	/_calls/front50/pluginVersions/{serverGroupName}	/pluginVersions/{}	kork	com.netflix.spinnaker.kork.plugins.update.internal.Front50Service	dropped family (owner ruling 2026-09-12)
1.38.0	fiat	front50	GET	/_calls/front50/pluginInfo	/pluginInfo	kork	com.netflix.spinnaker.kork.plugins.update.internal.Front50Service	dropped family (owner ruling 2026-09-12)
1.38.0	fiat	front50	GET	/_calls/front50/pluginInfo/{id}	/pluginInfo/{}	kork	com.netflix.spinnaker.kork.plugins.update.internal.Front50Service	dropped family (owner ruling 2026-09-12)
1.38.0	fiat	front50	PUT	/_calls/front50/pluginVersions/{serverGroupName}	/pluginVersions/{}	kork	com.netflix.spinnaker.kork.plugins.update.internal.Front50Service	dropped family (owner ruling 2026-09-12)
1.38.0	front50	front50	GET	/_calls/front50/pluginInfo	/pluginInfo	kork	com.netflix.spinnaker.kork.plugins.update.internal.Front50Service	dropped family (owner ruling 2026-09-12)
1.38.0	front50	front50	GET	/_calls/front50/pluginInfo/{id}	/pluginInfo/{}	kork	com.netflix.spinnaker.kork.plugins.update.internal.Front50Service	dropped family (owner ruling 2026-09-12)
1.38.0	front50	front50	PUT	/_calls/front50/pluginVersions/{serverGroupName}	/pluginVersions/{}	kork	com.netflix.spinnaker.kork.plugins.update.internal.Front50Service	dropped family (owner ruling 2026-09-12)
1.38.0	gate	front50	GET	/_calls/front50/pluginInfo/{id}	/pluginInfo/{}	kork	com.netflix.spinnaker.kork.plugins.update.internal.Front50Service	dropped family (owner ruling 2026-09-12)
1.38.0	gate	front50	PUT	/_calls/front50/pluginVersions/{serverGroupName}	/pluginVersions/{}	kork	com.netflix.spinnaker.kork.plugins.update.internal.Front50Service	dropped family (owner ruling 2026-09-12)
1.38.0	igor	front50	GET	/_calls/front50/pluginInfo/{id}	/pluginInfo/{}	kork	com.netflix.spinnaker.kork.plugins.update.internal.Front50Service	dropped family (owner ruling 2026-09-12)
1.38.0	igor	front50	PUT	/_calls/front50/pluginVersions/{serverGroupName}	/pluginVersions/{}	kork	com.netflix.spinnaker.kork.plugins.update.internal.Front50Service	dropped family (owner ruling 2026-09-12)
1.38.0	kayenta	front50	GET	/_calls/front50/pluginInfo	/pluginInfo	kork	com.netflix.spinnaker.kork.plugins.update.internal.Front50Service	dropped family (owner ruling 2026-09-12)
1.38.0	kayenta	front50	GET	/_calls/front50/pluginInfo/{id}	/pluginInfo/{}	kork	com.netflix.spinnaker.kork.plugins.update.internal.Front50Service	dropped family (owner ruling 2026-09-12)
1.38.0	kayenta	front50	PUT	/_calls/front50/pluginVersions/{serverGroupName}	/pluginVersions/{}	kork	com.netflix.spinnaker.kork.plugins.update.internal.Front50Service	dropped family (owner ruling 2026-09-12)
1.38.0	orca	front50	GET	/_calls/front50/pluginInfo	/pluginInfo	kork	com.netflix.spinnaker.kork.plugins.update.internal.Front50Service	dropped family (owner ruling 2026-09-12)
1.38.0	orca	front50	GET	/_calls/front50/pluginInfo/{id}	/pluginInfo/{}	kork	com.netflix.spinnaker.kork.plugins.update.internal.Front50Service	dropped family (owner ruling 2026-09-12)
1.38.0	orca	front50	PUT	/_calls/front50/pluginVersions/{serverGroupName}	/pluginVersions/{}	kork	com.netflix.spinnaker.kork.plugins.update.internal.Front50Service	dropped family (owner ruling 2026-09-12)
1.38.0	rosco	front50	GET	/_calls/front50/pluginInfo	/pluginInfo	kork	com.netflix.spinnaker.kork.plugins.update.internal.Front50Service	dropped family (owner ruling 2026-09-12)
1.38.0	rosco	front50	GET	/_calls/front50/pluginInfo/{id}	/pluginInfo/{}	kork	com.netflix.spinnaker.kork.plugins.update.internal.Front50Service	dropped family (owner ruling 2026-09-12)
1.38.0	rosco	front50	PUT	/_calls/front50/pluginVersions/{serverGroupName}	/pluginVersions/{}	kork	com.netflix.spinnaker.kork.plugins.update.internal.Front50Service	dropped family (owner ruling 2026-09-12)
1.38.0	echo	keel	POST	/_calls/keel/artifacts/events	/artifacts/events	out-of-mesh	com.netflix.spinnaker.echo.services.KeelService	
1.38.0	gate	keel	DELETE	/_calls/keel/application/{application}/config	/application/{}/config	out-of-mesh	com.netflix.spinnaker.gate.services.internal.KeelService	
1.38.0	gate	keel	DELETE	/_calls/keel/application/{application}/pause	/application/{}/pause	out-of-mesh	com.netflix.spinnaker.gate.services.internal.KeelService	
1.38.0	gate	keel	DELETE	/_calls/keel/application/{application}/pin/{targetEnvironment}	/application/{}/pin/{}	out-of-mesh	com.netflix.spinnaker.gate.services.internal.KeelService	
1.38.0	gate	keel	DELETE	/_calls/keel/application/{application}/veto/{targetEnvironment}/{reference}/{version}	/application/{}/veto/{}/{}/{}	out-of-mesh	com.netflix.spinnaker.gate.services.internal.KeelService	
1.38.0	gate	keel	DELETE	/_calls/keel/delivery-configs/{name}	/delivery-configs/{}	out-of-mesh	com.netflix.spinnaker.gate.services.internal.KeelService	
1.38.0	gate	keel	DELETE	/_calls/keel/resources/{name}	/resources/{}	out-of-mesh	com.netflix.spinnaker.gate.services.internal.KeelService	
1.38.0	gate	keel	DELETE	/_calls/keel/resources/{name}/pause	/resources/{}/pause	out-of-mesh	com.netflix.spinnaker.gate.services.internal.KeelService	
1.38.0	gate	keel	GET	/_calls/keel/application/{application}	/application/{}	out-of-mesh	com.netflix.spinnaker.gate.services.internal.KeelService	
1.38.0	gate	keel	GET	/_calls/keel/application/{application}/config	/application/{}/config	out-of-mesh	com.netflix.spinnaker.gate.services.internal.KeelService	
1.38.0	gate	keel	GET	/_calls/keel/application/{application}/environment/{environment}/constraints	/application/{}/environment/{}/constraints	out-of-mesh	com.netflix.spinnaker.gate.services.internal.KeelService	
1.38.0	gate	keel	GET	/_calls/keel/delivery-configs/schema	/delivery-configs/schema	out-of-mesh	com.netflix.spinnaker.gate.services.internal.KeelService	
1.38.0	gate	keel	GET	/_calls/keel/delivery-configs/{name}	/delivery-configs/{}	out-of-mesh	com.netflix.spinnaker.gate.services.internal.KeelService	
1.38.0	gate	keel	GET	/_calls/keel/delivery-configs/{name}/artifacts	/delivery-configs/{}/artifacts	out-of-mesh	com.netflix.spinnaker.gate.services.internal.KeelService	
1.38.0	gate	keel	GET	/_calls/keel/environments/{application}	/environments/{}	out-of-mesh	com.netflix.spinnaker.gate.services.internal.KeelService	
1.38.0	gate	keel	GET	/_calls/keel/export/artifact/{cloudProvider}/{account}/{clusterName}	/export/artifact/{}/{}/{}	out-of-mesh	com.netflix.spinnaker.gate.services.internal.KeelService	
1.38.0	gate	keel	GET	/_calls/keel/export/{cloudProvider}/{account}/{type}/{name}	/export/{}/{}/{}/{}	out-of-mesh	com.netflix.spinnaker.gate.services.internal.KeelService	
1.38.0	gate	keel	GET	/_calls/keel/health	/health	out-of-mesh	com.netflix.spinnaker.gate.services.internal.HealthCheckableService	
1.38.0	gate	keel	GET	/_calls/keel/installedPlugins	/installedPlugins	out-of-mesh	com.netflix.spinnaker.gate.services.internal.KeelService	
1.38.0	gate	keel	GET	/_calls/keel/reports/adoption	/reports/adoption	out-of-mesh	com.netflix.spinnaker.gate.services.internal.KeelService	
1.38.0	gate	keel	GET	/_calls/keel/reports/onboarding	/reports/onboarding	out-of-mesh	com.netflix.spinnaker.gate.services.internal.KeelService	
1.38.0	gate	keel	GET	/_calls/keel/resources/events/{name}	/resources/events/{}	out-of-mesh	com.netflix.spinnaker.gate.services.internal.KeelService	
1.38.0	gate	keel	GET	/_calls/keel/resources/{name}	/resources/{}	out-of-mesh	com.netflix.spinnaker.gate.services.internal.KeelService	
1.38.0	gate	keel	GET	/_calls/keel/resources/{name}/status	/resources/{}/status	out-of-mesh	com.netflix.spinnaker.gate.services.internal.KeelService	
1.38.0	gate	keel	POST	/_calls/keel/application/{application}/environment/{environment}/constraint	/application/{}/environment/{}/constraint	out-of-mesh	com.netflix.spinnaker.gate.services.internal.KeelService	
1.38.0	gate	keel	POST	/_calls/keel/application/{application}/environment/{environment}/verifications	/application/{}/environment/{}/verifications	out-of-mesh	com.netflix.spinnaker.gate.services.internal.KeelService	
1.38.0	gate	keel	POST	/_calls/keel/application/{application}/environment/{environment}/verifications/retry	/application/{}/environment/{}/verifications/retry	out-of-mesh	com.netflix.spinnaker.gate.services.internal.KeelService	
1.38.0	gate	keel	POST	/_calls/keel/application/{application}/mark/bad	/application/{}/mark/bad	out-of-mesh	com.netflix.spinnaker.gate.services.internal.KeelService	
1.38.0	gate	keel	POST	/_calls/keel/application/{application}/mark/good	/application/{}/mark/good	out-of-mesh	com.netflix.spinnaker.gate.services.internal.KeelService	
1.38.0	gate	keel	POST	/_calls/keel/application/{application}/pause	/application/{}/pause	out-of-mesh	com.netflix.spinnaker.gate.services.internal.KeelService	
1.38.0	gate	keel	POST	/_calls/keel/application/{application}/pin	/application/{}/pin	out-of-mesh	com.netflix.spinnaker.gate.services.internal.KeelService	
1.38.0	gate	keel	POST	/_calls/keel/application/{application}/veto	/application/{}/veto	out-of-mesh	com.netflix.spinnaker.gate.services.internal.KeelService	
1.38.0	gate	keel	POST	/_calls/keel/delivery-configs	/delivery-configs	out-of-mesh	com.netflix.spinnaker.gate.services.internal.KeelService	
1.38.0	gate	keel	POST	/_calls/keel/delivery-configs/diff	/delivery-configs/diff	out-of-mesh	com.netflix.spinnaker.gate.services.internal.KeelService	
1.38.0	gate	keel	POST	/_calls/keel/delivery-configs/validate	/delivery-configs/validate	out-of-mesh	com.netflix.spinnaker.gate.services.internal.KeelService	
1.38.0	gate	keel	POST	/_calls/keel/graphql	/graphql	out-of-mesh	com.netflix.spinnaker.gate.services.internal.KeelService	
1.38.0	gate	keel	POST	/_calls/keel/resources	/resources	out-of-mesh	com.netflix.spinnaker.gate.services.internal.KeelService	
1.38.0	gate	keel	POST	/_calls/keel/resources/diff	/resources/diff	out-of-mesh	com.netflix.spinnaker.gate.services.internal.KeelService	
1.38.0	gate	keel	POST	/_calls/keel/resources/{name}/pause	/resources/{}/pause	out-of-mesh	com.netflix.spinnaker.gate.services.internal.KeelService	
1.38.0	igor	keel	POST	/_calls/keel/artifacts/events	/artifacts/events	out-of-mesh	com.netflix.spinnaker.igor.keel.KeelService	
1.38.0	orca	keel	DELETE	/_calls/keel/application/{application}/config	/application/{}/config	out-of-mesh	com.netflix.spinnaker.orca.KeelService	
1.38.0	orca	keel	POST	/_calls/keel/delivery-configs	/delivery-configs	out-of-mesh	com.netflix.spinnaker.orca.KeelService	
1.38.0	clouddriver	front50	GET	/_calls/front50/credentials	/credentials	stale	com.netflix.spinnaker.clouddriver.core.services.Front50Service	
1.38.0	echo	front50	POST	/_calls/front50/graphql	/graphql	stale	com.netflix.spinnaker.echo.services.Front50Service	
1.38.0	gate	clouddriver	GET	/_calls/clouddriver/applications/{name}/clusters/{account}/{cluster}/{type}/loadBalancers	/applications/{}/clusters/{}/{}/{}/loadBalancers	stale	com.netflix.spinnaker.gate.services.internal.ClouddriverService	
1.38.0	gate	clouddriver	POST	/_calls/clouddriver/applications/{name}/jobs/{account}/{region}/{jobName}	/applications/{}/jobs/{}/{}/{}	stale	com.netflix.spinnaker.gate.services.internal.ClouddriverService	
1.38.0	gate	front50	GET	/_calls/front50/credentials	/credentials	stale	com.netflix.spinnaker.gate.services.internal.Front50Service	
1.38.0	gate	front50	POST	/_calls/front50/pipelines/move	/pipelines/move	stale	com.netflix.spinnaker.gate.services.internal.Front50Service	
1.38.0	gate	front50	POST	/_calls/front50/strategies/move	/strategies/move	stale	com.netflix.spinnaker.gate.services.internal.Front50Service	
1.38.0	orca	echo	GET	/_calls/echo/events/recent/{type}/{since}	/events/recent/{}/{}	stale	com.netflix.spinnaker.orca.echo.EchoService	
1.38.0	orca	front50	GET	/_calls/front50/credentials	/credentials	stale	com.netflix.spinnaker.orca.front50.Front50Service	
