presence	pair	from	to	edge	caller	provider	verb	path	conjunct	leg	component	severity	rule	violation_path	old	new	state	collided	evidence	caller_changed	provider_changed
declared	P01	1.30.0	1.30.1	orca-kayenta/2	orca	kayenta	POST	/canary/{canaryConfigId}	C1	request	body	WARN	format-change	$.body.thresholds.marginal	integer(int32)	number(double)	live	no	no	yes	yes
declared	P01	1.30.0	1.30.1	orca-kayenta/2	orca	kayenta	POST	/canary/{canaryConfigId}	C1	request	body	WARN	format-change	$.body.thresholds.pass	integer(int32)	number(double)	live	no	no	yes	yes
declared	P01	1.30.0	1.30.1	orca-kayenta/2	orca	kayenta	POST	/canary/{canaryConfigId}	C2	request	body	WARN	format-change	$.body.thresholds.marginal	number(double)	integer(int32)	live	no	no	yes	yes
declared	P01	1.30.0	1.30.1	orca-kayenta/2	orca	kayenta	POST	/canary/{canaryConfigId}	C2	request	body	WARN	format-change	$.body.thresholds.pass	number(double)	integer(int32)	live	no	no	yes	yes
declared	P01	1.30.0	1.30.1	orca-kayenta/2	orca	kayenta	POST	/canary/{canaryConfigId}	TGT	request	body	WARN	format-change	$.body.thresholds.marginal	integer(int32)	number(double)	live	no	no	yes	yes
declared	P01	1.30.0	1.30.1	orca-kayenta/2	orca	kayenta	POST	/canary/{canaryConfigId}	TGT	request	body	WARN	format-change	$.body.thresholds.pass	integer(int32)	number(double)	live	no	no	yes	yes
declared	P02	1.30.1	1.30.2	orca-kayenta/2	orca	kayenta	POST	/canary/{canaryConfigId}	C1	request	body	WARN	format-change	$.body.thresholds.marginal	integer(int32)	number(double)	live	no	no	yes	yes
declared	P02	1.30.1	1.30.2	orca-kayenta/2	orca	kayenta	POST	/canary/{canaryConfigId}	C1	request	body	WARN	format-change	$.body.thresholds.pass	integer(int32)	number(double)	live	no	no	yes	yes
declared	P02	1.30.1	1.30.2	orca-kayenta/2	orca	kayenta	POST	/canary/{canaryConfigId}	C2	request	body	WARN	format-change	$.body.thresholds.marginal	number(double)	integer(int32)	live	no	no	yes	yes
declared	P02	1.30.1	1.30.2	orca-kayenta/2	orca	kayenta	POST	/canary/{canaryConfigId}	C2	request	body	WARN	format-change	$.body.thresholds.pass	number(double)	integer(int32)	live	no	no	yes	yes
declared	P02	1.30.1	1.30.2	orca-kayenta/2	orca	kayenta	POST	/canary/{canaryConfigId}	TGT	request	body	WARN	format-change	$.body.thresholds.marginal	integer(int32)	number(double)	live	no	no	yes	yes
declared	P02	1.30.1	1.30.2	orca-kayenta/2	orca	kayenta	POST	/canary/{canaryConfigId}	TGT	request	body	WARN	format-change	$.body.thresholds.pass	integer(int32)	number(double)	live	no	no	yes	yes
declared	P03	1.30.2	1.30.3	orca-kayenta/2	orca	kayenta	POST	/canary/{canaryConfigId}	C1	request	body	WARN	format-change	$.body.thresholds.marginal	integer(int32)	number(double)	live	no	no	yes	yes
declared	P03	1.30.2	1.30.3	orca-kayenta/2	orca	kayenta	POST	/canary/{canaryConfigId}	C1	request	body	WARN	format-change	$.body.thresholds.pass	integer(int32)	number(double)	live	no	no	yes	yes
declared	P03	1.30.2	1.30.3	orca-kayenta/2	orca	kayenta	POST	/canary/{canaryConfigId}	C2	request	body	WARN	format-change	$.body.thresholds.marginal	number(double)	integer(int32)	live	no	no	yes	yes
declared	P03	1.30.2	1.30.3	orca-kayenta/2	orca	kayenta	POST	/canary/{canaryConfigId}	C2	request	body	WARN	format-change	$.body.thresholds.pass	number(double)	integer(int32)	live	no	no	yes	yes
declared	P03	1.30.2	1.30.3	orca-kayenta/2	orca	kayenta	POST	/canary/{canaryConfigId}	TGT	request	body	WARN	format-change	$.body.thresholds.marginal	integer(int32)	number(double)	live	no	no	yes	yes
declared	P03	1.30.2	1.30.3	orca-kayenta/2	orca	kayenta	POST	/canary/{canaryConfigId}	TGT	request	body	WARN	format-change	$.body.thresholds.pass	integer(int32)	number(double)	live	no	no	yes	yes
declared	P04	1.30.3	1.30.4	orca-kayenta/2	orca	kayenta	POST	/canary/{canaryConfigId}	C1	request	body	WARN	format-change	$.body.thresholds.marginal	integer(int32)	number(double)	live	no	no	yes	yes
declared	P04	1.30.3	1.30.4	orca-kayenta/2	orca	kayenta	POST	/canary/{canaryConfigId}	C1	request	body	WARN	format-change	$.body.thresholds.pass	integer(int32)	number(double)	live	no	no	yes	yes
declared	P04	1.30.3	1.30.4	orca-kayenta/2	orca	kayenta	POST	/canary/{canaryConfigId}	C2	request	body	WARN	format-change	$.body.thresholds.marginal	number(double)	integer(int32)	live	no	no	yes	yes
declared	P04	1.30.3	1.30.4	orca-kayenta/2	orca	kayenta	POST	/canary/{canaryConfigId}	C2	request	body	WARN	format-change	$.body.thresholds.pass	number(double)	integer(int32)	live	no	no	yes	yes
declared	P04	1.30.3	1.30.4	orca-kayenta/2	orca	kayenta	POST	/canary/{canaryConfigId}	TGT	request	body	WARN	format-change	$.body.thresholds.marginal	integer(int32)	number(double)	live	no	no	yes	yes
declared	P04	1.30.3	1.30.4	orca-kayenta/2	orca	kayenta	POST	/canary/{canaryConfigId}	TGT	request	body	WARN	format-change	$.body.thresholds.pass	integer(int32)	number(double)	live	no	no	yes	yes
declared	P05	1.30.4	1.30.5	orca-kayenta/2	orca	kayenta	POST	/canary/{canaryConfigId}	C1	request	body	WARN	format-change	$.body.thresholds.marginal	integer(int32)	number(double)	live	no	no	yes	no
declared	P05	1.30.4	1.30.5	orca-kayenta/2	orca	kayenta	POST	/canary/{canaryConfigId}	C1	request	body	WARN	format-change	$.body.thresholds.pass	integer(int32)	number(double)	live	no	no	yes	no
declared	P05	1.30.4	1.30.5	orca-kayenta/2	orca	kayenta	POST	/canary/{canaryConfigId}	C2	request	body	WARN	format-change	$.body.thresholds.marginal	number(double)	integer(int32)	live	no	no	yes	no
declared	P05	1.30.4	1.30.5	orca-kayenta/2	orca	kayenta	POST	/canary/{canaryConfigId}	C2	request	body	WARN	format-change	$.body.thresholds.pass	number(double)	integer(int32)	live	no	no	yes	no
declared	P05	1.30.4	1.30.5	orca-kayenta/2	orca	kayenta	POST	/canary/{canaryConfigId}	TGT	request	body	WARN	format-change	$.body.thresholds.marginal	integer(int32)	number(double)	live	no	no	yes	no
declared	P05	1.30.4	1.30.5	orca-kayenta/2	orca	kayenta	POST	/canary/{canaryConfigId}	TGT	request	body	WARN	format-change	$.body.thresholds.pass	integer(int32)	number(double)	live	no	no	yes	no
declared	P06	1.30.5	1.30.6	orca-kayenta/2	orca	kayenta	POST	/canary/{canaryConfigId}	C1	request	body	WARN	format-change	$.body.thresholds.marginal	integer(int32)	number(double)	live	no	no	no	yes
declared	P06	1.30.5	1.30.6	orca-kayenta/2	orca	kayenta	POST	/canary/{canaryConfigId}	C1	request	body	WARN	format-change	$.body.thresholds.pass	integer(int32)	number(double)	live	no	no	no	yes
declared	P06	1.30.5	1.30.6	orca-kayenta/2	orca	kayenta	POST	/canary/{canaryConfigId}	C2	request	body	WARN	format-change	$.body.thresholds.marginal	number(double)	integer(int32)	live	no	no	no	yes
declared	P06	1.30.5	1.30.6	orca-kayenta/2	orca	kayenta	POST	/canary/{canaryConfigId}	C2	request	body	WARN	format-change	$.body.thresholds.pass	number(double)	integer(int32)	live	no	no	no	yes
declared	P06	1.30.5	1.30.6	orca-kayenta/2	orca	kayenta	POST	/canary/{canaryConfigId}	TGT	request	body	WARN	format-change	$.body.thresholds.marginal	integer(int32)	number(double)	live	no	no	no	yes
declared	P06	1.30.5	1.30.6	orca-kayenta/2	orca	kayenta	POST	/canary/{canaryConfigId}	TGT	request	body	WARN	format-change	$.body.thresholds.pass	integer(int32)	number(double)	live	no	no	no	yes
declared	P07	1.30.6	1.31.0	orca-kayenta/2	orca	kayenta	POST	/canary/{canaryConfigId}	C1	request	body	WARN	format-change	$.body.thresholds.marginal	integer(int32)	number(double)	live	no	no	yes	yes
declared	P07	1.30.6	1.31.0	orca-kayenta/2	orca	kayenta	POST	/canary/{canaryConfigId}	C1	request	body	WARN	format-change	$.body.thresholds.pass	integer(int32)	number(double)	live	no	no	yes	yes
declared	P07	1.30.6	1.31.0	orca-kayenta/2	orca	kayenta	POST	/canary/{canaryConfigId}	C2	request	body	WARN	format-change	$.body.thresholds.marginal	number(double)	integer(int32)	live	no	no	yes	yes
declared	P07	1.30.6	1.31.0	orca-kayenta/2	orca	kayenta	POST	/canary/{canaryConfigId}	C2	request	body	WARN	format-change	$.body.thresholds.pass	number(double)	integer(int32)	live	no	no	yes	yes
declared	P07	1.30.6	1.31.0	orca-kayenta/2	orca	kayenta	POST	/canary/{canaryConfigId}	TGT	request	body	WARN	format-change	$.body.thresholds.marginal	integer(int32)	number(double)	live	no	no	yes	yes
declared	P07	1.30.6	1.31.0	orca-kayenta/2	orca	kayenta	POST	/canary/{canaryConfigId}	TGT	request	body	WARN	format-change	$.body.thresholds.pass	integer(int32)	number(double)	live	no	no	yes	yes
declared	P08	1.31.0	1.31.1	orca-kayenta/2	orca	kayenta	POST	/canary/{canaryConfigId}	C1	request	body	WARN	format-change	$.body.thresholds.marginal	integer(int32)	number(double)	live	no	no	yes	yes
declared	P08	1.31.0	1.31.1	orca-kayenta/2	orca	kayenta	POST	/canary/{canaryConfigId}	C1	request	body	WARN	format-change	$.body.thresholds.pass	integer(int32)	number(double)	live	no	no	yes	yes
declared	P08	1.31.0	1.31.1	orca-kayenta/2	orca	kayenta	POST	/canary/{canaryConfigId}	C2	request	body	WARN	format-change	$.body.thresholds.marginal	number(double)	integer(int32)	live	no	no	yes	yes
declared	P08	1.31.0	1.31.1	orca-kayenta/2	orca	kayenta	POST	/canary/{canaryConfigId}	C2	request	body	WARN	format-change	$.body.thresholds.pass	number(double)	integer(int32)	live	no	no	yes	yes
declared	P08	1.31.0	1.31.1	orca-kayenta/2	orca	kayenta	POST	/canary/{canaryConfigId}	TGT	request	body	WARN	format-change	$.body.thresholds.marginal	integer(int32)	number(double)	live	no	no	yes	yes
declared	P08	1.31.0	1.31.1	orca-kayenta/2	orca	kayenta	POST	/canary/{canaryConfigId}	TGT	request	body	WARN	format-change	$.body.thresholds.pass	integer(int32)	number(double)	live	no	no	yes	yes
declared	P09	1.31.1	1.31.2	orca-kayenta/2	orca	kayenta	POST	/canary/{canaryConfigId}	C1	request	body	WARN	format-change	$.body.thresholds.marginal	integer(int32)	number(double)	live	no	no	no	no
declared	P09	1.31.1	1.31.2	orca-kayenta/2	orca	kayenta	POST	/canary/{canaryConfigId}	C1	request	body	WARN	format-change	$.body.thresholds.pass	integer(int32)	number(double)	live	no	no	no	no
declared	P09	1.31.1	1.31.2	orca-kayenta/2	orca	kayenta	POST	/canary/{canaryConfigId}	C2	request	body	WARN	format-change	$.body.thresholds.marginal	number(double)	integer(int32)	live	no	no	no	no
declared	P09	1.31.1	1.31.2	orca-kayenta/2	orca	kayenta	POST	/canary/{canaryConfigId}	C2	request	body	WARN	format-change	$.body.thresholds.pass	number(double)	integer(int32)	live	no	no	no	no
declared	P09	1.31.1	1.31.2	orca-kayenta/2	orca	kayenta	POST	/canary/{canaryConfigId}	TGT	request	body	WARN	format-change	$.body.thresholds.marginal	integer(int32)	number(double)	live	no	no	no	no
declared	P09	1.31.1	1.31.2	orca-kayenta/2	orca	kayenta	POST	/canary/{canaryConfigId}	TGT	request	body	WARN	format-change	$.body.thresholds.pass	integer(int32)	number(double)	live	no	no	no	no
declared	P10	1.31.2	1.31.3	orca-kayenta/2	orca	kayenta	POST	/canary/{canaryConfigId}	C1	request	body	WARN	format-change	$.body.thresholds.marginal	integer(int32)	number(double)	live	no	no	yes	no
declared	P10	1.31.2	1.31.3	orca-kayenta/2	orca	kayenta	POST	/canary/{canaryConfigId}	C1	request	body	WARN	format-change	$.body.thresholds.pass	integer(int32)	number(double)	live	no	no	yes	no
declared	P10	1.31.2	1.31.3	orca-kayenta/2	orca	kayenta	POST	/canary/{canaryConfigId}	C2	request	body	WARN	format-change	$.body.thresholds.marginal	number(double)	integer(int32)	live	no	no	yes	no
declared	P10	1.31.2	1.31.3	orca-kayenta/2	orca	kayenta	POST	/canary/{canaryConfigId}	C2	request	body	WARN	format-change	$.body.thresholds.pass	number(double)	integer(int32)	live	no	no	yes	no
declared	P10	1.31.2	1.31.3	orca-kayenta/2	orca	kayenta	POST	/canary/{canaryConfigId}	TGT	request	body	WARN	format-change	$.body.thresholds.marginal	integer(int32)	number(double)	live	no	no	yes	no
declared	P10	1.31.2	1.31.3	orca-kayenta/2	orca	kayenta	POST	/canary/{canaryConfigId}	TGT	request	body	WARN	format-change	$.body.thresholds.pass	integer(int32)	number(double)	live	no	no	yes	no
declared	P11	1.31.3	1.32.0	orca-kayenta/2	orca	kayenta	POST	/canary/{canaryConfigId}	C1	request	body	WARN	format-change	$.body.thresholds.marginal	integer(int32)	number(double)	live	no	no	yes	yes
declared	P11	1.31.3	1.32.0	orca-kayenta/2	orca	kayenta	POST	/canary/{canaryConfigId}	C1	request	body	WARN	format-change	$.body.thresholds.pass	integer(int32)	number(double)	live	no	no	yes	yes
declared	P11	1.31.3	1.32.0	orca-kayenta/2	orca	kayenta	POST	/canary/{canaryConfigId}	C2	request	body	WARN	format-change	$.body.thresholds.marginal	number(double)	integer(int32)	live	no	no	yes	yes
declared	P11	1.31.3	1.32.0	orca-kayenta/2	orca	kayenta	POST	/canary/{canaryConfigId}	C2	request	body	WARN	format-change	$.body.thresholds.pass	number(double)	integer(int32)	live	no	no	yes	yes
declared	P11	1.31.3	1.32.0	orca-kayenta/2	orca	kayenta	POST	/canary/{canaryConfigId}	TGT	request	body	WARN	format-change	$.body.thresholds.marginal	integer(int32)	number(double)	live	no	no	yes	yes
declared	P11	1.31.3	1.32.0	orca-kayenta/2	orca	kayenta	POST	/canary/{canaryConfigId}	TGT	request	body	WARN	format-change	$.body.thresholds.pass	integer(int32)	number(double)	live	no	no	yes	yes
declared	P12	1.32.0	1.32.1	orca-kayenta/2	orca	kayenta	POST	/canary/{canaryConfigId}	C1	request	body	WARN	format-change	$.body.thresholds.marginal	integer(int32)	number(double)	live	no	no	no	no
declared	P12	1.32.0	1.32.1	orca-kayenta/2	orca	kayenta	POST	/canary/{canaryConfigId}	C1	request	body	WARN	format-change	$.body.thresholds.pass	integer(int32)	number(double)	live	no	no	no	no
declared	P12	1.32.0	1.32.1	orca-kayenta/2	orca	kayenta	POST	/canary/{canaryConfigId}	C2	request	body	WARN	format-change	$.body.thresholds.marginal	number(double)	integer(int32)	live	no	no	no	no
declared	P12	1.32.0	1.32.1	orca-kayenta/2	orca	kayenta	POST	/canary/{canaryConfigId}	C2	request	body	WARN	format-change	$.body.thresholds.pass	number(double)	integer(int32)	live	no	no	no	no
declared	P12	1.32.0	1.32.1	orca-kayenta/2	orca	kayenta	POST	/canary/{canaryConfigId}	TGT	request	body	WARN	format-change	$.body.thresholds.marginal	integer(int32)	number(double)	live	no	no	no	no
declared	P12	1.32.0	1.32.1	orca-kayenta/2	orca	kayenta	POST	/canary/{canaryConfigId}	TGT	request	body	WARN	format-change	$.body.thresholds.pass	integer(int32)	number(double)	live	no	no	no	no
declared	P13	1.32.1	1.32.2	orca-kayenta/2	orca	kayenta	POST	/canary/{canaryConfigId}	C1	request	body	WARN	format-change	$.body.thresholds.marginal	integer(int32)	number(double)	live	no	no	no	no
declared	P13	1.32.1	1.32.2	orca-kayenta/2	orca	kayenta	POST	/canary/{canaryConfigId}	C1	request	body	WARN	format-change	$.body.thresholds.pass	integer(int32)	number(double)	live	no	no	no	no
declared	P13	1.32.1	1.32.2	orca-kayenta/2	orca	kayenta	POST	/canary/{canaryConfigId}	C2	request	body	WARN	format-change	$.body.thresholds.marginal	number(double)	integer(int32)	live	no	no	no	no
declared	P13	1.32.1	1.32.2	orca-kayenta/2	orca	kayenta	POST	/canary/{canaryConfigId}	C2	request	body	WARN	format-change	$.body.thresholds.pass	number(double)	integer(int32)	live	no	no	no	no
declared	P13	1.32.1	1.32.2	orca-kayenta/2	orca	kayenta	POST	/canary/{canaryConfigId}	TGT	request	body	WARN	format-change	$.body.thresholds.marginal	integer(int32)	number(double)	live	no	no	no	no
declared	P13	1.32.1	1.32.2	orca-kayenta/2	orca	kayenta	POST	/canary/{canaryConfigId}	TGT	request	body	WARN	format-change	$.body.thresholds.pass	integer(int32)	number(double)	live	no	no	no	no
declared	P14	1.32.2	1.32.3	orca-kayenta/2	orca	kayenta	POST	/canary/{canaryConfigId}	C1	request	body	WARN	format-change	$.body.thresholds.marginal	integer(int32)	number(double)	live	no	no	yes	no
declared	P14	1.32.2	1.32.3	orca-kayenta/2	orca	kayenta	POST	/canary/{canaryConfigId}	C1	request	body	WARN	format-change	$.body.thresholds.pass	integer(int32)	number(double)	live	no	no	yes	no
declared	P14	1.32.2	1.32.3	orca-kayenta/2	orca	kayenta	POST	/canary/{canaryConfigId}	C2	request	body	WARN	format-change	$.body.thresholds.marginal	number(double)	integer(int32)	live	no	no	yes	no
declared	P14	1.32.2	1.32.3	orca-kayenta/2	orca	kayenta	POST	/canary/{canaryConfigId}	C2	request	body	WARN	format-change	$.body.thresholds.pass	number(double)	integer(int32)	live	no	no	yes	no
declared	P14	1.32.2	1.32.3	orca-kayenta/2	orca	kayenta	POST	/canary/{canaryConfigId}	TGT	request	body	WARN	format-change	$.body.thresholds.marginal	integer(int32)	number(double)	live	no	no	yes	no
declared	P14	1.32.2	1.32.3	orca-kayenta/2	orca	kayenta	POST	/canary/{canaryConfigId}	TGT	request	body	WARN	format-change	$.body.thresholds.pass	integer(int32)	number(double)	live	no	no	yes	no
declared	P15	1.32.3	1.32.4	orca-kayenta/2	orca	kayenta	POST	/canary/{canaryConfigId}	C1	request	body	WARN	format-change	$.body.thresholds.marginal	integer(int32)	number(double)	live	no	no	yes	yes
declared	P15	1.32.3	1.32.4	orca-kayenta/2	orca	kayenta	POST	/canary/{canaryConfigId}	C1	request	body	WARN	format-change	$.body.thresholds.pass	integer(int32)	number(double)	live	no	no	yes	yes
declared	P15	1.32.3	1.32.4	orca-kayenta/2	orca	kayenta	POST	/canary/{canaryConfigId}	C2	request	body	WARN	format-change	$.body.thresholds.marginal	number(double)	integer(int32)	live	no	no	yes	yes
declared	P15	1.32.3	1.32.4	orca-kayenta/2	orca	kayenta	POST	/canary/{canaryConfigId}	C2	request	body	WARN	format-change	$.body.thresholds.pass	number(double)	integer(int32)	live	no	no	yes	yes
declared	P15	1.32.3	1.32.4	orca-kayenta/2	orca	kayenta	POST	/canary/{canaryConfigId}	TGT	request	body	WARN	format-change	$.body.thresholds.marginal	integer(int32)	number(double)	live	no	no	yes	yes
declared	P15	1.32.3	1.32.4	orca-kayenta/2	orca	kayenta	POST	/canary/{canaryConfigId}	TGT	request	body	WARN	format-change	$.body.thresholds.pass	integer(int32)	number(double)	live	no	no	yes	yes
declared	P16	1.32.4	1.33.0	orca-kayenta/2	orca	kayenta	POST	/canary/{canaryConfigId}	C1	request	body	WARN	format-change	$.body.thresholds.marginal	integer(int32)	number(double)	live	no	no	yes	yes
declared	P16	1.32.4	1.33.0	orca-kayenta/2	orca	kayenta	POST	/canary/{canaryConfigId}	C1	request	body	WARN	format-change	$.body.thresholds.pass	integer(int32)	number(double)	live	no	no	yes	yes
declared	P16	1.32.4	1.33.0	orca-kayenta/2	orca	kayenta	POST	/canary/{canaryConfigId}	C2	request	body	WARN	format-change	$.body.thresholds.marginal	number(double)	integer(int32)	live	no	no	yes	yes
declared	P16	1.32.4	1.33.0	orca-kayenta/2	orca	kayenta	POST	/canary/{canaryConfigId}	C2	request	body	WARN	format-change	$.body.thresholds.pass	number(double)	integer(int32)	live	no	no	yes	yes
declared	P16	1.32.4	1.33.0	orca-kayenta/2	orca	kayenta	POST	/canary/{canaryConfigId}	TGT	request	body	WARN	format-change	$.body.thresholds.marginal	integer(int32)	number(double)	live	no	no	yes	yes
declared	P16	1.32.4	1.33.0	orca-kayenta/2	orca	kayenta	POST	/canary/{canaryConfigId}	TGT	request	body	WARN	format-change	$.body.thresholds.pass	integer(int32)	number(double)	live	no	no	yes	yes
declared	P17	1.33.0	1.33.1	orca-kayenta/2	orca	kayenta	POST	/canary/{canaryConfigId}	C1	request	body	WARN	format-change	$.body.thresholds.marginal	integer(int32)	number(double)	live	no	no	yes	yes
declared	P17	1.33.0	1.33.1	orca-kayenta/2	orca	kayenta	POST	/canary/{canaryConfigId}	C1	request	body	WARN	format-change	$.body.thresholds.pass	integer(int32)	number(double)	live	no	no	yes	yes
declared	P17	1.33.0	1.33.1	orca-kayenta/2	orca	kayenta	POST	/canary/{canaryConfigId}	C2	request	body	WARN	format-change	$.body.thresholds.marginal	number(double)	integer(int32)	live	no	no	yes	yes
declared	P17	1.33.0	1.33.1	orca-kayenta/2	orca	kayenta	POST	/canary/{canaryConfigId}	C2	request	body	WARN	format-change	$.body.thresholds.pass	number(double)	integer(int32)	live	no	no	yes	yes
declared	P17	1.33.0	1.33.1	orca-kayenta/2	orca	kayenta	POST	/canary/{canaryConfigId}	TGT	request	body	WARN	format-change	$.body.thresholds.marginal	integer(int32)	number(double)	live	no	no	yes	yes
declared	P17	1.33.0	1.33.1	orca-kayenta/2	orca	kayenta	POST	/canary/{canaryConfigId}	TGT	request	body	WARN	format-change	$.body.thresholds.pass	integer(int32)	number(double)	live	no	no	yes	yes
declared	P18	1.33.1	1.33.2	orca-kayenta/2	orca	kayenta	POST	/canary/{canaryConfigId}	C1	request	body	WARN	format-change	$.body.thresholds.marginal	integer(int32)	number(double)	live	no	no	no	no
declared	P18	1.33.1	1.33.2	orca-kayenta/2	orca	kayenta	POST	/canary/{canaryConfigId}	C1	request	body	WARN	format-change	$.body.thresholds.pass	integer(int32)	number(double)	live	no	no	no	no
declared	P18	1.33.1	1.33.2	orca-kayenta/2	orca	kayenta	POST	/canary/{canaryConfigId}	C2	request	body	WARN	format-change	$.body.thresholds.marginal	number(double)	integer(int32)	live	no	no	no	no
declared	P18	1.33.1	1.33.2	orca-kayenta/2	orca	kayenta	POST	/canary/{canaryConfigId}	C2	request	body	WARN	format-change	$.body.thresholds.pass	number(double)	integer(int32)	live	no	no	no	no
declared	P18	1.33.1	1.33.2	orca-kayenta/2	orca	kayenta	POST	/canary/{canaryConfigId}	TGT	request	body	WARN	format-change	$.body.thresholds.marginal	integer(int32)	number(double)	live	no	no	no	no
declared	P18	1.33.1	1.33.2	orca-kayenta/2	orca	kayenta	POST	/canary/{canaryConfigId}	TGT	request	body	WARN	format-change	$.body.thresholds.pass	integer(int32)	number(double)	live	no	no	no	no
declared	P19	1.33.2	1.33.3	orca-kayenta/2	orca	kayenta	POST	/canary/{canaryConfigId}	C1	request	body	WARN	format-change	$.body.thresholds.marginal	integer(int32)	number(double)	live	no	no	yes	yes
declared	P19	1.33.2	1.33.3	orca-kayenta/2	orca	kayenta	POST	/canary/{canaryConfigId}	C1	request	body	WARN	format-change	$.body.thresholds.pass	integer(int32)	number(double)	live	no	no	yes	yes
declared	P19	1.33.2	1.33.3	orca-kayenta/2	orca	kayenta	POST	/canary/{canaryConfigId}	C2	request	body	WARN	format-change	$.body.thresholds.marginal	number(double)	integer(int32)	live	no	no	yes	yes
declared	P19	1.33.2	1.33.3	orca-kayenta/2	orca	kayenta	POST	/canary/{canaryConfigId}	C2	request	body	WARN	format-change	$.body.thresholds.pass	number(double)	integer(int32)	live	no	no	yes	yes
declared	P19	1.33.2	1.33.3	orca-kayenta/2	orca	kayenta	POST	/canary/{canaryConfigId}	TGT	request	body	WARN	format-change	$.body.thresholds.marginal	integer(int32)	number(double)	live	no	no	yes	yes
declared	P19	1.33.2	1.33.3	orca-kayenta/2	orca	kayenta	POST	/canary/{canaryConfigId}	TGT	request	body	WARN	format-change	$.body.thresholds.pass	integer(int32)	number(double)	live	no	no	yes	yes
declared	P20	1.33.3	1.34.0	orca-kayenta/2	orca	kayenta	POST	/canary/{canaryConfigId}	C1	request	body	WARN	format-change	$.body.thresholds.marginal	integer(int32)	number(double)	live	no	no	yes	yes
declared	P20	1.33.3	1.34.0	orca-kayenta/2	orca	kayenta	POST	/canary/{canaryConfigId}	C1	request	body	WARN	format-change	$.body.thresholds.pass	integer(int32)	number(double)	live	no	no	yes	yes
declared	P20	1.33.3	1.34.0	orca-kayenta/2	orca	kayenta	POST	/canary/{canaryConfigId}	C2	request	body	WARN	format-change	$.body.thresholds.marginal	number(double)	integer(int32)	live	no	no	yes	yes
declared	P20	1.33.3	1.34.0	orca-kayenta/2	orca	kayenta	POST	/canary/{canaryConfigId}	C2	request	body	WARN	format-change	$.body.thresholds.pass	number(double)	integer(int32)	live	no	no	yes	yes
declared	P20	1.33.3	1.34.0	orca-kayenta/2	orca	kayenta	POST	/canary/{canaryConfigId}	TGT	request	body	WARN	format-change	$.body.thresholds.marginal	integer(int32)	number(double)	live	no	no	yes	yes
declared	P20	1.33.3	1.34.0	orca-kayenta/2	orca	kayenta	POST	/canary/{canaryConfigId}	TGT	request	body	WARN	format-change	$.body.thresholds.pass	integer(int32)	number(double)	live	no	no	yes	yes
declared	P21	1.34.0	1.34.1	orca-kayenta/2	orca	kayenta	POST	/canary/{canaryConfigId}	C1	request	body	WARN	format-change	$.body.thresholds.marginal	integer(int32)	number(double)	live	no	no	no	no
declared	P21	1.34.0	1.34.1	orca-kayenta/2	orca	kayenta	POST	/canary/{canaryConfigId}	C1	request	body	WARN	format-change	$.body.thresholds.pass	integer(int32)	number(double)	live	no	no	no	no
declared	P21	1.34.0	1.34.1	orca-kayenta/2	orca	kayenta	POST	/canary/{canaryConfigId}	C2	request	body	WARN	format-change	$.body.thresholds.marginal	number(double)	integer(int32)	live	no	no	no	no
declared	P21	1.34.0	1.34.1	orca-kayenta/2	orca	kayenta	POST	/canary/{canaryConfigId}	C2	request	body	WARN	format-change	$.body.thresholds.pass	number(double)	integer(int32)	live	no	no	no	no
declared	P21	1.34.0	1.34.1	orca-kayenta/2	orca	kayenta	POST	/canary/{canaryConfigId}	TGT	request	body	WARN	format-change	$.body.thresholds.marginal	integer(int32)	number(double)	live	no	no	no	no
declared	P21	1.34.0	1.34.1	orca-kayenta/2	orca	kayenta	POST	/canary/{canaryConfigId}	TGT	request	body	WARN	format-change	$.body.thresholds.pass	integer(int32)	number(double)	live	no	no	no	no
declared	P22	1.34.1	1.34.2	orca-kayenta/2	orca	kayenta	POST	/canary/{canaryConfigId}	C1	request	body	WARN	format-change	$.body.thresholds.marginal	integer(int32)	number(double)	live	no	no	no	no
declared	P22	1.34.1	1.34.2	orca-kayenta/2	orca	kayenta	POST	/canary/{canaryConfigId}	C1	request	body	WARN	format-change	$.body.thresholds.pass	integer(int32)	number(double)	live	no	no	no	no
declared	P22	1.34.1	1.34.2	orca-kayenta/2	orca	kayenta	POST	/canary/{canaryConfigId}	C2	request	body	WARN	format-change	$.body.thresholds.marginal	number(double)	integer(int32)	live	no	no	no	no
declared	P22	1.34.1	1.34.2	orca-kayenta/2	orca	kayenta	POST	/canary/{canaryConfigId}	C2	request	body	WARN	format-change	$.body.thresholds.pass	number(double)	integer(int32)	live	no	no	no	no
declared	P22	1.34.1	1.34.2	orca-kayenta/2	orca	kayenta	POST	/canary/{canaryConfigId}	TGT	request	body	WARN	format-change	$.body.thresholds.marginal	integer(int32)	number(double)	live	no	no	no	no
declared	P22	1.34.1	1.34.2	orca-kayenta/2	orca	kayenta	POST	/canary/{canaryConfigId}	TGT	request	body	WARN	format-change	$.body.thresholds.pass	integer(int32)	number(double)	live	no	no	no	no
declared	P23	1.34.2	1.34.3	orca-kayenta/2	orca	kayenta	POST	/canary/{canaryConfigId}	C1	request	body	WARN	format-change	$.body.thresholds.marginal	integer(int32)	number(double)	live	no	no	yes	yes
declared	P23	1.34.2	1.34.3	orca-kayenta/2	orca	kayenta	POST	/canary/{canaryConfigId}	C1	request	body	WARN	format-change	$.body.thresholds.pass	integer(int32)	number(double)	live	no	no	yes	yes
declared	P23	1.34.2	1.34.3	orca-kayenta/2	orca	kayenta	POST	/canary/{canaryConfigId}	C2	request	body	WARN	format-change	$.body.thresholds.marginal	number(double)	integer(int32)	live	no	no	yes	yes
declared	P23	1.34.2	1.34.3	orca-kayenta/2	orca	kayenta	POST	/canary/{canaryConfigId}	C2	request	body	WARN	format-change	$.body.thresholds.pass	number(double)	integer(int32)	live	no	no	yes	yes
declared	P23	1.34.2	1.34.3	orca-kayenta/2	orca	kayenta	POST	/canary/{canaryConfigId}	TGT	request	body	WARN	format-change	$.body.thresholds.marginal	integer(int32)	number(double)	live	no	no	yes	yes
declared	P23	1.34.2	1.34.3	orca-kayenta/2	orca	kayenta	POST	/canary/{canaryConfigId}	TGT	request	body	WARN	format-change	$.body.thresholds.pass	integer(int32)	number(double)	live	no	no	yes	yes
declared	P24	1.34.3	1.34.4	orca-kayenta/2	orca	kayenta	POST	/canary/{canaryConfigId}	C1	request	body	WARN	format-change	$.body.thresholds.marginal	integer(int32)	number(double)	live	no	no	yes	yes
declared	P24	1.34.3	1.34.4	orca-kayenta/2	orca	kayenta	POST	/canary/{canaryConfigId}	C1	request	body	WARN	format-change	$.body.thresholds.pass	integer(int32)	number(double)	live	no	no	yes	yes
declared	P24	1.34.3	1.34.4	orca-kayenta/2	orca	kayenta	POST	/canary/{canaryConfigId}	C2	request	body	WARN	format-change	$.body.thresholds.marginal	number(double)	integer(int32)	live	no	no	yes	yes
declared	P24	1.34.3	1.34.4	orca-kayenta/2	orca	kayenta	POST	/canary/{canaryConfigId}	C2	request	body	WARN	format-change	$.body.thresholds.pass	number(double)	integer(int32)	live	no	no	yes	yes
declared	P24	1.34.3	1.34.4	orca-kayenta/2	orca	kayenta	POST	/canary/{canaryConfigId}	TGT	request	body	WARN	format-change	$.body.thresholds.marginal	integer(int32)	number(double)	live	no	no	yes	yes
declared	P24	1.34.3	1.34.4	orca-kayenta/2	orca	kayenta	POST	/canary/{canaryConfigId}	TGT	request	body	WARN	format-change	$.body.thresholds.pass	integer(int32)	number(double)	live	no	no	yes	yes
declared	P25	1.34.4	1.34.5	orca-kayenta/2	orca	kayenta	POST	/canary/{canaryConfigId}	C1	request	body	WARN	format-change	$.body.thresholds.marginal	integer(int32)	number(double)	live	no	no	no	no
declared	P25	1.34.4	1.34.5	orca-kayenta/2	orca	kayenta	POST	/canary/{canaryConfigId}	C1	request	body	WARN	format-change	$.body.thresholds.pass	integer(int32)	number(double)	live	no	no	no	no
declared	P25	1.34.4	1.34.5	orca-kayenta/2	orca	kayenta	POST	/canary/{canaryConfigId}	C2	request	body	WARN	format-change	$.body.thresholds.marginal	number(double)	integer(int32)	live	no	no	no	no
declared	P25	1.34.4	1.34.5	orca-kayenta/2	orca	kayenta	POST	/canary/{canaryConfigId}	C2	request	body	WARN	format-change	$.body.thresholds.pass	number(double)	integer(int32)	live	no	no	no	no
declared	P25	1.34.4	1.34.5	orca-kayenta/2	orca	kayenta	POST	/canary/{canaryConfigId}	TGT	request	body	WARN	format-change	$.body.thresholds.marginal	integer(int32)	number(double)	live	no	no	no	no
declared	P25	1.34.4	1.34.5	orca-kayenta/2	orca	kayenta	POST	/canary/{canaryConfigId}	TGT	request	body	WARN	format-change	$.body.thresholds.pass	integer(int32)	number(double)	live	no	no	no	no
declared	P26	1.34.5	1.34.6	orca-kayenta/2	orca	kayenta	POST	/canary/{canaryConfigId}	C1	request	body	WARN	format-change	$.body.thresholds.marginal	integer(int32)	number(double)	live	no	no	yes	yes
declared	P26	1.34.5	1.34.6	orca-kayenta/2	orca	kayenta	POST	/canary/{canaryConfigId}	C1	request	body	WARN	format-change	$.body.thresholds.pass	integer(int32)	number(double)	live	no	no	yes	yes
declared	P26	1.34.5	1.34.6	orca-kayenta/2	orca	kayenta	POST	/canary/{canaryConfigId}	C2	request	body	WARN	format-change	$.body.thresholds.marginal	number(double)	integer(int32)	live	no	no	yes	yes
declared	P26	1.34.5	1.34.6	orca-kayenta/2	orca	kayenta	POST	/canary/{canaryConfigId}	C2	request	body	WARN	format-change	$.body.thresholds.pass	number(double)	integer(int32)	live	no	no	yes	yes
declared	P26	1.34.5	1.34.6	orca-kayenta/2	orca	kayenta	POST	/canary/{canaryConfigId}	TGT	request	body	WARN	format-change	$.body.thresholds.marginal	integer(int32)	number(double)	live	no	no	yes	yes
declared	P26	1.34.5	1.34.6	orca-kayenta/2	orca	kayenta	POST	/canary/{canaryConfigId}	TGT	request	body	WARN	format-change	$.body.thresholds.pass	integer(int32)	number(double)	live	no	no	yes	yes
declared	P27	1.34.6	1.35.0	orca-kayenta/2	orca	kayenta	POST	/canary/{canaryConfigId}	C1	request	body	WARN	format-change	$.body.thresholds.marginal	integer(int32)	number(double)	live	no	no	yes	yes
declared	P27	1.34.6	1.35.0	orca-kayenta/2	orca	kayenta	POST	/canary/{canaryConfigId}	C1	request	body	WARN	format-change	$.body.thresholds.pass	integer(int32)	number(double)	live	no	no	yes	yes
declared	P27	1.34.6	1.35.0	orca-kayenta/2	orca	kayenta	POST	/canary/{canaryConfigId}	C2	request	body	WARN	format-change	$.body.thresholds.marginal	number(double)	integer(int32)	live	no	no	yes	yes
declared	P27	1.34.6	1.35.0	orca-kayenta/2	orca	kayenta	POST	/canary/{canaryConfigId}	C2	request	body	WARN	format-change	$.body.thresholds.pass	number(double)	integer(int32)	live	no	no	yes	yes
declared	P27	1.34.6	1.35.0	orca-kayenta/2	orca	kayenta	POST	/canary/{canaryConfigId}	TGT	request	body	WARN	format-change	$.body.thresholds.marginal	integer(int32)	number(double)	live	no	no	yes	yes
declared	P27	1.34.6	1.35.0	orca-kayenta/2	orca	kayenta	POST	/canary/{canaryConfigId}	TGT	request	body	WARN	format-change	$.body.thresholds.pass	integer(int32)	number(double)	live	no	no	yes	yes
declared	P28	1.35.0	1.35.1	orca-kayenta/2	orca	kayenta	POST	/canary/{canaryConfigId}	C1	request	body	WARN	format-change	$.body.thresholds.marginal	integer(int32)	number(double)	live	no	no	no	no
declared	P28	1.35.0	1.35.1	orca-kayenta/2	orca	kayenta	POST	/canary/{canaryConfigId}	C1	request	body	WARN	format-change	$.body.thresholds.pass	integer(int32)	number(double)	live	no	no	no	no
declared	P28	1.35.0	1.35.1	orca-kayenta/2	orca	kayenta	POST	/canary/{canaryConfigId}	C2	request	body	WARN	format-change	$.body.thresholds.marginal	number(double)	integer(int32)	live	no	no	no	no
declared	P28	1.35.0	1.35.1	orca-kayenta/2	orca	kayenta	POST	/canary/{canaryConfigId}	C2	request	body	WARN	format-change	$.body.thresholds.pass	number(double)	integer(int32)	live	no	no	no	no
declared	P28	1.35.0	1.35.1	orca-kayenta/2	orca	kayenta	POST	/canary/{canaryConfigId}	TGT	request	body	WARN	format-change	$.body.thresholds.marginal	integer(int32)	number(double)	live	no	no	no	no
declared	P28	1.35.0	1.35.1	orca-kayenta/2	orca	kayenta	POST	/canary/{canaryConfigId}	TGT	request	body	WARN	format-change	$.body.thresholds.pass	integer(int32)	number(double)	live	no	no	no	no
declared	P29	1.35.1	1.35.2	orca-kayenta/2	orca	kayenta	POST	/canary/{canaryConfigId}	C1	request	body	WARN	format-change	$.body.thresholds.marginal	integer(int32)	number(double)	live	no	no	no	no
declared	P29	1.35.1	1.35.2	orca-kayenta/2	orca	kayenta	POST	/canary/{canaryConfigId}	C1	request	body	WARN	format-change	$.body.thresholds.pass	integer(int32)	number(double)	live	no	no	no	no
declared	P29	1.35.1	1.35.2	orca-kayenta/2	orca	kayenta	POST	/canary/{canaryConfigId}	C2	request	body	WARN	format-change	$.body.thresholds.marginal	number(double)	integer(int32)	live	no	no	no	no
declared	P29	1.35.1	1.35.2	orca-kayenta/2	orca	kayenta	POST	/canary/{canaryConfigId}	C2	request	body	WARN	format-change	$.body.thresholds.pass	number(double)	integer(int32)	live	no	no	no	no
declared	P29	1.35.1	1.35.2	orca-kayenta/2	orca	kayenta	POST	/canary/{canaryConfigId}	TGT	request	body	WARN	format-change	$.body.thresholds.marginal	integer(int32)	number(double)	live	no	no	no	no
declared	P29	1.35.1	1.35.2	orca-kayenta/2	orca	kayenta	POST	/canary/{canaryConfigId}	TGT	request	body	WARN	format-change	$.body.thresholds.pass	integer(int32)	number(double)	live	no	no	no	no
declared	P30	1.35.2	1.35.3	orca-kayenta/2	orca	kayenta	POST	/canary/{canaryConfigId}	C1	request	body	WARN	format-change	$.body.thresholds.marginal	integer(int32)	number(double)	live	no	no	no	no
declared	P30	1.35.2	1.35.3	orca-kayenta/2	orca	kayenta	POST	/canary/{canaryConfigId}	C1	request	body	WARN	format-change	$.body.thresholds.pass	integer(int32)	number(double)	live	no	no	no	no
declared	P30	1.35.2	1.35.3	orca-kayenta/2	orca	kayenta	POST	/canary/{canaryConfigId}	C2	request	body	WARN	format-change	$.body.thresholds.marginal	number(double)	integer(int32)	live	no	no	no	no
declared	P30	1.35.2	1.35.3	orca-kayenta/2	orca	kayenta	POST	/canary/{canaryConfigId}	C2	request	body	WARN	format-change	$.body.thresholds.pass	number(double)	integer(int32)	live	no	no	no	no
declared	P30	1.35.2	1.35.3	orca-kayenta/2	orca	kayenta	POST	/canary/{canaryConfigId}	TGT	request	body	WARN	format-change	$.body.thresholds.marginal	integer(int32)	number(double)	live	no	no	no	no
declared	P30	1.35.2	1.35.3	orca-kayenta/2	orca	kayenta	POST	/canary/{canaryConfigId}	TGT	request	body	WARN	format-change	$.body.thresholds.pass	integer(int32)	number(double)	live	no	no	no	no
declared	P31	1.35.3	1.35.4	orca-kayenta/2	orca	kayenta	POST	/canary/{canaryConfigId}	C1	request	body	WARN	format-change	$.body.thresholds.marginal	integer(int32)	number(double)	live	no	no	no	no
declared	P31	1.35.3	1.35.4	orca-kayenta/2	orca	kayenta	POST	/canary/{canaryConfigId}	C1	request	body	WARN	format-change	$.body.thresholds.pass	integer(int32)	number(double)	live	no	no	no	no
declared	P31	1.35.3	1.35.4	orca-kayenta/2	orca	kayenta	POST	/canary/{canaryConfigId}	C2	request	body	WARN	format-change	$.body.thresholds.marginal	number(double)	integer(int32)	live	no	no	no	no
declared	P31	1.35.3	1.35.4	orca-kayenta/2	orca	kayenta	POST	/canary/{canaryConfigId}	C2	request	body	WARN	format-change	$.body.thresholds.pass	number(double)	integer(int32)	live	no	no	no	no
declared	P31	1.35.3	1.35.4	orca-kayenta/2	orca	kayenta	POST	/canary/{canaryConfigId}	TGT	request	body	WARN	format-change	$.body.thresholds.marginal	integer(int32)	number(double)	live	no	no	no	no
declared	P31	1.35.3	1.35.4	orca-kayenta/2	orca	kayenta	POST	/canary/{canaryConfigId}	TGT	request	body	WARN	format-change	$.body.thresholds.pass	integer(int32)	number(double)	live	no	no	no	no
declared	P32	1.35.4	1.35.5	orca-kayenta/2	orca	kayenta	POST	/canary/{canaryConfigId}	C1	request	body	WARN	format-change	$.body.thresholds.marginal	integer(int32)	number(double)	live	no	no	yes	yes
declared	P32	1.35.4	1.35.5	orca-kayenta/2	orca	kayenta	POST	/canary/{canaryConfigId}	C1	request	body	WARN	format-change	$.body.thresholds.pass	integer(int32)	number(double)	live	no	no	yes	yes
declared	P32	1.35.4	1.35.5	orca-kayenta/2	orca	kayenta	POST	/canary/{canaryConfigId}	C2	request	body	WARN	format-change	$.body.thresholds.marginal	number(double)	integer(int32)	live	no	no	yes	yes
declared	P32	1.35.4	1.35.5	orca-kayenta/2	orca	kayenta	POST	/canary/{canaryConfigId}	C2	request	body	WARN	format-change	$.body.thresholds.pass	number(double)	integer(int32)	live	no	no	yes	yes
declared	P32	1.35.4	1.35.5	orca-kayenta/2	orca	kayenta	POST	/canary/{canaryConfigId}	TGT	request	body	WARN	format-change	$.body.thresholds.marginal	integer(int32)	number(double)	live	no	no	yes	yes
declared	P32	1.35.4	1.35.5	orca-kayenta/2	orca	kayenta	POST	/canary/{canaryConfigId}	TGT	request	body	WARN	format-change	$.body.thresholds.pass	integer(int32)	number(double)	live	no	no	yes	yes
declared	P33	1.35.5	1.36.0	orca-kayenta/2	orca	kayenta	POST	/canary/{canaryConfigId}	C1	request	body	WARN	format-change	$.body.thresholds.marginal	integer(int32)	number(double)	live	no	no	yes	yes
declared	P33	1.35.5	1.36.0	orca-kayenta/2	orca	kayenta	POST	/canary/{canaryConfigId}	C1	request	body	WARN	format-change	$.body.thresholds.pass	integer(int32)	number(double)	live	no	no	yes	yes
declared	P33	1.35.5	1.36.0	orca-kayenta/2	orca	kayenta	POST	/canary/{canaryConfigId}	C2	request	body	WARN	format-change	$.body.thresholds.marginal	number(double)	integer(int32)	live	no	no	yes	yes
declared	P33	1.35.5	1.36.0	orca-kayenta/2	orca	kayenta	POST	/canary/{canaryConfigId}	C2	request	body	WARN	format-change	$.body.thresholds.pass	number(double)	integer(int32)	live	no	no	yes	yes
declared	P33	1.35.5	1.36.0	orca-kayenta/2	orca	kayenta	POST	/canary/{canaryConfigId}	TGT	request	body	WARN	format-change	$.body.thresholds.marginal	integer(int32)	number(double)	live	no	no	yes	yes
declared	P33	1.35.5	1.36.0	orca-kayenta/2	orca	kayenta	POST	/canary/{canaryConfigId}	TGT	request	body	WARN	format-change	$.body.thresholds.pass	integer(int32)	number(double)	live	no	no	yes	yes
declared	P34	1.36.0	1.36.1	orca-kayenta/2	orca	kayenta	POST	/canary/{canaryConfigId}	C1	request	body	WARN	format-change	$.body.thresholds.marginal	integer(int32)	number(double)	live	no	no	yes	yes
declared	P34	1.36.0	1.36.1	orca-kayenta/2	orca	kayenta	POST	/canary/{canaryConfigId}	C1	request	body	WARN	format-change	$.body.thresholds.pass	integer(int32)	number(double)	live	no	no	yes	yes
declared	P34	1.36.0	1.36.1	orca-kayenta/2	orca	kayenta	POST	/canary/{canaryConfigId}	C2	request	body	WARN	format-change	$.body.thresholds.marginal	number(double)	integer(int32)	live	no	no	yes	yes
declared	P34	1.36.0	1.36.1	orca-kayenta/2	orca	kayenta	POST	/canary/{canaryConfigId}	C2	request	body	WARN	format-change	$.body.thresholds.pass	number(double)	integer(int32)	live	no	no	yes	yes
declared	P34	1.36.0	1.36.1	orca-kayenta/2	orca	kayenta	POST	/canary/{canaryConfigId}	TGT	request	body	WARN	format-change	$.body.thresholds.marginal	integer(int32)	number(double)	live	no	no	yes	yes
declared	P34	1.36.0	1.36.1	orca-kayenta/2	orca	kayenta	POST	/canary/{canaryConfigId}	TGT	request	body	WARN	format-change	$.body.thresholds.pass	integer(int32)	number(double)	live	no	no	yes	yes
declared	P35	1.36.1	1.36.2	orca-kayenta/2	orca	kayenta	POST	/canary/{canaryConfigId}	C1	request	body	WARN	format-change	$.body.thresholds.marginal	integer(int32)	number(double)	live	no	no	yes	yes
declared	P35	1.36.1	1.36.2	orca-kayenta/2	orca	kayenta	POST	/canary/{canaryConfigId}	C1	request	body	WARN	format-change	$.body.thresholds.pass	integer(int32)	number(double)	live	no	no	yes	yes
declared	P35	1.36.1	1.36.2	orca-kayenta/2	orca	kayenta	POST	/canary/{canaryConfigId}	C2	request	body	WARN	format-change	$.body.thresholds.marginal	number(double)	integer(int32)	live	no	no	yes	yes
declared	P35	1.36.1	1.36.2	orca-kayenta/2	orca	kayenta	POST	/canary/{canaryConfigId}	C2	request	body	WARN	format-change	$.body.thresholds.pass	number(double)	integer(int32)	live	no	no	yes	yes
declared	P35	1.36.1	1.36.2	orca-kayenta/2	orca	kayenta	POST	/canary/{canaryConfigId}	TGT	request	body	WARN	format-change	$.body.thresholds.marginal	integer(int32)	number(double)	live	no	no	yes	yes
declared	P35	1.36.1	1.36.2	orca-kayenta/2	orca	kayenta	POST	/canary/{canaryConfigId}	TGT	request	body	WARN	format-change	$.body.thresholds.pass	integer(int32)	number(double)	live	no	no	yes	yes
declared	P36	1.36.2	1.36.3	orca-kayenta/2	orca	kayenta	POST	/canary/{canaryConfigId}	C1	request	body	WARN	format-change	$.body.thresholds.marginal	integer(int32)	number(double)	live	no	no	no	no
declared	P36	1.36.2	1.36.3	orca-kayenta/2	orca	kayenta	POST	/canary/{canaryConfigId}	C1	request	body	WARN	format-change	$.body.thresholds.pass	integer(int32)	number(double)	live	no	no	no	no
declared	P36	1.36.2	1.36.3	orca-kayenta/2	orca	kayenta	POST	/canary/{canaryConfigId}	C2	request	body	WARN	format-change	$.body.thresholds.marginal	number(double)	integer(int32)	live	no	no	no	no
declared	P36	1.36.2	1.36.3	orca-kayenta/2	orca	kayenta	POST	/canary/{canaryConfigId}	C2	request	body	WARN	format-change	$.body.thresholds.pass	number(double)	integer(int32)	live	no	no	no	no
declared	P36	1.36.2	1.36.3	orca-kayenta/2	orca	kayenta	POST	/canary/{canaryConfigId}	TGT	request	body	WARN	format-change	$.body.thresholds.marginal	integer(int32)	number(double)	live	no	no	no	no
declared	P36	1.36.2	1.36.3	orca-kayenta/2	orca	kayenta	POST	/canary/{canaryConfigId}	TGT	request	body	WARN	format-change	$.body.thresholds.pass	integer(int32)	number(double)	live	no	no	no	no
declared	P37	1.36.3	1.37.0	gate-clouddriver/9	gate	clouddriver	GET	/applications/{application}/clusters/{account}/{clusterName}/{type}/serverGroups/{serverGroupName}	C4	response	response	BREAK	kind-mismatch	$	object(open){}	array(object(open){})	untyped	no	no	yes	yes
declared	P37	1.36.3	1.37.0	gate-clouddriver/9	gate	clouddriver	GET	/applications/{application}/clusters/{account}/{clusterName}/{type}/serverGroups/{serverGroupName}	TGT	response	response	BREAK	kind-mismatch	$	array(object(open){})	object(open){}	untyped	no	no	yes	yes
declared	P37	1.36.3	1.37.0	orca-igor/3	orca	igor	GET	/builds/artifacts/{buildNumber}/{master}/**	C2	request	params	WARN	format-change	$.params.buildNumber	integer(int32)	integer(int64)	live	no	no	yes	yes
declared	P37	1.36.3	1.37.0	orca-igor/5	orca	igor	GET	/builds/properties/{buildNumber}/{fileName}/{master}/**	C2	request	params	WARN	format-change	$.params.buildNumber	integer(int32)	integer(int64)	live	no	no	yes	yes
declared	P37	1.36.3	1.37.0	orca-igor/8	orca	igor	GET	/builds/status/{buildNumber}/{master}/**	C2	request	params	WARN	format-change	$.params.buildNumber	integer(int32)	integer(int64)	live	no	no	yes	yes
declared	P37	1.36.3	1.37.0	orca-igor/22	orca	igor	PATCH	/masters/{name}/jobs/**/update/{buildNumber}	C2	request	params	WARN	format-change	$.params.buildNumber	integer(int32)	integer(int64)	live	no	no	yes	yes
declared	P37	1.36.3	1.37.0	orca-igor/24	orca	igor	PUT	/masters/{name}/jobs/{jobName}/stop/{queuedBuild}/{buildNumber}	C2	request	params	WARN	format-change	$.params.buildNumber	integer(int32)	integer(int64)	live	no	no	yes	yes
declared	P37	1.36.3	1.37.0	orca-kayenta/2	orca	kayenta	POST	/canary/{canaryConfigId}	C1	request	body	WARN	format-change	$.body.thresholds.marginal	integer(int32)	number(double)	live	no	no	yes	yes
declared	P37	1.36.3	1.37.0	orca-kayenta/2	orca	kayenta	POST	/canary/{canaryConfigId}	C1	request	body	WARN	format-change	$.body.thresholds.pass	integer(int32)	number(double)	live	no	no	yes	yes
declared	P37	1.36.3	1.37.0	orca-kayenta/2	orca	kayenta	POST	/canary/{canaryConfigId}	C2	request	body	WARN	format-change	$.body.thresholds.marginal	number(double)	integer(int32)	live	no	no	yes	yes
declared	P37	1.36.3	1.37.0	orca-kayenta/2	orca	kayenta	POST	/canary/{canaryConfigId}	C2	request	body	WARN	format-change	$.body.thresholds.pass	number(double)	integer(int32)	live	no	no	yes	yes
declared	P37	1.36.3	1.37.0	orca-kayenta/2	orca	kayenta	POST	/canary/{canaryConfigId}	TGT	request	body	WARN	format-change	$.body.thresholds.marginal	integer(int32)	number(double)	live	no	no	yes	yes
declared	P37	1.36.3	1.37.0	orca-kayenta/2	orca	kayenta	POST	/canary/{canaryConfigId}	TGT	request	body	WARN	format-change	$.body.thresholds.pass	integer(int32)	number(double)	live	no	no	yes	yes
declared	P38	1.37.0	1.37.1	orca-kayenta/2	orca	kayenta	POST	/canary/{canaryConfigId}	C1	request	body	WARN	format-change	$.body.thresholds.marginal	integer(int32)	number(double)	live	no	no	no	no
declared	P38	1.37.0	1.37.1	orca-kayenta/2	orca	kayenta	POST	/canary/{canaryConfigId}	C1	request	body	WARN	format-change	$.body.thresholds.pass	integer(int32)	number(double)	live	no	no	no	no
declared	P38	1.37.0	1.37.1	orca-kayenta/2	orca	kayenta	POST	/canary/{canaryConfigId}	C2	request	body	WARN	format-change	$.body.thresholds.marginal	number(double)	integer(int32)	live	no	no	no	no
declared	P38	1.37.0	1.37.1	orca-kayenta/2	orca	kayenta	POST	/canary/{canaryConfigId}	C2	request	body	WARN	format-change	$.body.thresholds.pass	number(double)	integer(int32)	live	no	no	no	no
declared	P38	1.37.0	1.37.1	orca-kayenta/2	orca	kayenta	POST	/canary/{canaryConfigId}	TGT	request	body	WARN	format-change	$.body.thresholds.marginal	integer(int32)	number(double)	live	no	no	no	no
declared	P38	1.37.0	1.37.1	orca-kayenta/2	orca	kayenta	POST	/canary/{canaryConfigId}	TGT	request	body	WARN	format-change	$.body.thresholds.pass	integer(int32)	number(double)	live	no	no	no	no
declared	P39	1.37.1	1.37.2	orca-kayenta/2	orca	kayenta	POST	/canary/{canaryConfigId}	C1	request	body	WARN	format-change	$.body.thresholds.marginal	integer(int32)	number(double)	live	no	no	no	no
declared	P39	1.37.1	1.37.2	orca-kayenta/2	orca	kayenta	POST	/canary/{canaryConfigId}	C1	request	body	WARN	format-change	$.body.thresholds.pass	integer(int32)	number(double)	live	no	no	no	no
declared	P39	1.37.1	1.37.2	orca-kayenta/2	orca	kayenta	POST	/canary/{canaryConfigId}	C2	request	body	WARN	format-change	$.body.thresholds.marginal	number(double)	integer(int32)	live	no	no	no	no
declared	P39	1.37.1	1.37.2	orca-kayenta/2	orca	kayenta	POST	/canary/{canaryConfigId}	C2	request	body	WARN	format-change	$.body.thresholds.pass	number(double)	integer(int32)	live	no	no	no	no
declared	P39	1.37.1	1.37.2	orca-kayenta/2	orca	kayenta	POST	/canary/{canaryConfigId}	TGT	request	body	WARN	format-change	$.body.thresholds.marginal	integer(int32)	number(double)	live	no	no	no	no
declared	P39	1.37.1	1.37.2	orca-kayenta/2	orca	kayenta	POST	/canary/{canaryConfigId}	TGT	request	body	WARN	format-change	$.body.thresholds.pass	integer(int32)	number(double)	live	no	no	no	no
declared	P40	1.37.2	1.37.3	orca-kayenta/2	orca	kayenta	POST	/canary/{canaryConfigId}	C1	request	body	WARN	format-change	$.body.thresholds.marginal	integer(int32)	number(double)	live	no	no	no	no
declared	P40	1.37.2	1.37.3	orca-kayenta/2	orca	kayenta	POST	/canary/{canaryConfigId}	C1	request	body	WARN	format-change	$.body.thresholds.pass	integer(int32)	number(double)	live	no	no	no	no
declared	P40	1.37.2	1.37.3	orca-kayenta/2	orca	kayenta	POST	/canary/{canaryConfigId}	C2	request	body	WARN	format-change	$.body.thresholds.marginal	number(double)	integer(int32)	live	no	no	no	no
declared	P40	1.37.2	1.37.3	orca-kayenta/2	orca	kayenta	POST	/canary/{canaryConfigId}	C2	request	body	WARN	format-change	$.body.thresholds.pass	number(double)	integer(int32)	live	no	no	no	no
declared	P40	1.37.2	1.37.3	orca-kayenta/2	orca	kayenta	POST	/canary/{canaryConfigId}	TGT	request	body	WARN	format-change	$.body.thresholds.marginal	integer(int32)	number(double)	live	no	no	no	no
declared	P40	1.37.2	1.37.3	orca-kayenta/2	orca	kayenta	POST	/canary/{canaryConfigId}	TGT	request	body	WARN	format-change	$.body.thresholds.pass	integer(int32)	number(double)	live	no	no	no	no
declared	P41	1.37.3	1.37.4	orca-kayenta/2	orca	kayenta	POST	/canary/{canaryConfigId}	C1	request	body	WARN	format-change	$.body.thresholds.marginal	integer(int32)	number(double)	live	no	no	no	no
declared	P41	1.37.3	1.37.4	orca-kayenta/2	orca	kayenta	POST	/canary/{canaryConfigId}	C1	request	body	WARN	format-change	$.body.thresholds.pass	integer(int32)	number(double)	live	no	no	no	no
declared	P41	1.37.3	1.37.4	orca-kayenta/2	orca	kayenta	POST	/canary/{canaryConfigId}	C2	request	body	WARN	format-change	$.body.thresholds.marginal	number(double)	integer(int32)	live	no	no	no	no
declared	P41	1.37.3	1.37.4	orca-kayenta/2	orca	kayenta	POST	/canary/{canaryConfigId}	C2	request	body	WARN	format-change	$.body.thresholds.pass	number(double)	integer(int32)	live	no	no	no	no
declared	P41	1.37.3	1.37.4	orca-kayenta/2	orca	kayenta	POST	/canary/{canaryConfigId}	TGT	request	body	WARN	format-change	$.body.thresholds.marginal	integer(int32)	number(double)	live	no	no	no	no
declared	P41	1.37.3	1.37.4	orca-kayenta/2	orca	kayenta	POST	/canary/{canaryConfigId}	TGT	request	body	WARN	format-change	$.body.thresholds.pass	integer(int32)	number(double)	live	no	no	no	no
declared	P42	1.37.4	1.37.5	orca-kayenta/2	orca	kayenta	POST	/canary/{canaryConfigId}	C1	request	body	WARN	format-change	$.body.thresholds.marginal	integer(int32)	number(double)	live	no	no	no	no
declared	P42	1.37.4	1.37.5	orca-kayenta/2	orca	kayenta	POST	/canary/{canaryConfigId}	C1	request	body	WARN	format-change	$.body.thresholds.pass	integer(int32)	number(double)	live	no	no	no	no
declared	P42	1.37.4	1.37.5	orca-kayenta/2	orca	kayenta	POST	/canary/{canaryConfigId}	C2	request	body	WARN	format-change	$.body.thresholds.marginal	number(double)	integer(int32)	live	no	no	no	no
declared	P42	1.37.4	1.37.5	orca-kayenta/2	orca	kayenta	POST	/canary/{canaryConfigId}	C2	request	body	WARN	format-change	$.body.thresholds.pass	number(double)	integer(int32)	live	no	no	no	no
declared	P42	1.37.4	1.37.5	orca-kayenta/2	orca	kayenta	POST	/canary/{canaryConfigId}	TGT	request	body	WARN	format-change	$.body.thresholds.marginal	integer(int32)	number(double)	live	no	no	no	no
declared	P42	1.37.4	1.37.5	orca-kayenta/2	orca	kayenta	POST	/canary/{canaryConfigId}	TGT	request	body	WARN	format-change	$.body.thresholds.pass	integer(int32)	number(double)	live	no	no	no	no
declared	P43	1.37.5	1.37.6	orca-kayenta/2	orca	kayenta	POST	/canary/{canaryConfigId}	C1	request	body	WARN	format-change	$.body.thresholds.marginal	integer(int32)	number(double)	live	no	no	no	no
declared	P43	1.37.5	1.37.6	orca-kayenta/2	orca	kayenta	POST	/canary/{canaryConfigId}	C1	request	body	WARN	format-change	$.body.thresholds.pass	integer(int32)	number(double)	live	no	no	no	no
declared	P43	1.37.5	1.37.6	orca-kayenta/2	orca	kayenta	POST	/canary/{canaryConfigId}	C2	request	body	WARN	format-change	$.body.thresholds.marginal	number(double)	integer(int32)	live	no	no	no	no
declared	P43	1.37.5	1.37.6	orca-kayenta/2	orca	kayenta	POST	/canary/{canaryConfigId}	C2	request	body	WARN	format-change	$.body.thresholds.pass	number(double)	integer(int32)	live	no	no	no	no
declared	P43	1.37.5	1.37.6	orca-kayenta/2	orca	kayenta	POST	/canary/{canaryConfigId}	TGT	request	body	WARN	format-change	$.body.thresholds.marginal	integer(int32)	number(double)	live	no	no	no	no
declared	P43	1.37.5	1.37.6	orca-kayenta/2	orca	kayenta	POST	/canary/{canaryConfigId}	TGT	request	body	WARN	format-change	$.body.thresholds.pass	integer(int32)	number(double)	live	no	no	no	no
declared	P44	1.37.6	1.37.7	orca-kayenta/2	orca	kayenta	POST	/canary/{canaryConfigId}	C1	request	body	WARN	format-change	$.body.thresholds.marginal	integer(int32)	number(double)	live	no	no	no	no
declared	P44	1.37.6	1.37.7	orca-kayenta/2	orca	kayenta	POST	/canary/{canaryConfigId}	C1	request	body	WARN	format-change	$.body.thresholds.pass	integer(int32)	number(double)	live	no	no	no	no
declared	P44	1.37.6	1.37.7	orca-kayenta/2	orca	kayenta	POST	/canary/{canaryConfigId}	C2	request	body	WARN	format-change	$.body.thresholds.marginal	number(double)	integer(int32)	live	no	no	no	no
declared	P44	1.37.6	1.37.7	orca-kayenta/2	orca	kayenta	POST	/canary/{canaryConfigId}	C2	request	body	WARN	format-change	$.body.thresholds.pass	number(double)	integer(int32)	live	no	no	no	no
declared	P44	1.37.6	1.37.7	orca-kayenta/2	orca	kayenta	POST	/canary/{canaryConfigId}	TGT	request	body	WARN	format-change	$.body.thresholds.marginal	integer(int32)	number(double)	live	no	no	no	no
declared	P44	1.37.6	1.37.7	orca-kayenta/2	orca	kayenta	POST	/canary/{canaryConfigId}	TGT	request	body	WARN	format-change	$.body.thresholds.pass	integer(int32)	number(double)	live	no	no	no	no
declared	P45	1.37.7	1.37.8	orca-kayenta/2	orca	kayenta	POST	/canary/{canaryConfigId}	C1	request	body	WARN	format-change	$.body.thresholds.marginal	integer(int32)	number(double)	live	no	no	yes	yes
declared	P45	1.37.7	1.37.8	orca-kayenta/2	orca	kayenta	POST	/canary/{canaryConfigId}	C1	request	body	WARN	format-change	$.body.thresholds.pass	integer(int32)	number(double)	live	no	no	yes	yes
declared	P45	1.37.7	1.37.8	orca-kayenta/2	orca	kayenta	POST	/canary/{canaryConfigId}	C2	request	body	WARN	format-change	$.body.thresholds.marginal	number(double)	integer(int32)	live	no	no	yes	yes
declared	P45	1.37.7	1.37.8	orca-kayenta/2	orca	kayenta	POST	/canary/{canaryConfigId}	C2	request	body	WARN	format-change	$.body.thresholds.pass	number(double)	integer(int32)	live	no	no	yes	yes
declared	P45	1.37.7	1.37.8	orca-kayenta/2	orca	kayenta	POST	/canary/{canaryConfigId}	TGT	request	body	WARN	format-change	$.body.thresholds.marginal	integer(int32)	number(double)	live	no	no	yes	yes
declared	P45	1.37.7	1.37.8	orca-kayenta/2	orca	kayenta	POST	/canary/{canaryConfigId}	TGT	request	body	WARN	format-change	$.body.thresholds.pass	integer(int32)	number(double)	live	no	no	yes	yes
declared	P46	1.37.8	1.37.9	orca-kayenta/2	orca	kayenta	POST	/canary/{canaryConfigId}	C1	request	body	WARN	format-change	$.body.thresholds.marginal	integer(int32)	number(double)	live	no	no	yes	yes
declared	P46	1.37.8	1.37.9	orca-kayenta/2	orca	kayenta	POST	/canary/{canaryConfigId}	C1	request	body	WARN	format-change	$.body.thresholds.pass	integer(int32)	number(double)	live	no	no	yes	yes
declared	P46	1.37.8	1.37.9	orca-kayenta/2	orca	kayenta	POST	/canary/{canaryConfigId}	C2	request	body	WARN	format-change	$.body.thresholds.marginal	number(double)	integer(int32)	live	no	no	yes	yes
declared	P46	1.37.8	1.37.9	orca-kayenta/2	orca	kayenta	POST	/canary/{canaryConfigId}	C2	request	body	WARN	format-change	$.body.thresholds.pass	number(double)	integer(int32)	live	no	no	yes	yes
declared	P46	1.37.8	1.37.9	orca-kayenta/2	orca	kayenta	POST	/canary/{canaryConfigId}	TGT	request	body	WARN	format-change	$.body.thresholds.marginal	integer(int32)	number(double)	live	no	no	yes	yes
declared	P46	1.37.8	1.37.9	orca-kayenta/2	orca	kayenta	POST	/canary/{canaryConfigId}	TGT	request	body	WARN	format-change	$.body.thresholds.pass	integer(int32)	number(double)	live	no	no	yes	yes
declared	P47	1.37.9	1.37.10	orca-kayenta/2	orca	kayenta	POST	/canary/{canaryConfigId}	C1	request	body	WARN	format-change	$.body.thresholds.marginal	integer(int32)	number(double)	live	no	no	no	no
declared	P47	1.37.9	1.37.10	orca-kayenta/2	orca	kayenta	POST	/canary/{canaryConfigId}	C1	request	body	WARN	format-change	$.body.thresholds.pass	integer(int32)	number(double)	live	no	no	no	no
declared	P47	1.37.9	1.37.10	orca-kayenta/2	orca	kayenta	POST	/canary/{canaryConfigId}	C2	request	body	WARN	format-change	$.body.thresholds.marginal	number(double)	integer(int32)	live	no	no	no	no
declared	P47	1.37.9	1.37.10	orca-kayenta/2	orca	kayenta	POST	/canary/{canaryConfigId}	C2	request	body	WARN	format-change	$.body.thresholds.pass	number(double)	integer(int32)	live	no	no	no	no
declared	P47	1.37.9	1.37.10	orca-kayenta/2	orca	kayenta	POST	/canary/{canaryConfigId}	TGT	request	body	WARN	format-change	$.body.thresholds.marginal	integer(int32)	number(double)	live	no	no	no	no
declared	P47	1.37.9	1.37.10	orca-kayenta/2	orca	kayenta	POST	/canary/{canaryConfigId}	TGT	request	body	WARN	format-change	$.body.thresholds.pass	integer(int32)	number(double)	live	no	no	no	no
declared	P48	1.37.10	1.37.11	orca-kayenta/2	orca	kayenta	POST	/canary/{canaryConfigId}	C1	request	body	WARN	format-change	$.body.thresholds.marginal	integer(int32)	number(double)	live	no	no	no	no
declared	P48	1.37.10	1.37.11	orca-kayenta/2	orca	kayenta	POST	/canary/{canaryConfigId}	C1	request	body	WARN	format-change	$.body.thresholds.pass	integer(int32)	number(double)	live	no	no	no	no
declared	P48	1.37.10	1.37.11	orca-kayenta/2	orca	kayenta	POST	/canary/{canaryConfigId}	C2	request	body	WARN	format-change	$.body.thresholds.marginal	number(double)	integer(int32)	live	no	no	no	no
declared	P48	1.37.10	1.37.11	orca-kayenta/2	orca	kayenta	POST	/canary/{canaryConfigId}	C2	request	body	WARN	format-change	$.body.thresholds.pass	number(double)	integer(int32)	live	no	no	no	no
declared	P48	1.37.10	1.37.11	orca-kayenta/2	orca	kayenta	POST	/canary/{canaryConfigId}	TGT	request	body	WARN	format-change	$.body.thresholds.marginal	integer(int32)	number(double)	live	no	no	no	no
declared	P48	1.37.10	1.37.11	orca-kayenta/2	orca	kayenta	POST	/canary/{canaryConfigId}	TGT	request	body	WARN	format-change	$.body.thresholds.pass	integer(int32)	number(double)	live	no	no	no	no
declared	P49	1.37.11	1.38.0	orca-kayenta/2	orca	kayenta	POST	/canary/{canaryConfigId}	C1	request	body	WARN	format-change	$.body.thresholds.marginal	integer(int32)	number(double)	live	no	no	yes	yes
declared	P49	1.37.11	1.38.0	orca-kayenta/2	orca	kayenta	POST	/canary/{canaryConfigId}	C1	request	body	WARN	format-change	$.body.thresholds.pass	integer(int32)	number(double)	live	no	no	yes	yes
declared	P49	1.37.11	1.38.0	orca-kayenta/2	orca	kayenta	POST	/canary/{canaryConfigId}	C2	request	body	WARN	format-change	$.body.thresholds.marginal	number(double)	integer(int32)	live	no	no	yes	yes
declared	P49	1.37.11	1.38.0	orca-kayenta/2	orca	kayenta	POST	/canary/{canaryConfigId}	C2	request	body	WARN	format-change	$.body.thresholds.pass	number(double)	integer(int32)	live	no	no	yes	yes
declared	P49	1.37.11	1.38.0	orca-kayenta/2	orca	kayenta	POST	/canary/{canaryConfigId}	TGT	request	body	WARN	format-change	$.body.thresholds.marginal	integer(int32)	number(double)	live	no	no	yes	yes
declared	P49	1.37.11	1.38.0	orca-kayenta/2	orca	kayenta	POST	/canary/{canaryConfigId}	TGT	request	body	WARN	format-change	$.body.thresholds.pass	integer(int32)	number(double)	live	no	no	yes	yes
none	P01	1.30.0	1.30.1	orca-kayenta/2	orca	kayenta	POST	/canary/{canaryConfigId}	C1	request	body	WARN	format-change	$.body.thresholds.marginal	integer(int32)	number(double)	live	no	no	yes	yes
none	P01	1.30.0	1.30.1	orca-kayenta/2	orca	kayenta	POST	/canary/{canaryConfigId}	C1	request	body	WARN	format-change	$.body.thresholds.pass	integer(int32)	number(double)	live	no	no	yes	yes
none	P01	1.30.0	1.30.1	orca-kayenta/2	orca	kayenta	POST	/canary/{canaryConfigId}	C2	request	body	WARN	format-change	$.body.thresholds.marginal	number(double)	integer(int32)	live	no	no	yes	yes
none	P01	1.30.0	1.30.1	orca-kayenta/2	orca	kayenta	POST	/canary/{canaryConfigId}	C2	request	body	WARN	format-change	$.body.thresholds.pass	number(double)	integer(int32)	live	no	no	yes	yes
none	P01	1.30.0	1.30.1	orca-kayenta/2	orca	kayenta	POST	/canary/{canaryConfigId}	TGT	request	body	WARN	format-change	$.body.thresholds.marginal	integer(int32)	number(double)	live	no	no	yes	yes
none	P01	1.30.0	1.30.1	orca-kayenta/2	orca	kayenta	POST	/canary/{canaryConfigId}	TGT	request	body	WARN	format-change	$.body.thresholds.pass	integer(int32)	number(double)	live	no	no	yes	yes
none	P02	1.30.1	1.30.2	orca-kayenta/2	orca	kayenta	POST	/canary/{canaryConfigId}	C1	request	body	WARN	format-change	$.body.thresholds.marginal	integer(int32)	number(double)	live	no	no	yes	yes
none	P02	1.30.1	1.30.2	orca-kayenta/2	orca	kayenta	POST	/canary/{canaryConfigId}	C1	request	body	WARN	format-change	$.body.thresholds.pass	integer(int32)	number(double)	live	no	no	yes	yes
none	P02	1.30.1	1.30.2	orca-kayenta/2	orca	kayenta	POST	/canary/{canaryConfigId}	C2	request	body	WARN	format-change	$.body.thresholds.marginal	number(double)	integer(int32)	live	no	no	yes	yes
none	P02	1.30.1	1.30.2	orca-kayenta/2	orca	kayenta	POST	/canary/{canaryConfigId}	C2	request	body	WARN	format-change	$.body.thresholds.pass	number(double)	integer(int32)	live	no	no	yes	yes
none	P02	1.30.1	1.30.2	orca-kayenta/2	orca	kayenta	POST	/canary/{canaryConfigId}	TGT	request	body	WARN	format-change	$.body.thresholds.marginal	integer(int32)	number(double)	live	no	no	yes	yes
none	P02	1.30.1	1.30.2	orca-kayenta/2	orca	kayenta	POST	/canary/{canaryConfigId}	TGT	request	body	WARN	format-change	$.body.thresholds.pass	integer(int32)	number(double)	live	no	no	yes	yes
none	P03	1.30.2	1.30.3	orca-kayenta/2	orca	kayenta	POST	/canary/{canaryConfigId}	C1	request	body	WARN	format-change	$.body.thresholds.marginal	integer(int32)	number(double)	live	no	no	yes	yes
none	P03	1.30.2	1.30.3	orca-kayenta/2	orca	kayenta	POST	/canary/{canaryConfigId}	C1	request	body	WARN	format-change	$.body.thresholds.pass	integer(int32)	number(double)	live	no	no	yes	yes
none	P03	1.30.2	1.30.3	orca-kayenta/2	orca	kayenta	POST	/canary/{canaryConfigId}	C2	request	body	WARN	format-change	$.body.thresholds.marginal	number(double)	integer(int32)	live	no	no	yes	yes
none	P03	1.30.2	1.30.3	orca-kayenta/2	orca	kayenta	POST	/canary/{canaryConfigId}	C2	request	body	WARN	format-change	$.body.thresholds.pass	number(double)	integer(int32)	live	no	no	yes	yes
none	P03	1.30.2	1.30.3	orca-kayenta/2	orca	kayenta	POST	/canary/{canaryConfigId}	TGT	request	body	WARN	format-change	$.body.thresholds.marginal	integer(int32)	number(double)	live	no	no	yes	yes
none	P03	1.30.2	1.30.3	orca-kayenta/2	orca	kayenta	POST	/canary/{canaryConfigId}	TGT	request	body	WARN	format-change	$.body.thresholds.pass	integer(int32)	number(double)	live	no	no	yes	yes
none	P04	1.30.3	1.30.4	orca-kayenta/2	orca	kayenta	POST	/canary/{canaryConfigId}	C1	request	body	WARN	format-change	$.body.thresholds.marginal	integer(int32)	number(double)	live	no	no	yes	yes
none	P04	1.30.3	1.30.4	orca-kayenta/2	orca	kayenta	POST	/canary/{canaryConfigId}	C1	request	body	WARN	format-change	$.body.thresholds.pass	integer(int32)	number(double)	live	no	no	yes	yes
none	P04	1.30.3	1.30.4	orca-kayenta/2	orca	kayenta	POST	/canary/{canaryConfigId}	C2	request	body	WARN	format-change	$.body.thresholds.marginal	number(double)	integer(int32)	live	no	no	yes	yes
none	P04	1.30.3	1.30.4	orca-kayenta/2	orca	kayenta	POST	/canary/{canaryConfigId}	C2	request	body	WARN	format-change	$.body.thresholds.pass	number(double)	integer(int32)	live	no	no	yes	yes
none	P04	1.30.3	1.30.4	orca-kayenta/2	orca	kayenta	POST	/canary/{canaryConfigId}	TGT	request	body	WARN	format-change	$.body.thresholds.marginal	integer(int32)	number(double)	live	no	no	yes	yes
none	P04	1.30.3	1.30.4	orca-kayenta/2	orca	kayenta	POST	/canary/{canaryConfigId}	TGT	request	body	WARN	format-change	$.body.thresholds.pass	integer(int32)	number(double)	live	no	no	yes	yes
none	P05	1.30.4	1.30.5	orca-kayenta/2	orca	kayenta	POST	/canary/{canaryConfigId}	C1	request	body	WARN	format-change	$.body.thresholds.marginal	integer(int32)	number(double)	live	no	no	yes	no
none	P05	1.30.4	1.30.5	orca-kayenta/2	orca	kayenta	POST	/canary/{canaryConfigId}	C1	request	body	WARN	format-change	$.body.thresholds.pass	integer(int32)	number(double)	live	no	no	yes	no
none	P05	1.30.4	1.30.5	orca-kayenta/2	orca	kayenta	POST	/canary/{canaryConfigId}	C2	request	body	WARN	format-change	$.body.thresholds.marginal	number(double)	integer(int32)	live	no	no	yes	no
none	P05	1.30.4	1.30.5	orca-kayenta/2	orca	kayenta	POST	/canary/{canaryConfigId}	C2	request	body	WARN	format-change	$.body.thresholds.pass	number(double)	integer(int32)	live	no	no	yes	no
none	P05	1.30.4	1.30.5	orca-kayenta/2	orca	kayenta	POST	/canary/{canaryConfigId}	TGT	request	body	WARN	format-change	$.body.thresholds.marginal	integer(int32)	number(double)	live	no	no	yes	no
none	P05	1.30.4	1.30.5	orca-kayenta/2	orca	kayenta	POST	/canary/{canaryConfigId}	TGT	request	body	WARN	format-change	$.body.thresholds.pass	integer(int32)	number(double)	live	no	no	yes	no
none	P06	1.30.5	1.30.6	orca-kayenta/2	orca	kayenta	POST	/canary/{canaryConfigId}	C1	request	body	WARN	format-change	$.body.thresholds.marginal	integer(int32)	number(double)	live	no	no	no	yes
none	P06	1.30.5	1.30.6	orca-kayenta/2	orca	kayenta	POST	/canary/{canaryConfigId}	C1	request	body	WARN	format-change	$.body.thresholds.pass	integer(int32)	number(double)	live	no	no	no	yes
none	P06	1.30.5	1.30.6	orca-kayenta/2	orca	kayenta	POST	/canary/{canaryConfigId}	C2	request	body	WARN	format-change	$.body.thresholds.marginal	number(double)	integer(int32)	live	no	no	no	yes
none	P06	1.30.5	1.30.6	orca-kayenta/2	orca	kayenta	POST	/canary/{canaryConfigId}	C2	request	body	WARN	format-change	$.body.thresholds.pass	number(double)	integer(int32)	live	no	no	no	yes
none	P06	1.30.5	1.30.6	orca-kayenta/2	orca	kayenta	POST	/canary/{canaryConfigId}	TGT	request	body	WARN	format-change	$.body.thresholds.marginal	integer(int32)	number(double)	live	no	no	no	yes
none	P06	1.30.5	1.30.6	orca-kayenta/2	orca	kayenta	POST	/canary/{canaryConfigId}	TGT	request	body	WARN	format-change	$.body.thresholds.pass	integer(int32)	number(double)	live	no	no	no	yes
none	P07	1.30.6	1.31.0	orca-kayenta/2	orca	kayenta	POST	/canary/{canaryConfigId}	C1	request	body	WARN	format-change	$.body.thresholds.marginal	integer(int32)	number(double)	live	no	no	yes	yes
none	P07	1.30.6	1.31.0	orca-kayenta/2	orca	kayenta	POST	/canary/{canaryConfigId}	C1	request	body	WARN	format-change	$.body.thresholds.pass	integer(int32)	number(double)	live	no	no	yes	yes
none	P07	1.30.6	1.31.0	orca-kayenta/2	orca	kayenta	POST	/canary/{canaryConfigId}	C2	request	body	WARN	format-change	$.body.thresholds.marginal	number(double)	integer(int32)	live	no	no	yes	yes
none	P07	1.30.6	1.31.0	orca-kayenta/2	orca	kayenta	POST	/canary/{canaryConfigId}	C2	request	body	WARN	format-change	$.body.thresholds.pass	number(double)	integer(int32)	live	no	no	yes	yes
none	P07	1.30.6	1.31.0	orca-kayenta/2	orca	kayenta	POST	/canary/{canaryConfigId}	TGT	request	body	WARN	format-change	$.body.thresholds.marginal	integer(int32)	number(double)	live	no	no	yes	yes
none	P07	1.30.6	1.31.0	orca-kayenta/2	orca	kayenta	POST	/canary/{canaryConfigId}	TGT	request	body	WARN	format-change	$.body.thresholds.pass	integer(int32)	number(double)	live	no	no	yes	yes
none	P08	1.31.0	1.31.1	orca-kayenta/2	orca	kayenta	POST	/canary/{canaryConfigId}	C1	request	body	WARN	format-change	$.body.thresholds.marginal	integer(int32)	number(double)	live	no	no	yes	yes
none	P08	1.31.0	1.31.1	orca-kayenta/2	orca	kayenta	POST	/canary/{canaryConfigId}	C1	request	body	WARN	format-change	$.body.thresholds.pass	integer(int32)	number(double)	live	no	no	yes	yes
none	P08	1.31.0	1.31.1	orca-kayenta/2	orca	kayenta	POST	/canary/{canaryConfigId}	C2	request	body	WARN	format-change	$.body.thresholds.marginal	number(double)	integer(int32)	live	no	no	yes	yes
none	P08	1.31.0	1.31.1	orca-kayenta/2	orca	kayenta	POST	/canary/{canaryConfigId}	C2	request	body	WARN	format-change	$.body.thresholds.pass	number(double)	integer(int32)	live	no	no	yes	yes
none	P08	1.31.0	1.31.1	orca-kayenta/2	orca	kayenta	POST	/canary/{canaryConfigId}	TGT	request	body	WARN	format-change	$.body.thresholds.marginal	integer(int32)	number(double)	live	no	no	yes	yes
none	P08	1.31.0	1.31.1	orca-kayenta/2	orca	kayenta	POST	/canary/{canaryConfigId}	TGT	request	body	WARN	format-change	$.body.thresholds.pass	integer(int32)	number(double)	live	no	no	yes	yes
none	P09	1.31.1	1.31.2	orca-kayenta/2	orca	kayenta	POST	/canary/{canaryConfigId}	C1	request	body	WARN	format-change	$.body.thresholds.marginal	integer(int32)	number(double)	live	no	no	no	no
none	P09	1.31.1	1.31.2	orca-kayenta/2	orca	kayenta	POST	/canary/{canaryConfigId}	C1	request	body	WARN	format-change	$.body.thresholds.pass	integer(int32)	number(double)	live	no	no	no	no
none	P09	1.31.1	1.31.2	orca-kayenta/2	orca	kayenta	POST	/canary/{canaryConfigId}	C2	request	body	WARN	format-change	$.body.thresholds.marginal	number(double)	integer(int32)	live	no	no	no	no
none	P09	1.31.1	1.31.2	orca-kayenta/2	orca	kayenta	POST	/canary/{canaryConfigId}	C2	request	body	WARN	format-change	$.body.thresholds.pass	number(double)	integer(int32)	live	no	no	no	no
none	P09	1.31.1	1.31.2	orca-kayenta/2	orca	kayenta	POST	/canary/{canaryConfigId}	TGT	request	body	WARN	format-change	$.body.thresholds.marginal	integer(int32)	number(double)	live	no	no	no	no
none	P09	1.31.1	1.31.2	orca-kayenta/2	orca	kayenta	POST	/canary/{canaryConfigId}	TGT	request	body	WARN	format-change	$.body.thresholds.pass	integer(int32)	number(double)	live	no	no	no	no
none	P10	1.31.2	1.31.3	orca-kayenta/2	orca	kayenta	POST	/canary/{canaryConfigId}	C1	request	body	WARN	format-change	$.body.thresholds.marginal	integer(int32)	number(double)	live	no	no	yes	no
none	P10	1.31.2	1.31.3	orca-kayenta/2	orca	kayenta	POST	/canary/{canaryConfigId}	C1	request	body	WARN	format-change	$.body.thresholds.pass	integer(int32)	number(double)	live	no	no	yes	no
none	P10	1.31.2	1.31.3	orca-kayenta/2	orca	kayenta	POST	/canary/{canaryConfigId}	C2	request	body	WARN	format-change	$.body.thresholds.marginal	number(double)	integer(int32)	live	no	no	yes	no
none	P10	1.31.2	1.31.3	orca-kayenta/2	orca	kayenta	POST	/canary/{canaryConfigId}	C2	request	body	WARN	format-change	$.body.thresholds.pass	number(double)	integer(int32)	live	no	no	yes	no
none	P10	1.31.2	1.31.3	orca-kayenta/2	orca	kayenta	POST	/canary/{canaryConfigId}	TGT	request	body	WARN	format-change	$.body.thresholds.marginal	integer(int32)	number(double)	live	no	no	yes	no
none	P10	1.31.2	1.31.3	orca-kayenta/2	orca	kayenta	POST	/canary/{canaryConfigId}	TGT	request	body	WARN	format-change	$.body.thresholds.pass	integer(int32)	number(double)	live	no	no	yes	no
none	P11	1.31.3	1.32.0	orca-kayenta/2	orca	kayenta	POST	/canary/{canaryConfigId}	C1	request	body	WARN	format-change	$.body.thresholds.marginal	integer(int32)	number(double)	live	no	no	yes	yes
none	P11	1.31.3	1.32.0	orca-kayenta/2	orca	kayenta	POST	/canary/{canaryConfigId}	C1	request	body	WARN	format-change	$.body.thresholds.pass	integer(int32)	number(double)	live	no	no	yes	yes
none	P11	1.31.3	1.32.0	orca-kayenta/2	orca	kayenta	POST	/canary/{canaryConfigId}	C2	request	body	WARN	format-change	$.body.thresholds.marginal	number(double)	integer(int32)	live	no	no	yes	yes
none	P11	1.31.3	1.32.0	orca-kayenta/2	orca	kayenta	POST	/canary/{canaryConfigId}	C2	request	body	WARN	format-change	$.body.thresholds.pass	number(double)	integer(int32)	live	no	no	yes	yes
none	P11	1.31.3	1.32.0	orca-kayenta/2	orca	kayenta	POST	/canary/{canaryConfigId}	TGT	request	body	WARN	format-change	$.body.thresholds.marginal	integer(int32)	number(double)	live	no	no	yes	yes
none	P11	1.31.3	1.32.0	orca-kayenta/2	orca	kayenta	POST	/canary/{canaryConfigId}	TGT	request	body	WARN	format-change	$.body.thresholds.pass	integer(int32)	number(double)	live	no	no	yes	yes
none	P12	1.32.0	1.32.1	orca-kayenta/2	orca	kayenta	POST	/canary/{canaryConfigId}	C1	request	body	WARN	format-change	$.body.thresholds.marginal	integer(int32)	number(double)	live	no	no	no	no
none	P12	1.32.0	1.32.1	orca-kayenta/2	orca	kayenta	POST	/canary/{canaryConfigId}	C1	request	body	WARN	format-change	$.body.thresholds.pass	integer(int32)	number(double)	live	no	no	no	no
none	P12	1.32.0	1.32.1	orca-kayenta/2	orca	kayenta	POST	/canary/{canaryConfigId}	C2	request	body	WARN	format-change	$.body.thresholds.marginal	number(double)	integer(int32)	live	no	no	no	no
none	P12	1.32.0	1.32.1	orca-kayenta/2	orca	kayenta	POST	/canary/{canaryConfigId}	C2	request	body	WARN	format-change	$.body.thresholds.pass	number(double)	integer(int32)	live	no	no	no	no
none	P12	1.32.0	1.32.1	orca-kayenta/2	orca	kayenta	POST	/canary/{canaryConfigId}	TGT	request	body	WARN	format-change	$.body.thresholds.marginal	integer(int32)	number(double)	live	no	no	no	no
none	P12	1.32.0	1.32.1	orca-kayenta/2	orca	kayenta	POST	/canary/{canaryConfigId}	TGT	request	body	WARN	format-change	$.body.thresholds.pass	integer(int32)	number(double)	live	no	no	no	no
none	P13	1.32.1	1.32.2	orca-kayenta/2	orca	kayenta	POST	/canary/{canaryConfigId}	C1	request	body	WARN	format-change	$.body.thresholds.marginal	integer(int32)	number(double)	live	no	no	no	no
none	P13	1.32.1	1.32.2	orca-kayenta/2	orca	kayenta	POST	/canary/{canaryConfigId}	C1	request	body	WARN	format-change	$.body.thresholds.pass	integer(int32)	number(double)	live	no	no	no	no
none	P13	1.32.1	1.32.2	orca-kayenta/2	orca	kayenta	POST	/canary/{canaryConfigId}	C2	request	body	WARN	format-change	$.body.thresholds.marginal	number(double)	integer(int32)	live	no	no	no	no
none	P13	1.32.1	1.32.2	orca-kayenta/2	orca	kayenta	POST	/canary/{canaryConfigId}	C2	request	body	WARN	format-change	$.body.thresholds.pass	number(double)	integer(int32)	live	no	no	no	no
none	P13	1.32.1	1.32.2	orca-kayenta/2	orca	kayenta	POST	/canary/{canaryConfigId}	TGT	request	body	WARN	format-change	$.body.thresholds.marginal	integer(int32)	number(double)	live	no	no	no	no
none	P13	1.32.1	1.32.2	orca-kayenta/2	orca	kayenta	POST	/canary/{canaryConfigId}	TGT	request	body	WARN	format-change	$.body.thresholds.pass	integer(int32)	number(double)	live	no	no	no	no
none	P14	1.32.2	1.32.3	orca-kayenta/2	orca	kayenta	POST	/canary/{canaryConfigId}	C1	request	body	WARN	format-change	$.body.thresholds.marginal	integer(int32)	number(double)	live	no	no	yes	no
none	P14	1.32.2	1.32.3	orca-kayenta/2	orca	kayenta	POST	/canary/{canaryConfigId}	C1	request	body	WARN	format-change	$.body.thresholds.pass	integer(int32)	number(double)	live	no	no	yes	no
none	P14	1.32.2	1.32.3	orca-kayenta/2	orca	kayenta	POST	/canary/{canaryConfigId}	C2	request	body	WARN	format-change	$.body.thresholds.marginal	number(double)	integer(int32)	live	no	no	yes	no
none	P14	1.32.2	1.32.3	orca-kayenta/2	orca	kayenta	POST	/canary/{canaryConfigId}	C2	request	body	WARN	format-change	$.body.thresholds.pass	number(double)	integer(int32)	live	no	no	yes	no
none	P14	1.32.2	1.32.3	orca-kayenta/2	orca	kayenta	POST	/canary/{canaryConfigId}	TGT	request	body	WARN	format-change	$.body.thresholds.marginal	integer(int32)	number(double)	live	no	no	yes	no
none	P14	1.32.2	1.32.3	orca-kayenta/2	orca	kayenta	POST	/canary/{canaryConfigId}	TGT	request	body	WARN	format-change	$.body.thresholds.pass	integer(int32)	number(double)	live	no	no	yes	no
none	P15	1.32.3	1.32.4	orca-kayenta/2	orca	kayenta	POST	/canary/{canaryConfigId}	C1	request	body	WARN	format-change	$.body.thresholds.marginal	integer(int32)	number(double)	live	no	no	yes	yes
none	P15	1.32.3	1.32.4	orca-kayenta/2	orca	kayenta	POST	/canary/{canaryConfigId}	C1	request	body	WARN	format-change	$.body.thresholds.pass	integer(int32)	number(double)	live	no	no	yes	yes
none	P15	1.32.3	1.32.4	orca-kayenta/2	orca	kayenta	POST	/canary/{canaryConfigId}	C2	request	body	WARN	format-change	$.body.thresholds.marginal	number(double)	integer(int32)	live	no	no	yes	yes
none	P15	1.32.3	1.32.4	orca-kayenta/2	orca	kayenta	POST	/canary/{canaryConfigId}	C2	request	body	WARN	format-change	$.body.thresholds.pass	number(double)	integer(int32)	live	no	no	yes	yes
none	P15	1.32.3	1.32.4	orca-kayenta/2	orca	kayenta	POST	/canary/{canaryConfigId}	TGT	request	body	WARN	format-change	$.body.thresholds.marginal	integer(int32)	number(double)	live	no	no	yes	yes
none	P15	1.32.3	1.32.4	orca-kayenta/2	orca	kayenta	POST	/canary/{canaryConfigId}	TGT	request	body	WARN	format-change	$.body.thresholds.pass	integer(int32)	number(double)	live	no	no	yes	yes
none	P16	1.32.4	1.33.0	orca-kayenta/2	orca	kayenta	POST	/canary/{canaryConfigId}	C1	request	body	WARN	format-change	$.body.thresholds.marginal	integer(int32)	number(double)	live	no	no	yes	yes
none	P16	1.32.4	1.33.0	orca-kayenta/2	orca	kayenta	POST	/canary/{canaryConfigId}	C1	request	body	WARN	format-change	$.body.thresholds.pass	integer(int32)	number(double)	live	no	no	yes	yes
none	P16	1.32.4	1.33.0	orca-kayenta/2	orca	kayenta	POST	/canary/{canaryConfigId}	C2	request	body	WARN	format-change	$.body.thresholds.marginal	number(double)	integer(int32)	live	no	no	yes	yes
none	P16	1.32.4	1.33.0	orca-kayenta/2	orca	kayenta	POST	/canary/{canaryConfigId}	C2	request	body	WARN	format-change	$.body.thresholds.pass	number(double)	integer(int32)	live	no	no	yes	yes
none	P16	1.32.4	1.33.0	orca-kayenta/2	orca	kayenta	POST	/canary/{canaryConfigId}	TGT	request	body	WARN	format-change	$.body.thresholds.marginal	integer(int32)	number(double)	live	no	no	yes	yes
none	P16	1.32.4	1.33.0	orca-kayenta/2	orca	kayenta	POST	/canary/{canaryConfigId}	TGT	request	body	WARN	format-change	$.body.thresholds.pass	integer(int32)	number(double)	live	no	no	yes	yes
none	P17	1.33.0	1.33.1	orca-kayenta/2	orca	kayenta	POST	/canary/{canaryConfigId}	C1	request	body	WARN	format-change	$.body.thresholds.marginal	integer(int32)	number(double)	live	no	no	yes	yes
none	P17	1.33.0	1.33.1	orca-kayenta/2	orca	kayenta	POST	/canary/{canaryConfigId}	C1	request	body	WARN	format-change	$.body.thresholds.pass	integer(int32)	number(double)	live	no	no	yes	yes
none	P17	1.33.0	1.33.1	orca-kayenta/2	orca	kayenta	POST	/canary/{canaryConfigId}	C2	request	body	WARN	format-change	$.body.thresholds.marginal	number(double)	integer(int32)	live	no	no	yes	yes
none	P17	1.33.0	1.33.1	orca-kayenta/2	orca	kayenta	POST	/canary/{canaryConfigId}	C2	request	body	WARN	format-change	$.body.thresholds.pass	number(double)	integer(int32)	live	no	no	yes	yes
none	P17	1.33.0	1.33.1	orca-kayenta/2	orca	kayenta	POST	/canary/{canaryConfigId}	TGT	request	body	WARN	format-change	$.body.thresholds.marginal	integer(int32)	number(double)	live	no	no	yes	yes
none	P17	1.33.0	1.33.1	orca-kayenta/2	orca	kayenta	POST	/canary/{canaryConfigId}	TGT	request	body	WARN	format-change	$.body.thresholds.pass	integer(int32)	number(double)	live	no	no	yes	yes
none	P18	1.33.1	1.33.2	orca-kayenta/2	orca	kayenta	POST	/canary/{canaryConfigId}	C1	request	body	WARN	format-change	$.body.thresholds.marginal	integer(int32)	number(double)	live	no	no	no	no
none	P18	1.33.1	1.33.2	orca-kayenta/2	orca	kayenta	POST	/canary/{canaryConfigId}	C1	request	body	WARN	format-change	$.body.thresholds.pass	integer(int32)	number(double)	live	no	no	no	no
none	P18	1.33.1	1.33.2	orca-kayenta/2	orca	kayenta	POST	/canary/{canaryConfigId}	C2	request	body	WARN	format-change	$.body.thresholds.marginal	number(double)	integer(int32)	live	no	no	no	no
none	P18	1.33.1	1.33.2	orca-kayenta/2	orca	kayenta	POST	/canary/{canaryConfigId}	C2	request	body	WARN	format-change	$.body.thresholds.pass	number(double)	integer(int32)	live	no	no	no	no
none	P18	1.33.1	1.33.2	orca-kayenta/2	orca	kayenta	POST	/canary/{canaryConfigId}	TGT	request	body	WARN	format-change	$.body.thresholds.marginal	integer(int32)	number(double)	live	no	no	no	no
none	P18	1.33.1	1.33.2	orca-kayenta/2	orca	kayenta	POST	/canary/{canaryConfigId}	TGT	request	body	WARN	format-change	$.body.thresholds.pass	integer(int32)	number(double)	live	no	no	no	no
none	P19	1.33.2	1.33.3	orca-kayenta/2	orca	kayenta	POST	/canary/{canaryConfigId}	C1	request	body	WARN	format-change	$.body.thresholds.marginal	integer(int32)	number(double)	live	no	no	yes	yes
none	P19	1.33.2	1.33.3	orca-kayenta/2	orca	kayenta	POST	/canary/{canaryConfigId}	C1	request	body	WARN	format-change	$.body.thresholds.pass	integer(int32)	number(double)	live	no	no	yes	yes
none	P19	1.33.2	1.33.3	orca-kayenta/2	orca	kayenta	POST	/canary/{canaryConfigId}	C2	request	body	WARN	format-change	$.body.thresholds.marginal	number(double)	integer(int32)	live	no	no	yes	yes
none	P19	1.33.2	1.33.3	orca-kayenta/2	orca	kayenta	POST	/canary/{canaryConfigId}	C2	request	body	WARN	format-change	$.body.thresholds.pass	number(double)	integer(int32)	live	no	no	yes	yes
none	P19	1.33.2	1.33.3	orca-kayenta/2	orca	kayenta	POST	/canary/{canaryConfigId}	TGT	request	body	WARN	format-change	$.body.thresholds.marginal	integer(int32)	number(double)	live	no	no	yes	yes
none	P19	1.33.2	1.33.3	orca-kayenta/2	orca	kayenta	POST	/canary/{canaryConfigId}	TGT	request	body	WARN	format-change	$.body.thresholds.pass	integer(int32)	number(double)	live	no	no	yes	yes
none	P20	1.33.3	1.34.0	orca-kayenta/2	orca	kayenta	POST	/canary/{canaryConfigId}	C1	request	body	WARN	format-change	$.body.thresholds.marginal	integer(int32)	number(double)	live	no	no	yes	yes
none	P20	1.33.3	1.34.0	orca-kayenta/2	orca	kayenta	POST	/canary/{canaryConfigId}	C1	request	body	WARN	format-change	$.body.thresholds.pass	integer(int32)	number(double)	live	no	no	yes	yes
none	P20	1.33.3	1.34.0	orca-kayenta/2	orca	kayenta	POST	/canary/{canaryConfigId}	C2	request	body	WARN	format-change	$.body.thresholds.marginal	number(double)	integer(int32)	live	no	no	yes	yes
none	P20	1.33.3	1.34.0	orca-kayenta/2	orca	kayenta	POST	/canary/{canaryConfigId}	C2	request	body	WARN	format-change	$.body.thresholds.pass	number(double)	integer(int32)	live	no	no	yes	yes
none	P20	1.33.3	1.34.0	orca-kayenta/2	orca	kayenta	POST	/canary/{canaryConfigId}	TGT	request	body	WARN	format-change	$.body.thresholds.marginal	integer(int32)	number(double)	live	no	no	yes	yes
none	P20	1.33.3	1.34.0	orca-kayenta/2	orca	kayenta	POST	/canary/{canaryConfigId}	TGT	request	body	WARN	format-change	$.body.thresholds.pass	integer(int32)	number(double)	live	no	no	yes	yes
none	P21	1.34.0	1.34.1	orca-kayenta/2	orca	kayenta	POST	/canary/{canaryConfigId}	C1	request	body	WARN	format-change	$.body.thresholds.marginal	integer(int32)	number(double)	live	no	no	no	no
none	P21	1.34.0	1.34.1	orca-kayenta/2	orca	kayenta	POST	/canary/{canaryConfigId}	C1	request	body	WARN	format-change	$.body.thresholds.pass	integer(int32)	number(double)	live	no	no	no	no
none	P21	1.34.0	1.34.1	orca-kayenta/2	orca	kayenta	POST	/canary/{canaryConfigId}	C2	request	body	WARN	format-change	$.body.thresholds.marginal	number(double)	integer(int32)	live	no	no	no	no
none	P21	1.34.0	1.34.1	orca-kayenta/2	orca	kayenta	POST	/canary/{canaryConfigId}	C2	request	body	WARN	format-change	$.body.thresholds.pass	number(double)	integer(int32)	live	no	no	no	no
none	P21	1.34.0	1.34.1	orca-kayenta/2	orca	kayenta	POST	/canary/{canaryConfigId}	TGT	request	body	WARN	format-change	$.body.thresholds.marginal	integer(int32)	number(double)	live	no	no	no	no
none	P21	1.34.0	1.34.1	orca-kayenta/2	orca	kayenta	POST	/canary/{canaryConfigId}	TGT	request	body	WARN	format-change	$.body.thresholds.pass	integer(int32)	number(double)	live	no	no	no	no
none	P22	1.34.1	1.34.2	orca-kayenta/2	orca	kayenta	POST	/canary/{canaryConfigId}	C1	request	body	WARN	format-change	$.body.thresholds.marginal	integer(int32)	number(double)	live	no	no	no	no
none	P22	1.34.1	1.34.2	orca-kayenta/2	orca	kayenta	POST	/canary/{canaryConfigId}	C1	request	body	WARN	format-change	$.body.thresholds.pass	integer(int32)	number(double)	live	no	no	no	no
none	P22	1.34.1	1.34.2	orca-kayenta/2	orca	kayenta	POST	/canary/{canaryConfigId}	C2	request	body	WARN	format-change	$.body.thresholds.marginal	number(double)	integer(int32)	live	no	no	no	no
none	P22	1.34.1	1.34.2	orca-kayenta/2	orca	kayenta	POST	/canary/{canaryConfigId}	C2	request	body	WARN	format-change	$.body.thresholds.pass	number(double)	integer(int32)	live	no	no	no	no
none	P22	1.34.1	1.34.2	orca-kayenta/2	orca	kayenta	POST	/canary/{canaryConfigId}	TGT	request	body	WARN	format-change	$.body.thresholds.marginal	integer(int32)	number(double)	live	no	no	no	no
none	P22	1.34.1	1.34.2	orca-kayenta/2	orca	kayenta	POST	/canary/{canaryConfigId}	TGT	request	body	WARN	format-change	$.body.thresholds.pass	integer(int32)	number(double)	live	no	no	no	no
none	P23	1.34.2	1.34.3	orca-kayenta/2	orca	kayenta	POST	/canary/{canaryConfigId}	C1	request	body	WARN	format-change	$.body.thresholds.marginal	integer(int32)	number(double)	live	no	no	yes	yes
none	P23	1.34.2	1.34.3	orca-kayenta/2	orca	kayenta	POST	/canary/{canaryConfigId}	C1	request	body	WARN	format-change	$.body.thresholds.pass	integer(int32)	number(double)	live	no	no	yes	yes
none	P23	1.34.2	1.34.3	orca-kayenta/2	orca	kayenta	POST	/canary/{canaryConfigId}	C2	request	body	WARN	format-change	$.body.thresholds.marginal	number(double)	integer(int32)	live	no	no	yes	yes
none	P23	1.34.2	1.34.3	orca-kayenta/2	orca	kayenta	POST	/canary/{canaryConfigId}	C2	request	body	WARN	format-change	$.body.thresholds.pass	number(double)	integer(int32)	live	no	no	yes	yes
none	P23	1.34.2	1.34.3	orca-kayenta/2	orca	kayenta	POST	/canary/{canaryConfigId}	TGT	request	body	WARN	format-change	$.body.thresholds.marginal	integer(int32)	number(double)	live	no	no	yes	yes
none	P23	1.34.2	1.34.3	orca-kayenta/2	orca	kayenta	POST	/canary/{canaryConfigId}	TGT	request	body	WARN	format-change	$.body.thresholds.pass	integer(int32)	number(double)	live	no	no	yes	yes
none	P24	1.34.3	1.34.4	orca-kayenta/2	orca	kayenta	POST	/canary/{canaryConfigId}	C1	request	body	WARN	format-change	$.body.thresholds.marginal	integer(int32)	number(double)	live	no	no	yes	yes
none	P24	1.34.3	1.34.4	orca-kayenta/2	orca	kayenta	POST	/canary/{canaryConfigId}	C1	request	body	WARN	format-change	$.body.thresholds.pass	integer(int32)	number(double)	live	no	no	yes	yes
none	P24	1.34.3	1.34.4	orca-kayenta/2	orca	kayenta	POST	/canary/{canaryConfigId}	C2	request	body	WARN	format-change	$.body.thresholds.marginal	number(double)	integer(int32)	live	no	no	yes	yes
none	P24	1.34.3	1.34.4	orca-kayenta/2	orca	kayenta	POST	/canary/{canaryConfigId}	C2	request	body	WARN	format-change	$.body.thresholds.pass	number(double)	integer(int32)	live	no	no	yes	yes
none	P24	1.34.3	1.34.4	orca-kayenta/2	orca	kayenta	POST	/canary/{canaryConfigId}	TGT	request	body	WARN	format-change	$.body.thresholds.marginal	integer(int32)	number(double)	live	no	no	yes	yes
none	P24	1.34.3	1.34.4	orca-kayenta/2	orca	kayenta	POST	/canary/{canaryConfigId}	TGT	request	body	WARN	format-change	$.body.thresholds.pass	integer(int32)	number(double)	live	no	no	yes	yes
none	P25	1.34.4	1.34.5	orca-kayenta/2	orca	kayenta	POST	/canary/{canaryConfigId}	C1	request	body	WARN	format-change	$.body.thresholds.marginal	integer(int32)	number(double)	live	no	no	no	no
none	P25	1.34.4	1.34.5	orca-kayenta/2	orca	kayenta	POST	/canary/{canaryConfigId}	C1	request	body	WARN	format-change	$.body.thresholds.pass	integer(int32)	number(double)	live	no	no	no	no
none	P25	1.34.4	1.34.5	orca-kayenta/2	orca	kayenta	POST	/canary/{canaryConfigId}	C2	request	body	WARN	format-change	$.body.thresholds.marginal	number(double)	integer(int32)	live	no	no	no	no
none	P25	1.34.4	1.34.5	orca-kayenta/2	orca	kayenta	POST	/canary/{canaryConfigId}	C2	request	body	WARN	format-change	$.body.thresholds.pass	number(double)	integer(int32)	live	no	no	no	no
none	P25	1.34.4	1.34.5	orca-kayenta/2	orca	kayenta	POST	/canary/{canaryConfigId}	TGT	request	body	WARN	format-change	$.body.thresholds.marginal	integer(int32)	number(double)	live	no	no	no	no
none	P25	1.34.4	1.34.5	orca-kayenta/2	orca	kayenta	POST	/canary/{canaryConfigId}	TGT	request	body	WARN	format-change	$.body.thresholds.pass	integer(int32)	number(double)	live	no	no	no	no
none	P26	1.34.5	1.34.6	orca-kayenta/2	orca	kayenta	POST	/canary/{canaryConfigId}	C1	request	body	WARN	format-change	$.body.thresholds.marginal	integer(int32)	number(double)	live	no	no	yes	yes
none	P26	1.34.5	1.34.6	orca-kayenta/2	orca	kayenta	POST	/canary/{canaryConfigId}	C1	request	body	WARN	format-change	$.body.thresholds.pass	integer(int32)	number(double)	live	no	no	yes	yes
none	P26	1.34.5	1.34.6	orca-kayenta/2	orca	kayenta	POST	/canary/{canaryConfigId}	C2	request	body	WARN	format-change	$.body.thresholds.marginal	number(double)	integer(int32)	live	no	no	yes	yes
none	P26	1.34.5	1.34.6	orca-kayenta/2	orca	kayenta	POST	/canary/{canaryConfigId}	C2	request	body	WARN	format-change	$.body.thresholds.pass	number(double)	integer(int32)	live	no	no	yes	yes
none	P26	1.34.5	1.34.6	orca-kayenta/2	orca	kayenta	POST	/canary/{canaryConfigId}	TGT	request	body	WARN	format-change	$.body.thresholds.marginal	integer(int32)	number(double)	live	no	no	yes	yes
none	P26	1.34.5	1.34.6	orca-kayenta/2	orca	kayenta	POST	/canary/{canaryConfigId}	TGT	request	body	WARN	format-change	$.body.thresholds.pass	integer(int32)	number(double)	live	no	no	yes	yes
none	P27	1.34.6	1.35.0	orca-kayenta/2	orca	kayenta	POST	/canary/{canaryConfigId}	C1	request	body	WARN	format-change	$.body.thresholds.marginal	integer(int32)	number(double)	live	no	no	yes	yes
none	P27	1.34.6	1.35.0	orca-kayenta/2	orca	kayenta	POST	/canary/{canaryConfigId}	C1	request	body	WARN	format-change	$.body.thresholds.pass	integer(int32)	number(double)	live	no	no	yes	yes
none	P27	1.34.6	1.35.0	orca-kayenta/2	orca	kayenta	POST	/canary/{canaryConfigId}	C2	request	body	WARN	format-change	$.body.thresholds.marginal	number(double)	integer(int32)	live	no	no	yes	yes
none	P27	1.34.6	1.35.0	orca-kayenta/2	orca	kayenta	POST	/canary/{canaryConfigId}	C2	request	body	WARN	format-change	$.body.thresholds.pass	number(double)	integer(int32)	live	no	no	yes	yes
none	P27	1.34.6	1.35.0	orca-kayenta/2	orca	kayenta	POST	/canary/{canaryConfigId}	TGT	request	body	WARN	format-change	$.body.thresholds.marginal	integer(int32)	number(double)	live	no	no	yes	yes
none	P27	1.34.6	1.35.0	orca-kayenta/2	orca	kayenta	POST	/canary/{canaryConfigId}	TGT	request	body	WARN	format-change	$.body.thresholds.pass	integer(int32)	number(double)	live	no	no	yes	yes
none	P28	1.35.0	1.35.1	orca-kayenta/2	orca	kayenta	POST	/canary/{canaryConfigId}	C1	request	body	WARN	format-change	$.body.thresholds.marginal	integer(int32)	number(double)	live	no	no	no	no
none	P28	1.35.0	1.35.1	orca-kayenta/2	orca	kayenta	POST	/canary/{canaryConfigId}	C1	request	body	WARN	format-change	$.body.thresholds.pass	integer(int32)	number(double)	live	no	no	no	no
none	P28	1.35.0	1.35.1	orca-kayenta/2	orca	kayenta	POST	/canary/{canaryConfigId}	C2	request	body	WARN	format-change	$.body.thresholds.marginal	number(double)	integer(int32)	live	no	no	no	no
none	P28	1.35.0	1.35.1	orca-kayenta/2	orca	kayenta	POST	/canary/{canaryConfigId}	C2	request	body	WARN	format-change	$.body.thresholds.pass	number(double)	integer(int32)	live	no	no	no	no
none	P28	1.35.0	1.35.1	orca-kayenta/2	orca	kayenta	POST	/canary/{canaryConfigId}	TGT	request	body	WARN	format-change	$.body.thresholds.marginal	integer(int32)	number(double)	live	no	no	no	no
none	P28	1.35.0	1.35.1	orca-kayenta/2	orca	kayenta	POST	/canary/{canaryConfigId}	TGT	request	body	WARN	format-change	$.body.thresholds.pass	integer(int32)	number(double)	live	no	no	no	no
none	P29	1.35.1	1.35.2	orca-kayenta/2	orca	kayenta	POST	/canary/{canaryConfigId}	C1	request	body	WARN	format-change	$.body.thresholds.marginal	integer(int32)	number(double)	live	no	no	no	no
none	P29	1.35.1	1.35.2	orca-kayenta/2	orca	kayenta	POST	/canary/{canaryConfigId}	C1	request	body	WARN	format-change	$.body.thresholds.pass	integer(int32)	number(double)	live	no	no	no	no
none	P29	1.35.1	1.35.2	orca-kayenta/2	orca	kayenta	POST	/canary/{canaryConfigId}	C2	request	body	WARN	format-change	$.body.thresholds.marginal	number(double)	integer(int32)	live	no	no	no	no
none	P29	1.35.1	1.35.2	orca-kayenta/2	orca	kayenta	POST	/canary/{canaryConfigId}	C2	request	body	WARN	format-change	$.body.thresholds.pass	number(double)	integer(int32)	live	no	no	no	no
none	P29	1.35.1	1.35.2	orca-kayenta/2	orca	kayenta	POST	/canary/{canaryConfigId}	TGT	request	body	WARN	format-change	$.body.thresholds.marginal	integer(int32)	number(double)	live	no	no	no	no
none	P29	1.35.1	1.35.2	orca-kayenta/2	orca	kayenta	POST	/canary/{canaryConfigId}	TGT	request	body	WARN	format-change	$.body.thresholds.pass	integer(int32)	number(double)	live	no	no	no	no
none	P30	1.35.2	1.35.3	orca-kayenta/2	orca	kayenta	POST	/canary/{canaryConfigId}	C1	request	body	WARN	format-change	$.body.thresholds.marginal	integer(int32)	number(double)	live	no	no	no	no
none	P30	1.35.2	1.35.3	orca-kayenta/2	orca	kayenta	POST	/canary/{canaryConfigId}	C1	request	body	WARN	format-change	$.body.thresholds.pass	integer(int32)	number(double)	live	no	no	no	no
none	P30	1.35.2	1.35.3	orca-kayenta/2	orca	kayenta	POST	/canary/{canaryConfigId}	C2	request	body	WARN	format-change	$.body.thresholds.marginal	number(double)	integer(int32)	live	no	no	no	no
none	P30	1.35.2	1.35.3	orca-kayenta/2	orca	kayenta	POST	/canary/{canaryConfigId}	C2	request	body	WARN	format-change	$.body.thresholds.pass	number(double)	integer(int32)	live	no	no	no	no
none	P30	1.35.2	1.35.3	orca-kayenta/2	orca	kayenta	POST	/canary/{canaryConfigId}	TGT	request	body	WARN	format-change	$.body.thresholds.marginal	integer(int32)	number(double)	live	no	no	no	no
none	P30	1.35.2	1.35.3	orca-kayenta/2	orca	kayenta	POST	/canary/{canaryConfigId}	TGT	request	body	WARN	format-change	$.body.thresholds.pass	integer(int32)	number(double)	live	no	no	no	no
none	P31	1.35.3	1.35.4	orca-kayenta/2	orca	kayenta	POST	/canary/{canaryConfigId}	C1	request	body	WARN	format-change	$.body.thresholds.marginal	integer(int32)	number(double)	live	no	no	no	no
none	P31	1.35.3	1.35.4	orca-kayenta/2	orca	kayenta	POST	/canary/{canaryConfigId}	C1	request	body	WARN	format-change	$.body.thresholds.pass	integer(int32)	number(double)	live	no	no	no	no
none	P31	1.35.3	1.35.4	orca-kayenta/2	orca	kayenta	POST	/canary/{canaryConfigId}	C2	request	body	WARN	format-change	$.body.thresholds.marginal	number(double)	integer(int32)	live	no	no	no	no
none	P31	1.35.3	1.35.4	orca-kayenta/2	orca	kayenta	POST	/canary/{canaryConfigId}	C2	request	body	WARN	format-change	$.body.thresholds.pass	number(double)	integer(int32)	live	no	no	no	no
none	P31	1.35.3	1.35.4	orca-kayenta/2	orca	kayenta	POST	/canary/{canaryConfigId}	TGT	request	body	WARN	format-change	$.body.thresholds.marginal	integer(int32)	number(double)	live	no	no	no	no
none	P31	1.35.3	1.35.4	orca-kayenta/2	orca	kayenta	POST	/canary/{canaryConfigId}	TGT	request	body	WARN	format-change	$.body.thresholds.pass	integer(int32)	number(double)	live	no	no	no	no
none	P32	1.35.4	1.35.5	orca-kayenta/2	orca	kayenta	POST	/canary/{canaryConfigId}	C1	request	body	WARN	format-change	$.body.thresholds.marginal	integer(int32)	number(double)	live	no	no	yes	yes
none	P32	1.35.4	1.35.5	orca-kayenta/2	orca	kayenta	POST	/canary/{canaryConfigId}	C1	request	body	WARN	format-change	$.body.thresholds.pass	integer(int32)	number(double)	live	no	no	yes	yes
none	P32	1.35.4	1.35.5	orca-kayenta/2	orca	kayenta	POST	/canary/{canaryConfigId}	C2	request	body	WARN	format-change	$.body.thresholds.marginal	number(double)	integer(int32)	live	no	no	yes	yes
none	P32	1.35.4	1.35.5	orca-kayenta/2	orca	kayenta	POST	/canary/{canaryConfigId}	C2	request	body	WARN	format-change	$.body.thresholds.pass	number(double)	integer(int32)	live	no	no	yes	yes
none	P32	1.35.4	1.35.5	orca-kayenta/2	orca	kayenta	POST	/canary/{canaryConfigId}	TGT	request	body	WARN	format-change	$.body.thresholds.marginal	integer(int32)	number(double)	live	no	no	yes	yes
none	P32	1.35.4	1.35.5	orca-kayenta/2	orca	kayenta	POST	/canary/{canaryConfigId}	TGT	request	body	WARN	format-change	$.body.thresholds.pass	integer(int32)	number(double)	live	no	no	yes	yes
none	P33	1.35.5	1.36.0	orca-kayenta/2	orca	kayenta	POST	/canary/{canaryConfigId}	C1	request	body	WARN	format-change	$.body.thresholds.marginal	integer(int32)	number(double)	live	no	no	yes	yes
none	P33	1.35.5	1.36.0	orca-kayenta/2	orca	kayenta	POST	/canary/{canaryConfigId}	C1	request	body	WARN	format-change	$.body.thresholds.pass	integer(int32)	number(double)	live	no	no	yes	yes
none	P33	1.35.5	1.36.0	orca-kayenta/2	orca	kayenta	POST	/canary/{canaryConfigId}	C2	request	body	WARN	format-change	$.body.thresholds.marginal	number(double)	integer(int32)	live	no	no	yes	yes
none	P33	1.35.5	1.36.0	orca-kayenta/2	orca	kayenta	POST	/canary/{canaryConfigId}	C2	request	body	WARN	format-change	$.body.thresholds.pass	number(double)	integer(int32)	live	no	no	yes	yes
none	P33	1.35.5	1.36.0	orca-kayenta/2	orca	kayenta	POST	/canary/{canaryConfigId}	TGT	request	body	WARN	format-change	$.body.thresholds.marginal	integer(int32)	number(double)	live	no	no	yes	yes
none	P33	1.35.5	1.36.0	orca-kayenta/2	orca	kayenta	POST	/canary/{canaryConfigId}	TGT	request	body	WARN	format-change	$.body.thresholds.pass	integer(int32)	number(double)	live	no	no	yes	yes
none	P34	1.36.0	1.36.1	orca-kayenta/2	orca	kayenta	POST	/canary/{canaryConfigId}	C1	request	body	WARN	format-change	$.body.thresholds.marginal	integer(int32)	number(double)	live	no	no	yes	yes
none	P34	1.36.0	1.36.1	orca-kayenta/2	orca	kayenta	POST	/canary/{canaryConfigId}	C1	request	body	WARN	format-change	$.body.thresholds.pass	integer(int32)	number(double)	live	no	no	yes	yes
none	P34	1.36.0	1.36.1	orca-kayenta/2	orca	kayenta	POST	/canary/{canaryConfigId}	C2	request	body	WARN	format-change	$.body.thresholds.marginal	number(double)	integer(int32)	live	no	no	yes	yes
none	P34	1.36.0	1.36.1	orca-kayenta/2	orca	kayenta	POST	/canary/{canaryConfigId}	C2	request	body	WARN	format-change	$.body.thresholds.pass	number(double)	integer(int32)	live	no	no	yes	yes
none	P34	1.36.0	1.36.1	orca-kayenta/2	orca	kayenta	POST	/canary/{canaryConfigId}	TGT	request	body	WARN	format-change	$.body.thresholds.marginal	integer(int32)	number(double)	live	no	no	yes	yes
none	P34	1.36.0	1.36.1	orca-kayenta/2	orca	kayenta	POST	/canary/{canaryConfigId}	TGT	request	body	WARN	format-change	$.body.thresholds.pass	integer(int32)	number(double)	live	no	no	yes	yes
none	P35	1.36.1	1.36.2	orca-kayenta/2	orca	kayenta	POST	/canary/{canaryConfigId}	C1	request	body	WARN	format-change	$.body.thresholds.marginal	integer(int32)	number(double)	live	no	no	yes	yes
none	P35	1.36.1	1.36.2	orca-kayenta/2	orca	kayenta	POST	/canary/{canaryConfigId}	C1	request	body	WARN	format-change	$.body.thresholds.pass	integer(int32)	number(double)	live	no	no	yes	yes
none	P35	1.36.1	1.36.2	orca-kayenta/2	orca	kayenta	POST	/canary/{canaryConfigId}	C2	request	body	WARN	format-change	$.body.thresholds.marginal	number(double)	integer(int32)	live	no	no	yes	yes
none	P35	1.36.1	1.36.2	orca-kayenta/2	orca	kayenta	POST	/canary/{canaryConfigId}	C2	request	body	WARN	format-change	$.body.thresholds.pass	number(double)	integer(int32)	live	no	no	yes	yes
none	P35	1.36.1	1.36.2	orca-kayenta/2	orca	kayenta	POST	/canary/{canaryConfigId}	TGT	request	body	WARN	format-change	$.body.thresholds.marginal	integer(int32)	number(double)	live	no	no	yes	yes
none	P35	1.36.1	1.36.2	orca-kayenta/2	orca	kayenta	POST	/canary/{canaryConfigId}	TGT	request	body	WARN	format-change	$.body.thresholds.pass	integer(int32)	number(double)	live	no	no	yes	yes
none	P36	1.36.2	1.36.3	orca-kayenta/2	orca	kayenta	POST	/canary/{canaryConfigId}	C1	request	body	WARN	format-change	$.body.thresholds.marginal	integer(int32)	number(double)	live	no	no	no	no
none	P36	1.36.2	1.36.3	orca-kayenta/2	orca	kayenta	POST	/canary/{canaryConfigId}	C1	request	body	WARN	format-change	$.body.thresholds.pass	integer(int32)	number(double)	live	no	no	no	no
none	P36	1.36.2	1.36.3	orca-kayenta/2	orca	kayenta	POST	/canary/{canaryConfigId}	C2	request	body	WARN	format-change	$.body.thresholds.marginal	number(double)	integer(int32)	live	no	no	no	no
none	P36	1.36.2	1.36.3	orca-kayenta/2	orca	kayenta	POST	/canary/{canaryConfigId}	C2	request	body	WARN	format-change	$.body.thresholds.pass	number(double)	integer(int32)	live	no	no	no	no
none	P36	1.36.2	1.36.3	orca-kayenta/2	orca	kayenta	POST	/canary/{canaryConfigId}	TGT	request	body	WARN	format-change	$.body.thresholds.marginal	integer(int32)	number(double)	live	no	no	no	no
none	P36	1.36.2	1.36.3	orca-kayenta/2	orca	kayenta	POST	/canary/{canaryConfigId}	TGT	request	body	WARN	format-change	$.body.thresholds.pass	integer(int32)	number(double)	live	no	no	no	no
none	P37	1.36.3	1.37.0	gate-clouddriver/9	gate	clouddriver	GET	/applications/{application}/clusters/{account}/{clusterName}/{type}/serverGroups/{serverGroupName}	C4	response	response	BREAK	kind-mismatch	$	object(open){}	array(object(open){})	untyped	no	no	yes	yes
none	P37	1.36.3	1.37.0	gate-clouddriver/9	gate	clouddriver	GET	/applications/{application}/clusters/{account}/{clusterName}/{type}/serverGroups/{serverGroupName}	TGT	response	response	BREAK	kind-mismatch	$	array(object(open){})	object(open){}	untyped	no	no	yes	yes
none	P37	1.36.3	1.37.0	orca-igor/3	orca	igor	GET	/builds/artifacts/{buildNumber}/{master}/**	C2	request	params	WARN	format-change	$.params.buildNumber	integer(int32)	integer(int64)	live	no	no	yes	yes
none	P37	1.36.3	1.37.0	orca-igor/5	orca	igor	GET	/builds/properties/{buildNumber}/{fileName}/{master}/**	C2	request	params	WARN	format-change	$.params.buildNumber	integer(int32)	integer(int64)	live	no	no	yes	yes
none	P37	1.36.3	1.37.0	orca-igor/8	orca	igor	GET	/builds/status/{buildNumber}/{master}/**	C2	request	params	WARN	format-change	$.params.buildNumber	integer(int32)	integer(int64)	live	no	no	yes	yes
none	P37	1.36.3	1.37.0	orca-igor/22	orca	igor	PATCH	/masters/{name}/jobs/**/update/{buildNumber}	C2	request	params	WARN	format-change	$.params.buildNumber	integer(int32)	integer(int64)	live	no	no	yes	yes
none	P37	1.36.3	1.37.0	orca-igor/24	orca	igor	PUT	/masters/{name}/jobs/{jobName}/stop/{queuedBuild}/{buildNumber}	C2	request	params	WARN	format-change	$.params.buildNumber	integer(int32)	integer(int64)	live	no	no	yes	yes
none	P37	1.36.3	1.37.0	orca-kayenta/2	orca	kayenta	POST	/canary/{canaryConfigId}	C1	request	body	WARN	format-change	$.body.thresholds.marginal	integer(int32)	number(double)	live	no	no	yes	yes
none	P37	1.36.3	1.37.0	orca-kayenta/2	orca	kayenta	POST	/canary/{canaryConfigId}	C1	request	body	WARN	format-change	$.body.thresholds.pass	integer(int32)	number(double)	live	no	no	yes	yes
none	P37	1.36.3	1.37.0	orca-kayenta/2	orca	kayenta	POST	/canary/{canaryConfigId}	C2	request	body	WARN	format-change	$.body.thresholds.marginal	number(double)	integer(int32)	live	no	no	yes	yes
none	P37	1.36.3	1.37.0	orca-kayenta/2	orca	kayenta	POST	/canary/{canaryConfigId}	C2	request	body	WARN	format-change	$.body.thresholds.pass	number(double)	integer(int32)	live	no	no	yes	yes
none	P37	1.36.3	1.37.0	orca-kayenta/2	orca	kayenta	POST	/canary/{canaryConfigId}	TGT	request	body	WARN	format-change	$.body.thresholds.marginal	integer(int32)	number(double)	live	no	no	yes	yes
none	P37	1.36.3	1.37.0	orca-kayenta/2	orca	kayenta	POST	/canary/{canaryConfigId}	TGT	request	body	WARN	format-change	$.body.thresholds.pass	integer(int32)	number(double)	live	no	no	yes	yes
none	P38	1.37.0	1.37.1	orca-kayenta/2	orca	kayenta	POST	/canary/{canaryConfigId}	C1	request	body	WARN	format-change	$.body.thresholds.marginal	integer(int32)	number(double)	live	no	no	no	no
none	P38	1.37.0	1.37.1	orca-kayenta/2	orca	kayenta	POST	/canary/{canaryConfigId}	C1	request	body	WARN	format-change	$.body.thresholds.pass	integer(int32)	number(double)	live	no	no	no	no
none	P38	1.37.0	1.37.1	orca-kayenta/2	orca	kayenta	POST	/canary/{canaryConfigId}	C2	request	body	WARN	format-change	$.body.thresholds.marginal	number(double)	integer(int32)	live	no	no	no	no
none	P38	1.37.0	1.37.1	orca-kayenta/2	orca	kayenta	POST	/canary/{canaryConfigId}	C2	request	body	WARN	format-change	$.body.thresholds.pass	number(double)	integer(int32)	live	no	no	no	no
none	P38	1.37.0	1.37.1	orca-kayenta/2	orca	kayenta	POST	/canary/{canaryConfigId}	TGT	request	body	WARN	format-change	$.body.thresholds.marginal	integer(int32)	number(double)	live	no	no	no	no
none	P38	1.37.0	1.37.1	orca-kayenta/2	orca	kayenta	POST	/canary/{canaryConfigId}	TGT	request	body	WARN	format-change	$.body.thresholds.pass	integer(int32)	number(double)	live	no	no	no	no
none	P39	1.37.1	1.37.2	orca-kayenta/2	orca	kayenta	POST	/canary/{canaryConfigId}	C1	request	body	WARN	format-change	$.body.thresholds.marginal	integer(int32)	number(double)	live	no	no	no	no
none	P39	1.37.1	1.37.2	orca-kayenta/2	orca	kayenta	POST	/canary/{canaryConfigId}	C1	request	body	WARN	format-change	$.body.thresholds.pass	integer(int32)	number(double)	live	no	no	no	no
none	P39	1.37.1	1.37.2	orca-kayenta/2	orca	kayenta	POST	/canary/{canaryConfigId}	C2	request	body	WARN	format-change	$.body.thresholds.marginal	number(double)	integer(int32)	live	no	no	no	no
none	P39	1.37.1	1.37.2	orca-kayenta/2	orca	kayenta	POST	/canary/{canaryConfigId}	C2	request	body	WARN	format-change	$.body.thresholds.pass	number(double)	integer(int32)	live	no	no	no	no
none	P39	1.37.1	1.37.2	orca-kayenta/2	orca	kayenta	POST	/canary/{canaryConfigId}	TGT	request	body	WARN	format-change	$.body.thresholds.marginal	integer(int32)	number(double)	live	no	no	no	no
none	P39	1.37.1	1.37.2	orca-kayenta/2	orca	kayenta	POST	/canary/{canaryConfigId}	TGT	request	body	WARN	format-change	$.body.thresholds.pass	integer(int32)	number(double)	live	no	no	no	no
none	P40	1.37.2	1.37.3	orca-kayenta/2	orca	kayenta	POST	/canary/{canaryConfigId}	C1	request	body	WARN	format-change	$.body.thresholds.marginal	integer(int32)	number(double)	live	no	no	no	no
none	P40	1.37.2	1.37.3	orca-kayenta/2	orca	kayenta	POST	/canary/{canaryConfigId}	C1	request	body	WARN	format-change	$.body.thresholds.pass	integer(int32)	number(double)	live	no	no	no	no
none	P40	1.37.2	1.37.3	orca-kayenta/2	orca	kayenta	POST	/canary/{canaryConfigId}	C2	request	body	WARN	format-change	$.body.thresholds.marginal	number(double)	integer(int32)	live	no	no	no	no
none	P40	1.37.2	1.37.3	orca-kayenta/2	orca	kayenta	POST	/canary/{canaryConfigId}	C2	request	body	WARN	format-change	$.body.thresholds.pass	number(double)	integer(int32)	live	no	no	no	no
none	P40	1.37.2	1.37.3	orca-kayenta/2	orca	kayenta	POST	/canary/{canaryConfigId}	TGT	request	body	WARN	format-change	$.body.thresholds.marginal	integer(int32)	number(double)	live	no	no	no	no
none	P40	1.37.2	1.37.3	orca-kayenta/2	orca	kayenta	POST	/canary/{canaryConfigId}	TGT	request	body	WARN	format-change	$.body.thresholds.pass	integer(int32)	number(double)	live	no	no	no	no
none	P41	1.37.3	1.37.4	orca-kayenta/2	orca	kayenta	POST	/canary/{canaryConfigId}	C1	request	body	WARN	format-change	$.body.thresholds.marginal	integer(int32)	number(double)	live	no	no	no	no
none	P41	1.37.3	1.37.4	orca-kayenta/2	orca	kayenta	POST	/canary/{canaryConfigId}	C1	request	body	WARN	format-change	$.body.thresholds.pass	integer(int32)	number(double)	live	no	no	no	no
none	P41	1.37.3	1.37.4	orca-kayenta/2	orca	kayenta	POST	/canary/{canaryConfigId}	C2	request	body	WARN	format-change	$.body.thresholds.marginal	number(double)	integer(int32)	live	no	no	no	no
none	P41	1.37.3	1.37.4	orca-kayenta/2	orca	kayenta	POST	/canary/{canaryConfigId}	C2	request	body	WARN	format-change	$.body.thresholds.pass	number(double)	integer(int32)	live	no	no	no	no
none	P41	1.37.3	1.37.4	orca-kayenta/2	orca	kayenta	POST	/canary/{canaryConfigId}	TGT	request	body	WARN	format-change	$.body.thresholds.marginal	integer(int32)	number(double)	live	no	no	no	no
none	P41	1.37.3	1.37.4	orca-kayenta/2	orca	kayenta	POST	/canary/{canaryConfigId}	TGT	request	body	WARN	format-change	$.body.thresholds.pass	integer(int32)	number(double)	live	no	no	no	no
none	P42	1.37.4	1.37.5	orca-kayenta/2	orca	kayenta	POST	/canary/{canaryConfigId}	C1	request	body	WARN	format-change	$.body.thresholds.marginal	integer(int32)	number(double)	live	no	no	no	no
none	P42	1.37.4	1.37.5	orca-kayenta/2	orca	kayenta	POST	/canary/{canaryConfigId}	C1	request	body	WARN	format-change	$.body.thresholds.pass	integer(int32)	number(double)	live	no	no	no	no
none	P42	1.37.4	1.37.5	orca-kayenta/2	orca	kayenta	POST	/canary/{canaryConfigId}	C2	request	body	WARN	format-change	$.body.thresholds.marginal	number(double)	integer(int32)	live	no	no	no	no
none	P42	1.37.4	1.37.5	orca-kayenta/2	orca	kayenta	POST	/canary/{canaryConfigId}	C2	request	body	WARN	format-change	$.body.thresholds.pass	number(double)	integer(int32)	live	no	no	no	no
none	P42	1.37.4	1.37.5	orca-kayenta/2	orca	kayenta	POST	/canary/{canaryConfigId}	TGT	request	body	WARN	format-change	$.body.thresholds.marginal	integer(int32)	number(double)	live	no	no	no	no
none	P42	1.37.4	1.37.5	orca-kayenta/2	orca	kayenta	POST	/canary/{canaryConfigId}	TGT	request	body	WARN	format-change	$.body.thresholds.pass	integer(int32)	number(double)	live	no	no	no	no
none	P43	1.37.5	1.37.6	orca-kayenta/2	orca	kayenta	POST	/canary/{canaryConfigId}	C1	request	body	WARN	format-change	$.body.thresholds.marginal	integer(int32)	number(double)	live	no	no	no	no
none	P43	1.37.5	1.37.6	orca-kayenta/2	orca	kayenta	POST	/canary/{canaryConfigId}	C1	request	body	WARN	format-change	$.body.thresholds.pass	integer(int32)	number(double)	live	no	no	no	no
none	P43	1.37.5	1.37.6	orca-kayenta/2	orca	kayenta	POST	/canary/{canaryConfigId}	C2	request	body	WARN	format-change	$.body.thresholds.marginal	number(double)	integer(int32)	live	no	no	no	no
none	P43	1.37.5	1.37.6	orca-kayenta/2	orca	kayenta	POST	/canary/{canaryConfigId}	C2	request	body	WARN	format-change	$.body.thresholds.pass	number(double)	integer(int32)	live	no	no	no	no
none	P43	1.37.5	1.37.6	orca-kayenta/2	orca	kayenta	POST	/canary/{canaryConfigId}	TGT	request	body	WARN	format-change	$.body.thresholds.marginal	integer(int32)	number(double)	live	no	no	no	no
none	P43	1.37.5	1.37.6	orca-kayenta/2	orca	kayenta	POST	/canary/{canaryConfigId}	TGT	request	body	WARN	format-change	$.body.thresholds.pass	integer(int32)	number(double)	live	no	no	no	no
none	P44	1.37.6	1.37.7	orca-kayenta/2	orca	kayenta	POST	/canary/{canaryConfigId}	C1	request	body	WARN	format-change	$.body.thresholds.marginal	integer(int32)	number(double)	live	no	no	no	no
none	P44	1.37.6	1.37.7	orca-kayenta/2	orca	kayenta	POST	/canary/{canaryConfigId}	C1	request	body	WARN	format-change	$.body.thresholds.pass	integer(int32)	number(double)	live	no	no	no	no
none	P44	1.37.6	1.37.7	orca-kayenta/2	orca	kayenta	POST	/canary/{canaryConfigId}	C2	request	body	WARN	format-change	$.body.thresholds.marginal	number(double)	integer(int32)	live	no	no	no	no
none	P44	1.37.6	1.37.7	orca-kayenta/2	orca	kayenta	POST	/canary/{canaryConfigId}	C2	request	body	WARN	format-change	$.body.thresholds.pass	number(double)	integer(int32)	live	no	no	no	no
none	P44	1.37.6	1.37.7	orca-kayenta/2	orca	kayenta	POST	/canary/{canaryConfigId}	TGT	request	body	WARN	format-change	$.body.thresholds.marginal	integer(int32)	number(double)	live	no	no	no	no
none	P44	1.37.6	1.37.7	orca-kayenta/2	orca	kayenta	POST	/canary/{canaryConfigId}	TGT	request	body	WARN	format-change	$.body.thresholds.pass	integer(int32)	number(double)	live	no	no	no	no
none	P45	1.37.7	1.37.8	orca-kayenta/2	orca	kayenta	POST	/canary/{canaryConfigId}	C1	request	body	WARN	format-change	$.body.thresholds.marginal	integer(int32)	number(double)	live	no	no	yes	yes
none	P45	1.37.7	1.37.8	orca-kayenta/2	orca	kayenta	POST	/canary/{canaryConfigId}	C1	request	body	WARN	format-change	$.body.thresholds.pass	integer(int32)	number(double)	live	no	no	yes	yes
none	P45	1.37.7	1.37.8	orca-kayenta/2	orca	kayenta	POST	/canary/{canaryConfigId}	C2	request	body	WARN	format-change	$.body.thresholds.marginal	number(double)	integer(int32)	live	no	no	yes	yes
none	P45	1.37.7	1.37.8	orca-kayenta/2	orca	kayenta	POST	/canary/{canaryConfigId}	C2	request	body	WARN	format-change	$.body.thresholds.pass	number(double)	integer(int32)	live	no	no	yes	yes
none	P45	1.37.7	1.37.8	orca-kayenta/2	orca	kayenta	POST	/canary/{canaryConfigId}	TGT	request	body	WARN	format-change	$.body.thresholds.marginal	integer(int32)	number(double)	live	no	no	yes	yes
none	P45	1.37.7	1.37.8	orca-kayenta/2	orca	kayenta	POST	/canary/{canaryConfigId}	TGT	request	body	WARN	format-change	$.body.thresholds.pass	integer(int32)	number(double)	live	no	no	yes	yes
none	P46	1.37.8	1.37.9	orca-kayenta/2	orca	kayenta	POST	/canary/{canaryConfigId}	C1	request	body	WARN	format-change	$.body.thresholds.marginal	integer(int32)	number(double)	live	no	no	yes	yes
none	P46	1.37.8	1.37.9	orca-kayenta/2	orca	kayenta	POST	/canary/{canaryConfigId}	C1	request	body	WARN	format-change	$.body.thresholds.pass	integer(int32)	number(double)	live	no	no	yes	yes
none	P46	1.37.8	1.37.9	orca-kayenta/2	orca	kayenta	POST	/canary/{canaryConfigId}	C2	request	body	WARN	format-change	$.body.thresholds.marginal	number(double)	integer(int32)	live	no	no	yes	yes
none	P46	1.37.8	1.37.9	orca-kayenta/2	orca	kayenta	POST	/canary/{canaryConfigId}	C2	request	body	WARN	format-change	$.body.thresholds.pass	number(double)	integer(int32)	live	no	no	yes	yes
none	P46	1.37.8	1.37.9	orca-kayenta/2	orca	kayenta	POST	/canary/{canaryConfigId}	TGT	request	body	WARN	format-change	$.body.thresholds.marginal	integer(int32)	number(double)	live	no	no	yes	yes
none	P46	1.37.8	1.37.9	orca-kayenta/2	orca	kayenta	POST	/canary/{canaryConfigId}	TGT	request	body	WARN	format-change	$.body.thresholds.pass	integer(int32)	number(double)	live	no	no	yes	yes
none	P47	1.37.9	1.37.10	orca-kayenta/2	orca	kayenta	POST	/canary/{canaryConfigId}	C1	request	body	WARN	format-change	$.body.thresholds.marginal	integer(int32)	number(double)	live	no	no	no	no
none	P47	1.37.9	1.37.10	orca-kayenta/2	orca	kayenta	POST	/canary/{canaryConfigId}	C1	request	body	WARN	format-change	$.body.thresholds.pass	integer(int32)	number(double)	live	no	no	no	no
none	P47	1.37.9	1.37.10	orca-kayenta/2	orca	kayenta	POST	/canary/{canaryConfigId}	C2	request	body	WARN	format-change	$.body.thresholds.marginal	number(double)	integer(int32)	live	no	no	no	no
none	P47	1.37.9	1.37.10	orca-kayenta/2	orca	kayenta	POST	/canary/{canaryConfigId}	C2	request	body	WARN	format-change	$.body.thresholds.pass	number(double)	integer(int32)	live	no	no	no	no
none	P47	1.37.9	1.37.10	orca-kayenta/2	orca	kayenta	POST	/canary/{canaryConfigId}	TGT	request	body	WARN	format-change	$.body.thresholds.marginal	integer(int32)	number(double)	live	no	no	no	no
none	P47	1.37.9	1.37.10	orca-kayenta/2	orca	kayenta	POST	/canary/{canaryConfigId}	TGT	request	body	WARN	format-change	$.body.thresholds.pass	integer(int32)	number(double)	live	no	no	no	no
none	P48	1.37.10	1.37.11	orca-kayenta/2	orca	kayenta	POST	/canary/{canaryConfigId}	C1	request	body	WARN	format-change	$.body.thresholds.marginal	integer(int32)	number(double)	live	no	no	no	no
none	P48	1.37.10	1.37.11	orca-kayenta/2	orca	kayenta	POST	/canary/{canaryConfigId}	C1	request	body	WARN	format-change	$.body.thresholds.pass	integer(int32)	number(double)	live	no	no	no	no
none	P48	1.37.10	1.37.11	orca-kayenta/2	orca	kayenta	POST	/canary/{canaryConfigId}	C2	request	body	WARN	format-change	$.body.thresholds.marginal	number(double)	integer(int32)	live	no	no	no	no
none	P48	1.37.10	1.37.11	orca-kayenta/2	orca	kayenta	POST	/canary/{canaryConfigId}	C2	request	body	WARN	format-change	$.body.thresholds.pass	number(double)	integer(int32)	live	no	no	no	no
none	P48	1.37.10	1.37.11	orca-kayenta/2	orca	kayenta	POST	/canary/{canaryConfigId}	TGT	request	body	WARN	format-change	$.body.thresholds.marginal	integer(int32)	number(double)	live	no	no	no	no
none	P48	1.37.10	1.37.11	orca-kayenta/2	orca	kayenta	POST	/canary/{canaryConfigId}	TGT	request	body	WARN	format-change	$.body.thresholds.pass	integer(int32)	number(double)	live	no	no	no	no
none	P49	1.37.11	1.38.0	orca-kayenta/2	orca	kayenta	POST	/canary/{canaryConfigId}	C1	request	body	WARN	format-change	$.body.thresholds.marginal	integer(int32)	number(double)	live	no	no	yes	yes
none	P49	1.37.11	1.38.0	orca-kayenta/2	orca	kayenta	POST	/canary/{canaryConfigId}	C1	request	body	WARN	format-change	$.body.thresholds.pass	integer(int32)	number(double)	live	no	no	yes	yes
none	P49	1.37.11	1.38.0	orca-kayenta/2	orca	kayenta	POST	/canary/{canaryConfigId}	C2	request	body	WARN	format-change	$.body.thresholds.marginal	number(double)	integer(int32)	live	no	no	yes	yes
none	P49	1.37.11	1.38.0	orca-kayenta/2	orca	kayenta	POST	/canary/{canaryConfigId}	C2	request	body	WARN	format-change	$.body.thresholds.pass	number(double)	integer(int32)	live	no	no	yes	yes
none	P49	1.37.11	1.38.0	orca-kayenta/2	orca	kayenta	POST	/canary/{canaryConfigId}	TGT	request	body	WARN	format-change	$.body.thresholds.marginal	integer(int32)	number(double)	live	no	no	yes	yes
none	P49	1.37.11	1.38.0	orca-kayenta/2	orca	kayenta	POST	/canary/{canaryConfigId}	TGT	request	body	WARN	format-change	$.body.thresholds.pass	integer(int32)	number(double)	live	no	no	yes	yes
