service	version	controller	method	path_template	path_params	query_params	header_params	body_type	return_type	response_codes	content_types	typing	claim
gate	v6.69.0	GremlinController.listCommandTemplates	POST	/integrations/gremlin/templates/command	-	-	-	Map	List	-	-	untyped-body	CLAIM-S2-R0001 source:spinnaker/gate@v6.69.0 gate-integrations-gremlin/src/main/java/com/netflix/spinnaker/gate/controllers/gremlin/GremlinController.java:29
gate	v6.69.0	GremlinController.listTargetTemplates	POST	/integrations/gremlin/templates/target	-	-	-	Map	List	-	-	untyped-body	CLAIM-S2-R0002 source:spinnaker/gate@v6.69.0 gate-integrations-gremlin/src/main/java/com/netflix/spinnaker/gate/controllers/gremlin/GremlinController.java:36
gate	v6.69.0	DeckPluginsController.getPluginManifest	GET	/plugins/deck/plugin-manifest.json	-	-	-	-	List<DeckPluginVersion>	-	-	typed	CLAIM-S2-R0003 source:spinnaker/gate@v6.69.0 gate-plugins/src/main/kotlin/com/netflix/spinnaker/gate/plugins/deck/DeckPluginsController.kt:41
gate	v6.69.0	DeckPluginsController.getPluginAsset	GET	/plugins/deck/{pluginId}/{pluginVersion}/{asset:.*}	pluginId,pluginVersion,asset	-	-	-	String	200	-	typed	CLAIM-S2-R0004 source:spinnaker/gate@v6.69.0 gate-plugins/src/main/kotlin/com/netflix/spinnaker/gate/plugins/deck/DeckPluginsController.kt:47
gate	v6.69.0	PluginInfoController.persistPluginInfo	POST	/plugins/info	-	-	-	SpinnakerPluginInfo	Map<String, Any>	202	consumes=application/json	untyped-return	CLAIM-S2-R0005 source:spinnaker/gate@v6.69.0 gate-plugins/src/main/kotlin/com/netflix/spinnaker/gate/plugins/web/info/PluginInfoController.kt:47
gate	v6.69.0	PluginInfoController.persistPluginInfo	PUT	/plugins/info	-	-	-	SpinnakerPluginInfo	Map<String, Any>	202	consumes=application/json	untyped-return	CLAIM-S2-R0006 source:spinnaker/gate@v6.69.0 gate-plugins/src/main/kotlin/com/netflix/spinnaker/gate/plugins/web/info/PluginInfoController.kt:47
gate	v6.69.0	PluginInfoController.deletePluginInfo	DELETE	/plugins/info/{id:.+}	id	-	-	-	Map<String, Any>	202	consumes=application/json	untyped-return	CLAIM-S2-R0007 source:spinnaker/gate@v6.69.0 gate-plugins/src/main/kotlin/com/netflix/spinnaker/gate/plugins/web/info/PluginInfoController.kt:58
gate	v6.69.0	PluginInfoController.getAllPluginInfo	GET	/plugins/info	-	service:optional	-	-	List<*>	-	-	untyped-return	CLAIM-S2-R0008 source:spinnaker/gate@v6.69.0 gate-plugins/src/main/kotlin/com/netflix/spinnaker/gate/plugins/web/info/PluginInfoController.kt:69
gate	v6.69.0	PluginsInstalledController.getInstalledPlugins	GET	/plugins/installed	-	service:optional	-	-	Map<String, List<SpinnakerPluginDescriptor>>	-	-	untyped-return	CLAIM-S2-R0009 source:spinnaker/gate@v6.69.0 gate-plugins/src/main/kotlin/com/netflix/spinnaker/gate/plugins/web/installed/PluginsInstalledController.kt:49
gate	v6.69.0	PluginPublishController.publishPlugin	POST	/plugins/publish/{pluginId}/{pluginVersion}	pluginId,pluginVersion	-	-	multipart:MultipartFile+multipart:SpinnakerPluginInfo	void	-	consumes=multipart/form-data	typed	CLAIM-S2-R0010 source:spinnaker/gate@v6.69.0 gate-plugins/src/main/kotlin/com/netflix/spinnaker/gate/plugins/web/publish/PluginPublishController.kt:60
gate	v6.69.0	ApiExtensionController.any	ANY	/extensions/{extension}/**	extension	requestParams:optional	-	-	Any	-	-	untyped-return	CLAIM-S2-R0011 source:spinnaker/gate@v6.69.0 gate-proxy/src/main/kotlin/com/netflix/spinnaker/gate/controllers/ApiExtensionController.kt:61
gate	v6.69.0	ProxyController.any	DELETE	/proxies/{proxy}/**	proxy	requestParams:required	-	-	Any	-	-	untyped-return	CLAIM-S2-R0012 source:spinnaker/gate@v6.69.0 gate-proxy/src/main/kotlin/com/netflix/spinnaker/gate/controllers/ProxyController.kt:90
gate	v6.69.0	ProxyController.any	GET	/proxies/{proxy}/**	proxy	requestParams:required	-	-	Any	-	-	untyped-return	CLAIM-S2-R0013 source:spinnaker/gate@v6.69.0 gate-proxy/src/main/kotlin/com/netflix/spinnaker/gate/controllers/ProxyController.kt:90
gate	v6.69.0	ProxyController.any	POST	/proxies/{proxy}/**	proxy	requestParams:required	-	-	Any	-	-	untyped-return	CLAIM-S2-R0014 source:spinnaker/gate@v6.69.0 gate-proxy/src/main/kotlin/com/netflix/spinnaker/gate/controllers/ProxyController.kt:90
gate	v6.69.0	ProxyController.any	PUT	/proxies/{proxy}/**	proxy	requestParams:required	-	-	Any	-	-	untyped-return	CLAIM-S2-R0015 source:spinnaker/gate@v6.69.0 gate-proxy/src/main/kotlin/com/netflix/spinnaker/gate/controllers/ProxyController.kt:90
gate	v6.69.0	ProxyController.list	GET	/proxies	-	-	-	-	List<SimpleProxyConfig>	-	-	typed	CLAIM-S2-R0016 source:spinnaker/gate@v6.69.0 gate-proxy/src/main/kotlin/com/netflix/spinnaker/gate/controllers/ProxyController.kt:101
gate	v6.69.0	ApplicationController.getAllApplications	GET	/applications	-	account:optional,owner:optional	-	-	List<HashMap<String, Object>>	-	-	untyped-return	CLAIM-S2-R0017 source:spinnaker/gate@v6.69.0 gate-web/src/main/groovy/com/netflix/spinnaker/gate/controllers/ApplicationController.groovy:65
gate	v6.69.0	ApplicationController.getApplication	GET	/applications/{application:.+}	application	expand:optional	-	-	Map	-	-	untyped-return	CLAIM-S2-R0018 source:spinnaker/gate@v6.69.0 gate-web/src/main/groovy/com/netflix/spinnaker/gate/controllers/ApplicationController.groovy:88
gate	v6.69.0	ApplicationController.getApplicationHistory	GET	/applications/{application}/history	application	limit:optional	-	-	List<Map>	-	-	untyped-return	CLAIM-S2-R0019 source:spinnaker/gate@v6.69.0 gate-web/src/main/groovy/com/netflix/spinnaker/gate/controllers/ApplicationController.groovy:102
gate	v6.69.0	ApplicationController.getTasks	GET	/applications/{application}/tasks	application	page:optional,limit:optional,statuses:optional	-	-	List	-	-	raw-generic	CLAIM-S2-R0020 source:spinnaker/gate@v6.69.0 gate-web/src/main/groovy/com/netflix/spinnaker/gate/controllers/ApplicationController.groovy:109
gate	v6.69.0	ApplicationController.getPipelines	GET	/applications/{application}/pipelines	application	limit:optional,statuses:optional,expand:optional	-	-	List	-	-	raw-generic	CLAIM-S2-R0021 source:spinnaker/gate@v6.69.0 gate-web/src/main/groovy/com/netflix/spinnaker/gate/controllers/ApplicationController.groovy:118
gate	v6.69.0	ApplicationController.cancelPipeline [deprecated]	PUT	/applications/{application}/pipelines/{id}/cancel	application,id	reason:optional	-	-	void	-	-	typed	CLAIM-S2-R0022 source:spinnaker/gate@v6.69.0 gate-web/src/main/groovy/com/netflix/spinnaker/gate/controllers/ApplicationController.groovy:132
gate	v6.69.0	ApplicationController.getPipelineConfigsForApplication	GET	/applications/{application}/pipelineConfigs	application	pipelineNameFilter:optional	-	-	List	-	-	raw-generic	CLAIM-S2-R0023 source:spinnaker/gate@v6.69.0 gate-web/src/main/groovy/com/netflix/spinnaker/gate/controllers/ApplicationController.groovy:139
gate	v6.69.0	ApplicationController.getPipelineConfig	GET	/applications/{application}/pipelineConfigs/{pipelineName:.+}	application,pipelineName	-	-	-	Map	-	-	untyped-return	CLAIM-S2-R0024 source:spinnaker/gate@v6.69.0 gate-web/src/main/groovy/com/netflix/spinnaker/gate/controllers/ApplicationController.groovy:146
gate	v6.69.0	ApplicationController.getStrategyConfigsForApplication	GET	/applications/{application}/strategyConfigs	application	-	-	-	List	-	-	raw-generic	CLAIM-S2-R0025 source:spinnaker/gate@v6.69.0 gate-web/src/main/groovy/com/netflix/spinnaker/gate/controllers/ApplicationController.groovy:160
gate	v6.69.0	ApplicationController.getStrategyConfig	GET	/applications/{application}/strategyConfigs/{strategyName}	application,strategyName	-	-	-	Map	-	-	untyped-return	CLAIM-S2-R0026 source:spinnaker/gate@v6.69.0 gate-web/src/main/groovy/com/netflix/spinnaker/gate/controllers/ApplicationController.groovy:166
gate	v6.69.0	ApplicationController.invokePipelineConfig [deprecated]	POST	/applications/{application}/pipelineConfigs/{pipelineName:.+}	application,pipelineName	user:optional	-	Map	HttpEntity<?>(raw)	-	-	untyped-both	CLAIM-S2-R0027 source:spinnaker/gate@v6.69.0 gate-web/src/main/groovy/com/netflix/spinnaker/gate/controllers/ApplicationController.groovy:184
gate	v6.69.0	ApplicationController.getTask [deprecated]	GET	/applications/{application}/tasks/{id}	application,id	-	-	-	Map	-	-	untyped-return	CLAIM-S2-R0028 source:spinnaker/gate@v6.69.0 gate-web/src/main/groovy/com/netflix/spinnaker/gate/controllers/ApplicationController.groovy:197
gate	v6.69.0	ApplicationController.cancelTask [deprecated]	PUT	/applications/{application}/tasks/{id}/cancel	application,id	-	-	-	Map	-	-	untyped-return	CLAIM-S2-R0029 source:spinnaker/gate@v6.69.0 gate-web/src/main/groovy/com/netflix/spinnaker/gate/controllers/ApplicationController.groovy:207
gate	v6.69.0	ApplicationController.getTaskDetails [deprecated]	GET	/applications/{application}/tasks/{id}/details/{taskDetailsId}	application,id,taskDetailsId	-	X-RateLimit-App:optional	-	Map	-	-	untyped-return	CLAIM-S2-R0030 source:spinnaker/gate@v6.69.0 gate-web/src/main/groovy/com/netflix/spinnaker/gate/controllers/ApplicationController.groovy:217
gate	v6.69.0	ApplicationController.task [deprecated]	POST	/applications/{application}/tasks	application	-	-	Map	Map	-	-	untyped-both	CLAIM-S2-R0031 source:spinnaker/gate@v6.69.0 gate-web/src/main/groovy/com/netflix/spinnaker/gate/controllers/ApplicationController.groovy:229
gate	v6.69.0	ArtifactController.all	GET	/artifacts/credentials	-	-	X-RateLimit-App:optional	-	List<Map>	-	-	untyped-return	CLAIM-S2-R0032 source:spinnaker/gate@v6.69.0 gate-web/src/main/groovy/com/netflix/spinnaker/gate/controllers/ArtifactController.java:43
gate	v6.69.0	ArtifactController.fetch	PUT	/artifacts/fetch	-	-	X-RateLimit-App:optional	Map<String, String>	StreamingResponseBody	-	-	untyped-body	CLAIM-S2-R0033 source:spinnaker/gate@v6.69.0 gate-web/src/main/groovy/com/netflix/spinnaker/gate/controllers/ArtifactController.java:49
gate	v6.69.0	ArtifactController.artifactNames	GET	/artifacts/account/{accountName}/names	accountName	type:required	X-RateLimit-App:optional	-	List<String>	-	-	typed	CLAIM-S2-R0034 source:spinnaker/gate@v6.69.0 gate-web/src/main/groovy/com/netflix/spinnaker/gate/controllers/ArtifactController.java:61
gate	v6.69.0	ArtifactController.artifactVersions	GET	/artifacts/account/{accountName}/versions	accountName	type:required,artifactName:required	X-RateLimit-App:optional	-	List<String>	-	-	typed	CLAIM-S2-R0035 source:spinnaker/gate@v6.69.0 gate-web/src/main/groovy/com/netflix/spinnaker/gate/controllers/ArtifactController.java:70
gate	v6.69.0	ArtifactController.getVersionsOfArtifactForProvider	GET	/artifacts/{provider}/{packageName}	provider,packageName	releaseStatus:optional	-	-	List<String>	-	-	typed	CLAIM-S2-R0036 source:spinnaker/gate@v6.69.0 gate-web/src/main/groovy/com/netflix/spinnaker/gate/controllers/ArtifactController.java:83
gate	v6.69.0	ArtifactController.getArtifact	GET	/artifacts/{provider}/{packageName}/{version:.+}	provider,packageName,version	-	-	-	Map<String, Object>	-	-	untyped-return	CLAIM-S2-R0037 source:spinnaker/gate@v6.69.0 gate-web/src/main/groovy/com/netflix/spinnaker/gate/controllers/ArtifactController.java:93
gate	v6.69.0	ArtifactController.getStoredArtifact	GET	/artifacts/content-address/{application}/{hash}	application,hash	-	-	-	Artifact.StoredView	-	-	typed	CLAIM-S2-R0038 source:spinnaker/gate@v6.69.0 gate-web/src/main/groovy/com/netflix/spinnaker/gate/controllers/ArtifactController.java:102
gate	v6.69.0	ArtifactoryController.names	GET	/artifactory/names	-	-	-	-	List<String>	-	-	typed	CLAIM-S2-R0039 source:spinnaker/gate@v6.69.0 gate-web/src/main/groovy/com/netflix/spinnaker/gate/controllers/ArtifactoryController.java:41
gate	v6.69.0	AuthController.user	GET	/auth/user	-	-	-	-	User	-	-	typed	CLAIM-S2-R0040 source:spinnaker/gate@v6.69.0 gate-web/src/main/groovy/com/netflix/spinnaker/gate/controllers/AuthController.groovy:77
gate	v6.69.0	AuthController.getServiceAccounts	GET	/auth/user/serviceAccounts	-	application:optional	-	-	List<String>	-	-	typed	CLAIM-S2-R0041 source:spinnaker/gate@v6.69.0 gate-web/src/main/groovy/com/netflix/spinnaker/gate/controllers/AuthController.groovy:91
gate	v6.69.0	AuthController.loggedOut	GET	/auth/loggedOut	-	-	-	-	String	-	-	typed	CLAIM-S2-R0042 source:spinnaker/gate@v6.69.0 gate-web/src/main/groovy/com/netflix/spinnaker/gate/controllers/AuthController.groovy:109
gate	v6.69.0	AuthController.sync	POST	/auth/roles/sync	-	-	-	-	void	-	-	typed	CLAIM-S2-R0043 source:spinnaker/gate@v6.69.0 gate-web/src/main/groovy/com/netflix/spinnaker/gate/controllers/AuthController.groovy:119
gate	v6.69.0	AuthController.deleteSessionCache	POST	/auth/deleteSessionCache	-	-	-	-	void	-	-	typed	CLAIM-S2-R0044 source:spinnaker/gate@v6.69.0 gate-web/src/main/groovy/com/netflix/spinnaker/gate/controllers/AuthController.groovy:129
gate	v6.69.0	AuthController.redirect	GET	/auth/redirect	-	to:required	-	-	void	-	-	typed	CLAIM-S2-R0045 source:spinnaker/gate@v6.69.0 gate-web/src/main/groovy/com/netflix/spinnaker/gate/controllers/AuthController.groovy:136
gate	v6.69.0	AwsCodeBuildController.getAccounts	GET	/codebuild/accounts	-	-	-	-	List<String>	-	-	typed	CLAIM-S2-R0046 source:spinnaker/gate@v6.69.0 gate-web/src/main/groovy/com/netflix/spinnaker/gate/controllers/AwsCodeBuildController.java:36
gate	v6.69.0	AwsCodeBuildController.getProjects	GET	/codebuild/projects/{account}	account	-	-	-	List<String>	-	-	typed	CLAIM-S2-R0047 source:spinnaker/gate@v6.69.0 gate-web/src/main/groovy/com/netflix/spinnaker/gate/controllers/AwsCodeBuildController.java:42
gate	v6.69.0	BakeController.bakeOptions	GET	/bakery/options	-	-	-	-	def	-	-	untyped-return	CLAIM-S2-R0048 source:spinnaker/gate@v6.69.0 gate-web/src/main/groovy/com/netflix/spinnaker/gate/controllers/BakeController.groovy:39
gate	v6.69.0	BakeController.bakeOptions	GET	/bakery/options/{cloudProvider}	cloudProvider	-	-	-	def	-	-	untyped-return	CLAIM-S2-R0049 source:spinnaker/gate@v6.69.0 gate-web/src/main/groovy/com/netflix/spinnaker/gate/controllers/BakeController.groovy:45
gate	v6.69.0	BakeController.lookupLogs	GET	/bakery/logs/{region}/{statusId}	region,statusId	-	-	-	def	-	-	untyped-return	CLAIM-S2-R0050 source:spinnaker/gate@v6.69.0 gate-web/src/main/groovy/com/netflix/spinnaker/gate/controllers/BakeController.groovy:51
gate	v6.69.0	BatchEntityTagsController.batchUpdate	POST	/batch/tags	-	application:optional	-	List<Map>	Map	202	-	untyped-both	CLAIM-S2-R0051 source:spinnaker/gate@v6.69.0 gate-web/src/main/groovy/com/netflix/spinnaker/gate/controllers/BatchEntityTagsController.java:41
gate	v6.69.0	BuildController.getBuildMasters	GET	/v2/builds	-	type:optional	-	-	List<String>	-	-	typed	CLAIM-S2-R0052 source:spinnaker/gate@v6.69.0 gate-web/src/main/groovy/com/netflix/spinnaker/gate/controllers/BuildController.groovy:50
gate	v6.69.0	BuildController.getJobsForBuildMaster	GET	/v2/builds/{buildMaster}/jobs	buildMaster	-	-	-	List<String>	-	-	typed	CLAIM-S2-R0053 source:spinnaker/gate@v6.69.0 gate-web/src/main/groovy/com/netflix/spinnaker/gate/controllers/BuildController.groovy:57
gate	v6.69.0	BuildController.getJobConfig	GET	/v2/builds/{buildMaster}/jobs/**	buildMaster	-	-	-	Map	-	-	untyped-return	CLAIM-S2-R0054 source:spinnaker/gate@v6.69.0 gate-web/src/main/groovy/com/netflix/spinnaker/gate/controllers/BuildController.groovy:64
gate	v6.69.0	BuildController.getBuilds	GET	/v2/builds/{buildMaster}/builds/**	buildMaster	-	-	-	List	-	-	raw-generic	CLAIM-S2-R0055 source:spinnaker/gate@v6.69.0 gate-web/src/main/groovy/com/netflix/spinnaker/gate/controllers/BuildController.groovy:72
gate	v6.69.0	BuildController.getBuild	GET	/v2/builds/{buildMaster}/build/{number}/**	buildMaster,number	-	-	-	Map	-	-	untyped-return	CLAIM-S2-R0056 source:spinnaker/gate@v6.69.0 gate-web/src/main/groovy/com/netflix/spinnaker/gate/controllers/BuildController.groovy:80
gate	v6.69.0	BuildController.v3GetBuildMasters	GET	/v3/builds	-	type:optional	-	-	List<String>	-	-	typed	CLAIM-S2-R0057 source:spinnaker/gate@v6.69.0 gate-web/src/main/groovy/com/netflix/spinnaker/gate/controllers/BuildController.groovy:94
gate	v6.69.0	BuildController.v3GetJobsForBuildMaster	GET	/v3/builds/{buildMaster}/jobs	buildMaster	-	-	-	List<String>	-	-	typed	CLAIM-S2-R0058 source:spinnaker/gate@v6.69.0 gate-web/src/main/groovy/com/netflix/spinnaker/gate/controllers/BuildController.groovy:100
gate	v6.69.0	BuildController.v3GetJobConfig	GET	/v3/builds/{buildMaster}/job	buildMaster	job:required	-	-	Map	-	-	untyped-return	CLAIM-S2-R0059 source:spinnaker/gate@v6.69.0 gate-web/src/main/groovy/com/netflix/spinnaker/gate/controllers/BuildController.groovy:106
gate	v6.69.0	BuildController.v3GetBuilds	GET	/v3/builds/{buildMaster}/builds	buildMaster	job:required	-	-	List	-	-	raw-generic	CLAIM-S2-R0060 source:spinnaker/gate@v6.69.0 gate-web/src/main/groovy/com/netflix/spinnaker/gate/controllers/BuildController.groovy:113
gate	v6.69.0	BuildController.v3GetBuild	GET	/v3/builds/{buildMaster}/build/{number}	buildMaster,number	job:required	-	-	Map	-	-	untyped-return	CLAIM-S2-R0061 source:spinnaker/gate@v6.69.0 gate-web/src/main/groovy/com/netflix/spinnaker/gate/controllers/BuildController.groovy:120
gate	v6.69.0	CanaryController.generateCanaryResult	POST	/canaries/{id:.+}/generateCanaryResult	id	-	-	GenerateResultCommand	void	201	-	typed	CLAIM-S2-R0062 source:spinnaker/gate@v6.69.0 gate-web/src/main/groovy/com/netflix/spinnaker/gate/controllers/CanaryController.groovy:37
gate	v6.69.0	CanaryController.showCanaryAnalysisHistory	GET	/canaryDeployments/{canaryDeploymentId}/canaryAnalysisHistory	canaryDeploymentId	-	-	-	List<Map>	-	-	untyped-return	CLAIM-S2-R0063 source:spinnaker/gate@v6.69.0 gate-web/src/main/groovy/com/netflix/spinnaker/gate/controllers/CanaryController.groovy:44
gate	v6.69.0	CanaryController.showCanary	GET	/canaries/{id}	id	-	-	-	Map	-	-	untyped-return	CLAIM-S2-R0064 source:spinnaker/gate@v6.69.0 gate-web/src/main/groovy/com/netflix/spinnaker/gate/controllers/CanaryController.groovy:49
gate	v6.69.0	CanaryController.endCanary	PUT	/canaries/{id:.+}/end	id	-	-	OverrideResultCommand	Map	-	-	untyped-return	CLAIM-S2-R0065 source:spinnaker/gate@v6.69.0 gate-web/src/main/groovy/com/netflix/spinnaker/gate/controllers/CanaryController.groovy:54
gate	v6.69.0	CanaryController.getCanaryConfigNames	GET	/canaryConfig/names	-	application:required	-	-	List<String>	-	-	typed	CLAIM-S2-R0066 source:spinnaker/gate@v6.69.0 gate-web/src/main/groovy/com/netflix/spinnaker/gate/controllers/CanaryController.groovy:59
gate	v6.69.0	CanaryController.canaryConfigsForApplication	GET	/canaryConfigs/{application}	application	-	-	-	List<Map>	-	-	untyped-return	CLAIM-S2-R0067 source:spinnaker/gate@v6.69.0 gate-web/src/main/groovy/com/netflix/spinnaker/gate/controllers/CanaryController.groovy:64
gate	v6.69.0	CapabilitiesController.getDeploymentMonitors	GET	/capabilities/deploymentMonitors	-	-	-	-	List<Object>	-	-	untyped-return	CLAIM-S2-R0068 source:spinnaker/gate@v6.69.0 gate-web/src/main/groovy/com/netflix/spinnaker/gate/controllers/CapabilitiesController.java:44
gate	v6.69.0	CapabilitiesController.getExpressionCapabilities	GET	/capabilities/expressions	-	-	-	-	Map	-	-	untyped-return	CLAIM-S2-R0069 source:spinnaker/gate@v6.69.0 gate-web/src/main/groovy/com/netflix/spinnaker/gate/controllers/CapabilitiesController.java:50
gate	v6.69.0	CapabilitiesController.getQuietPeriodState	GET	/capabilities/quietPeriod	-	-	-	-	Map	-	-	untyped-return	CLAIM-S2-R0070 source:spinnaker/gate@v6.69.0 gate-web/src/main/groovy/com/netflix/spinnaker/gate/controllers/CapabilitiesController.java:56
gate	v6.69.0	CertificateController.all	GET	/certificates	-	-	X-RateLimit-App:optional	-	List<Map>	-	-	untyped-return	CLAIM-S2-R0071 source:spinnaker/gate@v6.69.0 gate-web/src/main/groovy/com/netflix/spinnaker/gate/controllers/CertificateController.groovy:37
gate	v6.69.0	CertificateController.allByCloudProvider	GET	/certificates/{cloudProvider}	cloudProvider	-	X-RateLimit-App:optional	-	List<Map>	-	-	untyped-return	CLAIM-S2-R0072 source:spinnaker/gate@v6.69.0 gate-web/src/main/groovy/com/netflix/spinnaker/gate/controllers/CertificateController.groovy:43
gate	v6.69.0	CiController.getBuilds	GET	/ci/builds	-	projectKey:optional,repoSlug:optional,completionStatus:optional,buildNumber:optional,commitId:optional	-	-	List<Map<String, Object>>	-	-	untyped-return	CLAIM-S2-R0073 source:spinnaker/gate@v6.69.0 gate-web/src/main/groovy/com/netflix/spinnaker/gate/controllers/CiController.java:42
gate	v6.69.0	CiController.getBuildOutputById	GET	/ci/builds/{buildId}/output	buildId	-	-	-	Map<String, Object>	-	-	untyped-return	CLAIM-S2-R0074 source:spinnaker/gate@v6.69.0 gate-web/src/main/groovy/com/netflix/spinnaker/gate/controllers/CiController.java:52
gate	v6.69.0	CleanupController.optOut	GET	/cleanup/resources/{namespace}/{resourceId}/optOut	namespace,resourceId	-	-	-	Map	-	produces=application/json	untyped-return	CLAIM-S2-R0075 source:spinnaker/gate@v6.69.0 gate-web/src/main/groovy/com/netflix/spinnaker/gate/controllers/CleanupController.java:39
gate	v6.69.0	CleanupController.getMarkedResource	GET	/cleanup/resources/{namespace}/{resourceId}	namespace,resourceId	-	-	-	Map	-	produces=application/json	untyped-return	CLAIM-S2-R0076 source:spinnaker/gate@v6.69.0 gate-web/src/main/groovy/com/netflix/spinnaker/gate/controllers/CleanupController.java:55
gate	v6.69.0	CleanupController.getAllMarkedResources	GET	/cleanup/resources/marked	-	-	-	-	List	-	produces=application/json	raw-generic	CLAIM-S2-R0077 source:spinnaker/gate@v6.69.0 gate-web/src/main/groovy/com/netflix/spinnaker/gate/controllers/CleanupController.java:69
gate	v6.69.0	CleanupController.getAllDeletedResources	GET	/cleanup/resources/deleted	-	-	-	-	List	-	produces=application/json	raw-generic	CLAIM-S2-R0078 source:spinnaker/gate@v6.69.0 gate-web/src/main/groovy/com/netflix/spinnaker/gate/controllers/CleanupController.java:78
gate	v6.69.0	CloudMetricController.findAll	GET	/cloudMetrics/{cloudProvider}/{account}/{region}	cloudProvider,account,region	filters:required	X-RateLimit-App:optional	-	List<Map>	-	-	untyped-return	CLAIM-S2-R0079 source:spinnaker/gate@v6.69.0 gate-web/src/main/groovy/com/netflix/spinnaker/gate/controllers/CloudMetricController.groovy:37
gate	v6.69.0	CloudMetricController.getStatistics	GET	/cloudMetrics/{cloudProvider}/{account}/{region}/{metricName}/statistics	cloudProvider,account,region,metricName	startTime:optional,endTime:optional,filters:required	X-RateLimit-App:optional	-	Map	-	-	untyped-return	CLAIM-S2-R0080 source:spinnaker/gate@v6.69.0 gate-web/src/main/groovy/com/netflix/spinnaker/gate/controllers/CloudMetricController.groovy:47
gate	v6.69.0	ClusterController.getClusters	GET	/applications/{application}/clusters	application	-	X-RateLimit-App:optional	-	Map	-	-	untyped-return	CLAIM-S2-R0081 source:spinnaker/gate@v6.69.0 gate-web/src/main/groovy/com/netflix/spinnaker/gate/controllers/ClusterController.groovy:39
gate	v6.69.0	ClusterController.getClusters	GET	/applications/{application}/clusters/{account}	application,account	-	X-RateLimit-App:optional	-	List<Map>	-	-	untyped-return	CLAIM-S2-R0082 source:spinnaker/gate@v6.69.0 gate-web/src/main/groovy/com/netflix/spinnaker/gate/controllers/ClusterController.groovy:46
gate	v6.69.0	ClusterController.getClusters	GET	/applications/{application}/clusters/{account}/{clusterName:.+}	application,account,clusterName	-	X-RateLimit-App:optional	-	Map	-	-	untyped-return	CLAIM-S2-R0083 source:spinnaker/gate@v6.69.0 gate-web/src/main/groovy/com/netflix/spinnaker/gate/controllers/ClusterController.groovy:54
gate	v6.69.0	ClusterController.getClusterLoadBalancers	GET	/applications/{application}/clusters/{account}/{clusterName}/{type}/loadBalancers	application,account,clusterName,type	-	X-RateLimit-App:optional	-	List	-	-	raw-generic	CLAIM-S2-R0084 source:spinnaker/gate@v6.69.0 gate-web/src/main/groovy/com/netflix/spinnaker/gate/controllers/ClusterController.groovy:63
gate	v6.69.0	ClusterController.getServerGroups	GET	/applications/{application}/clusters/{account}/{clusterName}/serverGroups	application,account,clusterName	-	X-RateLimit-App:optional	-	List<Map>	-	-	untyped-return	CLAIM-S2-R0085 source:spinnaker/gate@v6.69.0 gate-web/src/main/groovy/com/netflix/spinnaker/gate/controllers/ClusterController.groovy:73
gate	v6.69.0	ClusterController.getScalingActivities	GET	/applications/{application}/clusters/{account}/{clusterName}/serverGroups/{serverGroupName}/scalingActivities	application,account,clusterName,serverGroupName	provider:optional,region:optional	X-RateLimit-App:optional	-	List<Map>	-	-	untyped-return	CLAIM-S2-R0086 source:spinnaker/gate@v6.69.0 gate-web/src/main/groovy/com/netflix/spinnaker/gate/controllers/ClusterController.groovy:82
gate	v6.69.0	ClusterController.getServerGroups	GET	/applications/{application}/clusters/{account}/{clusterName}/serverGroups/{serverGroupName:.+}	application,account,clusterName,serverGroupName	-	X-RateLimit-App:optional	-	List<Map>	-	-	untyped-return	CLAIM-S2-R0087 source:spinnaker/gate@v6.69.0 gate-web/src/main/groovy/com/netflix/spinnaker/gate/controllers/ClusterController.groovy:95
gate	v6.69.0	ClusterController.getTargetServerGroup	GET	/applications/{application}/clusters/{account:.+}/{clusterName:.+}/{cloudProvider}/{scope}/serverGroups/target/{target:.+}	application,account,clusterName,cloudProvider,scope,target	onlyEnabled:optional,validateOldest:optional	X-RateLimit-App:optional	-	Map	-	-	untyped-return	CLAIM-S2-R0088 source:spinnaker/gate@v6.69.0 gate-web/src/main/groovy/com/netflix/spinnaker/gate/controllers/ClusterController.groovy:109
gate	v6.69.0	ConcourseController.teams	GET	/concourse/{buildMaster}/teams	buildMaster	-	-	-	List<String>	-	-	typed	CLAIM-S2-R0089 source:spinnaker/gate@v6.69.0 gate-web/src/main/groovy/com/netflix/spinnaker/gate/controllers/ConcourseController.java:37
gate	v6.69.0	ConcourseController.pipelines	GET	/concourse/{buildMaster}/teams/{team}/pipelines	buildMaster,team	-	-	-	List<String>	-	-	typed	CLAIM-S2-R0090 source:spinnaker/gate@v6.69.0 gate-web/src/main/groovy/com/netflix/spinnaker/gate/controllers/ConcourseController.java:43
gate	v6.69.0	ConcourseController.jobs	GET	/concourse/{buildMaster}/teams/{team}/pipelines/{pipeline}/jobs	buildMaster,team,pipeline	-	-	-	List<String>	-	-	typed	CLAIM-S2-R0091 source:spinnaker/gate@v6.69.0 gate-web/src/main/groovy/com/netflix/spinnaker/gate/controllers/ConcourseController.java:50
gate	v6.69.0	ConcourseController.resources	GET	/concourse/{buildMaster}/teams/{team}/pipelines/{pipeline}/resources	buildMaster,team,pipeline	-	-	-	List<String>	-	-	typed	CLAIM-S2-R0092 source:spinnaker/gate@v6.69.0 gate-web/src/main/groovy/com/netflix/spinnaker/gate/controllers/ConcourseController.java:62
gate	v6.69.0	ConcourseController.stageExecution	POST	/concourse/stage/start	-	stageId:required,job:required,buildNumber:required	-	-	void	-	-	typed	CLAIM-S2-R0093 source:spinnaker/gate@v6.69.0 gate-web/src/main/groovy/com/netflix/spinnaker/gate/controllers/ConcourseController.java:74
gate	v6.69.0	CredentialsController.getAccounts	GET	/credentials	-	expand:optional	-	-	List<Account>	-	-	typed	CLAIM-S2-R0094 source:spinnaker/gate@v6.69.0 gate-web/src/main/groovy/com/netflix/spinnaker/gate/controllers/CredentialsController.groovy:66
gate	v6.69.0	CredentialsController.getAccount	GET	/credentials/{account:.+}	account	-	X-RateLimit-App:optional	-	AccountDetails	-	-	typed	CLAIM-S2-R0095 source:spinnaker/gate@v6.69.0 gate-web/src/main/groovy/com/netflix/spinnaker/gate/controllers/CredentialsController.groovy:88
gate	v6.69.0	CredentialsController.getAccountsByType	GET	/credentials/type/{accountType}	accountType	limit:optional,startingAccountName:optional	-	-	List<ClouddriverService.AccountDefinition>	-	-	typed	CLAIM-S2-R0096 source:spinnaker/gate@v6.69.0 gate-web/src/main/groovy/com/netflix/spinnaker/gate/controllers/CredentialsController.groovy:94
gate	v6.69.0	CredentialsController.createAccount	POST	/credentials	-	-	-	ClouddriverService.AccountDefinition	ClouddriverService.AccountDefinition	-	-	typed	CLAIM-S2-R0097 source:spinnaker/gate@v6.69.0 gate-web/src/main/groovy/com/netflix/spinnaker/gate/controllers/CredentialsController.groovy:108
gate	v6.69.0	CredentialsController.updateAccount	PUT	/credentials	-	-	-	ClouddriverService.AccountDefinition	ClouddriverService.AccountDefinition	-	-	typed	CLAIM-S2-R0098 source:spinnaker/gate@v6.69.0 gate-web/src/main/groovy/com/netflix/spinnaker/gate/controllers/CredentialsController.groovy:118
gate	v6.69.0	CredentialsController.deleteAccount	DELETE	/credentials/{accountName}	accountName	-	-	-	void	-	-	typed	CLAIM-S2-R0099 source:spinnaker/gate@v6.69.0 gate-web/src/main/groovy/com/netflix/spinnaker/gate/controllers/CredentialsController.groovy:128
gate	v6.69.0	CronController.validateCronExpression	GET	/cron/validate	-	expression:required	-	-	Map	-	-	untyped-return	CLAIM-S2-R0100 source:spinnaker/gate@v6.69.0 gate-web/src/main/groovy/com/netflix/spinnaker/gate/controllers/CronController.groovy:36
gate	v6.69.0	DataController.getStaticData	GET	/v1/data/static/{id}	id	filters:required,expectedContentType:optional	-	-	void	-	-	typed	CLAIM-S2-R0101 source:spinnaker/gate@v6.69.0 gate-web/src/main/groovy/com/netflix/spinnaker/gate/controllers/DataController.groovy:39
gate	v6.69.0	DataController.getAdhocData	ANY	/v1/data/adhoc/{groupId}/{bucketId}/**	groupId,bucketId	expectedContentType:optional	-	-	void	-	-	typed	CLAIM-S2-R0102 source:spinnaker/gate@v6.69.0 gate-web/src/main/groovy/com/netflix/spinnaker/gate/controllers/DataController.groovy:48
gate	v6.69.0	EntityTagsController.list	GET	/tags	-	allParameters:required	X-RateLimit-App:optional	-	Collection<Map>	-	-	untyped-return	CLAIM-S2-R0103 source:spinnaker/gate@v6.69.0 gate-web/src/main/groovy/com/netflix/spinnaker/gate/controllers/EntityTagsController.java:55
gate	v6.69.0	EntityTagsController.get	GET	/tags/**	-	-	-	-	Map	-	-	untyped-return	CLAIM-S2-R0104 source:spinnaker/gate@v6.69.0 gate-web/src/main/groovy/com/netflix/spinnaker/gate/controllers/EntityTagsController.java:66
gate	v6.69.0	EntityTagsController.delete	DELETE	/tags/{id}/{tag}	id,tag	-	X-RateLimit-App:optional	-	Map	202	-	untyped-return	CLAIM-S2-R0105 source:spinnaker/gate@v6.69.0 gate-web/src/main/groovy/com/netflix/spinnaker/gate/controllers/EntityTagsController.java:82
gate	v6.69.0	EntityTagsController.post	POST	/tags	-	entityId:required,entityType:required,account:required,region:required,cloudProvider:required,application:optional,isPartial:optional	-	List<Map>	Map	202	-	untyped-both	CLAIM-S2-R0106 source:spinnaker/gate@v6.69.0 gate-web/src/main/groovy/com/netflix/spinnaker/gate/controllers/EntityTagsController.java:106
gate	v6.69.0	ExecutionsController.getLatestExecutionsByConfigIds	GET	/executions	-	pipelineConfigIds:optional,executionIds:optional,limit:optional,statuses:optional,expand:optional	-	-	List	-	-	raw-generic	CLAIM-S2-R0107 source:spinnaker/gate@v6.69.0 gate-web/src/main/groovy/com/netflix/spinnaker/gate/controllers/ExecutionsController.java:40
gate	v6.69.0	ExecutionsController.searchForPipelineExecutionsByTrigger	GET	/applications/{application}/executions/search	application	triggerTypes:optional,pipelineName:optional,eventId:optional,trigger:optional,triggerTimeStartBoundary:optional,size:optional,reverse:optional,expand:optional	-	-	List	-	-	raw-generic	CLAIM-S2-R0108 source:spinnaker/gate@v6.69.0 gate-web/src/main/groovy/com/netflix/spinnaker/gate/controllers/ExecutionsController.java:81
gate	v6.69.0	FirewallController.all	GET	/firewalls	-	id:optional	X-RateLimit-App:optional	-	Map	-	-	untyped-return	CLAIM-S2-R0109 source:spinnaker/gate@v6.69.0 gate-web/src/main/groovy/com/netflix/spinnaker/gate/controllers/FirewallController.groovy:33
gate	v6.69.0	FirewallController.allByAccount	GET	/firewalls/{account}	account	provider:optional	X-RateLimit-App:optional	-	Map	-	-	untyped-return	CLAIM-S2-R0110 source:spinnaker/gate@v6.69.0 gate-web/src/main/groovy/com/netflix/spinnaker/gate/controllers/FirewallController.groovy:49
gate	v6.69.0	FirewallController.allByAccountAndRegion	GET	/firewalls/{account}/{region}	account,region	provider:optional	X-RateLimit-App:optional	-	List	-	-	raw-generic	CLAIM-S2-R0111 source:spinnaker/gate@v6.69.0 gate-web/src/main/groovy/com/netflix/spinnaker/gate/controllers/FirewallController.groovy:58
gate	v6.69.0	FirewallController.getSecurityGroup	GET	/firewalls/{account}/{region}/{name:.+}	account,region,name	provider:optional,vpcId:optional	X-RateLimit-App:optional	-	Map	-	-	untyped-return	CLAIM-S2-R0112 source:spinnaker/gate@v6.69.0 gate-web/src/main/groovy/com/netflix/spinnaker/gate/controllers/FirewallController.groovy:68
gate	v6.69.0	GoogleCloudBuildController.getAccounts	GET	/gcb/accounts	-	-	-	-	List<String>	-	-	typed	CLAIM-S2-R0113 source:spinnaker/gate@v6.69.0 gate-web/src/main/groovy/com/netflix/spinnaker/gate/controllers/GoogleCloudBuildController.java:46
gate	v6.69.0	GoogleCloudBuildController.getGoogleCloudBuildTriggers	GET	/gcb/triggers/{account}	account	-	-	-	List<GoogleCloudBuildTrigger>	-	-	typed	CLAIM-S2-R0114 source:spinnaker/gate@v6.69.0 gate-web/src/main/groovy/com/netflix/spinnaker/gate/controllers/GoogleCloudBuildController.java:52
gate	v6.69.0	HistoryController.getHistory	GET	/history/{name}	name	limit:optional	-	-	List<Map<String, Object>>	-	-	untyped-return	CLAIM-S2-R0115 source:spinnaker/gate@v6.69.0 gate-web/src/main/groovy/com/netflix/spinnaker/gate/controllers/HistoryController.java:34
gate	v6.69.0	ImageController.getImageDetails	GET	/images/{account}/{region}/{imageId:.+}	account,region,imageId	provider:optional	X-RateLimit-App:optional	-	List<Map>	-	-	untyped-return	CLAIM-S2-R0116 source:spinnaker/gate@v6.69.0 gate-web/src/main/groovy/com/netflix/spinnaker/gate/controllers/ImageController.groovy:34
gate	v6.69.0	ImageController.findImages	GET	/images/find	-	provider:optional,q:optional,region:optional,account:optional,count:optional	-	-	List<Map>	-	-	untyped-return	CLAIM-S2-R0117 source:spinnaker/gate@v6.69.0 gate-web/src/main/groovy/com/netflix/spinnaker/gate/controllers/ImageController.groovy:45
gate	v6.69.0	ImageController.findTags	GET	/images/tags	-	provider:optional,account:required,repository:required	X-RateLimit-App:optional	-	List<String>	-	-	typed	CLAIM-S2-R0118 source:spinnaker/gate@v6.69.0 gate-web/src/main/groovy/com/netflix/spinnaker/gate/controllers/ImageController.groovy:61
gate	v6.69.0	InstanceController.getInstanceDetails	GET	/instances/{account}/{region}/{instanceId:.+}	account,region,instanceId	-	X-RateLimit-App:optional	-	Map	-	-	untyped-return	CLAIM-S2-R0119 source:spinnaker/gate@v6.69.0 gate-web/src/main/groovy/com/netflix/spinnaker/gate/controllers/InstanceController.groovy:39
gate	v6.69.0	InstanceController.getConsoleOutput	GET	/instances/{account}/{region}/{instanceId}/console	account,region,instanceId	provider:optional	X-RateLimit-App:optional	-	Map	-	-	untyped-return	CLAIM-S2-R0120 source:spinnaker/gate@v6.69.0 gate-web/src/main/groovy/com/netflix/spinnaker/gate/controllers/InstanceController.groovy:48
gate	v6.69.0	JobController.getJob	GET	/applications/{applicationName}/jobs/{account}/{region}/{name}	applicationName,account,region,name	expand:optional	X-RateLimit-App:optional	-	Map	-	-	untyped-return	CLAIM-S2-R0121 source:spinnaker/gate@v6.69.0 gate-web/src/main/groovy/com/netflix/spinnaker/gate/controllers/JobController.groovy:33
gate	v6.69.0	JobController.preconfiguredWebhooks	GET	/jobs/preconfigured	-	-	-	-	List	-	-	raw-generic	CLAIM-S2-R0122 source:spinnaker/gate@v6.69.0 gate-web/src/main/groovy/com/netflix/spinnaker/gate/controllers/JobController.groovy:43
gate	v6.69.0	LoadBalancerController.getAll	GET	/loadBalancers	-	provider:optional	X-RateLimit-App:optional	-	List	-	-	raw-generic	CLAIM-S2-R0123 source:spinnaker/gate@v6.69.0 gate-web/src/main/groovy/com/netflix/spinnaker/gate/controllers/LoadBalancerController.groovy:33
gate	v6.69.0	LoadBalancerController.getLoadBalancer	GET	/loadBalancers/{name:.+}	name	provider:optional	X-RateLimit-App:optional	-	Map	-	-	untyped-return	CLAIM-S2-R0124 source:spinnaker/gate@v6.69.0 gate-web/src/main/groovy/com/netflix/spinnaker/gate/controllers/LoadBalancerController.groovy:40
gate	v6.69.0	LoadBalancerController.getLoadBalancerDetails	GET	/loadBalancers/{account}/{region}/{name:.+}	account,region,name	provider:optional	X-RateLimit-App:optional	-	List<Map>	-	-	untyped-return	CLAIM-S2-R0125 source:spinnaker/gate@v6.69.0 gate-web/src/main/groovy/com/netflix/spinnaker/gate/controllers/LoadBalancerController.groovy:48
gate	v6.69.0	LoadBalancerController.getApplicationLoadBalancers	GET	/applications/{application}/loadBalancers	application	-	X-RateLimit-App:optional	-	List<Map>	-	-	untyped-return	CLAIM-S2-R0126 source:spinnaker/gate@v6.69.0 gate-web/src/main/groovy/com/netflix/spinnaker/gate/controllers/LoadBalancerController.groovy:58
gate	v6.69.0	ManagedController.graphql	POST	/managed/graphql	-	-	-	GraphQLRequest	Map	-	consumes=application/json;produces=application/json	untyped-return	CLAIM-S2-R0127 source:spinnaker/gate@v6.69.0 gate-web/src/main/groovy/com/netflix/spinnaker/gate/controllers/ManagedController.java:101
gate	v6.69.0	ManagedController.getResource	GET	/managed/resources/{resourceId}	resourceId	-	-	-	Resource	-	-	typed	CLAIM-S2-R0128 source:spinnaker/gate@v6.69.0 gate-web/src/main/groovy/com/netflix/spinnaker/gate/controllers/ManagedController.java:110
gate	v6.69.0	ManagedController.getResourceYaml	GET	/managed/resources/{resourceId}.yml	resourceId	-	-	-	Resource	-	produces=application/x-yaml	typed	CLAIM-S2-R0129 source:spinnaker/gate@v6.69.0 gate-web/src/main/groovy/com/netflix/spinnaker/gate/controllers/ManagedController.java:116
gate	v6.69.0	ManagedController.getResourceStatus	GET	/managed/resources/{resourceId}/status	resourceId	-	-	-	Map	-	-	untyped-return	CLAIM-S2-R0130 source:spinnaker/gate@v6.69.0 gate-web/src/main/groovy/com/netflix/spinnaker/gate/controllers/ManagedController.java:122
gate	v6.69.0	ManagedController.diffResource	POST	/managed/resources/diff	-	-	-	Resource	Map	-	consumes=application/json|application/x-yaml;produces=application/json	untyped-return	CLAIM-S2-R0131 source:spinnaker/gate@v6.69.0 gate-web/src/main/groovy/com/netflix/spinnaker/gate/controllers/ManagedController.java:130
gate	v6.69.0	ManagedController.pauseResource	POST	/managed/resources/{resourceId}/pause	resourceId	-	-	-	void	-	-	typed	CLAIM-S2-R0132 source:spinnaker/gate@v6.69.0 gate-web/src/main/groovy/com/netflix/spinnaker/gate/controllers/ManagedController.java:139
gate	v6.69.0	ManagedController.resumeResource	DELETE	/managed/resources/{resourceId}/pause	resourceId	-	-	-	void	-	-	typed	CLAIM-S2-R0133 source:spinnaker/gate@v6.69.0 gate-web/src/main/groovy/com/netflix/spinnaker/gate/controllers/ManagedController.java:145
gate	v6.69.0	ManagedController.exportResource	GET	/managed/resources/export/{cloudProvider}/{account}/{type}/{name}	cloudProvider,account,type,name	serviceAccount:required	-	-	Resource	200	-	typed	CLAIM-S2-R0134 source:spinnaker/gate@v6.69.0 gate-web/src/main/groovy/com/netflix/spinnaker/gate/controllers/ManagedController.java:151
gate	v6.69.0	ManagedController.exportResource	GET	/managed/resources/export/artifact/{cloudProvider}/{account}/{clusterName}	cloudProvider,account,clusterName	-	-	-	Map	200	-	untyped-return	CLAIM-S2-R0135 source:spinnaker/gate@v6.69.0 gate-web/src/main/groovy/com/netflix/spinnaker/gate/controllers/ManagedController.java:166
gate	v6.69.0	ManagedController.getManifest	GET	/managed/delivery-configs/{name}	name	-	-	-	DeliveryConfig	-	-	typed	CLAIM-S2-R0136 source:spinnaker/gate@v6.69.0 gate-web/src/main/groovy/com/netflix/spinnaker/gate/controllers/ManagedController.java:177
gate	v6.69.0	ManagedController.getManifestYaml	GET	/managed/delivery-configs/{name}.yml	name	-	-	-	DeliveryConfig	-	produces=application/x-yaml	typed	CLAIM-S2-R0137 source:spinnaker/gate@v6.69.0 gate-web/src/main/groovy/com/netflix/spinnaker/gate/controllers/ManagedController.java:183
gate	v6.69.0	ManagedController.getManifestArtifacts	GET	/managed/delivery-configs/{name}/artifacts	name	-	-	-	List<Map<String, Object>>	-	-	untyped-return	CLAIM-S2-R0138 source:spinnaker/gate@v6.69.0 gate-web/src/main/groovy/com/netflix/spinnaker/gate/controllers/ManagedController.java:189
gate	v6.69.0	ManagedController.upsertManifest	POST	/managed/delivery-configs	-	-	-	DeliveryConfig	DeliveryConfig	-	consumes=application/json|application/x-yaml;produces=application/json	typed	CLAIM-S2-R0139 source:spinnaker/gate@v6.69.0 gate-web/src/main/groovy/com/netflix/spinnaker/gate/controllers/ManagedController.java:196
gate	v6.69.0	ManagedController.deleteManifest	DELETE	/managed/delivery-configs/{name}	name	-	-	-	DeliveryConfig	-	-	typed	CLAIM-S2-R0140 source:spinnaker/gate@v6.69.0 gate-web/src/main/groovy/com/netflix/spinnaker/gate/controllers/ManagedController.java:207
gate	v6.69.0	ManagedController.validateManifest	POST	/managed/delivery-configs/validate	-	-	-	DeliveryConfig	Map	200,400	consumes=application/json|application/x-yaml;produces=application/json|application/x-yaml	untyped-return	CLAIM-S2-R0141 source:spinnaker/gate@v6.69.0 gate-web/src/main/groovy/com/netflix/spinnaker/gate/controllers/ManagedController.java:213
gate	v6.69.0	ManagedController.diffManifest	POST	/managed/delivery-configs/diff	-	-	-	DeliveryConfig	List<Map>	-	consumes=application/json|application/x-yaml;produces=application/json	untyped-return	CLAIM-S2-R0142 source:spinnaker/gate@v6.69.0 gate-web/src/main/groovy/com/netflix/spinnaker/gate/controllers/ManagedController.java:231
gate	v6.69.0	ManagedController.schema	GET	/managed/delivery-configs/schema	-	-	-	-	Map<String, Object>	-	produces=application/json|application/x-yaml	untyped-return	CLAIM-S2-R0143 source:spinnaker/gate@v6.69.0 gate-web/src/main/groovy/com/netflix/spinnaker/gate/controllers/ManagedController.java:240
gate	v6.69.0	ManagedController.getConstraintState	GET	/managed/application/{application}/environment/{environment}/constraints	application,environment	limit:optional	-	-	List<ConstraintState>	-	-	typed	CLAIM-S2-R0144 source:spinnaker/gate@v6.69.0 gate-web/src/main/groovy/com/netflix/spinnaker/gate/controllers/ManagedController.java:248
gate	v6.69.0	ManagedController.getConfigBy	GET	/managed/application/{application}/config	application	-	-	-	DeliveryConfig	-	-	typed	CLAIM-S2-R0145 source:spinnaker/gate@v6.69.0 gate-web/src/main/groovy/com/netflix/spinnaker/gate/controllers/ManagedController.java:258
gate	v6.69.0	ManagedController.deleteManifestByApp	DELETE	/managed/application/{application}/config	application	-	-	-	DeliveryConfig	-	-	typed	CLAIM-S2-R0146 source:spinnaker/gate@v6.69.0 gate-web/src/main/groovy/com/netflix/spinnaker/gate/controllers/ManagedController.java:264
gate	v6.69.0	ManagedController.updateConstraintStatus	POST	/managed/application/{application}/environment/{environment}/constraint	application,environment	-	-	ConstraintStatus	void	-	-	typed	CLAIM-S2-R0147 source:spinnaker/gate@v6.69.0 gate-web/src/main/groovy/com/netflix/spinnaker/gate/controllers/ManagedController.java:270
gate	v6.69.0	ManagedController.getApplicationDetails	GET	/managed/application/{application}	application	includeDetails:optional,entities:optional,maxArtifactVersions:optional	-	-	Map	-	-	untyped-return	CLAIM-S2-R0148 source:spinnaker/gate@v6.69.0 gate-web/src/main/groovy/com/netflix/spinnaker/gate/controllers/ManagedController.java:280
gate	v6.69.0	ManagedController.pauseApplication	POST	/managed/application/{application}/pause	application	-	-	-	void	-	-	typed	CLAIM-S2-R0149 source:spinnaker/gate@v6.69.0 gate-web/src/main/groovy/com/netflix/spinnaker/gate/controllers/ManagedController.java:294
gate	v6.69.0	ManagedController.resumeApplication	DELETE	/managed/application/{application}/pause	application	-	-	-	void	-	-	typed	CLAIM-S2-R0150 source:spinnaker/gate@v6.69.0 gate-web/src/main/groovy/com/netflix/spinnaker/gate/controllers/ManagedController.java:301
gate	v6.69.0	ManagedController.createPin	POST	/managed/application/{application}/pin	application	-	-	EnvironmentArtifactPin	void	-	-	typed	CLAIM-S2-R0151 source:spinnaker/gate@v6.69.0 gate-web/src/main/groovy/com/netflix/spinnaker/gate/controllers/ManagedController.java:307
gate	v6.69.0	ManagedController.deletePin	DELETE	/managed/application/{application}/pin/{targetEnvironment}	application,targetEnvironment	reference:optional	-	-	void	-	-	typed	CLAIM-S2-R0152 source:spinnaker/gate@v6.69.0 gate-web/src/main/groovy/com/netflix/spinnaker/gate/controllers/ManagedController.java:318
gate	v6.69.0	ManagedController.veto	POST	/managed/application/{application}/veto	application	-	-	EnvironmentArtifactVeto	void	-	-	typed	CLAIM-S2-R0153 source:spinnaker/gate@v6.69.0 gate-web/src/main/groovy/com/netflix/spinnaker/gate/controllers/ManagedController.java:328
gate	v6.69.0	ManagedController.deleteVeto	DELETE	/managed/application/{application}/veto/{targetEnvironment}/{reference}/{version}	application,targetEnvironment,reference,version	-	-	-	void	-	-	typed	CLAIM-S2-R0154 source:spinnaker/gate@v6.69.0 gate-web/src/main/groovy/com/netflix/spinnaker/gate/controllers/ManagedController.java:335
gate	v6.69.0	ManagedController.markBad	POST	/managed/application/{application}/mark/bad	application	-	-	EnvironmentArtifactVeto	void	-	-	typed	CLAIM-S2-R0155 source:spinnaker/gate@v6.69.0 gate-web/src/main/groovy/com/netflix/spinnaker/gate/controllers/ManagedController.java:346
gate	v6.69.0	ManagedController.markGood	POST	/managed/application/{application}/mark/good	application	-	-	EnvironmentArtifactVeto	void	-	-	typed	CLAIM-S2-R0156 source:spinnaker/gate@v6.69.0 gate-web/src/main/groovy/com/netflix/spinnaker/gate/controllers/ManagedController.java:353
gate	v6.69.0	ManagedController.overrideVerification	POST	/managed/{application}/environment/{environment}/verifications	application,environment	-	-	OverrideVerificationRequest	void	-	-	typed	CLAIM-S2-R0157 source:spinnaker/gate@v6.69.0 gate-web/src/main/groovy/com/netflix/spinnaker/gate/controllers/ManagedController.java:360
gate	v6.69.0	ManagedController.retryVerification	POST	/managed/{application}/environment/{environment}/verifications/retry	application,environment	-	-	RetryVerificationRequest	void	-	-	typed	CLAIM-S2-R0158 source:spinnaker/gate@v6.69.0 gate-web/src/main/groovy/com/netflix/spinnaker/gate/controllers/ManagedController.java:370
gate	v6.69.0	ManagedController.processNotificationCallback	POST	/managed/notifications/callbacks/{source}	source	-	-	-	String	-	consumes=application/x-www-form-urlencoded;produces=application/json	typed	CLAIM-S2-R0159 source:spinnaker/gate@v6.69.0 gate-web/src/main/groovy/com/netflix/spinnaker/gate/controllers/ManagedController.java:379
gate	v6.69.0	ManagedController.getOnboardingReport	GET	/managed/reports/onboarding	-	params:required	Accept:optional	-	byte[]	-	-	typed	CLAIM-S2-R0160 source:spinnaker/gate@v6.69.0 gate-web/src/main/groovy/com/netflix/spinnaker/gate/controllers/ManagedController.java:389
gate	v6.69.0	ManagedController.getAdoptionReport	GET	/managed/reports/adoption	-	params:required	-	-	byte[]	-	produces=text/html	typed	CLAIM-S2-R0161 source:spinnaker/gate@v6.69.0 gate-web/src/main/groovy/com/netflix/spinnaker/gate/controllers/ManagedController.java:407
gate	v6.69.0	ManagedController.getEnvironments	GET	/managed/environments/{application}	application	-	-	-	List<Map<String, Object>>	-	produces=application/json	untyped-return	CLAIM-S2-R0162 source:spinnaker/gate@v6.69.0 gate-web/src/main/groovy/com/netflix/spinnaker/gate/controllers/ManagedController.java:418
gate	v6.69.0	ManifestController.getManifest	GET	/manifests/{account:.+}/{location:.+}/{name:.+}	account,location,name	-	-	-	Map	-	-	untyped-return	CLAIM-S2-R0163 source:spinnaker/gate@v6.69.0 gate-web/src/main/groovy/com/netflix/spinnaker/gate/controllers/ManifestController.groovy:35
gate	v6.69.0	NetworkController.all	GET	/networks	-	-	X-RateLimit-App:optional	-	Map	-	-	untyped-return	CLAIM-S2-R0164 source:spinnaker/gate@v6.69.0 gate-web/src/main/groovy/com/netflix/spinnaker/gate/controllers/NetworkController.groovy:36
gate	v6.69.0	NetworkController.allByCloudProvider	GET	/networks/{cloudProvider}	cloudProvider	-	X-RateLimit-App:optional	-	List<Map>	-	-	untyped-return	CLAIM-S2-R0165 source:spinnaker/gate@v6.69.0 gate-web/src/main/groovy/com/netflix/spinnaker/gate/controllers/NetworkController.groovy:42
gate	v6.69.0	NexusController.names	GET	/nexus/names	-	-	-	-	List<String>	-	-	typed	CLAIM-S2-R0166 source:spinnaker/gate@v6.69.0 gate-web/src/main/groovy/com/netflix/spinnaker/gate/controllers/NexusController.java:41
gate	v6.69.0	NotificationController.deletePipeline	DELETE	/notifications/{type}/{application:.+}	type,application	-	-	-	void	-	-	typed	CLAIM-S2-R0167 source:spinnaker/gate@v6.69.0 gate-web/src/main/groovy/com/netflix/spinnaker/gate/controllers/NotificationController.groovy:41
gate	v6.69.0	NotificationController.saveNotificationConfig	POST	/notifications/{type}/{application:.+}	type,application	-	-	Map	void	-	-	untyped-body	CLAIM-S2-R0168 source:spinnaker/gate@v6.69.0 gate-web/src/main/groovy/com/netflix/spinnaker/gate/controllers/NotificationController.groovy:46
gate	v6.69.0	NotificationController.getNotificationConfig	GET	/notifications/{type}/{application:.+}	type,application	-	-	-	Map	-	-	untyped-return	CLAIM-S2-R0169 source:spinnaker/gate@v6.69.0 gate-web/src/main/groovy/com/netflix/spinnaker/gate/controllers/NotificationController.groovy:51
gate	v6.69.0	NotificationController.getNotificationTypeMetadata	GET	/notifications/metadata	-	-	-	-	List	-	-	raw-generic	CLAIM-S2-R0170 source:spinnaker/gate@v6.69.0 gate-web/src/main/groovy/com/netflix/spinnaker/gate/controllers/NotificationController.groovy:56
gate	v6.69.0	NotificationController.processNotificationCallback	POST	/notifications/callbacks/{source}	source	-	-	-	String	-	consumes=application/x-www-form-urlencoded;produces=application/json	typed	CLAIM-S2-R0171 source:spinnaker/gate@v6.69.0 gate-web/src/main/groovy/com/netflix/spinnaker/gate/controllers/NotificationController.groovy:69
gate	v6.69.0	PagerDutyController.getServices	GET	/pagerDuty/services	-	-	-	-	List<Map>	-	-	untyped-return	CLAIM-S2-R0172 source:spinnaker/gate@v6.69.0 gate-web/src/main/groovy/com/netflix/spinnaker/gate/controllers/PagerDutyController.groovy:46
gate	v6.69.0	PagerDutyController.getOnCalls	GET	/pagerDuty/oncalls	-	-	-	-	Map<String, List<Map>>	-	-	untyped-return	CLAIM-S2-R0173 source:spinnaker/gate@v6.69.0 gate-web/src/main/groovy/com/netflix/spinnaker/gate/controllers/PagerDutyController.groovy:65
gate	v6.69.0	PipelineConfigController.getAllPipelineConfigs	GET	/pipelineConfigs	-	-	-	-	Collection<Map>	-	-	untyped-return	CLAIM-S2-R0174 source:spinnaker/gate@v6.69.0 gate-web/src/main/groovy/com/netflix/spinnaker/gate/controllers/PipelineConfigController.groovy:41
gate	v6.69.0	PipelineConfigController.getPipelineConfigHistory	GET	/pipelineConfigs/{pipelineConfigId}/history	pipelineConfigId	limit:optional	-	-	Collection<Map>	-	-	untyped-return	CLAIM-S2-R0175 source:spinnaker/gate@v6.69.0 gate-web/src/main/groovy/com/netflix/spinnaker/gate/controllers/PipelineConfigController.groovy:47
gate	v6.69.0	PipelineConfigController.convertPipelineConfigToPipelineTemplate	GET	/pipelineConfigs/{pipelineConfigId}/convertToTemplate	pipelineConfigId	-	-	-	String	-	-	typed	CLAIM-S2-R0176 source:spinnaker/gate@v6.69.0 gate-web/src/main/groovy/com/netflix/spinnaker/gate/controllers/PipelineConfigController.groovy:54
gate	v6.69.0	PipelineController.deletePipeline	DELETE	/pipelines/{application}/{pipelineName:.+}	application,pipelineName	-	-	-	void	-	-	typed	CLAIM-S2-R0177 source:spinnaker/gate@v6.69.0 gate-web/src/main/groovy/com/netflix/spinnaker/gate/controllers/PipelineController.groovy:76
gate	v6.69.0	PipelineController.savePipeline	POST	/pipelines	-	staleCheck:optional	-	Map	void	-	-	untyped-body	CLAIM-S2-R0178 source:spinnaker/gate@v6.69.0 gate-web/src/main/groovy/com/netflix/spinnaker/gate/controllers/PipelineController.groovy:111
gate	v6.69.0	PipelineController.bulksavePipeline	POST	/pipelines/bulksave	-	application:optional	-	List<Map>	Map	-	-	untyped-both	CLAIM-S2-R0179 source:spinnaker/gate@v6.69.0 gate-web/src/main/groovy/com/netflix/spinnaker/gate/controllers/PipelineController.groovy:141
gate	v6.69.0	PipelineController.renamePipeline	POST	/pipelines/move	-	-	-	Map	void	-	-	untyped-body	CLAIM-S2-R0180 source:spinnaker/gate@v6.69.0 gate-web/src/main/groovy/com/netflix/spinnaker/gate/controllers/PipelineController.groovy:180
gate	v6.69.0	PipelineController.getPipeline	GET	/pipelines/{id}	id	-	-	-	Map	-	-	untyped-return	CLAIM-S2-R0181 source:spinnaker/gate@v6.69.0 gate-web/src/main/groovy/com/netflix/spinnaker/gate/controllers/PipelineController.groovy:186
gate	v6.69.0	PipelineController.updatePipeline	PUT	/pipelines/{id}	id	-	-	Map	Map	-	-	untyped-both	CLAIM-S2-R0182 source:spinnaker/gate@v6.69.0 gate-web/src/main/groovy/com/netflix/spinnaker/gate/controllers/PipelineController.groovy:199
gate	v6.69.0	PipelineController.cancelPipeline	PUT	/pipelines/{id}/cancel	id	reason:optional,force:optional	-	-	void	-	-	typed	CLAIM-S2-R0183 source:spinnaker/gate@v6.69.0 gate-web/src/main/groovy/com/netflix/spinnaker/gate/controllers/PipelineController.groovy:229
gate	v6.69.0	PipelineController.pausePipeline	PUT	/pipelines/{id}/pause	id	-	-	-	void	-	-	typed	CLAIM-S2-R0184 source:spinnaker/gate@v6.69.0 gate-web/src/main/groovy/com/netflix/spinnaker/gate/controllers/PipelineController.groovy:237
gate	v6.69.0	PipelineController.resumePipeline	PUT	/pipelines/{id}/resume	id	-	-	-	void	-	-	typed	CLAIM-S2-R0185 source:spinnaker/gate@v6.69.0 gate-web/src/main/groovy/com/netflix/spinnaker/gate/controllers/PipelineController.groovy:243
gate	v6.69.0	PipelineController.updateStage	PATCH	/pipelines/{id}/stages/{stageId}	id,stageId	-	-	Map	Map	-	-	untyped-both	CLAIM-S2-R0186 source:spinnaker/gate@v6.69.0 gate-web/src/main/groovy/com/netflix/spinnaker/gate/controllers/PipelineController.groovy:249
gate	v6.69.0	PipelineController.restartStage	PUT	/pipelines/{id}/stages/{stageId}/restart	id,stageId	-	-	Map	Map	-	-	untyped-both	CLAIM-S2-R0187 source:spinnaker/gate@v6.69.0 gate-web/src/main/groovy/com/netflix/spinnaker/gate/controllers/PipelineController.groovy:255
gate	v6.69.0	PipelineController.deletePipeline	DELETE	/pipelines/{id}	id	-	-	-	void	-	-	typed	CLAIM-S2-R0188 source:spinnaker/gate@v6.69.0 gate-web/src/main/groovy/com/netflix/spinnaker/gate/controllers/PipelineController.groovy:277
gate	v6.69.0	PipelineController.start	POST	/pipelines/start	-	-	-	Map	ResponseEntity<?>(raw)	-	-	untyped-both	CLAIM-S2-R0189 source:spinnaker/gate@v6.69.0 gate-web/src/main/groovy/com/netflix/spinnaker/gate/controllers/PipelineController.groovy:283
gate	v6.69.0	PipelineController.invokePipelineConfig	POST	/pipelines/{application}/{pipelineNameOrId:.+}	application,pipelineNameOrId	-	-	Map	Map	202	-	untyped-both	CLAIM-S2-R0190 source:spinnaker/gate@v6.69.0 gate-web/src/main/groovy/com/netflix/spinnaker/gate/controllers/PipelineController.groovy:295
gate	v6.69.0	PipelineController.invokePipelineConfigViaEcho	POST	/pipelines/v2/{application}/{pipelineNameOrId:.+}	application,pipelineNameOrId	-	-	Map	HttpEntity<?>(raw)	202	-	untyped-both	CLAIM-S2-R0191 source:spinnaker/gate@v6.69.0 gate-web/src/main/groovy/com/netflix/spinnaker/gate/controllers/PipelineController.groovy:320
gate	v6.69.0	PipelineController.evaluateExpressionForExecution	GET	/pipelines/{id}/evaluateExpression	id	expression:required	-	-	Map	-	-	untyped-return	CLAIM-S2-R0192 source:spinnaker/gate@v6.69.0 gate-web/src/main/groovy/com/netflix/spinnaker/gate/controllers/PipelineController.groovy:337
gate	v6.69.0	PipelineController.evaluateExpressionForExecutionViaPOST	POST	/pipelines/{id}/evaluateExpression	id	-	-	String	Map	-	consumes=text/plain	untyped-return	CLAIM-S2-R0193 source:spinnaker/gate@v6.69.0 gate-web/src/main/groovy/com/netflix/spinnaker/gate/controllers/PipelineController.groovy:350
gate	v6.69.0	PipelineController.evaluateExpressionForExecutionAtStage	GET	/pipelines/{id}/{stageId}/evaluateExpression	id,stageId	expression:required	-	-	Map	-	-	untyped-return	CLAIM-S2-R0194 source:spinnaker/gate@v6.69.0 gate-web/src/main/groovy/com/netflix/spinnaker/gate/controllers/PipelineController.groovy:363
gate	v6.69.0	PipelineController.evaluateExpressionForExecutionViaPOST	POST	/pipelines/{id}/evaluateExpression	id	-	-	Map	Map	-	consumes=application/json	untyped-both	CLAIM-S2-R0195 source:spinnaker/gate@v6.69.0 gate-web/src/main/groovy/com/netflix/spinnaker/gate/controllers/PipelineController.groovy:377
gate	v6.69.0	PipelineController.evaluateVariables	POST	/pipelines/{id}/evaluateVariables	id	executionId:required,requisiteStageRefIds:optional,spelVersion:optional	-	List<Map<String, String>>	Map	-	consumes=application/json	untyped-both	CLAIM-S2-R0196 source:spinnaker/gate@v6.69.0 gate-web/src/main/groovy/com/netflix/spinnaker/gate/controllers/PipelineController.groovy:390
gate	v6.69.0	PipelineTemplatesController.list	GET	/pipelineTemplates	-	scopes:optional	-	-	Collection<Map>	-	-	untyped-return	CLAIM-S2-R0197 source:spinnaker/gate@v6.69.0 gate-web/src/main/groovy/com/netflix/spinnaker/gate/controllers/PipelineTemplatesController.java:65
gate	v6.69.0	PipelineTemplatesController.create	POST	/pipelineTemplates	-	-	-	Map<String, Object>	Map	202	-	untyped-both	CLAIM-S2-R0198 source:spinnaker/gate@v6.69.0 gate-web/src/main/groovy/com/netflix/spinnaker/gate/controllers/PipelineTemplatesController.java:71
gate	v6.69.0	PipelineTemplatesController.resolveTemplates	GET	/pipelineTemplates/resolve	-	source:required,executionId:optional,pipelineConfigId:optional	-	-	Map	-	-	untyped-return	CLAIM-S2-R0199 source:spinnaker/gate@v6.69.0 gate-web/src/main/groovy/com/netflix/spinnaker/gate/controllers/PipelineTemplatesController.java:98
gate	v6.69.0	PipelineTemplatesController.get	GET	/pipelineTemplates/{id}	id	-	-	-	Map	-	-	untyped-return	CLAIM-S2-R0200 source:spinnaker/gate@v6.69.0 gate-web/src/main/groovy/com/netflix/spinnaker/gate/controllers/PipelineTemplatesController.java:107
gate	v6.69.0	PipelineTemplatesController.update	POST	/pipelineTemplates/{id}	id	skipPlanDependents:optional	-	Map<String, Object>	Map	202	-	untyped-both	CLAIM-S2-R0201 source:spinnaker/gate@v6.69.0 gate-web/src/main/groovy/com/netflix/spinnaker/gate/controllers/PipelineTemplatesController.java:113
gate	v6.69.0	PipelineTemplatesController.delete	DELETE	/pipelineTemplates/{id}	id	application:optional	-	-	Map	202	-	untyped-return	CLAIM-S2-R0202 source:spinnaker/gate@v6.69.0 gate-web/src/main/groovy/com/netflix/spinnaker/gate/controllers/PipelineTemplatesController.java:146
gate	v6.69.0	PipelineTemplatesController.listPipelineTemplateDependents	GET	/pipelineTemplates/{id}/dependents	id	recursive:optional	-	-	List<PipelineTemplateDependent>	-	-	typed	CLAIM-S2-R0203 source:spinnaker/gate@v6.69.0 gate-web/src/main/groovy/com/netflix/spinnaker/gate/controllers/PipelineTemplatesController.java:167
gate	v6.69.0	ProjectController.all	GET	/projects	-	-	-	-	List<Map>	-	-	untyped-return	CLAIM-S2-R0204 source:spinnaker/gate@v6.69.0 gate-web/src/main/groovy/com/netflix/spinnaker/gate/controllers/ProjectController.groovy:34
gate	v6.69.0	ProjectController.get	GET	/projects/{id:.+}	id	-	-	-	Map	-	-	untyped-return	CLAIM-S2-R0205 source:spinnaker/gate@v6.69.0 gate-web/src/main/groovy/com/netflix/spinnaker/gate/controllers/ProjectController.groovy:40
gate	v6.69.0	ProjectController.getClusters	GET	/projects/{id}/clusters	id	-	X-RateLimit-App:optional	-	List<Map>	-	-	untyped-return	CLAIM-S2-R0206 source:spinnaker/gate@v6.69.0 gate-web/src/main/groovy/com/netflix/spinnaker/gate/controllers/ProjectController.groovy:46
gate	v6.69.0	ProjectController.allPipelinesForProject	GET	/projects/{id:.+}/pipelines	id	limit:optional,statuses:optional	-	-	List<Map>	-	-	untyped-return	CLAIM-S2-R0207 source:spinnaker/gate@v6.69.0 gate-web/src/main/groovy/com/netflix/spinnaker/gate/controllers/ProjectController.groovy:53
gate	v6.69.0	PubsubSubscriptionController.all	GET	/pubsub/subscriptions	-	-	-	-	List<Map<String, String>>	-	-	untyped-return	CLAIM-S2-R0208 source:spinnaker/gate@v6.69.0 gate-web/src/main/groovy/com/netflix/spinnaker/gate/controllers/PubsubSubscriptionController.java:34
gate	v6.69.0	RawResourceController.getApplicationRawResources	GET	/applications/{application}/rawResources	application	-	-	-	List<Map<String, Object>>	-	-	untyped-return	CLAIM-S2-R0209 source:spinnaker/gate@v6.69.0 gate-web/src/main/groovy/com/netflix/spinnaker/gate/controllers/RawResourceController.java:37
gate	v6.69.0	ReorderPipelinesController.reorderPipelines	POST	/actions/pipelines/reorder	-	-	-	ReorderPipelinesCommand	Map	-	-	untyped-return	CLAIM-S2-R0210 source:spinnaker/gate@v6.69.0 gate-web/src/main/groovy/com/netflix/spinnaker/gate/controllers/ReorderPipelinesController.java:51
gate	v6.69.0	ReorderPipelinesController.reorderPipelineStrategies	POST	/actions/strategies/reorder	-	-	-	ReorderPipelinesCommand	Map	-	-	untyped-return	CLAIM-S2-R0211 source:spinnaker/gate@v6.69.0 gate-web/src/main/groovy/com/netflix/spinnaker/gate/controllers/ReorderPipelinesController.java:57
gate	v6.69.0	RoleController.all	GET	/roles/{cloudProvider}	cloudProvider	-	-	-	List	-	-	raw-generic	CLAIM-S2-R0212 source:spinnaker/gate@v6.69.0 gate-web/src/main/groovy/com/netflix/spinnaker/gate/controllers/RoleController.groovy:35
gate	v6.69.0	RootController.root	ANY	/	-	-	-	-	void	-	-	typed	CLAIM-S2-R0213 source:spinnaker/gate@v6.69.0 gate-web/src/main/groovy/com/netflix/spinnaker/gate/controllers/RootController.groovy:31
gate	v6.69.0	SearchController.search	GET	/search	-	q:optional,type:required,platform:optional,pageSize:optional,page:optional,allowShortQuery:optional	X-RateLimit-App:optional	-	List<Map>	-	-	untyped-return	CLAIM-S2-R0214 source:spinnaker/gate@v6.69.0 gate-web/src/main/groovy/com/netflix/spinnaker/gate/controllers/SearchController.groovy:33
gate	v6.69.0	SecurityGroupController.all [deprecated]	GET	/securityGroups	-	id:optional	X-RateLimit-App:optional	-	Map	-	-	untyped-return	CLAIM-S2-R0215 source:spinnaker/gate@v6.69.0 gate-web/src/main/groovy/com/netflix/spinnaker/gate/controllers/SecurityGroupController.groovy:34
gate	v6.69.0	SecurityGroupController.allByAccount [deprecated]	GET	/securityGroups/{account}	account	provider:optional	X-RateLimit-App:optional	-	Map	-	-	untyped-return	CLAIM-S2-R0216 source:spinnaker/gate@v6.69.0 gate-web/src/main/groovy/com/netflix/spinnaker/gate/controllers/SecurityGroupController.groovy:50
gate	v6.69.0	SecurityGroupController.getSecurityGroup [deprecated]	GET	/securityGroups/{account}/{region}/{name:.+}	account,region,name	provider:optional,vpcId:optional	X-RateLimit-App:optional	-	Map	-	-	untyped-return	CLAIM-S2-R0217 source:spinnaker/gate@v6.69.0 gate-web/src/main/groovy/com/netflix/spinnaker/gate/controllers/SecurityGroupController.groovy:59
gate	v6.69.0	ServerGroupController.getServerGroupsForApplication	GET	/applications/{applicationName}/serverGroups	applicationName	expand:optional,cloudProvider:optional,clusters:optional	X-RateLimit-App:optional	-	List	-	-	raw-generic	CLAIM-S2-R0218 source:spinnaker/gate@v6.69.0 gate-web/src/main/groovy/com/netflix/spinnaker/gate/controllers/ServerGroupController.groovy:39
gate	v6.69.0	ServerGroupController.getServerGroups	GET	/serverGroups	-	applications:optional,ids:optional,cloudProvider:optional	X-RateLimit-App:optional	-	List	-	-	raw-generic	CLAIM-S2-R0219 source:spinnaker/gate@v6.69.0 gate-web/src/main/groovy/com/netflix/spinnaker/gate/controllers/ServerGroupController.groovy:49
gate	v6.69.0	ServerGroupController.getServerGroupDetails	GET	/applications/{applicationName}/serverGroups/{account}/{region}/{serverGroupName:.+}	applicationName,account,region,serverGroupName	includeDetails:optional	X-RateLimit-App:optional	-	Map	-	-	untyped-return	CLAIM-S2-R0220 source:spinnaker/gate@v6.69.0 gate-web/src/main/groovy/com/netflix/spinnaker/gate/controllers/ServerGroupController.groovy:66
gate	v6.69.0	ServerGroupManagerController.getServerGroupManagersForApplication	GET	/applications/{application}/serverGroupManagers	application	-	-	-	List<Map>	-	-	untyped-return	CLAIM-S2-R0221 source:spinnaker/gate@v6.69.0 gate-web/src/main/groovy/com/netflix/spinnaker/gate/controllers/ServerGroupManagerController.java:40
gate	v6.69.0	ServiceBrokerController.listServices	GET	/servicebroker/{account}/services	account	cloudProvider:optional,region:required	-	-	List<Map>	-	-	untyped-return	CLAIM-S2-R0222 source:spinnaker/gate@v6.69.0 gate-web/src/main/groovy/com/netflix/spinnaker/gate/controllers/ServiceBrokerController.java:35
gate	v6.69.0	ServiceBrokerController.getServiceInstance	GET	/servicebroker/{account}/serviceInstance	account	cloudProvider:required,region:required,serviceInstanceName:required	-	-	Map	-	-	untyped-return	CLAIM-S2-R0223 source:spinnaker/gate@v6.69.0 gate-web/src/main/groovy/com/netflix/spinnaker/gate/controllers/ServiceBrokerController.java:43
gate	v6.69.0	SlackController.getChannels	ANY	/slack/channels	-	-	-	-	List<Map>	-	-	untyped-return	CLAIM-S2-R0224 source:spinnaker/gate@v6.69.0 gate-web/src/main/groovy/com/netflix/spinnaker/gate/controllers/SlackController.java:70
gate	v6.69.0	SnapshotController.getCurrentSnapshot	GET	/applications/{application}/snapshots/{account}	application,account	-	-	-	Map	-	-	untyped-return	CLAIM-S2-R0225 source:spinnaker/gate@v6.69.0 gate-web/src/main/groovy/com/netflix/spinnaker/gate/controllers/SnapshotController.groovy:36
gate	v6.69.0	SnapshotController.getSnapshotHistory	GET	/applications/{application}/snapshots/{account}/history	application,account	limit:optional	-	-	List<Map>	-	-	untyped-return	CLAIM-S2-R0226 source:spinnaker/gate@v6.69.0 gate-web/src/main/groovy/com/netflix/spinnaker/gate/controllers/SnapshotController.groovy:43
gate	v6.69.0	StorageAccountController.all [deprecated]	GET	/storage	-	-	X-RateLimit-App:optional	-	List<String>	-	-	typed	CLAIM-S2-R0227 source:spinnaker/gate@v6.69.0 gate-web/src/main/groovy/com/netflix/spinnaker/gate/controllers/StorageAccountController.java:36
gate	v6.69.0	StrategyConfigController.getAllStrategyConfigs	GET	/strategyConfigs	-	-	-	-	Collection<Map>	-	-	untyped-return	CLAIM-S2-R0228 source:spinnaker/gate@v6.69.0 gate-web/src/main/groovy/com/netflix/spinnaker/gate/controllers/StrategyConfigController.groovy:40
gate	v6.69.0	StrategyConfigController.getPipelineConfigHistory	GET	/strategyConfigs/{strategyConfigId}/history	strategyConfigId	limit:optional	-	-	Collection<Map>	-	-	untyped-return	CLAIM-S2-R0229 source:spinnaker/gate@v6.69.0 gate-web/src/main/groovy/com/netflix/spinnaker/gate/controllers/StrategyConfigController.groovy:45
gate	v6.69.0	StrategyController.deleteStrategy	DELETE	/strategies/{application}/{strategyName:.+}	application,strategyName	-	-	-	void	-	-	typed	CLAIM-S2-R0230 source:spinnaker/gate@v6.69.0 gate-web/src/main/groovy/com/netflix/spinnaker/gate/controllers/StrategyController.groovy:38
gate	v6.69.0	StrategyController.saveStrategy	POST	/strategies	-	-	-	Map	void	-	-	untyped-body	CLAIM-S2-R0231 source:spinnaker/gate@v6.69.0 gate-web/src/main/groovy/com/netflix/spinnaker/gate/controllers/StrategyController.groovy:43
gate	v6.69.0	StrategyController.renameStrategy	POST	/strategies/move	-	-	-	Map	void	-	-	untyped-body	CLAIM-S2-R0232 source:spinnaker/gate@v6.69.0 gate-web/src/main/groovy/com/netflix/spinnaker/gate/controllers/StrategyController.groovy:48
gate	v6.69.0	StrategyController.updateStrategy	PUT	/strategies/{id}	id	-	-	Map	Map	-	-	untyped-both	CLAIM-S2-R0233 source:spinnaker/gate@v6.69.0 gate-web/src/main/groovy/com/netflix/spinnaker/gate/controllers/StrategyController.groovy:53
gate	v6.69.0	SubnetController.allByCloudProvider	GET	/subnets/{cloudProvider}	cloudProvider	-	-	-	List<Map>	-	-	untyped-return	CLAIM-S2-R0234 source:spinnaker/gate@v6.69.0 gate-web/src/main/groovy/com/netflix/spinnaker/gate/controllers/SubnetController.groovy:32
gate	v6.69.0	TaskController.getTask	GET	/tasks/{id}	id	-	-	-	Map	-	-	untyped-return	CLAIM-S2-R0235 source:spinnaker/gate@v6.69.0 gate-web/src/main/groovy/com/netflix/spinnaker/gate/controllers/TaskController.groovy:34
gate	v6.69.0	TaskController.deleteTask	DELETE	/tasks/{id}	id	-	-	-	Map	-	-	untyped-return	CLAIM-S2-R0236 source:spinnaker/gate@v6.69.0 gate-web/src/main/groovy/com/netflix/spinnaker/gate/controllers/TaskController.groovy:40
gate	v6.69.0	TaskController.task	POST	/tasks	-	-	-	Map	Map	-	-	untyped-both	CLAIM-S2-R0237 source:spinnaker/gate@v6.69.0 gate-web/src/main/groovy/com/netflix/spinnaker/gate/controllers/TaskController.groovy:46
gate	v6.69.0	TaskController.cancelTask	PUT	/tasks/{id}/cancel	id	-	-	-	Map	-	-	untyped-return	CLAIM-S2-R0238 source:spinnaker/gate@v6.69.0 gate-web/src/main/groovy/com/netflix/spinnaker/gate/controllers/TaskController.groovy:52
gate	v6.69.0	TaskController.cancelTasks	PUT	/tasks/cancel	-	ids:required	-	-	Map	-	-	untyped-return	CLAIM-S2-R0239 source:spinnaker/gate@v6.69.0 gate-web/src/main/groovy/com/netflix/spinnaker/gate/controllers/TaskController.groovy:58
gate	v6.69.0	TaskController.getTaskDetails	GET	/tasks/{id}/details/{taskDetailsId}	id,taskDetailsId	-	X-RateLimit-App:optional	-	Map	-	-	untyped-return	CLAIM-S2-R0240 source:spinnaker/gate@v6.69.0 gate-web/src/main/groovy/com/netflix/spinnaker/gate/controllers/TaskController.groovy:64
gate	v6.69.0	V2CanaryConfigController.getCanaryConfigs	GET	/v2/canaryConfig	-	application:optional,configurationAccountName:optional	-	-	List	-	-	raw-generic	CLAIM-S2-R0241 source:spinnaker/gate@v6.69.0 gate-web/src/main/groovy/com/netflix/spinnaker/gate/controllers/V2CanaryConfigController.groovy:39
gate	v6.69.0	V2CanaryConfigController.getCanaryConfig	GET	/v2/canaryConfig/{id}	id	configurationAccountName:optional	-	-	Map	-	-	untyped-return	CLAIM-S2-R0242 source:spinnaker/gate@v6.69.0 gate-web/src/main/groovy/com/netflix/spinnaker/gate/controllers/V2CanaryConfigController.groovy:46
gate	v6.69.0	V2CanaryConfigController.createCanaryConfig	POST	/v2/canaryConfig	-	configurationAccountName:optional	-	Map	Map	-	-	untyped-both	CLAIM-S2-R0243 source:spinnaker/gate@v6.69.0 gate-web/src/main/groovy/com/netflix/spinnaker/gate/controllers/V2CanaryConfigController.groovy:53
gate	v6.69.0	V2CanaryConfigController.updateCanaryConfig	PUT	/v2/canaryConfig/{id}	id	configurationAccountName:optional	-	Map	Map	-	-	untyped-both	CLAIM-S2-R0244 source:spinnaker/gate@v6.69.0 gate-web/src/main/groovy/com/netflix/spinnaker/gate/controllers/V2CanaryConfigController.groovy:60
gate	v6.69.0	V2CanaryConfigController.deleteCanaryConfig	DELETE	/v2/canaryConfig/{id}	id	configurationAccountName:optional	-	-	void	-	-	typed	CLAIM-S2-R0245 source:spinnaker/gate@v6.69.0 gate-web/src/main/groovy/com/netflix/spinnaker/gate/controllers/V2CanaryConfigController.groovy:68
gate	v6.69.0	V2CanaryController.listCredentials	GET	/v2/canaries/credentials	-	-	-	-	List	-	-	raw-generic	CLAIM-S2-R0246 source:spinnaker/gate@v6.69.0 gate-web/src/main/groovy/com/netflix/spinnaker/gate/controllers/V2CanaryController.groovy:35
gate	v6.69.0	V2CanaryController.listMetricsServiceMetadata	GET	/v2/canaries/metadata/metricsService	-	filter:optional,metricsAccountName:optional	-	-	List	-	-	raw-generic	CLAIM-S2-R0247 source:spinnaker/gate@v6.69.0 gate-web/src/main/groovy/com/netflix/spinnaker/gate/controllers/V2CanaryController.groovy:41
gate	v6.69.0	V2CanaryController.listJudges	GET	/v2/canaries/judges	-	-	-	-	List	-	-	raw-generic	CLAIM-S2-R0248 source:spinnaker/gate@v6.69.0 gate-web/src/main/groovy/com/netflix/spinnaker/gate/controllers/V2CanaryController.groovy:48
gate	v6.69.0	V2CanaryController.initiateCanary	POST	/v2/canaries/canary/{canaryConfigId:.+}	canaryConfigId	application:optional,parentPipelineExecutionId:optional,metricsAccountName:optional,storageAccountName:optional,configurationAccountName:optional	-	Map	Map	-	-	untyped-both	CLAIM-S2-R0249 source:spinnaker/gate@v6.69.0 gate-web/src/main/groovy/com/netflix/spinnaker/gate/controllers/V2CanaryController.groovy:54
gate	v6.69.0	V2CanaryController.initiateCanaryWithConfig	POST	/v2/canaries/canary	-	application:optional,parentPipelineExecutionId:optional,metricsAccountName:optional,storageAccountName:optional	-	Map	Map	-	-	untyped-both	CLAIM-S2-R0250 source:spinnaker/gate@v6.69.0 gate-web/src/main/groovy/com/netflix/spinnaker/gate/controllers/V2CanaryController.groovy:72
gate	v6.69.0	V2CanaryController.getCanaryResult [deprecated]	GET	/v2/canaries/canary/{canaryConfigId}/{canaryExecutionId}	canaryConfigId,canaryExecutionId	storageAccountName:optional	-	-	Map	-	-	untyped-return	CLAIM-S2-R0251 source:spinnaker/gate@v6.69.0 gate-web/src/main/groovy/com/netflix/spinnaker/gate/controllers/V2CanaryController.groovy:87
gate	v6.69.0	V2CanaryController.getCanaryResult	GET	/v2/canaries/canary/{canaryExecutionId}	canaryExecutionId	storageAccountName:optional	-	-	Map	-	-	untyped-return	CLAIM-S2-R0252 source:spinnaker/gate@v6.69.0 gate-web/src/main/groovy/com/netflix/spinnaker/gate/controllers/V2CanaryController.groovy:96
gate	v6.69.0	V2CanaryController.getCanaryResultsByApplication	GET	/v2/canaries/{application}/executions	application	limit:required,page:optional,statuses:optional,storageAccountName:optional	-	-	List	-	-	raw-generic	CLAIM-S2-R0253 source:spinnaker/gate@v6.69.0 gate-web/src/main/groovy/com/netflix/spinnaker/gate/controllers/V2CanaryController.groovy:103
gate	v6.69.0	V2CanaryController.getMetricSetPairList	GET	/v2/canaries/metricSetPairList/{metricSetPairListId}	metricSetPairListId	storageAccountName:optional	-	-	List	-	-	raw-generic	CLAIM-S2-R0254 source:spinnaker/gate@v6.69.0 gate-web/src/main/groovy/com/netflix/spinnaker/gate/controllers/V2CanaryController.groovy:116
gate	v6.69.0	V2PipelineTemplatesController.list	GET	/v2/pipelineTemplates	-	scopes:optional	-	-	Collection<Map>	-	-	untyped-return	CLAIM-S2-R0255 source:spinnaker/gate@v6.69.0 gate-web/src/main/groovy/com/netflix/spinnaker/gate/controllers/V2PipelineTemplatesController.java:73
gate	v6.69.0	V2PipelineTemplatesController.listVersions	GET	/v2/pipelineTemplates/versions	-	scopes:optional	-	-	Map<String, List<Map>>	-	-	untyped-return	CLAIM-S2-R0256 source:spinnaker/gate@v6.69.0 gate-web/src/main/groovy/com/netflix/spinnaker/gate/controllers/V2PipelineTemplatesController.java:79
gate	v6.69.0	V2PipelineTemplatesController.plan	POST	/v2/pipelineTemplates/plan	-	-	-	Map<String, Object>	Map<String, Object>	-	-	untyped-both	CLAIM-S2-R0257 source:spinnaker/gate@v6.69.0 gate-web/src/main/groovy/com/netflix/spinnaker/gate/controllers/V2PipelineTemplatesController.java:85
gate	v6.69.0	V2PipelineTemplatesController.create	POST	/v2/pipelineTemplates/create	-	tag:optional	-	Map<String, Object>	Map	200	-	untyped-both	CLAIM-S2-R0258 source:spinnaker/gate@v6.69.0 gate-web/src/main/groovy/com/netflix/spinnaker/gate/controllers/V2PipelineTemplatesController.java:91
gate	v6.69.0	V2PipelineTemplatesController.update	POST	/v2/pipelineTemplates/update/{id}	id	tag:optional,skipPlanDependents:optional	-	Map<String, Object>	Map	200	-	untyped-both	CLAIM-S2-R0259 source:spinnaker/gate@v6.69.0 gate-web/src/main/groovy/com/netflix/spinnaker/gate/controllers/V2PipelineTemplatesController.java:137
gate	v6.69.0	V2PipelineTemplatesController.get	GET	/v2/pipelineTemplates/{id}	id	tag:optional,digest:optional	-	-	Map	-	-	untyped-return	CLAIM-S2-R0260 source:spinnaker/gate@v6.69.0 gate-web/src/main/groovy/com/netflix/spinnaker/gate/controllers/V2PipelineTemplatesController.java:179
gate	v6.69.0	V2PipelineTemplatesController.delete	DELETE	/v2/pipelineTemplates/{id}	id	tag:optional,digest:optional,application:optional	-	-	Map	200	-	untyped-return	CLAIM-S2-R0261 source:spinnaker/gate@v6.69.0 gate-web/src/main/groovy/com/netflix/spinnaker/gate/controllers/V2PipelineTemplatesController.java:188
gate	v6.69.0	V2PipelineTemplatesController.listPipelineTemplateDependents	GET	/v2/pipelineTemplates/{id}/dependents	id	-	-	-	List<PipelineTemplateDependent>	-	-	typed	CLAIM-S2-R0262 source:spinnaker/gate@v6.69.0 gate-web/src/main/groovy/com/netflix/spinnaker/gate/controllers/V2PipelineTemplatesController.java:213
gate	v6.69.0	VersionController.getVersion	GET	/version	-	-	-	-	Version	-	-	typed	CLAIM-S2-R0263 source:spinnaker/gate@v6.69.0 gate-web/src/main/groovy/com/netflix/spinnaker/gate/controllers/VersionController.java:31
gate	v6.69.0	WebhookController.webhooks	POST	/webhooks/{type}/{source}	type,source	-	X-Hub-Signature:optional,X-Event-Key:optional	Map	Map	-	-	untyped-both	CLAIM-S2-R0264 source:spinnaker/gate@v6.69.0 gate-web/src/main/groovy/com/netflix/spinnaker/gate/controllers/WebhookController.groovy:42
gate	v6.69.0	WebhookController.webhooks	POST	/webhooks/cdevents/{source}	source	-	-	CloudEvent	void	-	-	typed	CLAIM-S2-R0265 source:spinnaker/gate@v6.69.0 gate-web/src/main/groovy/com/netflix/spinnaker/gate/controllers/WebhookController.groovy:57
gate	v6.69.0	WebhookController.preconfiguredWebhooks	GET	/webhooks/preconfigured	-	-	-	-	List	-	-	raw-generic	CLAIM-S2-R0266 source:spinnaker/gate@v6.69.0 gate-web/src/main/groovy/com/netflix/spinnaker/gate/controllers/WebhookController.groovy:66
gate	v6.69.0	AmazonInfrastructureController.instanceTypes	GET	/instanceTypes	-	-	-	-	List<Map>	-	-	untyped-return	CLAIM-S2-R0267 source:spinnaker/gate@v6.69.0 gate-web/src/main/groovy/com/netflix/spinnaker/gate/controllers/aws/AmazonInfrastructureController.groovy:35
gate	v6.69.0	AmazonInfrastructureController.keyPairs	GET	/keyPairs	-	-	-	-	List<Map>	-	-	untyped-return	CLAIM-S2-R0268 source:spinnaker/gate@v6.69.0 gate-web/src/main/groovy/com/netflix/spinnaker/gate/controllers/aws/AmazonInfrastructureController.groovy:41
gate	v6.69.0	AmazonInfrastructureController.subnets	GET	/subnets	-	-	-	-	List<Map>	-	-	untyped-return	CLAIM-S2-R0269 source:spinnaker/gate@v6.69.0 gate-web/src/main/groovy/com/netflix/spinnaker/gate/controllers/aws/AmazonInfrastructureController.groovy:47
gate	v6.69.0	AmazonInfrastructureController.vpcs [deprecated]	GET	/vpcs	-	-	-	-	List<Map>	-	-	untyped-return	CLAIM-S2-R0270 source:spinnaker/gate@v6.69.0 gate-web/src/main/groovy/com/netflix/spinnaker/gate/controllers/aws/AmazonInfrastructureController.groovy:54
gate	v6.69.0	AmazonInfrastructureController.functions	GET	/functions	-	functionName:optional,region:optional,account:optional	-	-	List<Map>	-	-	untyped-return	CLAIM-S2-R0271 source:spinnaker/gate@v6.69.0 gate-web/src/main/groovy/com/netflix/spinnaker/gate/controllers/aws/AmazonInfrastructureController.groovy:60
gate	v6.69.0	AmazonInfrastructureController.applicationFunctions	GET	/applications/{application}/functions	application	-	-	-	List<Map>	-	-	untyped-return	CLAIM-S2-R0272 source:spinnaker/gate@v6.69.0 gate-web/src/main/groovy/com/netflix/spinnaker/gate/controllers/aws/AmazonInfrastructureController.groovy:68
gate	v6.69.0	EcsCloudMetricController.allMetricAlarms	GET	/ecs/cloudMetrics/alarms	-	-	-	-	List	-	-	raw-generic	CLAIM-S2-R0273 source:spinnaker/gate@v6.69.0 gate-web/src/main/groovy/com/netflix/spinnaker/gate/controllers/ecs/EcsCloudMetricController.groovy:33
gate	v6.69.0	EcsClusterController.all	GET	/ecs/ecsClusters	-	-	-	-	List	-	-	raw-generic	CLAIM-S2-R0274 source:spinnaker/gate@v6.69.0 gate-web/src/main/groovy/com/netflix/spinnaker/gate/controllers/ecs/EcsClusterController.groovy:33
gate	v6.69.0	EcsClusterController.getEcsClusterDescriptions	GET	/ecs/ecsClusterDescriptions/{account}/{region}	account,region	-	-	-	List	-	-	raw-generic	CLAIM-S2-R0275 source:spinnaker/gate@v6.69.0 gate-web/src/main/groovy/com/netflix/spinnaker/gate/controllers/ecs/EcsClusterController.groovy:39
gate	v6.69.0	EcsSecretController.all	GET	/ecs/secrets	-	-	-	-	List	-	-	raw-generic	CLAIM-S2-R0276 source:spinnaker/gate@v6.69.0 gate-web/src/main/groovy/com/netflix/spinnaker/gate/controllers/ecs/EcsSecretsController.groovy:33
gate	v6.69.0	EcsServerGroupEventsController.getEvents	GET	/applications/{application}/serverGroups/{account}/{serverGroupName}/events	application,account,serverGroupName	region:required,provider:required	-	-	List	-	-	raw-generic	CLAIM-S2-R0277 source:spinnaker/gate@v6.69.0 gate-web/src/main/groovy/com/netflix/spinnaker/gate/controllers/ecs/EcsServerGroupEventsController.groovy:31
gate	v6.69.0	EcsServiceDiscoveryController.all	GET	/ecs/serviceDiscoveryRegistries	-	-	-	-	List<Map>	-	-	untyped-return	CLAIM-S2-R0278 source:spinnaker/gate@v6.69.0 gate-web/src/main/groovy/com/netflix/spinnaker/gate/controllers/ecs/EcsServiceDiscoveryController.java:33
orca	v8.64.0	QueueAdminController.hydrateQueue	POST	/admin/queue/hydrate	-	-	-	-	HydrateQueueOutput	-	-	polymorphic	CLAIM-S2-R0279 source:spinnaker/orca@v8.64.0 orca-queue/src/main/kotlin/com/netflix/spinnaker/orca/q/admin/web/QueueAdminController.kt:51
orca	v8.64.0	QueueAdminController.killZombies	POST	/admin/queue/zombies:kill	-	-	-	-	void	-	-	typed	CLAIM-S2-R0280 source:spinnaker/orca@v8.64.0 orca-queue/src/main/kotlin/com/netflix/spinnaker/orca/q/admin/web/QueueAdminController.kt:67
orca	v8.64.0	QueueAdminController.killZombie	POST	/admin/queue/zombies/{executionId}:kill	executionId	-	-	-	void	204	-	typed	CLAIM-S2-R0281 source:spinnaker/orca@v8.64.0 orca-queue/src/main/kotlin/com/netflix/spinnaker/orca/q/admin/web/QueueAdminController.kt:72
orca	v8.64.0	QueueAdminController.killApplicationZombies	POST	/admin/queue/zombies/application/{application}:kill	application	-	-	-	void	204	-	typed	CLAIM-S2-R0282 source:spinnaker/orca@v8.64.0 orca-queue/src/main/kotlin/com/netflix/spinnaker/orca/q/admin/web/QueueAdminController.kt:78
orca	v8.64.0	QueueAdminController.kickPendingExecutions	POST	/admin/queue/kickPending	-	-	-	-	void	-	-	typed	CLAIM-S2-R0283 source:spinnaker/orca@v8.64.0 orca-queue/src/main/kotlin/com/netflix/spinnaker/orca/q/admin/web/QueueAdminController.kt:93
orca	v8.64.0	QueueAdminController.pushMessageIntoQueue	POST	/admin/queue/pushMessage	-	-	-	Message	void	-	-	polymorphic	CLAIM-S2-R0284 source:spinnaker/orca@v8.64.0 orca-queue/src/main/kotlin/com/netflix/spinnaker/orca/q/admin/web/QueueAdminController.kt:113
orca	v8.64.0	AdminController.setInstanceStatus	POST	/admin/instance/enabled	-	-	-	Map<String, Boolean>	void	-	-	untyped-body	CLAIM-S2-R0285 source:spinnaker/orca@v8.64.0 orca-web/src/main/groovy/com/netflix/spinnaker/orca/controllers/AdminController.groovy:58
orca	v8.64.0	AdminController.forceExecutionStatus	PUT	/admin/forceCancelExecution	-	executionId:required,executionType:optional,canceledBy:optional	-	-	void	-	-	typed	CLAIM-S2-R0286 source:spinnaker/orca@v8.64.0 orca-web/src/main/groovy/com/netflix/spinnaker/orca/controllers/AdminController.groovy:79
orca	v8.64.0	OperationsController.orchestrate	POST	/orchestrate	-	-	-	Map	Map<String, Object>	-	-	untyped-both	CLAIM-S2-R0287 source:spinnaker/orca@v8.64.0 orca-web/src/main/groovy/com/netflix/spinnaker/orca/controllers/OperationsController.groovy:104
orca	v8.64.0	OperationsController.orchestratePipelineConfig	POST	/orchestrate/{pipelineConfigId}	pipelineConfigId	-	-	Map	Map<String, Object>	-	-	untyped-both	CLAIM-S2-R0288 source:spinnaker/orca@v8.64.0 orca-web/src/main/groovy/com/netflix/spinnaker/orca/controllers/OperationsController.groovy:109
orca	v8.64.0	OperationsController.plan	POST	/plan	-	-	-	Map	Map<String, Object>	-	-	untyped-both	CLAIM-S2-R0289 source:spinnaker/orca@v8.64.0 orca-web/src/main/groovy/com/netflix/spinnaker/orca/controllers/OperationsController.groovy:115
orca	v8.64.0	OperationsController.planPipelineConfig	POST	/plan/{pipelineConfigId}	pipelineConfigId	-	-	Map	Map<String, Object>	-	-	untyped-both	CLAIM-S2-R0290 source:spinnaker/orca@v8.64.0 orca-web/src/main/groovy/com/netflix/spinnaker/orca/controllers/OperationsController.groovy:120
orca	v8.64.0	OperationsController.failPipeline	POST	/fail	-	-	-	Map	void	-	-	untyped-body	CLAIM-S2-R0291 source:spinnaker/orca@v8.64.0 orca-web/src/main/groovy/com/netflix/spinnaker/orca/controllers/OperationsController.groovy:132
orca	v8.64.0	OperationsController.ops	POST	/ops	-	-	-	List<Map>	Map<String, String>	-	-	untyped-both	CLAIM-S2-R0292 source:spinnaker/orca@v8.64.0 orca-web/src/main/groovy/com/netflix/spinnaker/orca/controllers/OperationsController.groovy:368
orca	v8.64.0	OperationsController.ops	POST	/ops	-	-	-	Map	Map<String, String>	-	consumes=application/context+json	untyped-both	CLAIM-S2-R0293 source:spinnaker/orca@v8.64.0 orca-web/src/main/groovy/com/netflix/spinnaker/orca/controllers/OperationsController.groovy:375
orca	v8.64.0	OperationsController.preconfiguredWebhooks	ANY	/webhooks/preconfigured	-	-	-	-	List<Map<String, Object>>	-	-	untyped-return	CLAIM-S2-R0294 source:spinnaker/orca@v8.64.0 orca-web/src/main/groovy/com/netflix/spinnaker/orca/controllers/OperationsController.groovy:382
orca	v8.64.0	OperationsController.preconfiguredJob	ANY	/jobs/preconfigured	-	-	-	-	List<Map<String, Object>>	-	-	untyped-return	CLAIM-S2-R0295 source:spinnaker/orca@v8.64.0 orca-web/src/main/groovy/com/netflix/spinnaker/orca/controllers/OperationsController.groovy:417
orca	v8.64.0	PipelineTemplateController.getPipelineTemplate	GET	/pipelineTemplate	-	source:required,executionId:optional,pipelineConfigId:optional	-	-	PipelineTemplate	-	-	typed	CLAIM-S2-R0296 source:spinnaker/orca@v8.64.0 orca-web/src/main/groovy/com/netflix/spinnaker/orca/controllers/PipelineTemplateController.groovy:44
orca	v8.64.0	PipelineTemplateController.convertPipelineToPipelineTemplate	POST	/convertPipelineToTemplate	-	-	-	Map<String, Object>	String	-	produces=text/x-yaml	untyped-body	CLAIM-S2-R0297 source:spinnaker/orca@v8.64.0 orca-web/src/main/groovy/com/netflix/spinnaker/orca/controllers/PipelineTemplateController.groovy:54
orca	v8.64.0	ProjectController.list	GET	/projects/{projectId}/pipelines	projectId	limit:optional,statuses:optional	-	-	List<PipelineExecution>	-	-	typed	CLAIM-S2-R0298 source:spinnaker/orca@v8.64.0 orca-web/src/main/groovy/com/netflix/spinnaker/orca/controllers/ProjectController.groovy:37
orca	v8.64.0	TaskController.list	GET	/applications/{application}/tasks	application	page:optional,limit:optional,statuses:optional	-	-	List<OrchestrationViewModel>	-	-	typed	CLAIM-S2-R0299 source:spinnaker/orca@v8.64.0 orca-web/src/main/groovy/com/netflix/spinnaker/orca/controllers/TaskController.groovy:108
orca	v8.64.0	TaskController.list	GET	/tasks	-	-	-	-	List<OrchestrationViewModel>	-	-	typed	CLAIM-S2-R0300 source:spinnaker/orca@v8.64.0 orca-web/src/main/groovy/com/netflix/spinnaker/orca/controllers/TaskController.groovy:137
orca	v8.64.0	TaskController.getTask	GET	/tasks/{id}	id	-	-	-	OrchestrationViewModel	-	-	typed	CLAIM-S2-R0301 source:spinnaker/orca@v8.64.0 orca-web/src/main/groovy/com/netflix/spinnaker/orca/controllers/TaskController.groovy:150
orca	v8.64.0	TaskController.deleteTask	DELETE	/tasks/{id}	id	-	-	-	void	-	-	typed	CLAIM-S2-R0302 source:spinnaker/orca@v8.64.0 orca-web/src/main/groovy/com/netflix/spinnaker/orca/controllers/TaskController.groovy:160
orca	v8.64.0	TaskController.cancelTask	PUT	/tasks/{id}/cancel	id	-	-	-	void	202	-	typed	CLAIM-S2-R0303 source:spinnaker/orca@v8.64.0 orca-web/src/main/groovy/com/netflix/spinnaker/orca/controllers/TaskController.groovy:173
orca	v8.64.0	TaskController.cancelTasks	PUT	/tasks/cancel	-	-	-	List<String>	void	202	-	typed	CLAIM-S2-R0304 source:spinnaker/orca@v8.64.0 orca-web/src/main/groovy/com/netflix/spinnaker/orca/controllers/TaskController.groovy:180
orca	v8.64.0	TaskController.listSubsetOfPipelines	GET	/pipelines	-	pipelineConfigIds:optional,executionIds:optional,limit:optional,statuses:optional,expand:optional	-	-	List<PipelineExecution>	-	-	typed	CLAIM-S2-R0305 source:spinnaker/orca@v8.64.0 orca-web/src/main/groovy/com/netflix/spinnaker/orca/controllers/TaskController.groovy:204
orca	v8.64.0	TaskController.searchForPipelinesByTrigger	GET	/applications/{application}/pipelines/search	application	triggerTypes:optional,pipelineName:optional,eventId:optional,trigger:optional,triggerTimeStartBoundary:optional,triggerTimeEndBoundary:optional,statuses:optional,startIndex:optional,size:optional,reverse:optional,expand:optional	-	-	List<PipelineExecution>	-	-	typed	CLAIM-S2-R0306 source:spinnaker/orca@v8.64.0 orca-web/src/main/groovy/com/netflix/spinnaker/orca/controllers/TaskController.groovy:305
orca	v8.64.0	TaskController.getPipeline	GET	/pipelines/{id}	id	-	-	-	PipelineExecution	-	-	typed	CLAIM-S2-R0307 source:spinnaker/orca@v8.64.0 orca-web/src/main/groovy/com/netflix/spinnaker/orca/controllers/TaskController.groovy:422
orca	v8.64.0	TaskController.deletePipeline	DELETE	/pipelines/{id}	id	-	-	-	void	-	-	typed	CLAIM-S2-R0308 source:spinnaker/orca@v8.64.0 orca-web/src/main/groovy/com/netflix/spinnaker/orca/controllers/TaskController.groovy:428
orca	v8.64.0	TaskController.cancel	PUT	/pipelines/{id}/cancel	id	reason:optional,force:optional	-	-	void	202	-	typed	CLAIM-S2-R0309 source:spinnaker/orca@v8.64.0 orca-web/src/main/groovy/com/netflix/spinnaker/orca/controllers/TaskController.groovy:441
orca	v8.64.0	TaskController.pause	PUT	/pipelines/{id}/pause	id	-	-	-	void	202	-	typed	CLAIM-S2-R0310 source:spinnaker/orca@v8.64.0 orca-web/src/main/groovy/com/netflix/spinnaker/orca/controllers/TaskController.groovy:450
orca	v8.64.0	TaskController.resume	PUT	/pipelines/{id}/resume	id	-	-	-	void	202	-	typed	CLAIM-S2-R0311 source:spinnaker/orca@v8.64.0 orca-web/src/main/groovy/com/netflix/spinnaker/orca/controllers/TaskController.groovy:457
orca	v8.64.0	TaskController.runningPipelines	GET	/pipelines/running	-	-	-	-	List<String>	410	-	typed	CLAIM-S2-R0312 source:spinnaker/orca@v8.64.0 orca-web/src/main/groovy/com/netflix/spinnaker/orca/controllers/TaskController.groovy:465
orca	v8.64.0	TaskController.waitingPipelines	GET	/pipelines/waiting	-	-	-	-	List<String>	410	-	typed	CLAIM-S2-R0313 source:spinnaker/orca@v8.64.0 orca-web/src/main/groovy/com/netflix/spinnaker/orca/controllers/TaskController.groovy:473
orca	v8.64.0	TaskController.updatePipelineStage	PATCH	/pipelines/{id}/stages/{stageId}	id,stageId	-	-	Map	PipelineExecution	-	-	untyped-body	CLAIM-S2-R0314 source:spinnaker/orca@v8.64.0 orca-web/src/main/groovy/com/netflix/spinnaker/orca/controllers/TaskController.groovy:480
orca	v8.64.0	TaskController.retryPipelineStage	PUT	/pipelines/{id}/stages/{stageId}/restart	id,stageId	-	-	Map	PipelineExecution	-	-	untyped-body	CLAIM-S2-R0315 source:spinnaker/orca@v8.64.0 orca-web/src/main/groovy/com/netflix/spinnaker/orca/controllers/TaskController.groovy:508
orca	v8.64.0	TaskController.evaluateExpressionForExecution	GET	/pipelines/{id}/evaluateExpression	id	expression:required	-	-	Map	-	-	untyped-return	CLAIM-S2-R0316 source:spinnaker/orca@v8.64.0 orca-web/src/main/groovy/com/netflix/spinnaker/orca/controllers/TaskController.groovy:515
orca	v8.64.0	TaskController.evaluateExpressionForExecutionAtStage	GET	/pipelines/{id}/{stageId}/evaluateExpression	id,stageId	expression:required	-	-	Map	-	-	untyped-return	CLAIM-S2-R0317 source:spinnaker/orca@v8.64.0 orca-web/src/main/groovy/com/netflix/spinnaker/orca/controllers/TaskController.groovy:534
orca	v8.64.0	TaskController.evaluateVariables	POST	/pipelines/{id}/evaluateVariables	id	requisiteStageRefIds:optional,spelVersion:optional	-	List<Map<String, String>>	Map	-	-	untyped-both	CLAIM-S2-R0318 source:spinnaker/orca@v8.64.0 orca-web/src/main/groovy/com/netflix/spinnaker/orca/controllers/TaskController.groovy:554
orca	v8.64.0	TaskController.getApplicationPipelines	GET	/v2/applications/{application}/pipelines	application	limit:optional,statuses:optional,expand:optional	-	-	List<PipelineExecution>	-	-	typed	CLAIM-S2-R0319 source:spinnaker/orca@v8.64.0 orca-web/src/main/groovy/com/netflix/spinnaker/orca/controllers/TaskController.groovy:579
orca	v8.64.0	TaskController.getPipelinesForApplication	GET	/applications/{application}/pipelines	application	limit:optional,statuses:optional,expand:optional	-	-	List<PipelineExecution>	-	-	typed	CLAIM-S2-R0320 source:spinnaker/orca@v8.64.0 orca-web/src/main/groovy/com/netflix/spinnaker/orca/controllers/TaskController.groovy:590
orca	v8.64.0	CapabilitiesController.getDeploymentMonitors	GET	/capabilities/deploymentMonitors	-	-	-	-	List<DeploymentMonitorDefinition>	-	-	typed	CLAIM-S2-R0321 source:spinnaker/orca@v8.64.0 orca-web/src/main/java/com/netflix/spinnaker/orca/controllers/CapabilitiesController.java:40
orca	v8.64.0	CapabilitiesController.getExpressionCapabilities	GET	/capabilities/expressions	-	-	-	-	ExpressionCapabilityResult	-	-	typed	CLAIM-S2-R0322 source:spinnaker/orca@v8.64.0 orca-web/src/main/java/com/netflix/spinnaker/orca/controllers/CapabilitiesController.java:49
orca	v8.64.0	ConcourseController.notifyConcourseExecution	POST	/concourse/stage/start	-	stageId:required,job:required,buildNumber:required	-	-	void	-	-	typed	CLAIM-S2-R0323 source:spinnaker/orca@v8.64.0 orca-web/src/main/java/com/netflix/spinnaker/orca/controllers/ConcourseController.java:24
orca	v8.64.0	CorrelatedTasksController.getCorrelatedExecutions	GET	/executions/correlated/{correlationId}	correlationId	-	-	-	List<String>	-	produces=application/json	typed	CLAIM-S2-R0324 source:spinnaker/orca@v8.64.0 orca-web/src/main/java/com/netflix/spinnaker/orca/controllers/CorrelatedTasksController.java:30
orca	v8.64.0	ExecutionsImportController.createExecution	POST	/admin/executions	-	-	-	PipelineExecution	ExecutionImportResponse	201	-	typed	CLAIM-S2-R0325 source:spinnaker/orca@v8.64.0 orca-web/src/main/java/com/netflix/spinnaker/orca/controllers/ExecutionsImportController.java:65
orca	v8.64.0	V2PipelineTemplateController.plan	POST	/v2/pipelineTemplates/plan	-	-	-	Map<String, Object>	Map<String, Object>	-	-	untyped-both	CLAIM-S2-R0326 source:spinnaker/orca@v8.64.0 orca-web/src/main/java/com/netflix/spinnaker/orca/controllers/V2PipelineTemplateController.java:41
clouddriver	v5.95.0	CatsSqlAdminController.truncateTables	PUT	/admin/db/truncate/{namespace}	namespace	-	-	-	CleanTablesResult	-	-	typed	CLAIM-S2-R0327 source:spinnaker/clouddriver@v5.95.0 cats/cats-sql/src/main/kotlin/com/netflix/spinnaker/cats/sql/controllers/CatsSqlAdminController.kt:35
clouddriver	v5.95.0	CatsSqlAdminController.dropTables	PUT	/admin/db/drop/{namespace}	namespace	-	-	-	CleanTablesResult	-	-	typed	CLAIM-S2-R0328 source:spinnaker/clouddriver@v5.95.0 cats/cats-sql/src/main/kotlin/com/netflix/spinnaker/cats/sql/controllers/CatsSqlAdminController.kt:69
clouddriver	v5.95.0	AliCloudImageController.list	GET	/alicloud/images/find	-	-	-	-	List<Image>	-	-	typed	CLAIM-S2-R0329 source:spinnaker/clouddriver@v5.95.0 clouddriver-alicloud/src/main/java/com/netflix/spinnaker/clouddriver/alicloud/controllers/AliCloudImageController.java:48
clouddriver	v5.95.0	AliCloudScalingActivitiesController.getScalingActivities	GET	/applications/{application}/clusters/{account}/{clusterName}/alicloud/serverGroups/{serverGroupName}/scalingActivities	application,account,clusterName,serverGroupName	region:required	-	-	ResponseEntity<?>(raw)	200,400	-	untyped-return	CLAIM-S2-R0330 source:spinnaker/clouddriver@v5.95.0 clouddriver-alicloud/src/main/java/com/netflix/spinnaker/clouddriver/alicloud/controllers/AliCloudScalingActivitiesController.java:57
clouddriver	v5.95.0	AppengineStorageController.list	GET	/storage	-	-	-	-	List<String>	-	-	typed	CLAIM-S2-R0331 source:spinnaker/clouddriver@v5.95.0 clouddriver-appengine/src/main/java/com/netflix/spinnaker/clouddriver/appengine/artifacts/controllers/AppengineStorageController.java:39
clouddriver	v5.95.0	AmazonClusterController.getScalingActivities	GET	/applications/{application}/clusters/{account}/{clusterName}/aws/serverGroups/{serverGroupName}/scalingActivities	application,account,clusterName,serverGroupName	region:required	-	-	ResponseEntity<?>(raw)	200,400	-	untyped-return	CLAIM-S2-R0332 source:spinnaker/clouddriver@v5.95.0 clouddriver-aws/src/main/groovy/com/netflix/spinnaker/clouddriver/aws/controllers/AmazonClusterController.groovy:41
clouddriver	v5.95.0	AmazonNamedImageLookupController.getByAmiId	GET	/aws/images/{account}/{region}/{imageId:.+}	account,region,imageId	-	-	-	List<NamedImage>	-	-	typed	CLAIM-S2-R0333 source:spinnaker/clouddriver@v5.95.0 clouddriver-aws/src/main/groovy/com/netflix/spinnaker/clouddriver/aws/controllers/AmazonNamedImageLookupController.groovy:56
clouddriver	v5.95.0	AmazonNamedImageLookupController.list	GET	/aws/images/find	-	-	-	-	List<NamedImage>	-	-	typed	CLAIM-S2-R0334 source:spinnaker/clouddriver@v5.95.0 clouddriver-aws/src/main/groovy/com/netflix/spinnaker/clouddriver/aws/controllers/AmazonNamedImageLookupController.groovy:70
clouddriver	v5.95.0	CloudFormationController.list	GET	/aws/cloudFormation/stacks	-	accountName:required,region:optional	-	-	List<AmazonCloudFormationStack>	-	-	typed	CLAIM-S2-R0335 source:spinnaker/clouddriver@v5.95.0 clouddriver-aws/src/main/java/com/netflix/spinnaker/clouddriver/aws/controllers/CloudFormationController.java:45
clouddriver	v5.95.0	CloudFormationController.get	GET	/aws/cloudFormation/stacks/**	-	-	-	-	AmazonCloudFormationStack	-	-	typed	CLAIM-S2-R0336 source:spinnaker/clouddriver@v5.95.0 clouddriver-aws/src/main/java/com/netflix/spinnaker/clouddriver/aws/controllers/CloudFormationController.java:53
clouddriver	v5.95.0	RoleController.getRoles	GET	/roles/{cloudProvider}	cloudProvider	-	-	-	Collection<Role>	-	-	typed	CLAIM-S2-R0337 source:spinnaker/clouddriver@v5.95.0 clouddriver-aws/src/main/java/com/netflix/spinnaker/clouddriver/aws/controllers/RoleController.java:39
clouddriver	v5.95.0	AzureLoadBalancerProvider.getApplicationLoadBalancers	GET	/applications/{application}/loadBalancersL4	application	-	-	-	Set<AzureLoadBalancer>	-	-	typed	CLAIM-S2-R0338 source:spinnaker/clouddriver@v5.95.0 clouddriver-azure/src/main/groovy/com/netflix/spinnaker/clouddriver/azure/resources/loadbalancer/view/AzureLoadBalancerProvider.groovy:172
clouddriver	v5.95.0	AzureVMImageLookupController.getVMImage	GET	/azure/images/{account}/{region}/{imageId:.+}	account,region,imageId	-	-	-	List<AzureNamedImage>	-	-	typed	CLAIM-S2-R0339 source:spinnaker/clouddriver@v5.95.0 clouddriver-azure/src/main/groovy/com/netflix/spinnaker/clouddriver/azure/resources/vmimage/view/AzureVMImageLookupController.groovy:63
clouddriver	v5.95.0	AzureVMImageLookupController.list	GET	/azure/images/find	-	-	-	-	List<AzureNamedImage>	-	-	typed	CLAIM-S2-R0340 source:spinnaker/clouddriver@v5.95.0 clouddriver-azure/src/main/groovy/com/netflix/spinnaker/clouddriver/azure/resources/vmimage/view/AzureVMImageLookupController.groovy:139
clouddriver	v5.95.0	CloudFoundryImageController.list	GET	/cloudfoundry/images/find	-	account:optional	-	-	Collection<CloudFoundryCluster>	-	-	typed	CLAIM-S2-R0341 source:spinnaker/clouddriver@v5.95.0 clouddriver-cloudfoundry/src/main/java/com/netflix/spinnaker/clouddriver/cloudfoundry/controller/CloudFoundryImageController.java:44
clouddriver	v5.95.0	DockerRegistryImageLookupController.getTags	GET	/dockerRegistry/images/tags	-	account:required,repository:required	-	-	List<String>	-	-	typed	CLAIM-S2-R0342 source:spinnaker/clouddriver@v5.95.0 clouddriver-docker/src/main/groovy/com/netflix/spinnaker/clouddriver/docker/registry/controllers/DockerRegistryImageLookupController.groovy:43
clouddriver	v5.95.0	DockerRegistryImageLookupController.getTags	GET	/titus/images/tags	-	account:required,repository:required	-	-	List<String>	-	-	typed	CLAIM-S2-R0343 source:spinnaker/clouddriver@v5.95.0 clouddriver-docker/src/main/groovy/com/netflix/spinnaker/clouddriver/docker/registry/controllers/DockerRegistryImageLookupController.groovy:43
clouddriver	v5.95.0	DockerRegistryImageLookupController.find	GET	/dockerRegistry/images/find	-	-	-	-	List<Map>	-	-	untyped-return	CLAIM-S2-R0344 source:spinnaker/clouddriver@v5.95.0 clouddriver-docker/src/main/groovy/com/netflix/spinnaker/clouddriver/docker/registry/controllers/DockerRegistryImageLookupController.groovy:67
clouddriver	v5.95.0	DockerRegistryImageLookupController.find	GET	/titus/images/find	-	-	-	-	List<Map>	-	-	untyped-return	CLAIM-S2-R0345 source:spinnaker/clouddriver@v5.95.0 clouddriver-docker/src/main/groovy/com/netflix/spinnaker/clouddriver/docker/registry/controllers/DockerRegistryImageLookupController.groovy:67
clouddriver	v5.95.0	EcsCloudMetricController.findAllMetricAlarms	ANY	/ecs/cloudMetrics/alarms	-	-	-	-	Collection<EcsMetricAlarm>	-	-	typed	CLAIM-S2-R0346 source:spinnaker/clouddriver@v5.95.0 clouddriver-ecs/src/main/java/com/netflix/spinnaker/clouddriver/ecs/controllers/EcsCloudMetricController.java:36
clouddriver	v5.95.0	EcsClusterController.getAllEcsClusters	ANY	/ecs/ecsClusters	-	-	-	-	Collection<EcsCluster>	-	-	typed	CLAIM-S2-R0347 source:spinnaker/clouddriver@v5.95.0 clouddriver-ecs/src/main/java/com/netflix/spinnaker/clouddriver/ecs/controllers/EcsClusterController.java:38
clouddriver	v5.95.0	EcsClusterController.getEcsClusterDescriptions	ANY	/ecs/ecsClusterDescriptions/{account}/{region}	account,region	-	-	-	Collection<Cluster>	-	-	typed	CLAIM-S2-R0348 source:spinnaker/clouddriver@v5.95.0 clouddriver-ecs/src/main/java/com/netflix/spinnaker/clouddriver/ecs/controllers/EcsClusterController.java:43
clouddriver	v5.95.0	EcsImagesController.findImage	GET	/ecs/images/find	-	q:required	-	-	List<EcsDockerImage>	-	-	typed	CLAIM-S2-R0349 source:spinnaker/clouddriver@v5.95.0 clouddriver-ecs/src/main/java/com/netflix/spinnaker/clouddriver/ecs/controllers/EcsImagesController.java:40
clouddriver	v5.95.0	EcsSecretController.getAllSecrets	ANY	/ecs/secrets	-	-	-	-	Collection<Secret>	-	-	typed	CLAIM-S2-R0350 source:spinnaker/clouddriver@v5.95.0 clouddriver-ecs/src/main/java/com/netflix/spinnaker/clouddriver/ecs/controllers/EcsSecretController.java:35
clouddriver	v5.95.0	EcsServiceDiscoveryController.getAllServiceDiscoveryRegistries	ANY	/ecs/serviceDiscoveryRegistries	-	-	-	-	Collection<ServiceDiscoveryRegistry>	-	-	typed	CLAIM-S2-R0351 source:spinnaker/clouddriver@v5.95.0 clouddriver-ecs/src/main/java/com/netflix/spinnaker/clouddriver/ecs/controllers/EcsServiceDiscoveryController.java:35
clouddriver	v5.95.0	EcsServerGroupController.getServerGroupEvents	GET	/applications/{application}/serverGroups/{account}/{serverGroupName}/events	application,account,serverGroupName	region:required	-	-	ResponseEntity<?>(raw)	200,400,404	-	untyped-return	CLAIM-S2-R0352 source:spinnaker/clouddriver@v5.95.0 clouddriver-ecs/src/main/java/com/netflix/spinnaker/clouddriver/ecs/controllers/servergroup/EcsServerGroupController.java:61
clouddriver	v5.95.0	GoogleNamedImageLookupController.list	GET	/gce/images/find	-	q:optional,account:optional	-	-	List<NamedImage>	-	-	typed	CLAIM-S2-R0353 source:spinnaker/clouddriver@v5.95.0 clouddriver-google/src/main/java/com/netflix/spinnaker/clouddriver/google/controllers/GoogleNamedImageLookupController.java:67
clouddriver	v5.95.0	HuaweiCloudImageController.find	GET	/huaweicloud/images/find	-	account:optional,q:optional,region:optional	-	-	Set<HuaweiCloudImage>	-	-	typed	CLAIM-S2-R0354 source:spinnaker/clouddriver@v5.95.0 clouddriver-huaweicloud/src/main/java/com/netflix/spinnaker/clouddriver/huaweicloud/controller/HuaweiCloudImageController.java:45
clouddriver	v5.95.0	ManifestController.getForAccountAndName	GET	/manifests/{account:.+}/_/{name:.+}	account,name	includeEvents:optional	-	-	Manifest	-	-	typed	CLAIM-S2-R0355 source:spinnaker/clouddriver@v5.95.0 clouddriver-kubernetes/src/main/java/com/netflix/spinnaker/clouddriver/kubernetes/controllers/ManifestController.java:57
clouddriver	v5.95.0	ManifestController.getForAccountLocationAndName	GET	/manifests/{account:.+}/{location:.+}/{name:.+}	account,location,name	includeEvents:optional	-	-	Manifest	-	-	typed	CLAIM-S2-R0356 source:spinnaker/clouddriver@v5.95.0 clouddriver-kubernetes/src/main/java/com/netflix/spinnaker/clouddriver/kubernetes/controllers/ManifestController.java:68
clouddriver	v5.95.0	ManifestController.getForAccountLocationAndName	GET	/manifests/{account:.+}/{name:.+}	account,name	includeEvents:optional	-	-	Manifest	-	-	typed	CLAIM-S2-R0357 source:spinnaker/clouddriver@v5.95.0 clouddriver-kubernetes/src/main/java/com/netflix/spinnaker/clouddriver/kubernetes/controllers/ManifestController.java:101
clouddriver	v5.95.0	ManifestController.getDynamicManifestFromCluster	GET	/manifests/{account:.+}/{location:.+}/{kind:.+}/cluster/{app:.+}/{cluster:.+}/dynamic/{criteria:.+}	account,location,kind,app,cluster,criteria	-	-	-	KubernetesCoordinates	-	-	typed	CLAIM-S2-R0358 source:spinnaker/clouddriver@v5.95.0 clouddriver-kubernetes/src/main/java/com/netflix/spinnaker/clouddriver/kubernetes/controllers/ManifestController.java:110
clouddriver	v5.95.0	ManifestController.getClusterManifestCoordinates	GET	/manifests/{account:.+}/{location:.+}/{kind:.+}/cluster/{app:.+}/{cluster:.+}	account,location,kind,app,cluster	-	-	-	List<KubernetesCoordinates>	-	-	typed	CLAIM-S2-R0359 source:spinnaker/clouddriver@v5.95.0 clouddriver-kubernetes/src/main/java/com/netflix/spinnaker/clouddriver/kubernetes/controllers/ManifestController.java:157
clouddriver	v5.95.0	PodController.getFileContents	GET	/applications/{application}/kubernetes/pods/{account}/{namespace}/{podName}/{fileName:.+}	application,account,namespace,podName,fileName	-	-	-	Map<String, Object>	-	-	untyped-return	CLAIM-S2-R0360 source:spinnaker/clouddriver@v5.95.0 clouddriver-kubernetes/src/main/java/com/netflix/spinnaker/clouddriver/kubernetes/controllers/PodController.java:44
clouddriver	v5.95.0	RawResourceController.list	GET	/applications/{application}/rawResources	application	-	-	-	List<KubernetesRawResource>	-	produces=application/json	typed	CLAIM-S2-R0361 source:spinnaker/clouddriver@v5.95.0 clouddriver-kubernetes/src/main/java/com/netflix/spinnaker/clouddriver/kubernetes/controllers/RawResourceController.java:45
clouddriver	v5.95.0	OracleImageLookupController.getById	GET	/oracle/images/{account}/{region}/{imageId:.+}	account,region,imageId	-	-	-	List<OracleImage>	-	-	typed	CLAIM-S2-R0362 source:spinnaker/clouddriver@v5.95.0 clouddriver-oracle/src/main/groovy/com/netflix/spinnaker/clouddriver/oracle/controller/OracleImageLookupController.groovy:35
clouddriver	v5.95.0	OracleImageLookupController.find	GET	/oracle/images/find	-	account:optional,q:optional	-	-	Set<OracleImage>	-	-	typed	CLAIM-S2-R0363 source:spinnaker/clouddriver@v5.95.0 clouddriver-oracle/src/main/groovy/com/netflix/spinnaker/clouddriver/oracle/controller/OracleImageLookupController.groovy:45
clouddriver	v5.95.0	SagaController.get	GET	/saga/{name}/{id}	name,id	-	-	-	Saga	-	-	typed	CLAIM-S2-R0364 source:spinnaker/clouddriver@v5.95.0 clouddriver-saga/src/main/kotlin/com/netflix/spinnaker/clouddriver/saga/controllers/SagaController.kt:31
clouddriver	v5.95.0	ApplicationsController.list	GET	/applications	-	expand:optional,restricted:optional	-	-	List<Application>	-	-	typed	CLAIM-S2-R0365 source:spinnaker/clouddriver@v5.95.0 clouddriver-web/src/main/groovy/com/netflix/spinnaker/clouddriver/controllers/ApplicationsController.groovy:55
clouddriver	v5.95.0	ApplicationsController.get	GET	/applications/{name:.+}	name	-	-	-	ApplicationViewModel	-	-	typed	CLAIM-S2-R0366 source:spinnaker/clouddriver@v5.95.0 clouddriver-web/src/main/groovy/com/netflix/spinnaker/clouddriver/controllers/ApplicationsController.groovy:66
clouddriver	v5.95.0	CacheController.handleOnDemand	POST	/cache/{cloudProvider}/{type}	cloudProvider,type	-	-	Map<String, ? extends Object>	ResponseEntity<?>(raw)	200,202	-	untyped-both	CLAIM-S2-R0367 source:spinnaker/clouddriver@v5.95.0 clouddriver-web/src/main/groovy/com/netflix/spinnaker/clouddriver/controllers/CacheController.groovy:37
clouddriver	v5.95.0	CacheController.getAgentIntrospections	GET	/cache/introspection	-	-	-	-	Collection <AgentIntrospection>	-	-	typed	CLAIM-S2-R0368 source:spinnaker/clouddriver@v5.95.0 clouddriver-web/src/main/groovy/com/netflix/spinnaker/clouddriver/controllers/CacheController.groovy:59
clouddriver	v5.95.0	CacheController.pendingOnDemands	GET	/cache/{cloudProvider}/{type}	cloudProvider,type	id:optional	-	-	Collection<Map>	-	-	untyped-return	CLAIM-S2-R0369 source:spinnaker/clouddriver@v5.95.0 clouddriver-web/src/main/groovy/com/netflix/spinnaker/clouddriver/controllers/CacheController.groovy:66
clouddriver	v5.95.0	CertificateController.list	GET	/certificates	-	-	-	-	List<Certificate>	-	-	typed	CLAIM-S2-R0370 source:spinnaker/clouddriver@v5.95.0 clouddriver-web/src/main/groovy/com/netflix/spinnaker/clouddriver/controllers/CertificateController.groovy:35
clouddriver	v5.95.0	CertificateController.listByCloudProvider	GET	/certificates/{cloudProvider}	cloudProvider	-	-	-	Set<Network>	-	-	typed	CLAIM-S2-R0371 source:spinnaker/clouddriver@v5.95.0 clouddriver-web/src/main/groovy/com/netflix/spinnaker/clouddriver/controllers/CertificateController.groovy:42
clouddriver	v5.95.0	CloudMetricController.findAll	GET	/cloudMetrics/{cloudProvider}/{account}/{region}	cloudProvider,account,region	filters:required	-	-	List<CloudMetricDescriptor>	-	-	typed	CLAIM-S2-R0372 source:spinnaker/clouddriver@v5.95.0 clouddriver-web/src/main/groovy/com/netflix/spinnaker/clouddriver/controllers/CloudMetricController.groovy:43
clouddriver	v5.95.0	CloudMetricController.getStatistics	GET	/cloudMetrics/{cloudProvider}/{account}/{region}/{metricName}/statistics	cloudProvider,account,region,metricName	startTime:optional,endTime:optional,filters:required	-	-	CloudMetricStatistics	-	-	typed	CLAIM-S2-R0373 source:spinnaker/clouddriver@v5.95.0 clouddriver-web/src/main/groovy/com/netflix/spinnaker/clouddriver/controllers/CloudMetricController.groovy:74
clouddriver	v5.95.0	ClusterController.listByAccount	GET	/applications/{application}/clusters	application	-	-	-	Map<String, Set<String>>	-	-	untyped-return	CLAIM-S2-R0374 source:spinnaker/clouddriver@v5.95.0 clouddriver-web/src/main/groovy/com/netflix/spinnaker/clouddriver/controllers/ClusterController.groovy:75
clouddriver	v5.95.0	ClusterController.getForAccount	GET	/applications/{application}/clusters/{account:.+}	application,account	-	-	-	Set<ClusterViewModel>	-	-	typed	CLAIM-S2-R0375 source:spinnaker/clouddriver@v5.95.0 clouddriver-web/src/main/groovy/com/netflix/spinnaker/clouddriver/controllers/ClusterController.groovy:102
clouddriver	v5.95.0	ClusterController.getForAccountAndName	GET	/applications/{application}/clusters/{account:.+}/{name:.+}	application,account,name	expand:optional	-	-	Set<Cluster>	-	-	typed	CLAIM-S2-R0376 source:spinnaker/clouddriver@v5.95.0 clouddriver-web/src/main/groovy/com/netflix/spinnaker/clouddriver/controllers/ClusterController.groovy:120
clouddriver	v5.95.0	ClusterController.getForAccountAndNameAndType	GET	/applications/{application}/clusters/{account:.+}/{name:.+}/{type}	application,account,name,type	expand:optional	-	-	Cluster	-	-	typed	CLAIM-S2-R0377 source:spinnaker/clouddriver@v5.95.0 clouddriver-web/src/main/groovy/com/netflix/spinnaker/clouddriver/controllers/ClusterController.groovy:141
clouddriver	v5.95.0	ClusterController.getServerGroups	GET	/applications/{application}/clusters/{account:.+}/{clusterName:.+}/{type}/serverGroups	application,account,clusterName,type	region:optional,expand:optional	-	-	Set<ServerGroup>	-	-	typed	CLAIM-S2-R0378 source:spinnaker/clouddriver@v5.95.0 clouddriver-web/src/main/groovy/com/netflix/spinnaker/clouddriver/controllers/ClusterController.groovy:165
clouddriver	v5.95.0	ClusterController.getServerGroup	GET	/applications/{application}/clusters/{account:.+}/{clusterName:.+}/{type}/serverGroups/{serverGroupName:.+}	application,account,clusterName,type,serverGroupName	region:optional	-	-	def	-	-	untyped-return	CLAIM-S2-R0379 source:spinnaker/clouddriver@v5.95.0 clouddriver-web/src/main/groovy/com/netflix/spinnaker/clouddriver/controllers/ClusterController.groovy:188
clouddriver	v5.95.0	ClusterController.getTargetServerGroup	GET	/applications/{application}/clusters/{account:.+}/{clusterName:.+}/{cloudProvider}/{scope}/serverGroups/target/{target:.+}	application,account,clusterName,cloudProvider,scope,target	onlyEnabled:optional,validateOldest:optional	-	-	ServerGroup	-	-	typed	CLAIM-S2-R0380 source:spinnaker/clouddriver@v5.95.0 clouddriver-web/src/main/groovy/com/netflix/spinnaker/clouddriver/controllers/ClusterController.groovy:243
clouddriver	v5.95.0	ClusterController.getServerGroupSummary	GET	/applications/{application}/clusters/{account:.+}/{clusterName:.+}/{cloudProvider}/{scope}/serverGroups/target/{target:.+}/{summaryType:.+}	application,account,clusterName,cloudProvider,scope,target,summaryType	onlyEnabled:optional	-	-	Summary	-	-	typed	CLAIM-S2-R0381 source:spinnaker/clouddriver@v5.95.0 clouddriver-web/src/main/groovy/com/netflix/spinnaker/clouddriver/controllers/ClusterController.groovy:360
clouddriver	v5.95.0	DataController.getStaticData	GET	/v1/data/static/{id}	id	filters:required	-	-	Object	-	-	untyped-return	CLAIM-S2-R0382 source:spinnaker/clouddriver@v5.95.0 clouddriver-web/src/main/groovy/com/netflix/spinnaker/clouddriver/controllers/DataController.groovy:50
clouddriver	v5.95.0	DataController.getAdhocData	ANY	/v1/data/adhoc/{groupId}/{bucketId}/**	groupId,bucketId	-	-	-	StreamingResponseBody	-	-	typed	CLAIM-S2-R0383 source:spinnaker/clouddriver@v5.95.0 clouddriver-web/src/main/groovy/com/netflix/spinnaker/clouddriver/controllers/DataController.groovy:63
clouddriver	v5.95.0	ElasticIpController.listByAccount	GET	/elasticIps/{account}	account	-	-	-	Set<ElasticIp>	-	-	typed	CLAIM-S2-R0384 source:spinnaker/clouddriver@v5.95.0 clouddriver-web/src/main/groovy/com/netflix/spinnaker/clouddriver/controllers/ElasticIpController.groovy:39
clouddriver	v5.95.0	ElasticIpController.listByAccountAndRegion	GET	/elasticIps/{account}	account	region:required	-	-	Set<ElasticIp>	-	-	typed	CLAIM-S2-R0385 source:spinnaker/clouddriver@v5.95.0 clouddriver-web/src/main/groovy/com/netflix/spinnaker/clouddriver/controllers/ElasticIpController.groovy:49
clouddriver	v5.95.0	FeaturesController.stages	GET	/features/stages	-	-	-	-	Collection<Map>	-	-	untyped-return	CLAIM-S2-R0386 source:spinnaker/clouddriver@v5.95.0 clouddriver-web/src/main/groovy/com/netflix/spinnaker/clouddriver/controllers/FeaturesController.groovy:40
clouddriver	v5.95.0	InstanceController.getInstance	GET	/instances/{account}/{region}/{id:.+}	account,region,id	-	-	-	Instance	-	-	typed	CLAIM-S2-R0387 source:spinnaker/clouddriver@v5.95.0 clouddriver-web/src/main/groovy/com/netflix/spinnaker/clouddriver/controllers/InstanceController.groovy:42
clouddriver	v5.95.0	InstanceController.getConsoleOutput	GET	/instances/{account}/{region}/{id}/console	account,region,id	provider:optional,cloudProvider:optional	-	-	Map	-	-	untyped-return	CLAIM-S2-R0388 source:spinnaker/clouddriver@v5.95.0 clouddriver-web/src/main/groovy/com/netflix/spinnaker/clouddriver/controllers/InstanceController.groovy:56
clouddriver	v5.95.0	InstanceTypeController.list	GET	/instanceTypes	-	-	-	-	Set<InstanceType>	-	-	typed	CLAIM-S2-R0389 source:spinnaker/clouddriver@v5.95.0 clouddriver-web/src/main/groovy/com/netflix/spinnaker/clouddriver/controllers/InstanceTypeController.groovy:33
clouddriver	v5.95.0	JobController.collectJob	GET	/applications/{application}/jobs/{account}/{location}/{id:.+}	application,account,location,id	-	-	-	JobStatus	-	-	typed	CLAIM-S2-R0390 source:spinnaker/clouddriver@v5.95.0 clouddriver-web/src/main/groovy/com/netflix/spinnaker/clouddriver/controllers/JobController.groovy:46
clouddriver	v5.95.0	JobController.cancelJob	DELETE	/applications/{application}/jobs/{account}/{location}/{id:.+}	application,account,location,id	-	-	-	void	-	-	typed	CLAIM-S2-R0391 source:spinnaker/clouddriver@v5.95.0 clouddriver-web/src/main/groovy/com/netflix/spinnaker/clouddriver/controllers/JobController.groovy:63
clouddriver	v5.95.0	JobController.getFileContents	GET	/applications/{application}/jobs/{account}/{location}/{id}/{fileName:.+}	application,account,location,id,fileName	-	-	-	Map<String, Object>	-	-	untyped-return	CLAIM-S2-R0392 source:spinnaker/clouddriver@v5.95.0 clouddriver-web/src/main/groovy/com/netflix/spinnaker/clouddriver/controllers/JobController.groovy:75
clouddriver	v5.95.0	KeyPairController.list	GET	/keyPairs	-	-	-	-	Set<KeyPair>	-	-	typed	CLAIM-S2-R0393 source:spinnaker/clouddriver@v5.95.0 clouddriver-web/src/main/groovy/com/netflix/spinnaker/clouddriver/controllers/KeyPairController.groovy:33
clouddriver	v5.95.0	LoadBalancerController.list	GET	/applications/{application}/loadBalancers	application	-	-	-	List<LoadBalancer>	-	produces=application/json	typed	CLAIM-S2-R0394 source:spinnaker/clouddriver@v5.95.0 clouddriver-web/src/main/groovy/com/netflix/spinnaker/clouddriver/controllers/LoadBalancerController.groovy:42
clouddriver	v5.95.0	LoadBalancerController.listForCloudProvider	GET	/{cloudProvider:.+}/loadBalancers	cloudProvider	-	-	-	List<LoadBalancerProvider.Item>	-	produces=application/json	typed	CLAIM-S2-R0395 source:spinnaker/clouddriver@v5.95.0 clouddriver-web/src/main/groovy/com/netflix/spinnaker/clouddriver/controllers/LoadBalancerController.groovy:53
clouddriver	v5.95.0	LoadBalancerController.get	GET	/{cloudProvider:.+}/loadBalancers/{name:.+}	cloudProvider,name	-	-	-	LoadBalancerProvider.Item	-	produces=application/json	typed	CLAIM-S2-R0396 source:spinnaker/clouddriver@v5.95.0 clouddriver-web/src/main/groovy/com/netflix/spinnaker/clouddriver/controllers/LoadBalancerController.groovy:61
clouddriver	v5.95.0	LoadBalancerController.getByAccountRegionName	GET	/{cloudProvider:.+}/loadBalancers/{account:.+}/{region:.+}/{name:.+}	cloudProvider,account,region,name	-	-	-	List<LoadBalancerProvider.Details>	-	produces=application/json	typed	CLAIM-S2-R0397 source:spinnaker/clouddriver@v5.95.0 clouddriver-web/src/main/groovy/com/netflix/spinnaker/clouddriver/controllers/LoadBalancerController.groovy:73
clouddriver	v5.95.0	NetworkController.list	GET	/networks	-	-	-	-	Map<String, Set<Network>>	-	-	untyped-return	CLAIM-S2-R0398 source:spinnaker/clouddriver@v5.95.0 clouddriver-web/src/main/groovy/com/netflix/spinnaker/clouddriver/controllers/NetworkController.groovy:34
clouddriver	v5.95.0	NetworkController.listByCloudProvider	GET	/networks/{cloudProvider}	cloudProvider	-	-	-	Set<Network>	-	-	typed	CLAIM-S2-R0399 source:spinnaker/clouddriver@v5.95.0 clouddriver-web/src/main/groovy/com/netflix/spinnaker/clouddriver/controllers/NetworkController.groovy:49
clouddriver	v5.95.0	OperationsController.operations [deprecated]	POST	/ops	-	clientRequestId:optional	-	List<Map<String, Map>>	StartOperationResult	-	-	untyped-body	CLAIM-S2-R0400 source:spinnaker/clouddriver@v5.95.0 clouddriver-web/src/main/groovy/com/netflix/spinnaker/clouddriver/controllers/OperationsController.groovy:69
clouddriver	v5.95.0	OperationsController.operation [deprecated]	POST	/ops/{name}	name	clientRequestId:optional	-	Map	StartOperationResult	-	-	untyped-body	CLAIM-S2-R0401 source:spinnaker/clouddriver@v5.95.0 clouddriver-web/src/main/groovy/com/netflix/spinnaker/clouddriver/controllers/OperationsController.groovy:81
clouddriver	v5.95.0	OperationsController.cloudProviderOperations	POST	/{cloudProvider}/ops	cloudProvider	clientRequestId:optional	-	List<Map<String, Map>>	StartOperationResult	-	-	untyped-body	CLAIM-S2-R0402 source:spinnaker/clouddriver@v5.95.0 clouddriver-web/src/main/groovy/com/netflix/spinnaker/clouddriver/controllers/OperationsController.groovy:90
clouddriver	v5.95.0	OperationsController.cloudProviderOperation	POST	/{cloudProvider}/ops/{name}	cloudProvider,name	clientRequestId:optional	-	Map	StartOperationResult	-	-	untyped-body	CLAIM-S2-R0403 source:spinnaker/clouddriver@v5.95.0 clouddriver-web/src/main/groovy/com/netflix/spinnaker/clouddriver/controllers/OperationsController.groovy:99
clouddriver	v5.95.0	OperationsController.updateTask	PATCH	/{cloudProvider}/task/{id}	cloudProvider,id	-	-	Map	StartOperationResult	-	-	untyped-body	CLAIM-S2-R0404 source:spinnaker/clouddriver@v5.95.0 clouddriver-web/src/main/groovy/com/netflix/spinnaker/clouddriver/controllers/OperationsController.groovy:109
clouddriver	v5.95.0	OperationsController.getOwnerName	GET	/{cloudProvider}/task/{id}/owner	cloudProvider,id	-	-	-	TaskOwnerResult	-	-	typed	CLAIM-S2-R0405 source:spinnaker/clouddriver@v5.95.0 clouddriver-web/src/main/groovy/com/netflix/spinnaker/clouddriver/controllers/OperationsController.groovy:136
clouddriver	v5.95.0	OperationsController.restartCloudProviderTask	POST	/{cloudProvider}/task/{id}/restart	cloudProvider,id	-	-	List<Map<String, Map>>	StartOperationResult	-	-	untyped-body	CLAIM-S2-R0406 source:spinnaker/clouddriver@v5.95.0 clouddriver-web/src/main/groovy/com/netflix/spinnaker/clouddriver/controllers/OperationsController.groovy:148
clouddriver	v5.95.0	OperationsController.get	GET	/task/{id}	id	-	-	-	Task	-	-	typed	CLAIM-S2-R0407 source:spinnaker/clouddriver@v5.95.0 clouddriver-web/src/main/groovy/com/netflix/spinnaker/clouddriver/controllers/OperationsController.groovy:170
clouddriver	v5.95.0	OperationsController.list	GET	/task	-	-	-	-	List<Task>	-	-	typed	CLAIM-S2-R0408 source:spinnaker/clouddriver@v5.95.0 clouddriver-web/src/main/groovy/com/netflix/spinnaker/clouddriver/controllers/OperationsController.groovy:179
clouddriver	v5.95.0	OperationsController.resumeTask	POST	/task/{id}:resume	id	-	-	-	StartOperationResult	-	-	typed	CLAIM-S2-R0409 source:spinnaker/clouddriver@v5.95.0 clouddriver-web/src/main/groovy/com/netflix/spinnaker/clouddriver/controllers/OperationsController.groovy:189
clouddriver	v5.95.0	ProjectController.getClusters	GET	/projects/{project}/clusters	project	-	-	-	List<ClusterModel>	-	-	typed	CLAIM-S2-R0410 source:spinnaker/clouddriver@v5.95.0 clouddriver-web/src/main/groovy/com/netflix/spinnaker/clouddriver/controllers/ProjectController.groovy:52
clouddriver	v5.95.0	ReservationReportController.getReservationReports	GET	/reports/reservation	-	filters:required	-	-	Collection<ReservationReport>	-	-	typed	CLAIM-S2-R0411 source:spinnaker/clouddriver@v5.95.0 clouddriver-web/src/main/groovy/com/netflix/spinnaker/clouddriver/controllers/ReservationReportController.groovy:34
clouddriver	v5.95.0	ReservationReportController.getReservationReportsByName	GET	/reports/reservation/{name}	name	filters:required	-	-	Collection<ReservationReport>	-	-	typed	CLAIM-S2-R0412 source:spinnaker/clouddriver@v5.95.0 clouddriver-web/src/main/groovy/com/netflix/spinnaker/clouddriver/controllers/ReservationReportController.groovy:39
clouddriver	v5.95.0	SearchController.search	GET	/search	-	q:optional,type:required,platform:optional,pageSize:optional,page:optional	-	-	List<SearchResultSet>	-	-	typed	CLAIM-S2-R0413 source:spinnaker/clouddriver@v5.95.0 clouddriver-web/src/main/groovy/com/netflix/spinnaker/clouddriver/controllers/SearchController.groovy:56
clouddriver	v5.95.0	SecurityGroupController.list	GET	/securityGroups	-	-	-	-	Map<String, Map<String, Map<String, Set<SecurityGroupSummary>>>>	-	-	untyped-return	CLAIM-S2-R0414 source:spinnaker/clouddriver@v5.95.0 clouddriver-web/src/main/groovy/com/netflix/spinnaker/clouddriver/controllers/SecurityGroupController.groovy:47
clouddriver	v5.95.0	SecurityGroupController.listByAccount	GET	/securityGroups/{account}	account	-	-	-	Map<String, Map<String, Set<SecurityGroupSummary>>>	-	-	untyped-return	CLAIM-S2-R0415 source:spinnaker/clouddriver@v5.95.0 clouddriver-web/src/main/groovy/com/netflix/spinnaker/clouddriver/controllers/SecurityGroupController.groovy:71
clouddriver	v5.95.0	SecurityGroupController.listByAccountAndRegion	GET	/securityGroups/{account}	account	region:required	-	-	Map<String, Set<SecurityGroupSummary>>	-	-	untyped-return	CLAIM-S2-R0416 source:spinnaker/clouddriver@v5.95.0 clouddriver-web/src/main/groovy/com/netflix/spinnaker/clouddriver/controllers/SecurityGroupController.groovy:90
clouddriver	v5.95.0	SecurityGroupController.listByAccountAndCloudProvider	GET	/securityGroups/{account}/{cloudProvider}	account,cloudProvider	-	-	-	Map<String, Set<SecurityGroupSummary>>	-	-	untyped-return	CLAIM-S2-R0417 source:spinnaker/clouddriver@v5.95.0 clouddriver-web/src/main/groovy/com/netflix/spinnaker/clouddriver/controllers/SecurityGroupController.groovy:107
clouddriver	v5.95.0	SecurityGroupController.listByAccountAndCloudProviderAndRegion	GET	/securityGroups/{account}/{cloudProvider}	account,cloudProvider	region:required	-	-	Set<SecurityGroupSummary>	-	-	typed	CLAIM-S2-R0418 source:spinnaker/clouddriver@v5.95.0 clouddriver-web/src/main/groovy/com/netflix/spinnaker/clouddriver/controllers/SecurityGroupController.groovy:124
clouddriver	v5.95.0	SecurityGroupController.listByAccountAndCloudProviderAndName	GET	/securityGroups/{account}/{cloudProvider}/{securityGroupName:.+}	account,cloudProvider,securityGroupName	-	-	-	Map<String, Set<SecurityGroupSummary>>	-	-	untyped-return	CLAIM-S2-R0419 source:spinnaker/clouddriver@v5.95.0 clouddriver-web/src/main/groovy/com/netflix/spinnaker/clouddriver/controllers/SecurityGroupController.groovy:139
clouddriver	v5.95.0	SecurityGroupController.get	GET	/securityGroups/{account}/{cloudProvider}/{region}/{securityGroupNameOrId:.+}	account,cloudProvider,region,securityGroupNameOrId	vpcId:optional,getById:optional	-	-	SecurityGroup	-	-	polymorphic	CLAIM-S2-R0420 source:spinnaker/clouddriver@v5.95.0 clouddriver-web/src/main/groovy/com/netflix/spinnaker/clouddriver/controllers/SecurityGroupController.groovy:157
clouddriver	v5.95.0	ServerGroupController.getServerGroupByApplication	GET	/applications/{application}/serverGroups/{account}/{region}/{name:.+}	application,account,region,name	includeDetails:optional	-	-	ServerGroup	-	-	typed	CLAIM-S2-R0421 source:spinnaker/clouddriver@v5.95.0 clouddriver-web/src/main/groovy/com/netflix/spinnaker/clouddriver/controllers/ServerGroupController.groovy:67
clouddriver	v5.95.0	ServerGroupController.getServerGroupByMoniker	GET	/serverGroups/{account}/{region}/{name:.+}	account,region,name	includeDetails:optional	-	-	ServerGroup	-	-	typed	CLAIM-S2-R0422 source:spinnaker/clouddriver@v5.95.0 clouddriver-web/src/main/groovy/com/netflix/spinnaker/clouddriver/controllers/ServerGroupController.groovy:79
clouddriver	v5.95.0	ServerGroupController.list	GET	/applications/{application}/serverGroups	application	expand:optional,cloudProvider:optional,clusters:optional	-	-	List<Object>	-	-	untyped-return	CLAIM-S2-R0423 source:spinnaker/clouddriver@v5.95.0 clouddriver-web/src/main/groovy/com/netflix/spinnaker/clouddriver/controllers/ServerGroupController.groovy:190
clouddriver	v5.95.0	ServerGroupController.getServerGroups	GET	/serverGroups	-	applications:optional,ids:optional,cloudProvider:optional	-	-	List<ServerGroupViewModel>	-	-	typed	CLAIM-S2-R0424 source:spinnaker/clouddriver@v5.95.0 clouddriver-web/src/main/groovy/com/netflix/spinnaker/clouddriver/controllers/ServerGroupController.groovy:212
clouddriver	v5.95.0	SubnetController.list	GET	/subnets	-	-	-	-	Set<Subnet>	-	-	typed	CLAIM-S2-R0425 source:spinnaker/clouddriver@v5.95.0 clouddriver-web/src/main/groovy/com/netflix/spinnaker/clouddriver/controllers/SubnetController.groovy:34
clouddriver	v5.95.0	SubnetController.listByCloudProvider	GET	/subnets/{cloudProvider}	cloudProvider	-	-	-	Set<Subnet>	-	-	typed	CLAIM-S2-R0426 source:spinnaker/clouddriver@v5.95.0 clouddriver-web/src/main/groovy/com/netflix/spinnaker/clouddriver/controllers/SubnetController.groovy:41
clouddriver	v5.95.0	VpcController.list [deprecated]	GET	/vpcs	-	-	-	-	Set<Network>	-	-	typed	CLAIM-S2-R0427 source:spinnaker/clouddriver@v5.95.0 clouddriver-web/src/main/groovy/com/netflix/spinnaker/clouddriver/controllers/VpcController.groovy:34
clouddriver	v5.95.0	ArtifactController.list	GET	/artifacts/credentials	-	-	-	-	List<ArtifactCredentials>	-	-	typed	CLAIM-S2-R0428 source:spinnaker/clouddriver@v5.95.0 clouddriver-web/src/main/java/com/netflix/spinnaker/clouddriver/controllers/ArtifactController.java:66
clouddriver	v5.95.0	ArtifactController.fetch	PUT	/artifacts/fetch	-	-	-	Artifact	StreamingResponseBody	-	-	typed	CLAIM-S2-R0429 source:spinnaker/clouddriver@v5.95.0 clouddriver-web/src/main/java/com/netflix/spinnaker/clouddriver/controllers/ArtifactController.java:76
clouddriver	v5.95.0	ArtifactController.getStoredArtifact	GET	/artifacts/content-address/{application}/{hash}	application,hash	-	-	-	Artifact.StoredView	-	-	typed	CLAIM-S2-R0430 source:spinnaker/clouddriver@v5.95.0 clouddriver-web/src/main/java/com/netflix/spinnaker/clouddriver/controllers/ArtifactController.java:90
clouddriver	v5.95.0	ArtifactController.getNames	GET	/artifacts/account/{accountName}/names	accountName	type:required	-	-	List<String>	-	-	typed	CLAIM-S2-R0431 source:spinnaker/clouddriver@v5.95.0 clouddriver-web/src/main/java/com/netflix/spinnaker/clouddriver/controllers/ArtifactController.java:99
clouddriver	v5.95.0	ArtifactController.getVersions	GET	/artifacts/account/{accountName}/versions	accountName	type:required,artifactName:required	-	-	List<String>	-	-	typed	CLAIM-S2-R0432 source:spinnaker/clouddriver@v5.95.0 clouddriver-web/src/main/java/com/netflix/spinnaker/clouddriver/controllers/ArtifactController.java:108
clouddriver	v5.95.0	CredentialsController.listAccountCredentials	GET	/credentials	-	expand:required	-	-	List<Map<String, Object>>	-	-	untyped-return	CLAIM-S2-R0433 source:spinnaker/clouddriver@v5.95.0 clouddriver-web/src/main/java/com/netflix/spinnaker/clouddriver/controllers/CredentialsController.java:66
clouddriver	v5.95.0	CredentialsController.getAccountCredentialsDetails	GET	/credentials/{accountName}	accountName	-	-	-	Map<String, Object>	-	-	untyped-return	CLAIM-S2-R0434 source:spinnaker/clouddriver@v5.95.0 clouddriver-web/src/main/java/com/netflix/spinnaker/clouddriver/controllers/CredentialsController.java:75
clouddriver	v5.95.0	CredentialsController.listAccountsByType	GET	/credentials/type/{accountType}	accountType	limit:optional,startingAccountName:optional	-	-	List<? extends CredentialsDefinition>	-	-	polymorphic	CLAIM-S2-R0435 source:spinnaker/clouddriver@v5.95.0 clouddriver-web/src/main/java/com/netflix/spinnaker/clouddriver/controllers/CredentialsController.java:116
clouddriver	v5.95.0	CredentialsController.createAccount	POST	/credentials	-	-	-	CredentialsDefinition	CredentialsDefinition	-	-	polymorphic	CLAIM-S2-R0436 source:spinnaker/clouddriver@v5.95.0 clouddriver-web/src/main/java/com/netflix/spinnaker/clouddriver/controllers/CredentialsController.java:127
clouddriver	v5.95.0	CredentialsController.saveAccount	PUT	/credentials	-	-	-	CredentialsDefinition	CredentialsDefinition	-	-	polymorphic	CLAIM-S2-R0437 source:spinnaker/clouddriver@v5.95.0 clouddriver-web/src/main/java/com/netflix/spinnaker/clouddriver/controllers/CredentialsController.java:134
clouddriver	v5.95.0	CredentialsController.updateAccount	PUT	/credentials/{accountName}	accountName	-	-	CredentialsDefinition	CredentialsDefinition	-	-	polymorphic	CLAIM-S2-R0438 source:spinnaker/clouddriver@v5.95.0 clouddriver-web/src/main/java/com/netflix/spinnaker/clouddriver/controllers/CredentialsController.java:141
clouddriver	v5.95.0	CredentialsController.deleteAccount	DELETE	/credentials/{accountName}	accountName	-	-	-	void	-	-	typed	CLAIM-S2-R0439 source:spinnaker/clouddriver@v5.95.0 clouddriver-web/src/main/java/com/netflix/spinnaker/clouddriver/controllers/CredentialsController.java:156
clouddriver	v5.95.0	CredentialsController.getAccountHistory	GET	/credentials/{accountName}/history	accountName	-	-	-	List<AccountDefinitionRepository.Revision>	-	-	typed	CLAIM-S2-R0440 source:spinnaker/clouddriver@v5.95.0 clouddriver-web/src/main/java/com/netflix/spinnaker/clouddriver/controllers/CredentialsController.java:163
clouddriver	v5.95.0	EntityTagsController.list	GET	/tags	-	cloudProvider:optional,application:optional,entityType:optional,entityId:optional,idPrefix:optional,account:optional,region:optional,namespace:optional,maxResults:optional,allParameters:required	-	-	Collection<EntityTags>	-	-	typed	CLAIM-S2-R0441 source:spinnaker/clouddriver@v5.95.0 clouddriver-web/src/main/java/com/netflix/spinnaker/clouddriver/controllers/EntityTagsController.java:50
clouddriver	v5.95.0	EntityTagsController.get	GET	/tags/**	-	-	-	-	EntityTags	-	-	typed	CLAIM-S2-R0442 source:spinnaker/clouddriver@v5.95.0 clouddriver-web/src/main/java/com/netflix/spinnaker/clouddriver/controllers/EntityTagsController.java:85
clouddriver	v5.95.0	FunctionController.list	GET	/functions	-	functionName:optional,region:optional,account:optional	-	-	List<Function>	-	-	typed	CLAIM-S2-R0443 source:spinnaker/clouddriver@v5.95.0 clouddriver-web/src/main/java/com/netflix/spinnaker/clouddriver/controllers/FunctionController.java:44
clouddriver	v5.95.0	FunctionController.list	GET	/applications/{application}/functions	application	-	-	-	List<Function>	-	-	typed	CLAIM-S2-R0444 source:spinnaker/clouddriver@v5.95.0 clouddriver-web/src/main/java/com/netflix/spinnaker/clouddriver/controllers/FunctionController.java:72
clouddriver	v5.95.0	ImageController.getImage	GET	/images/{provider}/{imageId}	provider,imageId	-	-	-	Image	-	-	typed	CLAIM-S2-R0445 source:spinnaker/clouddriver@v5.95.0 clouddriver-web/src/main/java/com/netflix/spinnaker/clouddriver/controllers/ImageController.java:36
clouddriver	v5.95.0	ServerGroupManagerController.getForApplication	GET	/applications/{application}/serverGroupManagers	application	-	-	-	Set<ServerGroupManager>	-	-	typed	CLAIM-S2-R0446 source:spinnaker/clouddriver@v5.95.0 clouddriver-web/src/main/java/com/netflix/spinnaker/clouddriver/controllers/ServerGroupManagerController.java:55
clouddriver	v5.95.0	ServiceBrokerController.listServices	GET	/servicebroker/{account}/services	account	cloudProvider:required,region:required	-	-	Collection<Service>	-	-	typed	CLAIM-S2-R0447 source:spinnaker/clouddriver@v5.95.0 clouddriver-web/src/main/java/com/netflix/spinnaker/clouddriver/controllers/ServiceBrokerController.java:46
clouddriver	v5.95.0	ServiceBrokerController.getServiceInstance	GET	/servicebroker/{account}/serviceInstance	account	cloudProvider:required,region:required,serviceInstanceName:required	-	-	ServiceInstance	-	-	typed	CLAIM-S2-R0448 source:spinnaker/clouddriver@v5.95.0 clouddriver-web/src/main/java/com/netflix/spinnaker/clouddriver/controllers/ServiceBrokerController.java:59
clouddriver	v5.95.0	EntityTagsAdminController.reindex	POST	/admin/tags/reindex	-	-	-	-	void	-	-	typed	CLAIM-S2-R0449 source:spinnaker/clouddriver@v5.95.0 clouddriver-web/src/main/java/com/netflix/spinnaker/clouddriver/controllers/admin/EntityTagsAdminController.java:43
clouddriver	v5.95.0	EntityTagsAdminController.delta	GET	/admin/tags/delta	-	-	-	-	Map	-	-	untyped-return	CLAIM-S2-R0450 source:spinnaker/clouddriver@v5.95.0 clouddriver-web/src/main/java/com/netflix/spinnaker/clouddriver/controllers/admin/EntityTagsAdminController.java:48
clouddriver	v5.95.0	EntityTagsAdminController.reconcile	POST	/admin/tags/reconcile	-	dryRun:optional,cloudProvider:required,account:optional,region:optional	-	-	Map	-	-	untyped-return	CLAIM-S2-R0451 source:spinnaker/clouddriver@v5.95.0 clouddriver-web/src/main/java/com/netflix/spinnaker/clouddriver/controllers/admin/EntityTagsAdminController.java:53
clouddriver	v5.95.0	EntityTagsAdminController.deleteByNamespace	POST	/admin/tags/deleteByNamespace/{namespace}	namespace	dryRun:optional,deleteFromSource:optional	-	-	Map	-	-	untyped-return	CLAIM-S2-R0452 source:spinnaker/clouddriver@v5.95.0 clouddriver-web/src/main/java/com/netflix/spinnaker/clouddriver/controllers/admin/EntityTagsAdminController.java:63
clouddriver	v5.95.0	EntityTagsAdminController.deleteByTag	POST	/admin/tags/deleteByTag/{tag}	tag	dryRun:optional,deleteFromSource:optional	-	-	Map	-	-	untyped-return	CLAIM-S2-R0453 source:spinnaker/clouddriver@v5.95.0 clouddriver-web/src/main/java/com/netflix/spinnaker/clouddriver/controllers/admin/EntityTagsAdminController.java:74
clouddriver	v5.95.0	YandexClusterController.getScalingActivities	GET	/applications/{application}/clusters/{account}/{clusterName}/yandex/serverGroups/{serverGroupName}/scalingActivities	application,account,clusterName,serverGroupName	region:required	-	-	List<Activity>	200,400,404	-	typed	CLAIM-S2-R0454 source:spinnaker/clouddriver@v5.95.0 clouddriver-yandex/src/main/java/com/netflix/spinnaker/clouddriver/yandex/controller/YandexClusterController.java:53
clouddriver	v5.95.0	YandexImageController.list	GET	/yandex/images/find	-	q:optional,account:optional	-	-	List<YandexImage>	-	-	typed	CLAIM-S2-R0455 source:spinnaker/clouddriver@v5.95.0 clouddriver-yandex/src/main/java/com/netflix/spinnaker/clouddriver/yandex/controller/YandexImageController.java:52
clouddriver	v5.95.0	YandexServiceAccountController.list	GET	/yandex/serviceAcounts/{account}	account	-	-	-	List<YandexCloudServiceAccount>	-	-	typed	CLAIM-S2-R0456 source:spinnaker/clouddriver@v5.95.0 clouddriver-yandex/src/main/java/com/netflix/spinnaker/clouddriver/yandex/controller/YandexServiceAccountController.java:44
front50	v2.41.0	AdminController.recover	POST	/admin/recover	-	-	-	AdminOperations.Recover	void	-	-	typed	CLAIM-S2-R0457 source:spinnaker/front50@v2.41.0 front50-web/src/main/java/com/netflix/spinnaker/front50/controllers/AdminController.java:43
front50	v2.41.0	DeliveryController.getAllConfigs	GET	/deliveries	-	-	-	-	Collection<Delivery>	-	-	typed	CLAIM-S2-R0458 source:spinnaker/front50@v2.41.0 front50-web/src/main/java/com/netflix/spinnaker/front50/controllers/DeliveryController.java:29
front50	v2.41.0	DeliveryController.getConfigByAppName	GET	/applications/{application}/deliveries	application	-	-	-	Collection<Delivery>	-	-	typed	CLAIM-S2-R0459 source:spinnaker/front50@v2.41.0 front50-web/src/main/java/com/netflix/spinnaker/front50/controllers/DeliveryController.java:36
front50	v2.41.0	DeliveryController.getConfigById	GET	/deliveries/{id}	id	-	-	-	Delivery	-	-	typed	CLAIM-S2-R0460 source:spinnaker/front50@v2.41.0 front50-web/src/main/java/com/netflix/spinnaker/front50/controllers/DeliveryController.java:43
front50	v2.41.0	DeliveryController.createConfig	POST	/deliveries	-	-	-	Delivery	Delivery	-	-	typed	CLAIM-S2-R0461 source:spinnaker/front50@v2.41.0 front50-web/src/main/java/com/netflix/spinnaker/front50/controllers/DeliveryController.java:50
front50	v2.41.0	DeliveryController.upsertConfig	PUT	/deliveries/{id}	id	-	-	Delivery	Delivery	-	-	typed	CLAIM-S2-R0462 source:spinnaker/front50@v2.41.0 front50-web/src/main/java/com/netflix/spinnaker/front50/controllers/DeliveryController.java:57
front50	v2.41.0	DeliveryController.deleteConfig	DELETE	/applications/{application}/deliveries/{id}	application,id	-	-	-	void	-	-	typed	CLAIM-S2-R0463 source:spinnaker/front50@v2.41.0 front50-web/src/main/java/com/netflix/spinnaker/front50/controllers/DeliveryController.java:75
front50	v2.41.0	NotificationController.list	GET	/notifications	-	-	-	-	Collection<Notification>	-	-	untyped-return	CLAIM-S2-R0464 source:spinnaker/front50@v2.41.0 front50-web/src/main/java/com/netflix/spinnaker/front50/controllers/NotificationController.java:33
front50	v2.41.0	NotificationController.getGlobal	GET	/notifications/global	-	-	-	-	Notification	-	-	untyped-return	CLAIM-S2-R0465 source:spinnaker/front50@v2.41.0 front50-web/src/main/java/com/netflix/spinnaker/front50/controllers/NotificationController.java:38
front50	v2.41.0	NotificationController.saveGlobal	POST	/notifications/global	-	-	-	Notification	void	-	-	untyped-body	CLAIM-S2-R0466 source:spinnaker/front50@v2.41.0 front50-web/src/main/java/com/netflix/spinnaker/front50/controllers/NotificationController.java:43
front50	v2.41.0	NotificationController.listByApplication	GET	/notifications/{type}/{name}	type,name	-	-	-	Notification	-	-	untyped-return	CLAIM-S2-R0467 source:spinnaker/front50@v2.41.0 front50-web/src/main/java/com/netflix/spinnaker/front50/controllers/NotificationController.java:49
front50	v2.41.0	NotificationController.batchUpdate	POST	/notifications/batchUpdate	-	-	-	List<Notification>	void	-	-	untyped-body	CLAIM-S2-R0468 source:spinnaker/front50@v2.41.0 front50-web/src/main/java/com/netflix/spinnaker/front50/controllers/NotificationController.java:74
front50	v2.41.0	NotificationController.save	POST	/notifications/{type}/{name}	type,name	-	-	Notification	void	-	-	untyped-body	CLAIM-S2-R0469 source:spinnaker/front50@v2.41.0 front50-web/src/main/java/com/netflix/spinnaker/front50/controllers/NotificationController.java:89
front50	v2.41.0	NotificationController.delete	DELETE	/notifications/{type}/{name}	type,name	-	-	-	void	-	-	typed	CLAIM-S2-R0470 source:spinnaker/front50@v2.41.0 front50-web/src/main/java/com/netflix/spinnaker/front50/controllers/NotificationController.java:101
front50	v2.41.0	PermissionsController.getAllApplicationPermissions	GET	/permissions/applications	-	-	-	-	Set<Application.Permission>	-	-	typed	CLAIM-S2-R0471 source:spinnaker/front50@v2.41.0 front50-web/src/main/java/com/netflix/spinnaker/front50/controllers/PermissionsController.java:20
front50	v2.41.0	PermissionsController.getApplicationPermission	GET	/permissions/applications/{appName:.+}	appName	-	-	-	Application.Permission	-	-	typed	CLAIM-S2-R0472 source:spinnaker/front50@v2.41.0 front50-web/src/main/java/com/netflix/spinnaker/front50/controllers/PermissionsController.java:25
front50	v2.41.0	PermissionsController.createApplicationPermission	POST	/permissions/applications	-	-	-	Application.Permission	Application.Permission	-	-	typed	CLAIM-S2-R0473 source:spinnaker/front50@v2.41.0 front50-web/src/main/java/com/netflix/spinnaker/front50/controllers/PermissionsController.java:31
front50	v2.41.0	PermissionsController.updateApplicationPermission	PUT	/permissions/applications/{appName:.+}	appName	-	-	Application.Permission	Application.Permission	-	-	typed	CLAIM-S2-R0474 source:spinnaker/front50@v2.41.0 front50-web/src/main/java/com/netflix/spinnaker/front50/controllers/PermissionsController.java:37
front50	v2.41.0	PermissionsController.deleteApplicationPermission	DELETE	/permissions/applications/{appName:.+}	appName	-	-	-	void	-	-	typed	CLAIM-S2-R0475 source:spinnaker/front50@v2.41.0 front50-web/src/main/java/com/netflix/spinnaker/front50/controllers/PermissionsController.java:43
front50	v2.41.0	PipelineController.list	GET	/pipelines	-	restricted:optional,refresh:optional,enabledPipelines:optional,enabledTriggers:optional,triggerTypes:optional	-	-	Collection<Pipeline>	-	-	typed	CLAIM-S2-R0476 source:spinnaker/front50@v2.41.0 front50-web/src/main/java/com/netflix/spinnaker/front50/controllers/PipelineController.java:109
front50	v2.41.0	PipelineController.getTriggeredPipelines	GET	/pipelines/triggeredBy/{id:.+}/{status}	id,status	restricted:optional,refresh:optional	-	-	Collection<Pipeline>	-	-	typed	CLAIM-S2-R0477 source:spinnaker/front50@v2.41.0 front50-web/src/main/java/com/netflix/spinnaker/front50/controllers/PipelineController.java:164
front50	v2.41.0	PipelineController.listByApplication	GET	/pipelines/{application:.+}	application	pipelineNameFilter:optional,refresh:optional,enabledPipelines:optional	-	-	List<Pipeline>	-	-	typed	CLAIM-S2-R0478 source:spinnaker/front50@v2.41.0 front50-web/src/main/java/com/netflix/spinnaker/front50/controllers/PipelineController.java:201
front50	v2.41.0	PipelineController.getHistory	GET	/pipelines/{id:.+}/history	id	limit:optional	-	-	Collection<Pipeline>	-	-	typed	CLAIM-S2-R0479 source:spinnaker/front50@v2.41.0 front50-web/src/main/java/com/netflix/spinnaker/front50/controllers/PipelineController.java:263
front50	v2.41.0	PipelineController.get	GET	/pipelines/{id:.+}/get	id	-	-	-	Pipeline	-	-	typed	CLAIM-S2-R0480 source:spinnaker/front50@v2.41.0 front50-web/src/main/java/com/netflix/spinnaker/front50/controllers/PipelineController.java:271
front50	v2.41.0	PipelineController.getByApplicationAndName	GET	/pipelines/{application:.+}/name/{name:.+}	application,name	refresh:optional	-	-	Pipeline	-	-	typed	CLAIM-S2-R0481 source:spinnaker/front50@v2.41.0 front50-web/src/main/java/com/netflix/spinnaker/front50/controllers/PipelineController.java:278
front50	v2.41.0	PipelineController.save	POST	/pipelines	-	staleCheck:optional	-	Pipeline	Pipeline	-	-	typed	CLAIM-S2-R0482 source:spinnaker/front50@v2.41.0 front50-web/src/main/java/com/netflix/spinnaker/front50/controllers/PipelineController.java:290
front50	v2.41.0	PipelineController.batchUpdate	POST	/pipelines/batchUpdate	-	staleCheck:optional	-	List<Map<String, Object>>	Map<String, Object>	-	-	untyped-both	CLAIM-S2-R0483 source:spinnaker/front50@v2.41.0 front50-web/src/main/java/com/netflix/spinnaker/front50/controllers/PipelineController.java:322
front50	v2.41.0	PipelineController.delete	DELETE	/pipelines/{application}/{pipeline:.+}	application,pipeline	-	-	-	void	-	-	typed	CLAIM-S2-R0484 source:spinnaker/front50@v2.41.0 front50-web/src/main/java/com/netflix/spinnaker/front50/controllers/PipelineController.java:389
front50	v2.41.0	PipelineController.update	PUT	/pipelines/{id}	id	staleCheck:optional	-	Pipeline	Pipeline	-	-	typed	CLAIM-S2-R0485 source:spinnaker/front50@v2.41.0 front50-web/src/main/java/com/netflix/spinnaker/front50/controllers/PipelineController.java:409
front50	v2.41.0	PipelineTemplateController.list	GET	/pipelineTemplates	-	scopes:optional	-	-	List<PipelineTemplate>	-	-	untyped-return	CLAIM-S2-R0486 source:spinnaker/front50@v2.41.0 front50-web/src/main/java/com/netflix/spinnaker/front50/controllers/PipelineTemplateController.java:60
front50	v2.41.0	PipelineTemplateController.save	POST	/pipelineTemplates	-	-	-	PipelineTemplate	void	-	-	untyped-body	CLAIM-S2-R0487 source:spinnaker/front50@v2.41.0 front50-web/src/main/java/com/netflix/spinnaker/front50/controllers/PipelineTemplateController.java:66
front50	v2.41.0	PipelineTemplateController.get	GET	/pipelineTemplates/{id}	id	-	-	-	PipelineTemplate	-	-	untyped-return	CLAIM-S2-R0488 source:spinnaker/front50@v2.41.0 front50-web/src/main/java/com/netflix/spinnaker/front50/controllers/PipelineTemplateController.java:72
front50	v2.41.0	PipelineTemplateController.update	PUT	/pipelineTemplates/{id}	id	-	-	PipelineTemplate	PipelineTemplate	-	-	untyped-both	CLAIM-S2-R0489 source:spinnaker/front50@v2.41.0 front50-web/src/main/java/com/netflix/spinnaker/front50/controllers/PipelineTemplateController.java:77
front50	v2.41.0	PipelineTemplateController.delete	DELETE	/pipelineTemplates/{id}	id	-	-	-	void	-	-	typed	CLAIM-S2-R0490 source:spinnaker/front50@v2.41.0 front50-web/src/main/java/com/netflix/spinnaker/front50/controllers/PipelineTemplateController.java:94
front50	v2.41.0	PipelineTemplateController.listDependentPipelines	GET	/pipelineTemplates/{id}/dependentPipelines	id	recursive:optional	-	-	List<Pipeline>	-	-	typed	CLAIM-S2-R0491 source:spinnaker/front50@v2.41.0 front50-web/src/main/java/com/netflix/spinnaker/front50/controllers/PipelineTemplateController.java:101
front50	v2.41.0	PluginBinaryController.upload	POST	/pluginBinaries/{id}/{version}	id,version	sha512sum:required,plugin:required	-	-	void	201	-	typed	CLAIM-S2-R0492 source:spinnaker/front50@v2.41.0 front50-web/src/main/java/com/netflix/spinnaker/front50/controllers/PluginBinaryController.java:39
front50	v2.41.0	PluginBinaryController.getBinary	GET	/pluginBinaries/{id}/{version}	id,version	-	-	-	byte[]	200	-	typed	CLAIM-S2-R0493 source:spinnaker/front50@v2.41.0 front50-web/src/main/java/com/netflix/spinnaker/front50/controllers/PluginBinaryController.java:51
front50	v2.41.0	PluginInfoController.list	GET	/pluginInfo	-	service:optional	-	-	Collection<PluginInfo>	-	-	typed	CLAIM-S2-R0494 source:spinnaker/front50@v2.41.0 front50-web/src/main/java/com/netflix/spinnaker/front50/controllers/PluginInfoController.java:48
front50	v2.41.0	PluginInfoController.get	GET	/pluginInfo/{id}	id	-	-	-	PluginInfo	-	-	typed	CLAIM-S2-R0495 source:spinnaker/front50@v2.41.0 front50-web/src/main/java/com/netflix/spinnaker/front50/controllers/PluginInfoController.java:55
front50	v2.41.0	PluginInfoController.upsert	POST	/pluginInfo	-	-	-	PluginInfo	PluginInfo	-	-	typed	CLAIM-S2-R0496 source:spinnaker/front50@v2.41.0 front50-web/src/main/java/com/netflix/spinnaker/front50/controllers/PluginInfoController.java:60
front50	v2.41.0	PluginInfoController.delete	DELETE	/pluginInfo/{id}	id	-	-	-	void	204	-	typed	CLAIM-S2-R0497 source:spinnaker/front50@v2.41.0 front50-web/src/main/java/com/netflix/spinnaker/front50/controllers/PluginInfoController.java:66
front50	v2.41.0	PluginInfoController.createRelease	POST	/pluginInfo/{id}/releases	id	-	-	PluginInfo.Release	PluginInfo	-	-	typed	CLAIM-S2-R0498 source:spinnaker/front50@v2.41.0 front50-web/src/main/java/com/netflix/spinnaker/front50/controllers/PluginInfoController.java:72
front50	v2.41.0	PluginInfoController.upsertRelease	PUT	/pluginInfo/{id}/releases	id	-	-	PluginInfo.Release	PluginInfo	-	-	typed	CLAIM-S2-R0499 source:spinnaker/front50@v2.41.0 front50-web/src/main/java/com/netflix/spinnaker/front50/controllers/PluginInfoController.java:79
front50	v2.41.0	PluginInfoController.preferReleaseVersion	PUT	/pluginInfo/{id}/releases/{releaseVersion}	id,releaseVersion	preferred:required	-	-	PluginInfo.Release	-	-	typed	CLAIM-S2-R0500 source:spinnaker/front50@v2.41.0 front50-web/src/main/java/com/netflix/spinnaker/front50/controllers/PluginInfoController.java:86
front50	v2.41.0	PluginInfoController.deleteRelease	DELETE	/pluginInfo/{id}/releases/{releaseVersion}	id,releaseVersion	-	-	-	PluginInfo	204	-	typed	CLAIM-S2-R0501 source:spinnaker/front50@v2.41.0 front50-web/src/main/java/com/netflix/spinnaker/front50/controllers/PluginInfoController.java:95
front50	v2.41.0	PluginVersionController.pinVersions	PUT	/pluginVersions/{serverGroupName}	serverGroupName	location:required,serviceName:required	-	Map<String, String>	Map<String, PluginInfo.Release>	-	-	untyped-both	CLAIM-S2-R0502 source:spinnaker/front50@v2.41.0 front50-web/src/main/java/com/netflix/spinnaker/front50/controllers/PluginVersionController.java:40
front50	v2.41.0	ReorderPipelinesController.reorderPipelines	POST	/actions/pipelines/reorder	-	-	-	Map<String, Object>	void	-	-	untyped-body	CLAIM-S2-R0503 source:spinnaker/front50@v2.41.0 front50-web/src/main/java/com/netflix/spinnaker/front50/controllers/ReorderPipelinesController.java:39
front50	v2.41.0	ReorderPipelinesController.reorderPipelineStrategies	POST	/actions/strategies/reorder	-	-	-	Map<String, Object>	void	-	-	untyped-body	CLAIM-S2-R0504 source:spinnaker/front50@v2.41.0 front50-web/src/main/java/com/netflix/spinnaker/front50/controllers/ReorderPipelinesController.java:44
front50	v2.41.0	ServiceAccountsController.getAllServiceAccounts	GET	/serviceAccounts	-	-	-	-	Set<ServiceAccount>	-	-	typed	CLAIM-S2-R0505 source:spinnaker/front50@v2.41.0 front50-web/src/main/java/com/netflix/spinnaker/front50/controllers/ServiceAccountsController.java:40
front50	v2.41.0	ServiceAccountsController.createServiceAccount	POST	/serviceAccounts	-	-	-	ServiceAccount	ServiceAccount	-	-	typed	CLAIM-S2-R0506 source:spinnaker/front50@v2.41.0 front50-web/src/main/java/com/netflix/spinnaker/front50/controllers/ServiceAccountsController.java:45
front50	v2.41.0	ServiceAccountsController.deleteServiceAccount	DELETE	/serviceAccounts/{serviceAccountId:.+}	serviceAccountId	-	-	-	void	-	-	typed	CLAIM-S2-R0507 source:spinnaker/front50@v2.41.0 front50-web/src/main/java/com/netflix/spinnaker/front50/controllers/ServiceAccountsController.java:50
front50	v2.41.0	SnapshotsController.getHistory	GET	/snapshots/{id:.+}/history	id	limit:optional	-	-	Collection<Snapshot>	-	-	typed	CLAIM-S2-R0508 source:spinnaker/front50@v2.41.0 front50-web/src/main/java/com/netflix/spinnaker/front50/controllers/SnapshotsController.java:49
front50	v2.41.0	SnapshotsController.getCurrent	GET	/snapshots/{id:.+}	id	-	-	-	Snapshot	-	-	typed	CLAIM-S2-R0509 source:spinnaker/front50@v2.41.0 front50-web/src/main/java/com/netflix/spinnaker/front50/controllers/SnapshotsController.java:56
front50	v2.41.0	SnapshotsController.getVersionByTimestamp	GET	/snapshots/{id:.+}/{timestamp:.+}	id,timestamp	limit:optional	-	-	Snapshot	-	-	typed	CLAIM-S2-R0510 source:spinnaker/front50@v2.41.0 front50-web/src/main/java/com/netflix/spinnaker/front50/controllers/SnapshotsController.java:62
front50	v2.41.0	SnapshotsController.save	POST	/snapshots	-	-	-	Snapshot	void	-	-	typed	CLAIM-S2-R0511 source:spinnaker/front50@v2.41.0 front50-web/src/main/java/com/netflix/spinnaker/front50/controllers/SnapshotsController.java:75
front50	v2.41.0	StrategyController.list	GET	/strategies	-	-	-	-	Collection<Pipeline>	-	-	typed	CLAIM-S2-R0512 source:spinnaker/front50@v2.41.0 front50-web/src/main/java/com/netflix/spinnaker/front50/controllers/StrategyController.java:43
front50	v2.41.0	StrategyController.listByApplication	GET	/strategies/{application:.+}	application	-	-	-	Collection<Pipeline>	-	-	typed	CLAIM-S2-R0513 source:spinnaker/front50@v2.41.0 front50-web/src/main/java/com/netflix/spinnaker/front50/controllers/StrategyController.java:49
front50	v2.41.0	StrategyController.getHistory	GET	/strategies/{id:.+}/history	id	limit:optional	-	-	Collection<Pipeline>	-	-	typed	CLAIM-S2-R0514 source:spinnaker/front50@v2.41.0 front50-web/src/main/java/com/netflix/spinnaker/front50/controllers/StrategyController.java:56
front50	v2.41.0	StrategyController.save	POST	/strategies	-	-	-	Pipeline	void	-	-	typed	CLAIM-S2-R0515 source:spinnaker/front50@v2.41.0 front50-web/src/main/java/com/netflix/spinnaker/front50/controllers/StrategyController.java:63
front50	v2.41.0	StrategyController.batchUpdate	POST	/strategies/batchUpdate	-	-	-	List<Pipeline>	void	-	-	typed	CLAIM-S2-R0516 source:spinnaker/front50@v2.41.0 front50-web/src/main/java/com/netflix/spinnaker/front50/controllers/StrategyController.java:80
front50	v2.41.0	StrategyController.delete	DELETE	/strategies/{application}/{strategy:.+}	application,strategy	-	-	-	void	-	-	typed	CLAIM-S2-R0517 source:spinnaker/front50@v2.41.0 front50-web/src/main/java/com/netflix/spinnaker/front50/controllers/StrategyController.java:86
front50	v2.41.0	StrategyController.update	PUT	/strategies/{id}	id	-	-	Pipeline	Pipeline	-	-	typed	CLAIM-S2-R0518 source:spinnaker/front50@v2.41.0 front50-web/src/main/java/com/netflix/spinnaker/front50/controllers/StrategyController.java:96
front50	v2.41.0	V2PipelineTemplateController.list	GET	/v2/pipelineTemplates	-	scopes:optional	-	-	List<PipelineTemplate>	-	-	untyped-return	CLAIM-S2-R0519 source:spinnaker/front50@v2.41.0 front50-web/src/main/java/com/netflix/spinnaker/front50/controllers/V2PipelineTemplateController.java:73
front50	v2.41.0	V2PipelineTemplateController.listVersions	GET	/v2/pipelineTemplates/versions	-	scopes:optional	-	-	Map<String, List<PipelineTemplate>>	-	-	untyped-return	CLAIM-S2-R0520 source:spinnaker/front50@v2.41.0 front50-web/src/main/java/com/netflix/spinnaker/front50/controllers/V2PipelineTemplateController.java:80
front50	v2.41.0	V2PipelineTemplateController.save	POST	/v2/pipelineTemplates	-	tag:optional	-	PipelineTemplate	void	-	-	untyped-body	CLAIM-S2-R0521 source:spinnaker/front50@v2.41.0 front50-web/src/main/java/com/netflix/spinnaker/front50/controllers/V2PipelineTemplateController.java:88
front50	v2.41.0	V2PipelineTemplateController.update	PUT	/v2/pipelineTemplates/{id}	id	tag:optional	-	PipelineTemplate	PipelineTemplate	-	-	untyped-both	CLAIM-S2-R0522 source:spinnaker/front50@v2.41.0 front50-web/src/main/java/com/netflix/spinnaker/front50/controllers/V2PipelineTemplateController.java:121
front50	v2.41.0	V2PipelineTemplateController.get	GET	/v2/pipelineTemplates/{id}	id	tag:optional,digest:optional	-	-	PipelineTemplate	-	-	untyped-return	CLAIM-S2-R0523 source:spinnaker/front50@v2.41.0 front50-web/src/main/java/com/netflix/spinnaker/front50/controllers/V2PipelineTemplateController.java:148
front50	v2.41.0	V2PipelineTemplateController.delete	DELETE	/v2/pipelineTemplates/{id}	id	tag:optional,digest:optional	-	-	void	-	-	typed	CLAIM-S2-R0524 source:spinnaker/front50@v2.41.0 front50-web/src/main/java/com/netflix/spinnaker/front50/controllers/V2PipelineTemplateController.java:163
front50	v2.41.0	V2PipelineTemplateController.listDependentPipelines	GET	/v2/pipelineTemplates/{id}/dependentPipelines	id	-	-	-	List<Pipeline>	-	-	typed	CLAIM-S2-R0525 source:spinnaker/front50@v2.41.0 front50-web/src/main/java/com/netflix/spinnaker/front50/controllers/V2PipelineTemplateController.java:175
front50	v2.41.0	ApplicationsController.applications	GET	/v2/applications	-	pageSize:optional,restricted:optional,params:required	-	-	List<Application>	-	-	typed	CLAIM-S2-R0526 source:spinnaker/front50@v2.41.0 front50-web/src/main/java/com/netflix/spinnaker/front50/controllers/v2/ApplicationsController.java:70
front50	v2.41.0	ApplicationsController.create	POST	/v2/applications	-	-	-	Application	Application	-	-	typed	CLAIM-S2-R0527 source:spinnaker/front50@v2.41.0 front50-web/src/main/java/com/netflix/spinnaker/front50/controllers/v2/ApplicationsController.java:118
front50	v2.41.0	ApplicationsController.delete	DELETE	/v2/applications/{applicationName:.+}	applicationName	-	-	-	void	204	-	typed	CLAIM-S2-R0528 source:spinnaker/front50@v2.41.0 front50-web/src/main/java/com/netflix/spinnaker/front50/controllers/v2/ApplicationsController.java:140
front50	v2.41.0	ApplicationsController.update	PATCH	/v2/applications/{applicationName:.+}	applicationName	-	-	Application	Application	-	-	typed	CLAIM-S2-R0529 source:spinnaker/front50@v2.41.0 front50-web/src/main/java/com/netflix/spinnaker/front50/controllers/v2/ApplicationsController.java:148
front50	v2.41.0	ApplicationsController.replace	PUT	/v2/applications/{applicationName:.+}	applicationName	-	-	Application	Application	-	-	typed	CLAIM-S2-R0530 source:spinnaker/front50@v2.41.0 front50-web/src/main/java/com/netflix/spinnaker/front50/controllers/v2/ApplicationsController.java:165
front50	v2.41.0	ApplicationsController.get	GET	/v2/applications/{applicationName:.+}	applicationName	-	-	-	Application	-	-	typed	CLAIM-S2-R0531 source:spinnaker/front50@v2.41.0 front50-web/src/main/java/com/netflix/spinnaker/front50/controllers/v2/ApplicationsController.java:180
front50	v2.41.0	ApplicationsController.getHistory	GET	/v2/applications/{applicationName:.+}/history	applicationName	limit:optional	-	-	Collection<Application>	-	-	typed	CLAIM-S2-R0532 source:spinnaker/front50@v2.41.0 front50-web/src/main/java/com/netflix/spinnaker/front50/controllers/v2/ApplicationsController.java:200
front50	v2.41.0	ApplicationsController.batchUpdate	POST	/v2/applications/batch/applications	-	-	-	Collection<Application>	void	-	-	typed	CLAIM-S2-R0533 source:spinnaker/front50@v2.41.0 front50-web/src/main/java/com/netflix/spinnaker/front50/controllers/v2/ApplicationsController.java:208
front50	v2.41.0	EntityTagsController.tags	GET	/v2/tags	-	prefix:optional,ids:optional,refresh:optional	-	-	Set<EntityTags>	-	produces=application/json	typed	CLAIM-S2-R0534 source:spinnaker/front50@v2.41.0 front50-web/src/main/java/com/netflix/spinnaker/front50/controllers/v2/EntityTagsController.java:34
front50	v2.41.0	EntityTagsController.tag	GET	/v2/tags/**	-	-	-	-	EntityTags	-	produces=application/json	typed	CLAIM-S2-R0535 source:spinnaker/front50@v2.41.0 front50-web/src/main/java/com/netflix/spinnaker/front50/controllers/v2/EntityTagsController.java:67
front50	v2.41.0	EntityTagsController.create	POST	/v2/tags	-	-	-	EntityTags	EntityTags	-	produces=application/json	typed	CLAIM-S2-R0536 source:spinnaker/front50@v2.41.0 front50-web/src/main/java/com/netflix/spinnaker/front50/controllers/v2/EntityTagsController.java:78
front50	v2.41.0	EntityTagsController.batchUpdate	POST	/v2/tags/batchUpdate	-	-	-	Collection<EntityTags>	Collection<EntityTags>	-	produces=application/json	typed	CLAIM-S2-R0537 source:spinnaker/front50@v2.41.0 front50-web/src/main/java/com/netflix/spinnaker/front50/controllers/v2/EntityTagsController.java:85
front50	v2.41.0	EntityTagsController.batchDelete	POST	/v2/tags/batchDelete	-	-	-	Collection<String>	void	-	produces=application/json	typed	CLAIM-S2-R0538 source:spinnaker/front50@v2.41.0 front50-web/src/main/java/com/netflix/spinnaker/front50/controllers/v2/EntityTagsController.java:96
front50	v2.41.0	EntityTagsController.delete	DELETE	/v2/tags/**	-	-	-	-	void	204	produces=application/json	typed	CLAIM-S2-R0539 source:spinnaker/front50@v2.41.0 front50-web/src/main/java/com/netflix/spinnaker/front50/controllers/v2/EntityTagsController.java:104
front50	v2.41.0	ProjectsController.search	GET	/v2/projects/search	-	q:required	-	-	Set<Project>	-	produces=application/json	typed	CLAIM-S2-R0540 source:spinnaker/front50@v2.41.0 front50-web/src/main/java/com/netflix/spinnaker/front50/controllers/v2/ProjectsController.java:52
front50	v2.41.0	ProjectsController.projects	GET	/v2/projects	-	pageSize:optional,params:required	-	-	List<Project>	-	produces=application/json	typed	CLAIM-S2-R0541 source:spinnaker/front50@v2.41.0 front50-web/src/main/java/com/netflix/spinnaker/front50/controllers/v2/ProjectsController.java:71
front50	v2.41.0	ProjectsController.project	GET	/v2/projects/{projectId}	projectId	-	-	-	Project	-	produces=application/json	typed	CLAIM-S2-R0542 source:spinnaker/front50@v2.41.0 front50-web/src/main/java/com/netflix/spinnaker/front50/controllers/v2/ProjectsController.java:82
front50	v2.41.0	ProjectsController.put	PUT	/v2/projects/{projectId}	projectId	-	-	Project	Project	-	produces=application/json	typed	CLAIM-S2-R0543 source:spinnaker/front50@v2.41.0 front50-web/src/main/java/com/netflix/spinnaker/front50/controllers/v2/ProjectsController.java:92
front50	v2.41.0	ProjectsController.create	POST	/v2/projects	-	-	-	Project	Project	-	produces=application/json	typed	CLAIM-S2-R0544 source:spinnaker/front50@v2.41.0 front50-web/src/main/java/com/netflix/spinnaker/front50/controllers/v2/ProjectsController.java:114
front50	v2.41.0	ProjectsController.delete	DELETE	/v2/projects/{projectId}	projectId	-	-	-	void	202	produces=application/json	typed	CLAIM-S2-R0545 source:spinnaker/front50@v2.41.0 front50-web/src/main/java/com/netflix/spinnaker/front50/controllers/v2/ProjectsController.java:206
front50	v2.41.0	ProjectsController.batchUpdate	POST	/v2/projects/batchUpdate	-	-	-	Collection<Project>	void	202	produces=application/json	typed	CLAIM-S2-R0546 source:spinnaker/front50@v2.41.0 front50-web/src/main/java/com/netflix/spinnaker/front50/controllers/v2/ProjectsController.java:212
echo	v2.47.2	NotificationController.create	POST	/notifications	-	-	-	Notification	EchoResponse	-	-	polymorphic	CLAIM-S2-R0547 source:spinnaker/echo@v2.47.2 echo-notifications/src/main/java/com/netflix/spinnaker/echo/controller/NotificationController.java:62
echo	v2.47.2	NotificationController.processCallback	POST	/notifications/callbacks/{source}	source	-	-	-	String	-	consumes=application/x-www-form-urlencoded;produces=application/json	typed	CLAIM-S2-R0548 source:spinnaker/echo@v2.47.2 echo-notifications/src/main/java/com/netflix/spinnaker/echo/controller/NotificationController.java:97
echo	v2.47.2	NotificationController.getNotificationTypeMetadata	GET	/notifications/metadata	-	-	-	-	List<NotificationAgent>	-	-	typed	CLAIM-S2-R0549 source:spinnaker/echo@v2.47.2 echo-notifications/src/main/java/com/netflix/spinnaker/echo/controller/NotificationController.java:107
echo	v2.47.2	QuietPeriodController.getQuietPeriodStatus	GET	/quietPeriod	-	-	-	-	QuietPeriodStatus	-	-	typed	CLAIM-S2-R0550 source:spinnaker/echo@v2.47.2 echo-pipelinetriggers/src/main/java/com/netflix/spinnaker/echo/pipelinetriggers/QuietPeriodController.java:33
echo	v2.47.2	PubsubController.getSubscriptions	GET	/pubsub/subscriptions	-	-	-	-	List<PubsubSubscriptionBySystem>	-	-	typed	CLAIM-S2-R0551 source:spinnaker/echo@v2.47.2 echo-pubsub-core/src/main/java/com/netflix/spinnaker/echo/pubsub/PubsubController.java:37
echo	v2.47.2	PubsubController.getPublishers	GET	/pubsub/publishers	-	-	-	-	List<PubsubPublishersBySystem>	-	-	typed	CLAIM-S2-R0552 source:spinnaker/echo@v2.47.2 echo-pubsub-core/src/main/java/com/netflix/spinnaker/echo/pubsub/PubsubController.java:56
echo	v2.47.2	HistoryController.saveHistory	POST	/	-	-	-	Event	void	-	-	typed	CLAIM-S2-R0553 source:spinnaker/echo@v2.47.2 echo-web/src/main/java/com/netflix/spinnaker/echo/history/HistoryController.java:35
echo	v2.47.2	ScheduledActionsController.getAllScheduledActions	GET	/scheduledActions	-	-	-	-	TriggerListResponse	-	-	typed	CLAIM-S2-R0554 source:spinnaker/echo@v2.47.2 echo-web/src/main/java/com/netflix/spinnaker/echo/scheduler/ScheduledActionsController.java:53
echo	v2.47.2	ScheduledActionsController.createScheduledAction	POST	/scheduledActions	-	-	-	TriggerDescription	TriggerDescription	201	-	typed	CLAIM-S2-R0555 source:spinnaker/echo@v2.47.2 echo-web/src/main/java/com/netflix/spinnaker/echo/scheduler/ScheduledActionsController.java:77
echo	v2.47.2	ScheduledActionsController.deleteScheduledAction	DELETE	/scheduledActions/{id}	id	-	-	-	TriggerDescription	202	-	typed	CLAIM-S2-R0556 source:spinnaker/echo@v2.47.2 echo-web/src/main/java/com/netflix/spinnaker/echo/scheduler/ScheduledActionsController.java:132
echo	v2.47.2	ValidationController.validateCronExpression	GET	/validateCronExpression	-	cronExpression:required	-	-	Map<String, Object>	200	-	untyped-return	CLAIM-S2-R0557 source:spinnaker/echo@v2.47.2 echo-web/src/main/java/com/netflix/spinnaker/echo/scheduler/ValidationController.java:35
echo	v2.47.2	WebhooksController.forwardEvent	POST	/webhooks/{type}/{source}	type,source	-	headers:required	String	WebhooksController.WebhookResponse	-	-	typed	CLAIM-S2-R0558 source:spinnaker/echo@v2.47.2 echo-webhooks/src/main/groovy/com/netflix/spinnaker/echo/controllers/WebhooksController.groovy:51
echo	v2.47.2	WebhooksController.forwardEvent	POST	/webhooks/{type}	type	-	headers:required	Map	WebhooksController.WebhookResponse	-	-	untyped-body	CLAIM-S2-R0559 source:spinnaker/echo@v2.47.2 echo-webhooks/src/main/groovy/com/netflix/spinnaker/echo/controllers/WebhooksController.groovy:116
echo	v2.47.2	WebhooksController.forwardEvent	POST	/webhooks/cdevents/{source}	source	-	headers:required	CloudEvent	void	200	-	typed	CLAIM-S2-R0560 source:spinnaker/echo@v2.47.2 echo-webhooks/src/main/groovy/com/netflix/spinnaker/echo/controllers/WebhooksController.groovy:137
igor	v4.22.0	ArtifactoryController.getArtifactoryNames	GET	/artifactory/names	-	-	-	-	List<String>	-	-	typed	CLAIM-S2-R0561 source:spinnaker/igor@v4.22.0 igor-monitor-artifactory/src/main/java/com/netflix/spinnaker/igor/artifactory/ArtifactoryController.java:39
igor	v4.22.0	AdminController.fastForward	POST	/admin/pollers/fastforward/{monitorName}	monitorName	partition:optional	-	-	void	204	-	typed	CLAIM-S2-R0562 source:spinnaker/igor@v4.22.0 igor-web/src/main/groovy/com/netflix/spinnaker/igor/admin/AdminController.java:56
igor	v4.22.0	BuildController.getJobStatus	ANY	/builds/status/{buildNumber}/{master:.+}/**	buildNumber,master	-	-	-	GenericBuild	-	-	typed	CLAIM-S2-R0733 source:spinnaker/igor@v4.22.0 igor-web/src/main/groovy/com/netflix/spinnaker/igor/build/BuildController.groovy:101
igor	v4.22.0	BuildController.getJobStatus	ANY	/builds/status/{buildNumber}/{master}	buildNumber,master	job:required	-	-	GenericBuild	-	-	typed	CLAIM-S2-R0734 source:spinnaker/igor@v4.22.0 igor-web/src/main/groovy/com/netflix/spinnaker/igor/build/BuildController.groovy:111
igor	v4.22.0	BuildController.getBuildResults	ANY	/builds/artifacts/{buildNumber}/{master:.+}/**	buildNumber,master	-	-	-	List<Artifact>	-	-	typed	CLAIM-S2-R0735 source:spinnaker/igor@v4.22.0 igor-web/src/main/groovy/com/netflix/spinnaker/igor/build/BuildController.groovy:121
igor	v4.22.0	BuildController.getBuildResults	ANY	/builds/artifacts/{buildNumber}/{master}	buildNumber,master	job:required	-	-	List<Artifact>	-	-	typed	CLAIM-S2-R0736 source:spinnaker/igor@v4.22.0 igor-web/src/main/groovy/com/netflix/spinnaker/igor/build/BuildController.groovy:137
igor	v4.22.0	BuildController.getQueueLocation	ANY	/builds/queue/{master}/{item}	master,item	-	-	-	Object	-	-	untyped-return	CLAIM-S2-R0737 source:spinnaker/igor@v4.22.0 igor-web/src/main/groovy/com/netflix/spinnaker/igor/build/BuildController.groovy:150
igor	v4.22.0	BuildController.getBuilds	ANY	/builds/all/{master:.+}/**	master	-	-	-	List<Object>	-	-	untyped-return	CLAIM-S2-R0738 source:spinnaker/igor@v4.22.0 igor-web/src/main/groovy/com/netflix/spinnaker/igor/build/BuildController.groovy:157
igor	v4.22.0	BuildController.stop	PUT	/masters/{name}/jobs/{jobName}/stop/{queuedBuild}/{buildNumber}	name,jobName,queuedBuild,buildNumber	-	-	-	String	-	-	typed	CLAIM-S2-R0739 source:spinnaker/igor@v4.22.0 igor-web/src/main/groovy/com/netflix/spinnaker/igor/build/BuildController.groovy:166
igor	v4.22.0	BuildController.stopWithQueryParam	PUT	/masters/{master}/jobs/stop/{queuedBuild}/{buildNumber}	master,queuedBuild,buildNumber	jobName:required	-	-	String	-	-	typed	CLAIM-S2-R0740 source:spinnaker/igor@v4.22.0 igor-web/src/main/groovy/com/netflix/spinnaker/igor/build/BuildController.groovy:177
igor	v4.22.0	BuildController.update	PATCH	/masters/{name}/jobs/**/update/{buildNumber}	name,buildNumber	-	-	UpdatedBuild	void	-	-	typed	CLAIM-S2-R0741 source:spinnaker/igor@v4.22.0 igor-web/src/main/groovy/com/netflix/spinnaker/igor/build/BuildController.groovy:216
igor	v4.22.0	BuildController.build	PUT	/masters/{name}/jobs/**	name	requestParams:required	-	String	String	202	-	typed	CLAIM-S2-R0742 source:spinnaker/igor@v4.22.0 igor-web/src/main/groovy/com/netflix/spinnaker/igor/build/BuildController.groovy:234
igor	v4.22.0	BuildController.getProperties	ANY	/builds/properties/{buildNumber}/{fileName}/{master:.+}/**	buildNumber,fileName,master	-	-	-	Map<String, Object>	-	-	untyped-return	CLAIM-S2-R0743 source:spinnaker/igor@v4.22.0 igor-web/src/main/groovy/com/netflix/spinnaker/igor/build/BuildController.groovy:335
igor	v4.22.0	BuildController.getProperties	ANY	/builds/properties/{buildNumber}/{fileName}/{master}	buildNumber,fileName,master	job:required	-	-	Map<String, Object>	-	-	untyped-return	CLAIM-S2-R0744 source:spinnaker/igor@v4.22.0 igor-web/src/main/groovy/com/netflix/spinnaker/igor/build/BuildController.groovy:353
igor	v4.22.0	InfoController.listMasters	GET	/masters	-	type:optional	-	-	List<String>	-	-	typed	CLAIM-S2-R0745 source:spinnaker/igor@v4.22.0 igor-web/src/main/groovy/com/netflix/spinnaker/igor/build/InfoController.groovy:56
igor	v4.22.0	InfoController.getAllBuildServices	GET	/buildServices	-	-	-	-	List<BuildService>	-	-	typed	CLAIM-S2-R0746 source:spinnaker/igor@v4.22.0 igor-web/src/main/groovy/com/netflix/spinnaker/igor/build/InfoController.groovy:69
igor	v4.22.0	InfoController.getJobs	GET	/jobs/{master:.+}	master	-	-	-	List<String>	-	-	typed	CLAIM-S2-R0747 source:spinnaker/igor@v4.22.0 igor-web/src/main/groovy/com/netflix/spinnaker/igor/build/InfoController.groovy:80
igor	v4.22.0	InfoController.getJobConfig	ANY	/jobs/{master:.+}/**	master	-	-	-	Object	-	-	untyped-return	CLAIM-S2-R0748 source:spinnaker/igor@v4.22.0 igor-web/src/main/groovy/com/netflix/spinnaker/igor/build/InfoController.groovy:116
igor	v4.22.0	AbstractCommitController.compareCommits	GET	/{projectKey}/{repositorySlug}/compareCommits	projectKey,repositorySlug	requestParams:required	-	-	List<Map<String, Object>>	-	-	untyped-return	CLAIM-S2-R0563 source:spinnaker/igor@v4.22.0 igor-web/src/main/groovy/com/netflix/spinnaker/igor/scm/AbstractCommitController.java:43
igor	v4.22.0	ScmInfoController.listMasters	GET	/scm/masters	-	-	-	-	Map	-	-	untyped-return	CLAIM-S2-R0564 source:spinnaker/igor@v4.22.0 igor-web/src/main/groovy/com/netflix/spinnaker/igor/scm/ScmInfoController.groovy:48
igor	v4.22.0	CommitController.compareCommits	GET	/bitbucket/{projectKey}/{repositorySlug}/compareCommits	projectKey,repositorySlug	requestParams:required	-	-	List	-	-	raw-generic	CLAIM-S2-R0565 source:spinnaker/igor@v4.22.0 igor-web/src/main/groovy/com/netflix/spinnaker/igor/scm/bitbucket/CommitController.groovy:47
igor	v4.22.0	CommitController.compareCommits	GET	/github/{projectKey}/{repositorySlug}/compareCommits	projectKey,repositorySlug	requestParams:required	-	-	List	-	-	raw-generic	CLAIM-S2-R0566 source:spinnaker/igor@v4.22.0 igor-web/src/main/groovy/com/netflix/spinnaker/igor/scm/github/CommitController.groovy:48
igor	v4.22.0	CommitController.compareCommits	GET	/gitlab/{projectKey}/{repositorySlug}/compareCommits	projectKey,repositorySlug	requestParams:required	-	-	List<Map<String, Object>>	-	-	untyped-return	CLAIM-S2-R0567 source:spinnaker/igor@v4.22.0 igor-web/src/main/groovy/com/netflix/spinnaker/igor/scm/gitlab/CommitController.java:52
igor	v4.22.0	CommitController.compareCommits	GET	/stash/{projectKey}/{repositorySlug}/compareCommits	projectKey,repositorySlug	requestParams:required	-	-	List	-	-	raw-generic	CLAIM-S2-R0568 source:spinnaker/igor@v4.22.0 igor-web/src/main/groovy/com/netflix/spinnaker/igor/scm/stash/CommitController.groovy:44
igor	v4.22.0	ArtifactController.getVersions	GET	/artifacts/{provider}/{name}	provider,name	releaseStatus:optional,type:optional	-	-	List<String>	-	-	typed	CLAIM-S2-R0569 source:spinnaker/igor@v4.22.0 igor-web/src/main/java/com/netflix/spinnaker/igor/artifacts/ArtifactController.java:45
igor	v4.22.0	ArtifactController.getArtifact	GET	/artifacts/{provider}/{name}/{version:.+}	provider,name,version	type:optional	-	-	Artifact	-	-	typed	CLAIM-S2-R0570 source:spinnaker/igor@v4.22.0 igor-web/src/main/java/com/netflix/spinnaker/igor/artifacts/ArtifactController.java:55
igor	v4.22.0	CiController.getBuilds	GET	/ci/builds	-	projectKey:optional,repoSlug:optional,buildNumber:optional,commitId:optional,completionStatus:optional	-	-	List<GenericBuild>	-	-	typed	CLAIM-S2-R0571 source:spinnaker/igor@v4.22.0 igor-web/src/main/java/com/netflix/spinnaker/igor/ci/CiController.java:43
igor	v4.22.0	CiController.getBuildOutput	GET	/ci/builds/{buildId}/output	buildId	-	-	-	Map<String, Object>	-	-	untyped-return	CLAIM-S2-R0572 source:spinnaker/igor@v4.22.0 igor-web/src/main/java/com/netflix/spinnaker/igor/ci/CiController.java:53
igor	v4.22.0	AwsCodeBuildController.getAccounts	GET	/codebuild/accounts	-	-	-	-	List<String>	-	-	typed	CLAIM-S2-R0573 source:spinnaker/igor@v4.22.0 igor-web/src/main/java/com/netflix/spinnaker/igor/codebuild/AwsCodeBuildController.java:38
igor	v4.22.0	AwsCodeBuildController.getProjects	GET	/codebuild/projects/{account}	account	-	-	-	List<String>	-	-	typed	CLAIM-S2-R0574 source:spinnaker/igor@v4.22.0 igor-web/src/main/java/com/netflix/spinnaker/igor/codebuild/AwsCodeBuildController.java:43
igor	v4.22.0	AwsCodeBuildController.startBuild	POST	/codebuild/builds/start/{account}	account	-	-	Map<String, Object>	Build	-	consumes=application/json	untyped-body	CLAIM-S2-R0575 source:spinnaker/igor@v4.22.0 igor-web/src/main/java/com/netflix/spinnaker/igor/codebuild/AwsCodeBuildController.java:48
igor	v4.22.0	AwsCodeBuildController.getBuild	GET	/codebuild/builds/{account}/{buildId}	account,buildId	-	-	-	Build	-	-	typed	CLAIM-S2-R0576 source:spinnaker/igor@v4.22.0 igor-web/src/main/java/com/netflix/spinnaker/igor/codebuild/AwsCodeBuildController.java:58
igor	v4.22.0	AwsCodeBuildController.getArtifacts	GET	/codebuild/builds/artifacts/{account}/{buildId}	account,buildId	-	-	-	List<Artifact>	-	-	typed	CLAIM-S2-R0577 source:spinnaker/igor@v4.22.0 igor-web/src/main/java/com/netflix/spinnaker/igor/codebuild/AwsCodeBuildController.java:63
igor	v4.22.0	AwsCodeBuildController.stopBuild	POST	/codebuild/builds/stop/{account}/{buildId}	account,buildId	-	-	-	Build	-	-	typed	CLAIM-S2-R0578 source:spinnaker/igor@v4.22.0 igor-web/src/main/java/com/netflix/spinnaker/igor/codebuild/AwsCodeBuildController.java:68
igor	v4.22.0	ConcourseController.getTeams	GET	/concourse/{buildMaster}/teams	buildMaster	-	-	-	List<String>	-	-	typed	CLAIM-S2-R0579 source:spinnaker/igor@v4.22.0 igor-web/src/main/java/com/netflix/spinnaker/igor/concourse/ConcourseController.java:45
igor	v4.22.0	ConcourseController.getPipelines	GET	/concourse/{buildMaster}/teams/{team}/pipelines	buildMaster,team	-	-	-	List<String>	-	-	typed	CLAIM-S2-R0580 source:spinnaker/igor@v4.22.0 igor-web/src/main/java/com/netflix/spinnaker/igor/concourse/ConcourseController.java:54
igor	v4.22.0	ConcourseController.getJobs	GET	/concourse/{buildMaster}/teams/{team}/pipelines/{pipeline}/jobs	buildMaster,team,pipeline	-	-	-	List<String>	-	-	typed	CLAIM-S2-R0581 source:spinnaker/igor@v4.22.0 igor-web/src/main/java/com/netflix/spinnaker/igor/concourse/ConcourseController.java:68
igor	v4.22.0	ConcourseController.getResourceNames	GET	/concourse/{buildMaster}/teams/{team}/pipelines/{pipeline}/resources	buildMaster,team,pipeline	-	-	-	List<String>	-	-	typed	CLAIM-S2-R0582 source:spinnaker/igor@v4.22.0 igor-web/src/main/java/com/netflix/spinnaker/igor/concourse/ConcourseController.java:85
igor	v4.22.0	GoogleCloudBuildController.getAccounts	GET	/gcb/accounts	-	-	-	-	List<String>	-	-	typed	CLAIM-S2-R0583 source:spinnaker/igor@v4.22.0 igor-web/src/main/java/com/netflix/spinnaker/igor/gcb/GoogleCloudBuildController.java:41
igor	v4.22.0	GoogleCloudBuildController.createBuild	POST	/gcb/builds/create/{account}	account	-	-	String	Build	-	consumes=application/json	typed	CLAIM-S2-R0584 source:spinnaker/igor@v4.22.0 igor-web/src/main/java/com/netflix/spinnaker/igor/gcb/GoogleCloudBuildController.java:47
igor	v4.22.0	GoogleCloudBuildController.updateBuild	PUT	/gcb/builds/{account}/{buildId}	account,buildId	-	-	String	void	-	consumes=application/json	typed	CLAIM-S2-R0585 source:spinnaker/igor@v4.22.0 igor-web/src/main/java/com/netflix/spinnaker/igor/gcb/GoogleCloudBuildController.java:57
igor	v4.22.0	GoogleCloudBuildController.getBuild	GET	/gcb/builds/{account}/{buildId}	account,buildId	-	-	-	Build	-	-	typed	CLAIM-S2-R0586 source:spinnaker/igor@v4.22.0 igor-web/src/main/java/com/netflix/spinnaker/igor/gcb/GoogleCloudBuildController.java:71
igor	v4.22.0	GoogleCloudBuildController.getArtifacts	GET	/gcb/builds/{account}/{buildId}/artifacts	account,buildId	-	-	-	List<Artifact>	-	-	typed	CLAIM-S2-R0587 source:spinnaker/igor@v4.22.0 igor-web/src/main/java/com/netflix/spinnaker/igor/gcb/GoogleCloudBuildController.java:77
igor	v4.22.0	GoogleCloudBuildController.extractArtifacts	PUT	/gcb/artifacts/extract/{account}	account	-	-	String	List<Artifact>	-	consumes=application/json	typed	CLAIM-S2-R0588 source:spinnaker/igor@v4.22.0 igor-web/src/main/java/com/netflix/spinnaker/igor/gcb/GoogleCloudBuildController.java:84
igor	v4.22.0	GoogleCloudBuildController.listTriggers	GET	/gcb/triggers/{account}	account	-	-	-	List<BuildTrigger>	-	-	typed	CLAIM-S2-R0589 source:spinnaker/igor@v4.22.0 igor-web/src/main/java/com/netflix/spinnaker/igor/gcb/GoogleCloudBuildController.java:95
igor	v4.22.0	GoogleCloudBuildController.runTrigger	POST	/gcb/triggers/{account}/{triggerId}/run	account,triggerId	-	-	String	Build	-	consumes=application/json	typed	CLAIM-S2-R0590 source:spinnaker/igor@v4.22.0 igor-web/src/main/java/com/netflix/spinnaker/igor/gcb/GoogleCloudBuildController.java:102
igor	v4.22.0	GoogleCloudBuildController.stopBuild	POST	/gcb/builds/stop/{account}/{buildId}	account,buildId	-	-	-	Build	-	-	typed	CLAIM-S2-R0591 source:spinnaker/igor@v4.22.0 igor-web/src/main/java/com/netflix/spinnaker/igor/gcb/GoogleCloudBuildController.java:117
igor	v4.22.0	NexusController.getNexusNames	GET	/nexus/names	-	-	-	-	List<String>	-	-	typed	CLAIM-S2-R0592 source:spinnaker/igor@v4.22.0 igor-web/src/main/java/com/netflix/spinnaker/igor/nexus/NexusController.java:56
igor	v4.22.0	NexusController.webhook	POST	/nexus/webhook	-	-	-	NexusAssetWebhookPayload	void	-	consumes=application/json	typed	CLAIM-S2-R0593 source:spinnaker/igor@v4.22.0 igor-web/src/main/java/com/netflix/spinnaker/igor/nexus/NexusController.java:63
igor	v4.22.0	ManagedDeliveryScmController.listDeliveryConfigManifests	GET	/delivery-config/manifests	-	scmType:required,project:required,repository:required,directory:optional,extension:optional,ref:optional	-	-	List<String>	-	-	typed	CLAIM-S2-R0594 source:spinnaker/igor@v4.22.0 igor-web/src/main/java/com/netflix/spinnaker/igor/scm/ManagedDeliveryScmController.java:50
igor	v4.22.0	ManagedDeliveryScmController.getDeliveryConfigManifest	GET	/delivery-config/manifest	-	scmType:required,project:required,repository:required,manifest:required,directory:optional,ref:optional,raw:optional	-	-	Map<String, Object>	200,400,500	-	untyped-return	CLAIM-S2-R0595 source:spinnaker/igor@v4.22.0 igor-web/src/main/java/com/netflix/spinnaker/igor/scm/ManagedDeliveryScmController.java:71
fiat	v1.57.0	AuthorizeController.getAll	GET	/authorize	-	-	-	-	Set<UserPermission.View>	-	-	typed	CLAIM-S2-R0596 source:spinnaker/fiat@v1.57.0 fiat-web/src/main/java/com/netflix/spinnaker/fiat/controllers/AuthorizeController.java:84
fiat	v1.57.0	AuthorizeController.getUserPermission	GET	/authorize/{userId:.+}	userId	-	-	-	UserPermission.View	-	-	typed	CLAIM-S2-R0597 source:spinnaker/fiat@v1.57.0 fiat-web/src/main/java/com/netflix/spinnaker/fiat/controllers/AuthorizeController.java:104
fiat	v1.57.0	AuthorizeController.getUserAccounts	GET	/authorize/{userId:.+}/accounts	userId	-	-	-	Set<Account.View>	-	-	typed	CLAIM-S2-R0598 source:spinnaker/fiat@v1.57.0 fiat-web/src/main/java/com/netflix/spinnaker/fiat/controllers/AuthorizeController.java:109
fiat	v1.57.0	AuthorizeController.getUserRoles	GET	/authorize/{userId:.+}/roles	userId	-	-	-	Set<Role.View>	-	-	typed	CLAIM-S2-R0599 source:spinnaker/fiat@v1.57.0 fiat-web/src/main/java/com/netflix/spinnaker/fiat/controllers/AuthorizeController.java:114
fiat	v1.57.0	AuthorizeController.getUserAccount	GET	/authorize/{userId:.+}/accounts/{accountName:.+}	userId,accountName	-	-	-	Account.View	-	-	typed	CLAIM-S2-R0600 source:spinnaker/fiat@v1.57.0 fiat-web/src/main/java/com/netflix/spinnaker/fiat/controllers/AuthorizeController.java:119
fiat	v1.57.0	AuthorizeController.getUserApplications	GET	/authorize/{userId:.+}/applications	userId	-	-	-	Set<Application.View>	-	-	typed	CLAIM-S2-R0601 source:spinnaker/fiat@v1.57.0 fiat-web/src/main/java/com/netflix/spinnaker/fiat/controllers/AuthorizeController.java:128
fiat	v1.57.0	AuthorizeController.getUserApplication	GET	/authorize/{userId:.+}/applications/{applicationName:.+}	userId,applicationName	-	-	-	Application.View	-	-	typed	CLAIM-S2-R0602 source:spinnaker/fiat@v1.57.0 fiat-web/src/main/java/com/netflix/spinnaker/fiat/controllers/AuthorizeController.java:133
fiat	v1.57.0	AuthorizeController.getServiceAccounts	GET	/authorize/{userId:.+}/serviceAccounts	userId	expand:optional	-	-	Set<? extends Viewable.BaseView>	-	-	typed	CLAIM-S2-R0603 source:spinnaker/fiat@v1.57.0 fiat-web/src/main/java/com/netflix/spinnaker/fiat/controllers/AuthorizeController.java:144
fiat	v1.57.0	AuthorizeController.getServiceAccount	GET	/authorize/{userId:.+}/serviceAccounts/{serviceAccountName:.+}	userId,serviceAccountName	-	-	-	ServiceAccount.View	-	-	typed	CLAIM-S2-R0604 source:spinnaker/fiat@v1.57.0 fiat-web/src/main/java/com/netflix/spinnaker/fiat/controllers/AuthorizeController.java:166
fiat	v1.57.0	AuthorizeController.getUserAuthorization	GET	/authorize/{userId:.+}/{resourceType:.+}/{resourceName:.+}/{authorization:.+}	userId,resourceType,resourceName,authorization	-	-	-	void	-	-	typed	CLAIM-S2-R0605 source:spinnaker/fiat@v1.57.0 fiat-web/src/main/java/com/netflix/spinnaker/fiat/controllers/AuthorizeController.java:185
fiat	v1.57.0	AuthorizeController.canCreate	POST	/authorize/{userId:.+}/{resourceType:.+}/create	userId,resourceType	-	-	Object	void	-	-	untyped-body	CLAIM-S2-R0606 source:spinnaker/fiat@v1.57.0 fiat-web/src/main/java/com/netflix/spinnaker/fiat/controllers/AuthorizeController.java:222
fiat	v1.57.0	RolesController.putUserPermission	POST	/roles/{userId:.+}	userId	-	-	-	void	-	-	typed	CLAIM-S2-R0607 source:spinnaker/fiat@v1.57.0 fiat-web/src/main/java/com/netflix/spinnaker/fiat/controllers/RolesController.java:53
fiat	v1.57.0	RolesController.putUserPermission	PUT	/roles/{userId:.+}	userId	-	-	List<String>	void	-	-	typed	CLAIM-S2-R0608 source:spinnaker/fiat@v1.57.0 fiat-web/src/main/java/com/netflix/spinnaker/fiat/controllers/RolesController.java:69
fiat	v1.57.0	RolesController.deleteUserPermission	DELETE	/roles/{userId:.+}	userId	-	-	-	void	-	-	typed	CLAIM-S2-R0609 source:spinnaker/fiat@v1.57.0 fiat-web/src/main/java/com/netflix/spinnaker/fiat/controllers/RolesController.java:96
fiat	v1.57.0	RolesController.sync	POST	/roles/sync	-	-	-	List<String>	long	-	-	typed	CLAIM-S2-R0610 source:spinnaker/fiat@v1.57.0 fiat-web/src/main/java/com/netflix/spinnaker/fiat/controllers/RolesController.java:101
fiat	v1.57.0	RolesController.syncServiceAccount	POST	/roles/sync/serviceAccount/{serviceAccountId:.+}	serviceAccountId	-	-	List<String>	long	-	-	typed	CLAIM-S2-R0611 source:spinnaker/fiat@v1.57.0 fiat-web/src/main/java/com/netflix/spinnaker/fiat/controllers/RolesController.java:116
rosco	v1.26.0	BakeryController.bakeOptions	GET	/bakeOptions	-	-	-	-	List<BakeOptions>	-	-	typed	CLAIM-S2-R0612 source:spinnaker/rosco@v1.26.0 rosco-web/src/main/groovy/com/netflix/spinnaker/rosco/controllers/BakeryController.groovy:69
rosco	v1.26.0	BakeryController.bakeOptionsByCloudProvider	GET	/bakeOptions/{cloudProvider}	cloudProvider	-	-	-	BakeOptions	-	-	typed	CLAIM-S2-R0613 source:spinnaker/rosco@v1.26.0 rosco-web/src/main/groovy/com/netflix/spinnaker/rosco/controllers/BakeryController.groovy:74
rosco	v1.26.0	BakeryController.baseImage	GET	/bakeOptions/{cloudProvider}/baseImages/{imageId}	cloudProvider,imageId	-	-	-	BakeOptions.BaseImage	-	-	typed	CLAIM-S2-R0614 source:spinnaker/rosco@v1.26.0 rosco-web/src/main/groovy/com/netflix/spinnaker/rosco/controllers/BakeryController.groovy:83
rosco	v1.26.0	BakeryController.createBake	POST	/api/v1/{region}/bake	region	rebake:optional	-	BakeRequest	BakeStatus	-	-	typed	CLAIM-S2-R0615 source:spinnaker/rosco@v1.26.0 rosco-web/src/main/groovy/com/netflix/spinnaker/rosco/controllers/BakeryController.groovy:150
rosco	v1.26.0	BakeryController.lookupStatus	GET	/api/v1/{region}/status/{statusId}	region,statusId	-	-	-	BakeStatus	-	-	typed	CLAIM-S2-R0616 source:spinnaker/rosco@v1.26.0 rosco-web/src/main/groovy/com/netflix/spinnaker/rosco/controllers/BakeryController.groovy:226
rosco	v1.26.0	BakeryController.lookupBake	GET	/api/v1/{region}/bake/{bakeId}	region,bakeId	-	-	-	Bake	-	-	typed	CLAIM-S2-R0617 source:spinnaker/rosco@v1.26.0 rosco-web/src/main/groovy/com/netflix/spinnaker/rosco/controllers/BakeryController.groovy:239
rosco	v1.26.0	BakeryController.lookupLogs	GET	/api/v1/{region}/logs/{statusId}	region,statusId	-	-	-	Map	-	produces=application/json	untyped-return	CLAIM-S2-R0618 source:spinnaker/rosco@v1.26.0 rosco-web/src/main/groovy/com/netflix/spinnaker/rosco/controllers/BakeryController.groovy:258
rosco	v1.26.0	BakeryController.lookupLogsByImageId	GET	/api/v1/{region}/logs/image/{imageId}	region,imageId	-	-	-	Map	-	produces=application/json	untyped-return	CLAIM-S2-R0619 source:spinnaker/rosco@v1.26.0 rosco-web/src/main/groovy/com/netflix/spinnaker/rosco/controllers/BakeryController.groovy:269
rosco	v1.26.0	BakeryController.deleteBake	DELETE	/api/v1/{region}/bake	region	-	-	BakeRequest	String	-	-	typed	CLAIM-S2-R0620 source:spinnaker/rosco@v1.26.0 rosco-web/src/main/groovy/com/netflix/spinnaker/rosco/controllers/BakeryController.groovy:289
rosco	v1.26.0	BakeryController.createDeleteBakesRequest	POST	/api/v1/bakes/delete-requests	-	-	-	DeleteBakesRequest	void	-	-	typed	CLAIM-S2-R0621 source:spinnaker/rosco@v1.26.0 rosco-web/src/main/groovy/com/netflix/spinnaker/rosco/controllers/BakeryController.groovy:312
rosco	v1.26.0	BakeryController.cancelBake	GET	/api/v1/{region}/cancel/{statusId}	region,statusId	-	-	-	String	-	-	typed	CLAIM-S2-R0622 source:spinnaker/rosco@v1.26.0 rosco-web/src/main/groovy/com/netflix/spinnaker/rosco/controllers/BakeryController.groovy:321
rosco	v1.26.0	StatusController.instanceIncompleteBakes	ANY	/status/instance	-	-	-	-	Map<String, Object>	-	-	untyped-return	CLAIM-S2-R0623 source:spinnaker/rosco@v1.26.0 rosco-web/src/main/groovy/com/netflix/spinnaker/rosco/controllers/StatusController.groovy:44
rosco	v1.26.0	StatusController.allIncompleteBakes	ANY	/status/all	-	-	-	-	Map<String, Object>	-	-	untyped-return	CLAIM-S2-R0624 source:spinnaker/rosco@v1.26.0 rosco-web/src/main/groovy/com/netflix/spinnaker/rosco/controllers/StatusController.groovy:50
rosco	v1.26.0	V2BakeryController.doBake	POST	/api/v2/manifest/bake/{type}	type	-	-	Map<String, Object>	Artifact	-	-	untyped-body	CLAIM-S2-R0625 source:spinnaker/rosco@v1.26.0 rosco-web/src/main/groovy/com/netflix/spinnaker/rosco/controllers/V2BakeryController.java:29
kayenta	v2.46.0	AtlasFetchController.queryMetrics	POST	/fetch/atlas/query	-	metricsAccountName:optional,storageAccountName:optional,q:required,metricSetName:required,type:required,scope:required,location:required,start:required,end:required,step:required	-	-	Map	-	-	untyped-return	CLAIM-S2-R0626 source:spinnaker/kayenta@v2.46.0 kayenta-atlas/src/main/java/com/netflix/kayenta/atlas/controllers/AtlasFetchController.java:54
kayenta	v2.46.0	DatadogFetchController.queryMetrics	POST	/fetch/datadog/query	-	metricsAccountName:optional,storageAccountName:optional,metricSetName:required,metricName:required,scope:optional,start:optional,end:optional,dryRun:optional	-	-	Map	-	-	untyped-return	CLAIM-S2-R0627 source:spinnaker/kayenta@v2.46.0 kayenta-datadog/src/main/java/com/netflix/kayenta/datadog/controller/DatadogFetchController.java:61
kayenta	v2.46.0	GraphiteFetchController.queryMetrics	POST	/fetch/graphite/query	-	metricsAccountName:optional,storageAccountName:optional,metricSetName:required,metricName:required,scope:optional,location:optional,start:required,end:required,dryRun:optional	-	-	Map	-	-	untyped-return	CLAIM-S2-R0628 source:spinnaker/kayenta@v2.46.0 kayenta-graphite/src/main/java/com/netflix/kayenta/graphite/controller/GraphiteFetchController.java:62
kayenta	v2.46.0	InfluxDbFetchController.queryMetrics	POST	/fetch/influxdb/query	-	metricsAccountName:optional,storageAccountName:optional,metricSetName:required,metricName:required,fields:optional,scope:optional,start:optional,end:optional,step:required	-	-	Map<String, String>	-	-	untyped-return	CLAIM-S2-R0629 source:spinnaker/kayenta@v2.46.0 kayenta-influxdb/src/main/java/com/netflix/kayenta/influxdb/controller/InfluxDbFetchController.java:63
kayenta	v2.46.0	NewRelicFetchController.queryMetrics	POST	/fetch/newrelic/query	-	metricsAccountName:optional,storageAccountName:optional,scope:optional,location:optional,start:required,end:required,step:required,metricIndex:optional,dryRun:optional	-	NewRelicFetchRequest	Map	-	-	untyped-return	CLAIM-S2-R0630 source:spinnaker/kayenta@v2.46.0 kayenta-newrelic-insights/src/main/java/com/netflix/kayenta/newrelic/controller/NewRelicFetchController.java:62
kayenta	v2.46.0	AdminController.setInstanceEnabled	POST	/admin/orca/instance/enabled	-	-	-	Map<String, Boolean>	void	-	consumes=application/json	untyped-body	CLAIM-S2-R0631 source:spinnaker/kayenta@v2.46.0 kayenta-orca/src/main/java/com/netflix/kayenta/orca/controllers/AdminController.java:46
kayenta	v2.46.0	PipelineController.start	POST	/pipelines/start	-	-	-	Map	String	-	-	untyped-body	CLAIM-S2-R0632 source:spinnaker/kayenta@v2.46.0 kayenta-orca/src/main/java/com/netflix/kayenta/orca/controllers/PipelineController.java:101
kayenta	v2.46.0	PipelineController.getPipeline	GET	/pipelines/{executionId}	executionId	-	-	-	PipelineExecution	-	-	typed	CLAIM-S2-R0633 source:spinnaker/kayenta@v2.46.0 kayenta-orca/src/main/java/com/netflix/kayenta/orca/controllers/PipelineController.java:107
kayenta	v2.46.0	PipelineController.cancel	PUT	/pipelines/{executionId}/cancel	executionId	-	-	-	void	202	-	typed	CLAIM-S2-R0634 source:spinnaker/kayenta@v2.46.0 kayenta-orca/src/main/java/com/netflix/kayenta/orca/controllers/PipelineController.java:113
kayenta	v2.46.0	PipelineController.delete	DELETE	/pipelines/{executionId}	executionId	-	-	-	ResponseEntity<?>(raw)	200,401	-	untyped-return	CLAIM-S2-R0635 source:spinnaker/kayenta@v2.46.0 kayenta-orca/src/main/java/com/netflix/kayenta/orca/controllers/PipelineController.java:130
kayenta	v2.46.0	PipelineController.list	GET	/pipelines	-	-	-	-	List<String>	-	-	typed	CLAIM-S2-R0636 source:spinnaker/kayenta@v2.46.0 kayenta-orca/src/main/java/com/netflix/kayenta/orca/controllers/PipelineController.java:143
kayenta	v2.46.0	PrometheusFetchController.queryMetrics	POST	/fetch/prometheus/query	-	metricsAccountName:optional,storageAccountName:optional,metricSetName:required,metricName:required,groupByFields:optional,project:optional,resourceType:optional,location:optional,scope:optional,labelBindings:optional,start:optional,end:optional,step:required,customFilter:optional,dryRun:optional	-	-	Map	-	-	untyped-return	CLAIM-S2-R0637 source:spinnaker/kayenta@v2.46.0 kayenta-prometheus/src/main/java/com/netflix/kayenta/prometheus/controllers/PrometheusFetchController.java:64
kayenta	v2.46.0	StackdriverFetchController.queryMetrics	POST	/fetch/stackdriver/query	-	metricsAccountName:optional,storageAccountName:optional,metricSetName:required,metricType:required,groupByFields:optional,project:optional,resourceType:optional,location:optional,scope:optional,startTimeIso:optional,endTimeIso:optional,step:required,customFilter:optional,dryRun:optional	-	Map<String, String>	Map	-	-	untyped-both	CLAIM-S2-R0638 source:spinnaker/kayenta@v2.46.0 kayenta-stackdriver/src/main/java/com/netflix/kayenta/stackdriver/controllers/StackdriverFetchController.java:71
kayenta	v2.46.0	StandaloneCanaryAnalysisController.initiateCanaryAnalysis	POST	/standalone_canary_analysis/{canaryConfigId:.+}	canaryConfigId	user:optional,application:optional,parentPipelineExecutionId:optional,metricsAccountName:optional,configurationAccountName:optional,storageAccountName:optional	-	CanaryAnalysisExecutionRequest	CanaryAnalysisExecutionResponse	-	consumes=application/json	typed	CLAIM-S2-R0639 source:spinnaker/kayenta@v2.46.0 kayenta-standalone-canary-analysis/src/main/java/com/netflix/kayenta/standalonecanaryanalysis/controller/StandaloneCanaryAnalysisController.java:93
kayenta	v2.46.0	StandaloneCanaryAnalysisController.initiateCanaryAnalysisExecutionWithConfig	POST	/standalone_canary_analysis	-	user:optional,application:optional,parentPipelineExecutionId:optional,metricsAccountName:optional,storageAccountName:optional	-	CanaryAnalysisAdhocExecutionRequest	CanaryAnalysisExecutionResponse	-	consumes=application/json	polymorphic	CLAIM-S2-R0640 source:spinnaker/kayenta@v2.46.0 kayenta-standalone-canary-analysis/src/main/java/com/netflix/kayenta/standalonecanaryanalysis/controller/StandaloneCanaryAnalysisController.java:181
kayenta	v2.46.0	StandaloneCanaryAnalysisController.getCanaryAnalysisExecution	GET	/standalone_canary_analysis/{canaryAnalysisExecutionId:.+}	canaryAnalysisExecutionId	storageAccountName:optional	-	-	CanaryAnalysisExecutionStatusResponse	-	-	polymorphic	CLAIM-S2-R0641 source:spinnaker/kayenta@v2.46.0 kayenta-standalone-canary-analysis/src/main/java/com/netflix/kayenta/standalonecanaryanalysis/controller/StandaloneCanaryAnalysisController.java:248
kayenta	v2.46.0	WavefrontFetchController.queryMetrics	POST	/fetch/wavefront/query	-	metricsAccountName:optional,storageAccountName:optional,metricSetName:required,metricName:required,aggregate:optional,[MEAN, MEDIAN, MIN, MAX, SUM, COUNT, FIRST, LAST]:optional,scope:optional,start:required,end:required,step:required,dryRun:optional	-	-	Map	-	-	untyped-return	CLAIM-S2-R0642 source:spinnaker/kayenta@v2.46.0 kayenta-wavefront/src/main/java/com/netflix/kayenta/wavefront/controller/WavefrontFetchController.java:51
kayenta	v2.46.0	CanaryConfigController.loadCanaryConfig	GET	/canaryConfig/{canaryConfigId:.+}	canaryConfigId	configurationAccountName:optional	-	-	CanaryConfig	-	-	polymorphic	CLAIM-S2-R0643 source:spinnaker/kayenta@v2.46.0 kayenta-web/src/main/java/com/netflix/kayenta/controllers/CanaryConfigController.java:74
kayenta	v2.46.0	CanaryConfigController.storeCanaryConfig	POST	/canaryConfig	-	configurationAccountName:optional	-	CanaryConfig	CanaryConfigUpdateResponse	-	consumes=application/json	polymorphic	CLAIM-S2-R0644 source:spinnaker/kayenta@v2.46.0 kayenta-web/src/main/java/com/netflix/kayenta/controllers/CanaryConfigController.java:90
kayenta	v2.46.0	CanaryConfigController.updateCanaryConfig	PUT	/canaryConfig/{canaryConfigId:.+}	canaryConfigId	configurationAccountName:optional	-	CanaryConfig	CanaryConfigUpdateResponse	-	consumes=application/json	polymorphic	CLAIM-S2-R0645 source:spinnaker/kayenta@v2.46.0 kayenta-web/src/main/java/com/netflix/kayenta/controllers/CanaryConfigController.java:144
kayenta	v2.46.0	CanaryConfigController.deleteCanaryConfig	DELETE	/canaryConfig/{canaryConfigId:.+}	canaryConfigId	configurationAccountName:optional	-	-	void	204	-	typed	CLAIM-S2-R0646 source:spinnaker/kayenta@v2.46.0 kayenta-web/src/main/java/com/netflix/kayenta/controllers/CanaryConfigController.java:236
kayenta	v2.46.0	CanaryConfigController.listAllCanaryConfigs	GET	/canaryConfig	-	configurationAccountName:optional,application:optional	-	-	List<Map<String, Object>>	-	-	untyped-return	CLAIM-S2-R0647 source:spinnaker/kayenta@v2.46.0 kayenta-web/src/main/java/com/netflix/kayenta/controllers/CanaryConfigController.java:255
kayenta	v2.46.0	CanaryController.initiateCanary	POST	/canary/{canaryConfigId:.+}	canaryConfigId	application:optional,parentPipelineExecutionId:optional,metricsAccountName:optional,configurationAccountName:optional,storageAccountName:optional	-	CanaryExecutionRequest	CanaryExecutionResponse	-	consumes=application/json	typed	CLAIM-S2-R0648 source:spinnaker/kayenta@v2.46.0 kayenta-web/src/main/java/com/netflix/kayenta/controllers/CanaryController.java:70
kayenta	v2.46.0	CanaryController.initiateCanaryWithConfig	POST	/canary	-	application:optional,parentPipelineExecutionId:optional,metricsAccountName:optional,storageAccountName:optional	-	CanaryAdhocExecutionRequest	CanaryExecutionResponse	-	consumes=application/json	polymorphic	CLAIM-S2-R0649 source:spinnaker/kayenta@v2.46.0 kayenta-web/src/main/java/com/netflix/kayenta/controllers/CanaryController.java:118
kayenta	v2.46.0	CanaryController.getCanaryResults	GET	/canary/{canaryExecutionId:.+}	canaryExecutionId	storageAccountName:optional	-	-	CanaryExecutionStatusResponse	-	-	polymorphic	CLAIM-S2-R0650 source:spinnaker/kayenta@v2.46.0 kayenta-web/src/main/java/com/netflix/kayenta/controllers/CanaryController.java:158
kayenta	v2.46.0	CanaryController.getCanaryResultsByApplication	GET	/canary/executions	-	application:optional,limit:optional,page:optional,statuses:optional,storageAccountName:optional	-	-	List<CanaryExecutionStatusResponse>	-	-	polymorphic	CLAIM-S2-R0651 source:spinnaker/kayenta@v2.46.0 kayenta-web/src/main/java/com/netflix/kayenta/controllers/CanaryController.java:182
kayenta	v2.46.0	CanaryJudgesController.list	GET	/judges	-	-	-	-	List<CanaryJudge>	-	-	typed	CLAIM-S2-R0652 source:spinnaker/kayenta@v2.46.0 kayenta-web/src/main/java/com/netflix/kayenta/controllers/CanaryJudgesController.java:78
kayenta	v2.46.0	CanaryJudgesController.judge	POST	/judges/judge	-	configurationAccountName:optional,storageAccountName:optional,canaryConfigId:required,metricSetPairListId:required,passThreshold:required,marginalThreshold:required	-	-	CanaryJudgeResult	-	-	typed	CLAIM-S2-R0653 source:spinnaker/kayenta@v2.46.0 kayenta-web/src/main/java/com/netflix/kayenta/controllers/CanaryJudgesController.java:86
kayenta	v2.46.0	CanaryJudgesController.initiateJudgeComparison	POST	/judges/comparison	-	configurationAccountName:optional,storageAccountName:optional,canaryConfigId:required,overrideCanaryJudge1:optional,overrideCanaryJudge2:optional,metricSetPairListId:required,passThreshold:required,marginalThreshold:required	-	-	CanaryExecutionResponse	-	-	typed	CLAIM-S2-R0654 source:spinnaker/kayenta@v2.46.0 kayenta-web/src/main/java/com/netflix/kayenta/controllers/CanaryJudgesController.java:145
kayenta	v2.46.0	CanaryJudgesController.getJudgeComparisonResults	GET	/judges/comparison/{executionId:.+}	executionId	-	-	-	Map	-	-	untyped-return	CLAIM-S2-R0655 source:spinnaker/kayenta@v2.46.0 kayenta-web/src/main/java/com/netflix/kayenta/controllers/CanaryJudgesController.java:194
kayenta	v2.46.0	CanaryResultArchiveController.loadArchivedCanaryResult	GET	/canaryResultArchive/{pipelineId:.+}	pipelineId	storageAccountName:optional	-	-	CanaryExecutionStatusResponse	-	-	polymorphic	CLAIM-S2-R0656 source:spinnaker/kayenta@v2.46.0 kayenta-web/src/main/java/com/netflix/kayenta/controllers/CanaryResultArchiveController.java:60
kayenta	v2.46.0	CanaryResultArchiveController.storeArchivedCanaryResult	POST	/canaryResultArchive	-	storageAccountName:optional,pipelineId:optional	-	CanaryExecutionStatusResponse	CanaryArchiveResultUpdateResponse	-	consumes=application/json	polymorphic	CLAIM-S2-R0657 source:spinnaker/kayenta@v2.46.0 kayenta-web/src/main/java/com/netflix/kayenta/controllers/CanaryResultArchiveController.java:72
kayenta	v2.46.0	CanaryResultArchiveController.updateArchivedCanaryResult	PUT	/canaryResultArchive/{pipelineId:.+}	pipelineId	storageAccountName:optional	-	CanaryExecutionStatusResponse	CanaryArchiveResultUpdateResponse	-	consumes=application/json	polymorphic	CLAIM-S2-R0658 source:spinnaker/kayenta@v2.46.0 kayenta-web/src/main/java/com/netflix/kayenta/controllers/CanaryResultArchiveController.java:105
kayenta	v2.46.0	CanaryResultArchiveController.deleteArchivedCanaryResult	DELETE	/canaryResultArchive/{pipelineId:.+}	pipelineId	storageAccountName:optional	-	-	void	204	-	typed	CLAIM-S2-R0659 source:spinnaker/kayenta@v2.46.0 kayenta-web/src/main/java/com/netflix/kayenta/controllers/CanaryResultArchiveController.java:137
kayenta	v2.46.0	CanaryResultArchiveController.listAllCanaryArchivedResults	GET	/canaryResultArchive	-	storageAccountName:optional	-	-	List<Map<String, Object>>	-	-	untyped-return	CLAIM-S2-R0660 source:spinnaker/kayenta@v2.46.0 kayenta-web/src/main/java/com/netflix/kayenta/controllers/CanaryResultArchiveController.java:152
kayenta	v2.46.0	CredentialsController.list	GET	/credentials	-	-	-	-	Set<? extends AccountCredentials>	-	-	typed	CLAIM-S2-R0661 source:spinnaker/kayenta@v2.46.0 kayenta-web/src/main/java/com/netflix/kayenta/controllers/CredentialsController.java:38
kayenta	v2.46.0	CredentialsController.deleteAccount	DELETE	/credentials/{accountName}	accountName	-	-	-	void	-	-	typed	CLAIM-S2-R0662 source:spinnaker/kayenta@v2.46.0 kayenta-web/src/main/java/com/netflix/kayenta/controllers/CredentialsController.java:43
kayenta	v2.46.0	MetricSetListController.loadMetricSetList	GET	/metricSetList/{metricSetListId:.+}	metricSetListId	accountName:optional	-	-	List<MetricSet>	-	-	typed	CLAIM-S2-R0663 source:spinnaker/kayenta@v2.46.0 kayenta-web/src/main/java/com/netflix/kayenta/controllers/MetricSetListController.java:54
kayenta	v2.46.0	MetricSetListController.storeMetricSetList	POST	/metricSetList	-	accountName:optional	-	List<MetricSet>	Map	-	consumes=application/json	untyped-return	CLAIM-S2-R0664 source:spinnaker/kayenta@v2.46.0 kayenta-web/src/main/java/com/netflix/kayenta/controllers/MetricSetListController.java:69
kayenta	v2.46.0	MetricSetListController.deleteMetricSetList	DELETE	/metricSetList/{metricSetListId:.+}	metricSetListId	accountName:optional	-	-	void	204	-	typed	CLAIM-S2-R0665 source:spinnaker/kayenta@v2.46.0 kayenta-web/src/main/java/com/netflix/kayenta/controllers/MetricSetListController.java:88
kayenta	v2.46.0	MetricSetListController.listAllMetricSetLists	GET	/metricSetList	-	accountName:optional	-	-	List<Map<String, Object>>	-	-	untyped-return	CLAIM-S2-R0666 source:spinnaker/kayenta@v2.46.0 kayenta-web/src/main/java/com/netflix/kayenta/controllers/MetricSetListController.java:105
kayenta	v2.46.0	MetricSetPairListController.loadMetricSetPairList	GET	/metricSetPairList/{metricSetPairListId:.+}	metricSetPairListId	accountName:optional	-	-	List<MetricSetPair>	-	-	typed	CLAIM-S2-R0667 source:spinnaker/kayenta@v2.46.0 kayenta-web/src/main/java/com/netflix/kayenta/controllers/MetricSetPairListController.java:51
kayenta	v2.46.0	MetricSetPairListController.loadMetricSetPair	GET	/metricSetPairList/{metricSetPairListId:.+}/{metricSetPairId:.+}	metricSetPairListId,metricSetPairId	accountName:optional	-	-	MetricSetPair	200,404	-	typed	CLAIM-S2-R0668 source:spinnaker/kayenta@v2.46.0 kayenta-web/src/main/java/com/netflix/kayenta/controllers/MetricSetPairListController.java:60
kayenta	v2.46.0	MetricSetPairListController.storeMetricSetPairList	POST	/metricSetPairList	-	accountName:optional	-	List<MetricSetPair>	Map	-	consumes=application/json	untyped-return	CLAIM-S2-R0669 source:spinnaker/kayenta@v2.46.0 kayenta-web/src/main/java/com/netflix/kayenta/controllers/MetricSetPairListController.java:74
kayenta	v2.46.0	MetricSetPairListController.deleteMetricSetPairList	DELETE	/metricSetPairList/{metricSetPairListId:.+}	metricSetPairListId	accountName:optional	-	-	void	204	-	typed	CLAIM-S2-R0670 source:spinnaker/kayenta@v2.46.0 kayenta-web/src/main/java/com/netflix/kayenta/controllers/MetricSetPairListController.java:87
kayenta	v2.46.0	MetricSetPairListController.listAllMetricSetPairLists	GET	/metricSetPairList	-	accountName:optional	-	-	List<Map<String, Object>>	-	-	untyped-return	CLAIM-S2-R0671 source:spinnaker/kayenta@v2.46.0 kayenta-web/src/main/java/com/netflix/kayenta/controllers/MetricSetPairListController.java:95
kayenta	v2.46.0	MetricsServiceMetadataController.listMetadata	GET	/metadata/metricsService	-	metricsAccountName:optional,filter:optional	-	-	List<Map>	-	-	untyped-return	CLAIM-S2-R0672 source:spinnaker/kayenta@v2.46.0 kayenta-web/src/main/java/com/netflix/kayenta/controllers/MetricsServiceMetadataController.java:52
kayenta	v2.46.0	MetricsServicesController.list	GET	/metricsServices	-	-	-	-	List<MetricsServiceDetail>	-	-	typed	CLAIM-S2-R0673 source:spinnaker/kayenta@v2.46.0 kayenta-web/src/main/java/com/netflix/kayenta/controllers/MetricsServicesController.java:44
keel	v1.4.1	AdminController.deleteApplicationData	DELETE	/poweruser/applications/{application}	application	-	-	-	void	204	-	typed	CLAIM-S2-R0674 source:spinnaker/keel@v1.4.1 keel-web/src/main/kotlin/com/netflix/spinnaker/keel/rest/AdminController.kt:29
keel	v1.4.1	AdminController.getPausedApplications	GET	/poweruser/applications/paused	-	-	-	-	List<String>	-	-	typed	CLAIM-S2-R0675 source:spinnaker/keel@v1.4.1 keel-web/src/main/kotlin/com/netflix/spinnaker/keel/rest/AdminController.kt:39
keel	v1.4.1	AdminController.getManagedApplications	GET	/poweruser/applications	-	-	-	-	Collection<ApplicationSummary>	-	produces=application/json|application/x-yaml	typed	CLAIM-S2-R0676 source:spinnaker/keel@v1.4.1 keel-web/src/main/kotlin/com/netflix/spinnaker/keel/rest/AdminController.kt:45
keel	v1.4.1	AdminController.triggerRecheck	POST	/poweruser/recheck/{resourceId}	resourceId	-	-	-	void	-	-	typed	CLAIM-S2-R0677 source:spinnaker/keel@v1.4.1 keel-web/src/main/kotlin/com/netflix/spinnaker/keel/rest/AdminController.kt:52
keel	v1.4.1	AdminController.forceConstraintReevaluation	POST	/poweruser/application/{application}/environment/{environment}/reevaluate	application,environment	type:optional	-	-	void	-	-	typed	CLAIM-S2-R0678 source:spinnaker/keel@v1.4.1 keel-web/src/main/kotlin/com/netflix/spinnaker/keel/rest/AdminController.kt:59
keel	v1.4.1	AdminController.forceSkipArtifactVersion	POST	/poweruser/application/{application}/environment/{environment}/version/{version}/skip	application,environment,version	-	-	ReferencePayload	void	-	consumes=application/json|application/x-yaml	typed	CLAIM-S2-R0679 source:spinnaker/keel@v1.4.1 keel-web/src/main/kotlin/com/netflix/spinnaker/keel/rest/AdminController.kt:82
keel	v1.4.1	AdminController.forceFailVerifications	POST	/poweruser/application/{application}/environment/{environment}/version/{version}/fail	application,environment,version	-	-	ReferenceVerificationPayload	void	-	consumes=application/json|application/x-yaml	typed	CLAIM-S2-R0680 source:spinnaker/keel@v1.4.1 keel-web/src/main/kotlin/com/netflix/spinnaker/keel/rest/AdminController.kt:110
keel	v1.4.1	AdminController.backFillAllArtifactMetadata	POST	/poweruser/artifacts/metadata/backfill	-	age:optional	-	-	void	-	-	typed	CLAIM-S2-R0681 source:spinnaker/keel@v1.4.1 keel-web/src/main/kotlin/com/netflix/spinnaker/keel/rest/AdminController.kt:124
keel	v1.4.1	AdminController.refreshApplicationCache	POST	/poweruser/cache/applications/refresh	-	-	-	-	void	-	-	typed	CLAIM-S2-R0682 source:spinnaker/keel@v1.4.1 keel-web/src/main/kotlin/com/netflix/spinnaker/keel/rest/AdminController.kt:143
keel	v1.4.1	AdminController.runGitIntegrationMigration	POST	/poweruser/git/migrate-pipelines	-	-	-	-	void	-	-	typed	CLAIM-S2-R0683 source:spinnaker/keel@v1.4.1 keel-web/src/main/kotlin/com/netflix/spinnaker/keel/rest/AdminController.kt:150
keel	v1.4.1	AdminController.getManagedApplications	GET	/poweruser/taskSummary/{id}	id	-	-	-	ExecutionSummary	-	produces=application/json|application/x-yaml	polymorphic	CLAIM-S2-R0684 source:spinnaker/keel@v1.4.1 keel-web/src/main/kotlin/com/netflix/spinnaker/keel/rest/AdminController.kt:157
keel	v1.4.1	ApplicationController.get	GET	/application/{application}	application	includeDetails:optional,entities:optional,maxArtifactVersions:optional	-	-	Map<String, Any>	-	produces=application/json|application/x-yaml	untyped-return	CLAIM-S2-R0685 source:spinnaker/keel@v1.4.1 keel-web/src/main/kotlin/com/netflix/spinnaker/keel/rest/ApplicationController.kt:61
keel	v1.4.1	ApplicationController.getConfigByApplication	GET	/application/{application}/config	application	-	-	-	DeliveryConfig	-	produces=application/json|application/x-yaml	polymorphic	CLAIM-S2-R0686 source:spinnaker/keel@v1.4.1 keel-web/src/main/kotlin/com/netflix/spinnaker/keel/rest/ApplicationController.kt:100
keel	v1.4.1	ApplicationController.getRawConfigByApplication	GET	/application/{application}/config/raw	application	-	-	-	SubmittedDeliveryConfig	-	produces=application/json|application/x-yaml	polymorphic	CLAIM-S2-R0687 source:spinnaker/keel@v1.4.1 keel-web/src/main/kotlin/com/netflix/spinnaker/keel/rest/ApplicationController.kt:110
keel	v1.4.1	ApplicationController.deleteConfigByApp	DELETE	/application/{application}/config	application	-	-	-	void	-	-	typed	CLAIM-S2-R0688 source:spinnaker/keel@v1.4.1 keel-web/src/main/kotlin/com/netflix/spinnaker/keel/rest/ApplicationController.kt:119
keel	v1.4.1	ApplicationController.updateConstraintStatus	POST	/application/{application}/environment/{environment}/constraint	application,environment	-	X-SPINNAKER-USER:required	UpdatedConstraintStatus	void	-	consumes=application/json|application/x-yaml;produces=application/json|application/x-yaml	typed	CLAIM-S2-R0689 source:spinnaker/keel@v1.4.1 keel-web/src/main/kotlin/com/netflix/spinnaker/keel/rest/ApplicationController.kt:130
keel	v1.4.1	ApplicationController.getConstraintState	GET	/application/{application}/environment/{environment}/constraints	application,environment	limit:optional	-	-	List<ConstraintState>	-	produces=application/json|application/x-yaml	polymorphic	CLAIM-S2-R0690 source:spinnaker/keel@v1.4.1 keel-web/src/main/kotlin/com/netflix/spinnaker/keel/rest/ApplicationController.kt:148
keel	v1.4.1	ApplicationController.pause	POST	/application/{application}/pause	application	-	X-SPINNAKER-USER:required	-	void	-	-	typed	CLAIM-S2-R0691 source:spinnaker/keel@v1.4.1 keel-web/src/main/kotlin/com/netflix/spinnaker/keel/rest/ApplicationController.kt:160
keel	v1.4.1	ApplicationController.resume	DELETE	/application/{application}/pause	application	-	X-SPINNAKER-USER:required	-	void	-	-	typed	CLAIM-S2-R0692 source:spinnaker/keel@v1.4.1 keel-web/src/main/kotlin/com/netflix/spinnaker/keel/rest/ApplicationController.kt:171
keel	v1.4.1	ApplicationController.pin	POST	/application/{application}/pin	application	-	X-SPINNAKER-USER:required	EnvironmentArtifactPin	void	202	-	typed	CLAIM-S2-R0693 source:spinnaker/keel@v1.4.1 keel-web/src/main/kotlin/com/netflix/spinnaker/keel/rest/ApplicationController.kt:185
keel	v1.4.1	ApplicationController.deletePin	DELETE	/application/{application}/pin/{targetEnvironment}	application,targetEnvironment	reference:optional	X-SPINNAKER-USER:required	-	void	202	-	typed	CLAIM-S2-R0694 source:spinnaker/keel@v1.4.1 keel-web/src/main/kotlin/com/netflix/spinnaker/keel/rest/ApplicationController.kt:201
keel	v1.4.1	ApplicationController.veto	POST	/application/{application}/veto	application	-	X-SPINNAKER-USER:required	EnvironmentArtifactVeto	void	202	-	typed	CLAIM-S2-R0695 source:spinnaker/keel@v1.4.1 keel-web/src/main/kotlin/com/netflix/spinnaker/keel/rest/ApplicationController.kt:218
keel	v1.4.1	ApplicationController.markAsBad	POST	/application/{application}/mark/bad	application	-	X-SPINNAKER-USER:required	EnvironmentArtifactVeto	void	202	-	typed	CLAIM-S2-R0696 source:spinnaker/keel@v1.4.1 keel-web/src/main/kotlin/com/netflix/spinnaker/keel/rest/ApplicationController.kt:234
keel	v1.4.1	ApplicationController.markAsGood	POST	/application/{application}/mark/good	application	-	X-SPINNAKER-USER:required	EnvironmentArtifactVeto	void	202	-	typed	CLAIM-S2-R0697 source:spinnaker/keel@v1.4.1 keel-web/src/main/kotlin/com/netflix/spinnaker/keel/rest/ApplicationController.kt:250
keel	v1.4.1	ApplicationController.deleteVeto	DELETE	/application/{application}/veto/{targetEnvironment}/{reference}/{version}	application,targetEnvironment,reference,version	-	X-SPINNAKER-USER:required	-	void	-	-	typed	CLAIM-S2-R0698 source:spinnaker/keel@v1.4.1 keel-web/src/main/kotlin/com/netflix/spinnaker/keel/rest/ApplicationController.kt:266
keel	v1.4.1	ApplicationController.getEvents	GET	/application/{application}/events	application	limit:optional	-	-	List<ApplicationEvent>	-	produces=application/json|application/x-yaml	polymorphic	CLAIM-S2-R0699 source:spinnaker/keel@v1.4.1 keel-web/src/main/kotlin/com/netflix/spinnaker/keel/rest/ApplicationController.kt:283
keel	v1.4.1	ArtifactController.submitArtifact	POST	/artifacts/events	-	-	-	EchoArtifactEvent	void	202	consumes=application/json	typed	CLAIM-S2-R0700 source:spinnaker/keel@v1.4.1 keel-web/src/main/kotlin/com/netflix/spinnaker/keel/rest/ArtifactController.kt:44
keel	v1.4.1	ArtifactController.sync	POST	/artifacts/sync	-	-	-	-	void	202	-	typed	CLAIM-S2-R0701 source:spinnaker/keel@v1.4.1 keel-web/src/main/kotlin/com/netflix/spinnaker/keel/rest/ArtifactController.kt:68
keel	v1.4.1	ArtifactController.getArtifactMetadata	GET	/artifacts/build/{buildNumber}/commit/{commitId}	buildNumber,commitId	-	-	-	ArtifactMetadata?	-	produces=application/json|application/x-yaml	typed	CLAIM-S2-R0702 source:spinnaker/keel@v1.4.1 keel-web/src/main/kotlin/com/netflix/spinnaker/keel/rest/ArtifactController.kt:77
keel	v1.4.1	BaseAmiController.get	GET	/base-amis	-	-	-	-	Map<String, Map<String, String>>	-	produces=application/json|application/x-yaml	untyped-return	CLAIM-S2-R0703 source:spinnaker/keel@v1.4.1 keel-web/src/main/kotlin/com/netflix/spinnaker/keel/rest/BaseAmiController.kt:17
keel	v1.4.1	DeliveryConfigController.upsert	POST	/delivery-configs	-	-	X-SPINNAKER-USER:required	-	DeliveryConfig	-	consumes=application/json|application/x-yaml;produces=application/json|application/x-yaml	polymorphic	CLAIM-S2-R0704 source:spinnaker/keel@v1.4.1 keel-web/src/main/kotlin/com/netflix/spinnaker/keel/rest/DeliveryConfigController.kt:69
keel	v1.4.1	DeliveryConfigController.upsertFromGate	POST	/delivery-configs/upsertGate	-	-	X-SPINNAKER-USER:required	GateRawConfig	DeliveryConfig	-	consumes=application/json|application/x-yaml;produces=application/json|application/x-yaml	polymorphic	CLAIM-S2-R0705 source:spinnaker/keel@v1.4.1 keel-web/src/main/kotlin/com/netflix/spinnaker/keel/rest/DeliveryConfigController.kt:84
keel	v1.4.1	DeliveryConfigController.get	GET	/delivery-configs/{name}	name	-	-	-	DeliveryConfig	-	produces=application/json|application/x-yaml	polymorphic	CLAIM-S2-R0706 source:spinnaker/keel@v1.4.1 keel-web/src/main/kotlin/com/netflix/spinnaker/keel/rest/DeliveryConfigController.kt:111
keel	v1.4.1	DeliveryConfigController.delete	DELETE	/delivery-configs/{name}	name	-	-	-	void	-	produces=application/json|application/x-yaml	typed	CLAIM-S2-R0707 source:spinnaker/keel@v1.4.1 keel-web/src/main/kotlin/com/netflix/spinnaker/keel/rest/DeliveryConfigController.kt:122
keel	v1.4.1	DeliveryConfigController.diff	POST	/delivery-configs/diff	-	-	-	SubmittedDeliveryConfig	Map<String, Any?>	-	consumes=application/json|application/x-yaml;produces=application/json|application/x-yaml	untyped-return	CLAIM-S2-R0708 source:spinnaker/keel@v1.4.1 keel-web/src/main/kotlin/com/netflix/spinnaker/keel/rest/DeliveryConfigController.kt:136
keel	v1.4.1	DeliveryConfigController.validate	POST	/delivery-configs/validate	-	-	-	-	void	204	consumes=application/json|application/x-yaml;produces=application/json|application/x-yaml	typed	CLAIM-S2-R0709 source:spinnaker/keel@v1.4.1 keel-web/src/main/kotlin/com/netflix/spinnaker/keel/rest/DeliveryConfigController.kt:162
keel	v1.4.1	DeliveryConfigController.validateFromGate	POST	/delivery-configs/validate/gate	-	-	-	GateRawConfig	void	-	consumes=application/json|application/x-yaml;produces=application/json|application/x-yaml	polymorphic	CLAIM-S2-R0710 source:spinnaker/keel@v1.4.1 keel-web/src/main/kotlin/com/netflix/spinnaker/keel/rest/DeliveryConfigController.kt:176
keel	v1.4.1	DeliveryConfigController.import	POST	/delivery-configs/import	-	repoType:required,projectKey:required,repoSlug:required,manifestPath:required,ref:optional	-	-	DeliveryConfig	-	produces=application/json|application/x-yaml	polymorphic	CLAIM-S2-R0711 source:spinnaker/keel@v1.4.1 keel-web/src/main/kotlin/com/netflix/spinnaker/keel/rest/DeliveryConfigController.kt:195
keel	v1.4.1	DeliveryConfigController.schema	GET	/delivery-configs/schema	-	-	-	-	RootSchema	-	produces=application/json|application/x-yaml	typed	CLAIM-S2-R0712 source:spinnaker/keel@v1.4.1 keel-web/src/main/kotlin/com/netflix/spinnaker/keel/rest/DeliveryConfigController.kt:231
keel	v1.4.1	EnvironmentController.list	GET	/environments/{application}	application	-	-	-	List<EnvironmentView>	-	produces=application/json	polymorphic	CLAIM-S2-R0713 source:spinnaker/keel@v1.4.1 keel-web/src/main/kotlin/com/netflix/spinnaker/keel/rest/EnvironmentController.kt:17
keel	v1.4.1	ErrorSimulationController.throwAnException	GET	/test/error	-	-	-	-	Map<String, Any>	-	produces=application/json|application/x-yaml	untyped-return	CLAIM-S2-R0714 source:spinnaker/keel@v1.4.1 keel-web/src/main/kotlin/com/netflix/spinnaker/keel/rest/ErrorSimulationController.kt:23
keel	v1.4.1	EventController.eventHistory	GET	/resources/events/{id}	id	limit:optional	-	-	List<ResourceHistoryEvent>	-	produces=application/json|application/x-yaml	polymorphic	CLAIM-S2-R0715 source:spinnaker/keel@v1.4.1 keel-web/src/main/kotlin/com/netflix/spinnaker/keel/rest/EventController.kt:24
keel	v1.4.1	ExportController.get	GET	/export/{cloudProvider}/{account}/{type}/{name}	cloudProvider,account,type,name	-	X-SPINNAKER-USER:required	-	SubmittedResource<*>	-	produces=application/json|application/x-yaml	typed	CLAIM-S2-R0716 source:spinnaker/keel@v1.4.1 keel-web/src/main/kotlin/com/netflix/spinnaker/keel/rest/ExportController.kt:88
keel	v1.4.1	ExportController.getArtifactFromCluster	GET	/export/artifact/{cloudProvider}/{account}/{clusterName}	cloudProvider,account,clusterName	-	X-SPINNAKER-USER:required	-	DeliveryArtifact?	-	produces=application/json|application/x-yaml	polymorphic	CLAIM-S2-R0717 source:spinnaker/keel@v1.4.1 keel-web/src/main/kotlin/com/netflix/spinnaker/keel/rest/ExportController.kt:114
keel	v1.4.1	ExportController.get	GET	/export/{application}	application	maxAgeDays:optional	-	-	ExportResult	-	produces=application/json|application/x-yaml	polymorphic	CLAIM-S2-R0718 source:spinnaker/keel@v1.4.1 keel-web/src/main/kotlin/com/netflix/spinnaker/keel/rest/ExportController.kt:136
keel	v1.4.1	ExtensionsController.extensions	GET	/extensions	-	-	-	-	Map<String, Map<String, String>>	-	produces=application/json|application/x-yaml	untyped-return	CLAIM-S2-R0719 source:spinnaker/keel@v1.4.1 keel-web/src/main/kotlin/com/netflix/spinnaker/keel/rest/ExtensionsController.kt:13
keel	v1.4.1	KindController.get	GET	/kinds	-	-	-	-	Set<String>	-	produces=application/json|application/x-yaml	typed	CLAIM-S2-R0720 source:spinnaker/keel@v1.4.1 keel-web/src/main/kotlin/com/netflix/spinnaker/keel/rest/KindController.kt:17
keel	v1.4.1	PassThruController.getActiveServerGroups	GET	/test/applications/{app}/clusters/{account}/{cluster}/{cloudProvider}/serverGroups	app,account,cluster,cloudProvider	-	-	-	List<BaseServerGroup>	-	-	typed	CLAIM-S2-R0721 source:spinnaker/keel@v1.4.1 keel-web/src/main/kotlin/com/netflix/spinnaker/keel/rest/PassThruController.kt:27
keel	v1.4.1	ResourceController.get	GET	/resources/{id}	id	-	-	-	Resource<*>	-	produces=application/json|application/x-yaml	typed	CLAIM-S2-R0722 source:spinnaker/keel@v1.4.1 keel-web/src/main/kotlin/com/netflix/spinnaker/keel/rest/ResourceController.kt:51
keel	v1.4.1	ResourceController.getStatus	GET	/resources/{id}/status	id	-	-	-	ResourceStatus	-	produces=application/json|application/x-yaml	typed	CLAIM-S2-R0723 source:spinnaker/keel@v1.4.1 keel-web/src/main/kotlin/com/netflix/spinnaker/keel/rest/ResourceController.kt:64
keel	v1.4.1	ResourceController.pauseResource	POST	/resources/{id}/pause	id	-	X-SPINNAKER-USER:required	-	void	-	produces=application/json|application/x-yaml	typed	CLAIM-S2-R0724 source:spinnaker/keel@v1.4.1 keel-web/src/main/kotlin/com/netflix/spinnaker/keel/rest/ResourceController.kt:75
keel	v1.4.1	ResourceController.resumeResource	DELETE	/resources/{id}/pause	id	-	X-SPINNAKER-USER:required	-	void	-	produces=application/json|application/x-yaml	typed	CLAIM-S2-R0725 source:spinnaker/keel@v1.4.1 keel-web/src/main/kotlin/com/netflix/spinnaker/keel/rest/ResourceController.kt:87
keel	v1.4.1	ResourceController.diff	POST	/resources/diff	-	-	-	SubmittedResource<*>	DefaultResourceDiff<Resource<*>>	-	consumes=application/json|application/x-yaml;produces=application/json|application/x-yaml	typed	CLAIM-S2-R0726 source:spinnaker/keel@v1.4.1 keel-web/src/main/kotlin/com/netflix/spinnaker/keel/rest/ResourceController.kt:102
keel	v1.4.1	VerificationController.updateVerificationStatus	POST	/application/{application}/environment/{environment}/verifications	application,environment	-	X-SPINNAKER-USER:required	UpdateVerificationStatusRequest	void	-	consumes=application/json|application/x-yaml;produces=application/json|application/x-yaml	typed	CLAIM-S2-R0727 source:spinnaker/keel@v1.4.1 keel-web/src/main/kotlin/com/netflix/spinnaker/keel/rest/VerificationController.kt:30
keel	v1.4.1	VerificationController.retryVerification	POST	/application/{application}/environment/{environment}/verifications/retry	application,environment	-	X-SPINNAKER-USER:required	RetryVerificationRequest	void	-	consumes=application/json|application/x-yaml;produces=application/json|application/x-yaml	typed	CLAIM-S2-R0728 source:spinnaker/keel@v1.4.1 keel-web/src/main/kotlin/com/netflix/spinnaker/keel/rest/VerificationController.kt:76
keel	v1.4.1	VetoController.getActiveVetos	GET	/	-	-	-	-	List<String>	-	produces=application/json	typed	CLAIM-S2-R0729 source:spinnaker/keel@v1.4.1 keel-web/src/main/kotlin/com/netflix/spinnaker/keel/rest/VetoController.kt:41
keel	v1.4.1	VetoController.getVetoRejections	GET	/vetos/{name}/rejections	name	-	-	-	List<String>	-	produces=application/json	typed	CLAIM-S2-R0730 source:spinnaker/keel@v1.4.1 keel-web/src/main/kotlin/com/netflix/spinnaker/keel/rest/VetoController.kt:47
keel	v1.4.1	VetoController.getVetoRejectionsByApp	GET	/vetos/application/{application}/rejections	application	-	-	-	List<String>	-	produces=application/json	typed	CLAIM-S2-R0731 source:spinnaker/keel@v1.4.1 keel-web/src/main/kotlin/com/netflix/spinnaker/keel/rest/VetoController.kt:57
keel	v1.4.1	VetoController.recheckResource	POST	/recheck/{resourceId}	resourceId	-	-	-	void	-	-	typed	CLAIM-S2-R0732 source:spinnaker/keel@v1.4.1 keel-web/src/main/kotlin/com/netflix/spinnaker/keel/rest/VetoController.kt:67
