bom	presence	edge	caller	provider	verb	path	caller_path	caller_interface	leg	component	severity	rule	violation_path	old	new	category	basis	excluded
1.35.4	none	clouddriver-front50/9	clouddriver	front50	GET	/v2/tags	/_calls/front50/v2/tags	com.netflix.spinnaker.clouddriver.core.services.Front50Service	response	response	BREAK	enum-response-widening	$[*].tags[*].valueType	enum{literal,object}	string	real inconsistency	declared: the provider returns string where the caller enumerates enum{literal,object}	yes
1.35.4	none	clouddriver-front50/10	clouddriver	front50	POST	/v2/tags	/_calls/front50/v2/tags	com.netflix.spinnaker.clouddriver.core.services.Front50Service	response	response	BREAK	enum-response-widening	$.tags[*].valueType	enum{literal,object}	string	real inconsistency	declared: the provider returns string where the caller enumerates enum{literal,object}	yes
1.35.4	none	clouddriver-front50/12	clouddriver	front50	GET	/v2/tags/**	/_calls/front50/v2/tags/{id}	com.netflix.spinnaker.clouddriver.core.services.Front50Service	response	response	BREAK	enum-response-widening	$.tags[*].valueType	enum{literal,object}	string	real inconsistency	declared: the provider returns string where the caller enumerates enum{literal,object}	yes
1.35.4	none	clouddriver-front50/13	clouddriver	front50	POST	/v2/tags/batchUpdate	/_calls/front50/v2/tags/batchUpdate	com.netflix.spinnaker.clouddriver.core.services.Front50Service	response	response	BREAK	enum-response-widening	$[*].tags[*].valueType	enum{literal,object}	string	real inconsistency	declared: the provider returns string where the caller enumerates enum{literal,object}	yes
1.35.4	none	echo-igor/3	echo	igor	GET	/builds/artifacts/{buildNumber}/{master}	/_calls/igor/builds/artifacts/{buildNumber}/{master}	com.netflix.spinnaker.echo.services.IgorService	request	params	BREAK	REQ.2	$.params.job	optional string	required string	real inconsistency	declared: the provider requires params.job; the caller declares it optional (a Retrofit @Query/@Header is omitted when null; G1 decisions.md 5)	yes
1.35.4	none	echo-igor/5	echo	igor	GET	/builds/properties/{buildNumber}/{fileName}/{master}	/_calls/igor/builds/properties/{buildNumber}/{fileName}/{master}	com.netflix.spinnaker.echo.services.IgorService	request	params	BREAK	REQ.2	$.params.job	optional string	required string	real inconsistency	declared: the provider requires params.job; the caller declares it optional (a Retrofit @Query/@Header is omitted when null; G1 decisions.md 5)	yes
1.35.4	none	echo-igor/7	echo	igor	GET	/builds/status/{buildNumber}/{master}	/_calls/igor/builds/status/{buildNumber}/{master}	com.netflix.spinnaker.echo.services.IgorService	request	params	BREAK	REQ.2	$.params.job	optional string	required string	real inconsistency	declared: the provider requires params.job; the caller declares it optional (a Retrofit @Query/@Header is omitted when null; G1 decisions.md 5)	yes
1.35.4	none	echo-igor/9	echo	igor	PUT	/gcb/artifacts/extract/{account}	/_calls/igor/gcb/artifacts/extract/{account}	com.netflix.spinnaker.echo.services.IgorService	request	body	BREAK	kind-mismatch	$.body	object(open){}	string	projection defect	@RequestBody String: Spring reads the raw text of any payload into it, and the document declares a JSON string, so the caller's object(open){} is refused	yes
1.35.4	none	echo-igor/10	echo	igor	PUT	/gcb/builds/{account}/{buildId}	/_calls/igor/gcb/builds/{account}/{buildId}	com.netflix.spinnaker.echo.services.IgorService	request	body	BREAK	kind-mismatch	$.body	object(open){}	string	projection defect	@RequestBody String: Spring reads the raw text of any payload into it, and the document declares a JSON string, so the caller's object(open){} is refused	yes
1.35.4	none	echo-orca/3	echo	orca	GET	/pipelines	/_calls/orca/pipelines	com.netflix.spinnaker.echo.pipelinetriggers.orca.OrcaService	request	params	BREAK	kind-mismatch	$.params.pipelineConfigIds	array(string)	string	projection defect	query parameter arity: array(string) against string; Spring binds repeated or comma-separated values to both a String and a List parameter, and the extractor types parameters by their Java type (G1 decisions.md 8)	yes
1.35.4	none	fiat-clouddriver/2	fiat	clouddriver	GET	/credentials	/_calls/clouddriver/credentials	com.netflix.spinnaker.fiat.providers.internal.ClouddriverApi	request	params	BREAK	REQ.1	$.params	<absent>	object(open){expand*:string}	projection defect	clouddriver-web CredentialsController.listAccountCredentials(@RequestParam Optional<Boolean> expand): an Optional parameter is optional in Spring and typed by its argument; the document has a required string	yes
1.35.4	none	front50-echo/1	front50	echo	POST	/	/_calls/echo/	com.netflix.spinnaker.front50.echo.EchoService	response	response	BREAK	presence-mismatch	$	string	<nil>	real inconsistency	declared: the caller reads a string body; the provider sends none (echo-web HistoryController.saveHistory(@RequestBody Event): void)	yes
1.35.4	none	gate-clouddriver/1	gate	clouddriver	GET	/applications	/_calls/clouddriver/applications	com.netflix.spinnaker.gate.services.internal.ClouddriverService	response	response	BREAK	kind-mismatch	$	object(open){}	array(object(open){clusterNames:map(string,array(string)), name:string, attributes:map(string,string)})	checker limitation	an untyped side (D5: an open object) of another JSON kind: object(open){} vs array(object(open){clusterNames:map(string,array(string)), name:string, attributes:map(string,string)}); the leg is vacuous under the D5 ruling, which assumed such a leg can only pass	yes
1.35.4	none	gate-clouddriver/3	gate	clouddriver	GET	/applications/{application}/clusters	/_calls/clouddriver/applications/{name}/clusters	com.netflix.spinnaker.gate.services.internal.ClouddriverService	response	response	BREAK	kind-mismatch	$	object(open){}	map(string,array(string))	checker limitation	object against map: object(open){} vs map(string,array(string)); a JSON object either way, the checker compares kinds	yes
1.35.4	none	gate-clouddriver/4	gate	clouddriver	GET	/applications/{application}/clusters/{account}	/_calls/clouddriver/applications/{name}/clusters/{account}	com.netflix.spinnaker.gate.services.internal.ClouddriverService	response	response	BREAK	kind-mismatch	$	object(open){}	array(object(open){loadBalancers:array(string), moniker:object(open){cluster:string, detail:string, sequence:integer(int32), stack:string, app:string}, name:string, serverGroups:array(string), account:string})	checker limitation	an untyped side (D5: an open object) of another JSON kind: object(open){} vs array(object(open){loadBalancers:array(string), moniker:object(open){cluster:string, detail:string, sequence:integer(int32), stack:string, app:string}, name:string, serverGroups:array(string), account:string}); the leg is vacuous under the D5 ruling, which assumed such a leg can only pass	yes
1.35.4	none	gate-clouddriver/5	gate	clouddriver	GET	/applications/{application}/clusters/{account}/{name}	/_calls/clouddriver/applications/{name}/clusters/{account}/{cluster}	com.netflix.spinnaker.gate.services.internal.ClouddriverService	response	response	BREAK	kind-mismatch	$	object(open){}	array(object(open){name:string, serverGroups:array(object(open){createdTime:integer(int64), region:string, instances:array(object(open){healthState:enum{Down,Draining,Failed,OutOfService,Starting,Succeeded,Unknown,Up}, name:string, zone:string, health:array(object(open){}), labels:map(string,string), launchTime:integer(int64), providerType:string, humanReadableName:string, cloudProvider:string}), moniker:object(open){stack:string, app:string, cluster:string, detail:string, sequence:integer(int32)}, instanceCounts:object(open){down:integer(int32), outOfService:integer(int32), starting:integer(int32), total:integer(int32), unknown:integer(int32), up:integer(int32)}, serverGroupManagers:array(object(open){account:string, location:string, name:string}), zones:array(string), instanceType:string, disabled:boolean, labels:map(string,string), cloudProvider:string, type:string, tags:object(open){}, name:string, capacity:object(open){max:integer(int32), min:integer(int32), pinned:boolean, desired:integer(int32)}, launchConfig:object(open){}, loadBalancers:array(string), securityGroups:array(string)}), type:string, accountName:string, loadBalancers:array(object(open){moniker:object(open){app:string, cluster:string, detail:string, sequence:integer(int32), stack:string}, name:string, serverGroups:array(object(open){name:string, region:string, account:string, cloudProvider:string, detachedInstances:array(string), instances:array(object(open){id:string, name:string, zone:string, health:object(open){}}), isDisabled:boolean}), type:string, account:string, cloudProvider:string, labels:map(string,string)}), moniker:object(open){app:string, cluster:string, detail:string, sequence:integer(int32), stack:string}})	checker limitation	an untyped side (D5: an open object) of another JSON kind: object(open){} vs array(object(open){name:string, serverGroups:array(object(open){createdTime:integer(int64), region:string, instances:array(object(open){healthState:enum{Down,Draining,Failed,OutOfService,Starting,Succeeded,Unknown,Up}, name:string, zone:string, health:array(object(open){}), labels:map(string,string), launchTime:integer(int64), providerType:string, humanReadableName:string, cloudProvider:string}), moniker:object(open){stack:string, app:string, cluster:string, detail:string, sequence:integer(int32)}, instanceCounts:object(open){down:integer(int32), outOfService:integer(int32), starting:integer(int32), total:integer(int32), unknown:integer(int32), up:integer(int32)}, serverGroupManagers:array(object(open){account:string, location:string, name:string}), zones:array(string), instanceType:string, disabled:boolean, labels:map(string,string), cloudProvider:string, type:string, tags:object(open){}, name:string, capacity:object(open){max:integer(int32), min:integer(int32), pinned:boolean, desired:integer(int32)}, launchConfig:object(open){}, loadBalancers:array(string), securityGroups:array(string)}), type:string, accountName:string, loadBalancers:array(object(open){moniker:object(open){app:string, cluster:string, detail:string, sequence:integer(int32), stack:string}, name:string, serverGroups:array(object(open){name:string, region:string, account:string, cloudProvider:string, detachedInstances:array(string), instances:array(object(open){id:string, name:string, zone:string, health:object(open){}}), isDisabled:boolean}), type:string, account:string, cloudProvider:string, labels:map(string,string)}), moniker:object(open){app:string, cluster:string, detail:string, sequence:integer(int32), stack:string}}); the leg is vacuous under the D5 ruling, which assumed such a leg can only pass	yes
1.35.4	none	gate-clouddriver/6	gate	clouddriver	GET	/applications/{application}/clusters/{account}/{clusterName}/aws/serverGroups/{serverGroupName}/scalingActivities	/_calls/clouddriver/applications/{application}/clusters/{account}/{cluster}/{provider}/serverGroups/{serverGroupName}/scalingActivities	com.netflix.spinnaker.gate.services.internal.ClouddriverService	request	params	BREAK	REQ.2	$.params.region	optional string	required string	real inconsistency	declared: the provider requires params.region; the caller declares it optional (a Retrofit @Query/@Header is omitted when null; G1 decisions.md 5)	yes
1.35.4	none	gate-clouddriver/6	gate	clouddriver	GET	/applications/{application}/clusters/{account}/{clusterName}/aws/serverGroups/{serverGroupName}/scalingActivities	/_calls/clouddriver/applications/{application}/clusters/{account}/{cluster}/{provider}/serverGroups/{serverGroupName}/scalingActivities	com.netflix.spinnaker.gate.services.internal.ClouddriverService	response	response	BREAK	presence-mismatch	$	object(open){}	<nil>	projection defect	a raw ResponseEntity has an untyped body, and the document has a contentless 200 (clouddriver-aws AmazonClusterController.getScalingActivities: raw ResponseEntity)	yes
1.35.4	none	gate-clouddriver/7	gate	clouddriver	GET	/applications/{application}/clusters/{account}/{clusterName}/yandex/serverGroups/{serverGroupName}/scalingActivities	/_calls/clouddriver/applications/{application}/clusters/{account}/{cluster}/{provider}/serverGroups/{serverGroupName}/scalingActivities	com.netflix.spinnaker.gate.services.internal.ClouddriverService	request	params	BREAK	REQ.2	$.params.region	optional string	required string	real inconsistency	declared: the provider requires params.region; the caller declares it optional (a Retrofit @Query/@Header is omitted when null; G1 decisions.md 5)	yes
1.35.4	none	gate-clouddriver/7	gate	clouddriver	GET	/applications/{application}/clusters/{account}/{clusterName}/yandex/serverGroups/{serverGroupName}/scalingActivities	/_calls/clouddriver/applications/{application}/clusters/{account}/{cluster}/{provider}/serverGroups/{serverGroupName}/scalingActivities	com.netflix.spinnaker.gate.services.internal.ClouddriverService	response	response	BREAK	kind-mismatch	$	object(open){}	array(object(open){cause:string, description:string, details:string, startTime:string(date-time), statusCode:string})	checker limitation	an untyped side (D5: an open object) of another JSON kind: object(open){} vs array(object(open){cause:string, description:string, details:string, startTime:string(date-time), statusCode:string}); the leg is vacuous under the D5 ruling, which assumed such a leg can only pass	yes
1.35.4	none	gate-clouddriver/10	gate	clouddriver	GET	/applications/{application}/clusters/{account}/{clusterName}/{cloudProvider}/{scope}/serverGroups/target/{target}	/_calls/clouddriver/applications/{name}/clusters/{account}/{cluster}/{type}/{scope}/serverGroups/target/{target}	com.netflix.spinnaker.gate.services.internal.ClouddriverService	request	params	BREAK	prim-mismatch	$.params.onlyEnabled	boolean	string	projection defect	parameter text binding: a boolean argument is sent as text and Spring binds any text to a String parameter; the strict lattice compares Java types (G1 decisions.md 8)	yes
1.35.4	none	gate-clouddriver/10	gate	clouddriver	GET	/applications/{application}/clusters/{account}/{clusterName}/{cloudProvider}/{scope}/serverGroups/target/{target}	/_calls/clouddriver/applications/{name}/clusters/{account}/{cluster}/{type}/{scope}/serverGroups/target/{target}	com.netflix.spinnaker.gate.services.internal.ClouddriverService	request	params	BREAK	prim-mismatch	$.params.validateOldest	boolean	string	projection defect	parameter text binding: a boolean argument is sent as text and Spring binds any text to a String parameter; the strict lattice compares Java types (G1 decisions.md 8)	yes
1.35.4	none	gate-clouddriver/15	gate	clouddriver	GET	/applications/{application}/serverGroups	/_calls/clouddriver/applications/{name}/serverGroups	com.netflix.spinnaker.gate.services.internal.ClouddriverService	request	params	BREAK	kind-mismatch	$.params.clusters	string	array(string)	projection defect	query parameter arity: string against array(string); Spring binds repeated or comma-separated values to both a String and a List parameter, and the extractor types parameters by their Java type (G1 decisions.md 8)	yes
1.35.4	none	gate-clouddriver/15	gate	clouddriver	GET	/applications/{application}/serverGroups	/_calls/clouddriver/applications/{name}/serverGroups	com.netflix.spinnaker.gate.services.internal.ClouddriverService	response	response	BREAK	kind-mismatch	$	object(open){}	array(object(open){})	checker limitation	an untyped side (D5: an open object) of another JSON kind: object(open){} vs array(object(open){}); the leg is vacuous under the D5 ruling, which assumed such a leg can only pass	yes
1.35.4	none	gate-clouddriver/16	gate	clouddriver	GET	/applications/{application}/serverGroups/{account}/{serverGroupName}/events	/_calls/clouddriver/applications/{application}/serverGroups/{account}/{serverGroupName}/events	com.netflix.spinnaker.gate.services.internal.ClouddriverService	request	params	BREAK	REQ.2	$.params.region	optional string	required string	real inconsistency	declared: the provider requires params.region; the caller declares it optional (a Retrofit @Query/@Header is omitted when null; G1 decisions.md 5)	yes
1.35.4	none	gate-clouddriver/16	gate	clouddriver	GET	/applications/{application}/serverGroups/{account}/{serverGroupName}/events	/_calls/clouddriver/applications/{application}/serverGroups/{account}/{serverGroupName}/events	com.netflix.spinnaker.gate.services.internal.ClouddriverService	response	response	BREAK	presence-mismatch	$	array(object(open){})	<nil>	projection defect	a raw ResponseEntity has an untyped body, and the document has a contentless 200 (clouddriver-ecs EcsServerGroupController.getServerGroupEvents: raw ResponseEntity)	yes
1.35.4	none	gate-clouddriver/18	gate	clouddriver	GET	/artifacts/account/{accountName}/names	/_calls/clouddriver/artifacts/account/{accountName}/names	com.netflix.spinnaker.gate.services.internal.ClouddriverService	request	params	BREAK	REQ.2	$.params.type	optional string	required string	real inconsistency	declared: the provider requires params.type; the caller declares it optional (a Retrofit @Query/@Header is omitted when null; G1 decisions.md 5)	yes
1.35.4	none	gate-clouddriver/19	gate	clouddriver	GET	/artifacts/account/{accountName}/versions	/_calls/clouddriver/artifacts/account/{accountName}/versions	com.netflix.spinnaker.gate.services.internal.ClouddriverService	request	params	BREAK	REQ.2	$.params.artifactName	optional string	required string	real inconsistency	declared: the provider requires params.artifactName; the caller declares it optional (a Retrofit @Query/@Header is omitted when null; G1 decisions.md 5)	yes
1.35.4	none	gate-clouddriver/19	gate	clouddriver	GET	/artifacts/account/{accountName}/versions	/_calls/clouddriver/artifacts/account/{accountName}/versions	com.netflix.spinnaker.gate.services.internal.ClouddriverService	request	params	BREAK	REQ.2	$.params.type	optional string	required string	real inconsistency	declared: the provider requires params.type; the caller declares it optional (a Retrofit @Query/@Header is omitted when null; G1 decisions.md 5)	yes
1.35.4	none	gate-clouddriver/32	gate	clouddriver	GET	/credentials	/_calls/clouddriver/credentials	com.netflix.spinnaker.gate.services.internal.ClouddriverService	request	params	BREAK	REQ.2	$.params	optional object(open){expand:boolean}	required object(open){expand*:string}	projection defect	clouddriver-web CredentialsController.listAccountCredentials(@RequestParam Optional<Boolean> expand): an Optional parameter is optional in Spring and typed by its argument; the document has a required string	yes
1.35.4	none	gate-clouddriver/32	gate	clouddriver	GET	/credentials	/_calls/clouddriver/credentials	com.netflix.spinnaker.gate.services.internal.ClouddriverService	request	params	BREAK	REQ.2	$.params.expand	optional boolean	required string	projection defect	clouddriver-web CredentialsController.listAccountCredentials(@RequestParam Optional<Boolean> expand): an Optional parameter is optional in Spring and typed by its argument; the document has a required string	yes
1.35.4	none	gate-clouddriver/32	gate	clouddriver	GET	/credentials	/_calls/clouddriver/credentials	com.netflix.spinnaker.gate.services.internal.ClouddriverService	request	params	BREAK	prim-mismatch	$.params.expand	boolean	string	projection defect	clouddriver-web CredentialsController.listAccountCredentials(@RequestParam Optional<Boolean> expand): an Optional parameter is optional in Spring and typed by its argument; the document has a required string	yes
1.35.4	none	gate-clouddriver/33	gate	clouddriver	POST	/credentials	/_calls/clouddriver/credentials	com.netflix.spinnaker.gate.services.internal.ClouddriverService	response	response	BREAK	nullable-response-widening	$	object(open){name:string, type:string}	nullable(object(open){name:string})	projection defect	"D8: the caller's field carries no nullability annotation and is projected non-nullable (""unknown""), while the provider marks it nullable (object(open){name:string, type:string} vs nullable(object(open){name:string}))"	yes
1.35.4	none	gate-clouddriver/34	gate	clouddriver	PUT	/credentials	/_calls/clouddriver/credentials	com.netflix.spinnaker.gate.services.internal.ClouddriverService	response	response	BREAK	nullable-response-widening	$	object(open){name:string, type:string}	nullable(object(open){name:string})	projection defect	"D8: the caller's field carries no nullability annotation and is projected non-nullable (""unknown""), while the provider marks it nullable (object(open){name:string, type:string} vs nullable(object(open){name:string}))"	yes
1.35.4	none	gate-clouddriver/35	gate	clouddriver	GET	/credentials/type/{accountType}	/_calls/clouddriver/credentials/type/{type}	com.netflix.spinnaker.gate.services.internal.ClouddriverService	response	response	BREAK	nullable-response-widening	$[*]	object(open){name:string, type:string}	nullable(object(open){name:string})	projection defect	"D8: the caller's field carries no nullability annotation and is projected non-nullable (""unknown""), while the provider marks it nullable (object(open){name:string, type:string} vs nullable(object(open){name:string}))"	yes
1.35.4	none	gate-clouddriver/39	gate	clouddriver	GET	/dockerRegistry/images/tags	/_calls/clouddriver/{provider}/images/tags	com.netflix.spinnaker.gate.services.internal.ClouddriverService	request	params	BREAK	REQ.2	$.params.account	optional string	required string	real inconsistency	declared: the provider requires params.account; the caller declares it optional (a Retrofit @Query/@Header is omitted when null; G1 decisions.md 5)	yes
1.35.4	none	gate-clouddriver/39	gate	clouddriver	GET	/dockerRegistry/images/tags	/_calls/clouddriver/{provider}/images/tags	com.netflix.spinnaker.gate.services.internal.ClouddriverService	request	params	BREAK	REQ.2	$.params.repository	optional string	required string	real inconsistency	declared: the provider requires params.repository; the caller declares it optional (a Retrofit @Query/@Header is omitted when null; G1 decisions.md 5)	yes
1.35.4	none	gate-clouddriver/43	gate	clouddriver	GET	/ecs/images/find	/_calls/clouddriver/{provider}/images/find	com.netflix.spinnaker.gate.services.internal.ClouddriverService	request	params	BREAK	REQ.2	$.params.q	optional string	required string	real inconsistency	declared: the provider requires params.q; the caller declares it optional (a Retrofit @Query/@Header is omitted when null; G1 decisions.md 5)	yes
1.35.4	none	gate-clouddriver/54	gate	clouddriver	GET	/networks	/_calls/clouddriver/networks	com.netflix.spinnaker.gate.services.internal.ClouddriverService	response	response	BREAK	kind-mismatch	$	object(open){}	map(string,array(object(open){id:string, name:string, region:string, account:string, cloudProvider:string}))	checker limitation	object against map: object(open){} vs map(string,array(object(open){id:string, name:string, region:string, account:string, cloudProvider:string})); a JSON object either way, the checker compares kinds	yes
1.35.4	none	gate-clouddriver/62	gate	clouddriver	GET	/search	/_calls/clouddriver/search	com.netflix.spinnaker.gate.services.internal.ClouddriverService	request	params	BREAK	REQ.2	$.params	optional object(open){platform:string, q:string, type:string, page:integer(int32), pageSize:integer(int32)}	required object(open){page:integer(int32), pageSize:integer(int32), platform:string, q:string, type*:array(string)}	real inconsistency	declared: the provider requires params; the caller declares it optional (a Retrofit @Query/@Header is omitted when null; G1 decisions.md 5)	yes
1.35.4	none	gate-clouddriver/62	gate	clouddriver	GET	/search	/_calls/clouddriver/search	com.netflix.spinnaker.gate.services.internal.ClouddriverService	request	params	BREAK	REQ.2	$.params.type	optional string	required array(string)	real inconsistency	declared: the provider requires params.type; the caller declares it optional (a Retrofit @Query/@Header is omitted when null; G1 decisions.md 5)	yes
1.35.4	none	gate-clouddriver/62	gate	clouddriver	GET	/search	/_calls/clouddriver/search	com.netflix.spinnaker.gate.services.internal.ClouddriverService	request	params	BREAK	kind-mismatch	$.params.type	string	array(string)	projection defect	query parameter arity: string against array(string); Spring binds repeated or comma-separated values to both a String and a List parameter, and the extractor types parameters by their Java type (G1 decisions.md 8)	yes
1.35.4	none	gate-clouddriver/63	gate	clouddriver	GET	/securityGroups	/_calls/clouddriver/securityGroups	com.netflix.spinnaker.gate.services.internal.ClouddriverService	response	response	BREAK	kind-mismatch	$	object(open){}	map(string,map(string,map(string,array(object(open){id:string, moniker:object(open){detail:string, sequence:integer(int32), stack:string, app:string, cluster:string}, name:string}))))	checker limitation	object against map: object(open){} vs map(string,map(string,map(string,array(object(open){id:string, moniker:object(open){detail:string, sequence:integer(int32), stack:string, app:string, cluster:string}, name:string})))); a JSON object either way, the checker compares kinds	yes
1.35.4	none	gate-clouddriver/64	gate	clouddriver	GET	/securityGroups/{account}/{cloudProvider}	/_calls/clouddriver/securityGroups/{account}/{type}	com.netflix.spinnaker.gate.services.internal.ClouddriverService	response	response	BREAK	kind-mismatch	$	object(open){}	map(string,array(object(open){id:string, moniker:object(open){detail:string, sequence:integer(int32), stack:string, app:string, cluster:string}, name:string}))	projection defect	same-key collision: the provider maps two handlers on GET /securityGroups/{account}/{cloudProvider} and the document keeps one (GET /securityGroups/{account}/{cloudProvider} (com.netflix.spinnaker.clouddriver.controllers.SecurityGroupController.listByAccountAndCloudProviderAndRegion); CLAIM-G1-009)	yes
1.35.4	none	gate-clouddriver/66	gate	clouddriver	GET	/serverGroups	/_calls/clouddriver/serverGroups	com.netflix.spinnaker.gate.services.internal.ClouddriverService	response	response	BREAK	kind-mismatch	$	object(open){}	array(object(open){isDisabled:boolean, tags:object(open){}, instances:array(object(open){launchTime:integer(int64), name:string, availabilityZone:string, health:array(object(open){type:string, state:string, status:object(open){}}), healthState:string, id:string}), instanceType:string, cluster:string, labels:map(string,string), instanceCounts:object(open){up:integer(int32), down:integer(int32), outOfService:integer(int32), starting:integer(int32), total:integer(int32), unknown:integer(int32)}, serverGroupManagers:array(object(open){account:string, location:string, name:string}), buildInfo:object(open){}, cloudProvider:string, type:string, loadBalancers:array(string), name:string, region:string, targetGroups:array(string), vpcId:string, account:string, application:string, createdTime:integer(int64), providerMetadata:object(open){}, securityGroups:array(string), moniker:object(open){sequence:integer(int32), stack:string, app:string, cluster:string, detail:string}, capacity:object(open){desired:integer(int32), max:integer(int32), min:integer(int32), pinned:boolean}})	checker limitation	an untyped side (D5: an open object) of another JSON kind: object(open){} vs array(object(open){isDisabled:boolean, tags:object(open){}, instances:array(object(open){launchTime:integer(int64), name:string, availabilityZone:string, health:array(object(open){type:string, state:string, status:object(open){}}), healthState:string, id:string}), instanceType:string, cluster:string, labels:map(string,string), instanceCounts:object(open){up:integer(int32), down:integer(int32), outOfService:integer(int32), starting:integer(int32), total:integer(int32), unknown:integer(int32)}, serverGroupManagers:array(object(open){account:string, location:string, name:string}), buildInfo:object(open){}, cloudProvider:string, type:string, loadBalancers:array(string), name:string, region:string, targetGroups:array(string), vpcId:string, account:string, application:string, createdTime:integer(int64), providerMetadata:object(open){}, securityGroups:array(string), moniker:object(open){sequence:integer(int32), stack:string, app:string, cluster:string, detail:string}, capacity:object(open){desired:integer(int32), max:integer(int32), min:integer(int32), pinned:boolean}}); the leg is vacuous under the D5 ruling, which assumed such a leg can only pass	yes
1.35.4	none	gate-clouddriver/67	gate	clouddriver	GET	/servicebroker/{account}/serviceInstance	/_calls/clouddriver/servicebroker/{account}/serviceInstance	com.netflix.spinnaker.gate.services.internal.ClouddriverService	request	params	BREAK	REQ.2	$.params.cloudProvider	optional string	required string	real inconsistency	declared: the provider requires params.cloudProvider; the caller declares it optional (a Retrofit @Query/@Header is omitted when null; G1 decisions.md 5)	yes
1.35.4	none	gate-clouddriver/67	gate	clouddriver	GET	/servicebroker/{account}/serviceInstance	/_calls/clouddriver/servicebroker/{account}/serviceInstance	com.netflix.spinnaker.gate.services.internal.ClouddriverService	request	params	BREAK	REQ.2	$.params.region	optional string	required string	real inconsistency	declared: the provider requires params.region; the caller declares it optional (a Retrofit @Query/@Header is omitted when null; G1 decisions.md 5)	yes
1.35.4	none	gate-clouddriver/67	gate	clouddriver	GET	/servicebroker/{account}/serviceInstance	/_calls/clouddriver/servicebroker/{account}/serviceInstance	com.netflix.spinnaker.gate.services.internal.ClouddriverService	request	params	BREAK	REQ.2	$.params.serviceInstanceName	optional string	required string	real inconsistency	declared: the provider requires params.serviceInstanceName; the caller declares it optional (a Retrofit @Query/@Header is omitted when null; G1 decisions.md 5)	yes
1.35.4	none	gate-clouddriver/68	gate	clouddriver	GET	/servicebroker/{account}/services	/_calls/clouddriver/servicebroker/{account}/services	com.netflix.spinnaker.gate.services.internal.ClouddriverService	request	params	BREAK	REQ.2	$.params.cloudProvider	optional string	required string	real inconsistency	declared: the provider requires params.cloudProvider; the caller declares it optional (a Retrofit @Query/@Header is omitted when null; G1 decisions.md 5)	yes
1.35.4	none	gate-clouddriver/68	gate	clouddriver	GET	/servicebroker/{account}/services	/_calls/clouddriver/servicebroker/{account}/services	com.netflix.spinnaker.gate.services.internal.ClouddriverService	request	params	BREAK	REQ.2	$.params.region	optional string	required string	real inconsistency	declared: the provider requires params.region; the caller declares it optional (a Retrofit @Query/@Header is omitted when null; G1 decisions.md 5)	yes
1.35.4	none	gate-clouddriver/76	gate	clouddriver	GET	/titus/images/tags	/_calls/clouddriver/{provider}/images/tags	com.netflix.spinnaker.gate.services.internal.ClouddriverService	request	params	BREAK	REQ.2	$.params.account	optional string	required string	real inconsistency	declared: the provider requires params.account; the caller declares it optional (a Retrofit @Query/@Header is omitted when null; G1 decisions.md 5)	yes
1.35.4	none	gate-clouddriver/76	gate	clouddriver	GET	/titus/images/tags	/_calls/clouddriver/{provider}/images/tags	com.netflix.spinnaker.gate.services.internal.ClouddriverService	request	params	BREAK	REQ.2	$.params.repository	optional string	required string	real inconsistency	declared: the provider requires params.repository; the caller declares it optional (a Retrofit @Query/@Header is omitted when null; G1 decisions.md 5)	yes
1.35.4	none	gate-echo/1	gate	echo	POST	/	/_calls/echo/	com.netflix.spinnaker.gate.services.internal.EchoService	response	response	BREAK	presence-mismatch	$	string	<nil>	real inconsistency	declared: the caller reads a string body; the provider sends none (echo-web HistoryController.saveHistory(@RequestBody Event): void)	yes
1.35.4	none	gate-echo/2	gate	echo	GET	/notifications/metadata	/_calls/echo/notifications/metadata	com.netflix.spinnaker.gate.services.internal.EchoService	response	response	BREAK	kind-mismatch	$	object(open){}	array(object(open){uiType:enum{BASIC,CUSTOM}, extensionClass:object(open){}, notificationType:string, parameters:array(object(open){label:string, name:string, type:enum{string}, defaultValue:string, description:string}), pluginId:string})	checker limitation	an untyped side (D5: an open object) of another JSON kind: object(open){} vs array(object(open){uiType:enum{BASIC,CUSTOM}, extensionClass:object(open){}, notificationType:string, parameters:array(object(open){label:string, name:string, type:enum{string}, defaultValue:string, description:string}), pluginId:string}); the leg is vacuous under the D5 ruling, which assumed such a leg can only pass	yes
1.35.4	none	gate-echo/3	gate	echo	GET	/pubsub/subscriptions	/_calls/echo/pubsub/subscriptions	com.netflix.spinnaker.gate.services.internal.EchoService	response	response	BREAK	kind-mismatch	$[*]	map(string,string)	object(open){subscriptionName:string, pubsubSystem:string}	checker limitation	object against map: map(string,string) vs object(open){subscriptionName:string, pubsubSystem:string}; a JSON object either way, the checker compares kinds	yes
1.35.4	none	gate-echo/5	gate	echo	GET	/validateCronExpression	/_calls/echo/validateCronExpression	com.netflix.spinnaker.gate.services.internal.EchoService	request	params	BREAK	REQ.2	$.params	optional object(open){cronExpression:string}	required object(open){cronExpression*:string}	real inconsistency	declared: the provider requires params; the caller declares it optional (a Retrofit @Query/@Header is omitted when null; G1 decisions.md 5)	yes
1.35.4	none	gate-echo/5	gate	echo	GET	/validateCronExpression	/_calls/echo/validateCronExpression	com.netflix.spinnaker.gate.services.internal.EchoService	request	params	BREAK	REQ.2	$.params.cronExpression	optional string	required string	real inconsistency	declared: the provider requires params.cronExpression; the caller declares it optional (a Retrofit @Query/@Header is omitted when null; G1 decisions.md 5)	yes
1.35.4	none	gate-echo/7	gate	echo	POST	/webhooks/{type}/{source}	/_calls/echo/webhooks/{type}/{source}	com.netflix.spinnaker.gate.services.internal.EchoService	request	body	BREAK	kind-mismatch	$.body	object(open){}	string	projection defect	@RequestBody String: Spring reads the raw text of any payload into it, and the document declares a JSON string, so the caller's object(open){} is refused	yes
1.35.4	none	gate-igor/2	gate	igor	GET	/artifacts/{provider}/{name}	/_calls/igor/artifacts/{provider}/{packageName}	com.netflix.spinnaker.gate.services.internal.IgorService	request	params	BREAK	kind-mismatch	$.params.releaseStatus	string	array(string)	projection defect	query parameter arity: string against array(string); Spring binds repeated or comma-separated values to both a String and a List parameter, and the extractor types parameters by their Java type (G1 decisions.md 8)	yes
1.35.4	none	gate-igor/5	gate	igor	GET	/builds/status/{buildNumber}/{master}/**	/_calls/igor/builds/status/{number}/{buildMaster}/{job}	com.netflix.spinnaker.gate.services.internal.IgorService	request	params	BREAK	prim-mismatch	$.params.buildNumber	string	integer(int32)	real inconsistency	declared: the caller passes string where the provider converts to integer(int32)	yes
1.35.4	none	gate-igor/18	gate	igor	GET	/masters	/_calls/igor/masters	com.netflix.spinnaker.gate.services.internal.IgorService	request	params	BREAK	REQ.1	$.params	<absent>	object(open){type*:string}	real inconsistency	declared: the provider requires params (object(open){type*:string}), which the caller never sends	yes
1.35.4	none	gate-kayenta/2	gate	kayenta	GET	/canary/executions	/_calls/kayenta/canary/executions	com.netflix.spinnaker.gate.services.internal.KayentaService	response	response	BREAK	kind-mismatch	$	object(open){}	array(object(open){storageAccountName:string, buildTimeMillis:integer(int64), endTimeMillis:integer(int64), configurationAccountName:string, startTimeMillis:integer(int64), endTimeIso:string, result:object(open){canaryDuration:string, judgeResult:object(open){groupScores:array(object(open){classificationReason:string, name:string, score:number(double), classification:string}), judgeName:string, results:array(object(open){experimentMetadata:object(open){}, muted:boolean, resultMetadata:object(open){}, classification:string, controlMetadata:object(open){}, id:string, tags:map(string,string), groups:array(string), name:string, classificationReason:string, critical:boolean}), score:object(open){classificationReason:string, score:number(double), classification:string}}}, startTimeIso:string, exception:object(open){}, pipelineId:string, application:string, stageStatus:map(string,string), metricsAccountName:string, buildTimeIso:string, complete:boolean, config:object(open){configVersion:string, description:string, applications:array(string), createdTimestamp:integer(int64), id:string, metrics:array(object(open){query:object(open){}, scopeName:string, analysisConfigurations:object(open){}, groups:array(string), name:string}), updatedTimestampIso:string, createdTimestampIso:string, templates:map(string,string), updatedTimestamp:integer(int64), classifier:object(open){groupWeights:map(string,number(double)), scoreThresholds:object(open){marginal:number(double), pass:number(double)}}, judge:object(open){name:string, judgeConfigurations:object(open){}}, name:string}, status:string, canaryExecutionRequest:object(open){scopes:map(string,object(open){controlScope:object(open){end:string(date-time), extendedScopeParams:map(string,string), location:string, scope:string, start:string(date-time), step:integer(int64)}, experimentScope:object(open){step:integer(int64), end:string(date-time), extendedScopeParams:map(string,string), location:string, scope:string, start:string(date-time)}}), siteLocal:object(open){}, thresholds:object(open){marginal:number(double), pass:number(double)}, metadata:array(object(open){hidden:boolean, name:string, value:string})}, metricSetPairListId:string, parentPipelineExecutionId:string, canaryConfigId:string})	checker limitation	an untyped side (D5: an open object) of another JSON kind: object(open){} vs array(object(open){storageAccountName:string, buildTimeMillis:integer(int64), endTimeMillis:integer(int64), configurationAccountName:string, startTimeMillis:integer(int64), endTimeIso:string, result:object(open){canaryDuration:string, judgeResult:object(open){groupScores:array(object(open){classificationReason:string, name:string, score:number(double), classification:string}), judgeName:string, results:array(object(open){experimentMetadata:object(open){}, muted:boolean, resultMetadata:object(open){}, classification:string, controlMetadata:object(open){}, id:string, tags:map(string,string), groups:array(string), name:string, classificationReason:string, critical:boolean}), score:object(open){classificationReason:string, score:number(double), classification:string}}}, startTimeIso:string, exception:object(open){}, pipelineId:string, application:string, stageStatus:map(string,string), metricsAccountName:string, buildTimeIso:string, complete:boolean, config:object(open){configVersion:string, description:string, applications:array(string), createdTimestamp:integer(int64), id:string, metrics:array(object(open){query:object(open){}, scopeName:string, analysisConfigurations:object(open){}, groups:array(string), name:string}), updatedTimestampIso:string, createdTimestampIso:string, templates:map(string,string), updatedTimestamp:integer(int64), classifier:object(open){groupWeights:map(string,number(double)), scoreThresholds:object(open){marginal:number(double), pass:number(double)}}, judge:object(open){name:string, judgeConfigurations:object(open){}}, name:string}, status:string, canaryExecutionRequest:object(open){scopes:map(string,object(open){controlScope:object(open){end:string(date-time), extendedScopeParams:map(string,string), location:string, scope:string, start:string(date-time), step:integer(int64)}, experimentScope:object(open){step:integer(int64), end:string(date-time), extendedScopeParams:map(string,string), location:string, scope:string, start:string(date-time)}}), siteLocal:object(open){}, thresholds:object(open){marginal:number(double), pass:number(double)}, metadata:array(object(open){hidden:boolean, name:string, value:string})}, metricSetPairListId:string, parentPipelineExecutionId:string, canaryConfigId:string}); the leg is vacuous under the D5 ruling, which assumed such a leg can only pass	yes
1.35.4	none	gate-kayenta/5	gate	kayenta	GET	/canaryConfig	/_calls/kayenta/canaryConfig	com.netflix.spinnaker.gate.services.internal.KayentaService	request	params	BREAK	kind-mismatch	$.params.application	string	array(string)	projection defect	query parameter arity: string against array(string); Spring binds repeated or comma-separated values to both a String and a List parameter, and the extractor types parameters by their Java type (G1 decisions.md 8)	yes
1.35.4	none	gate-kayenta/5	gate	kayenta	GET	/canaryConfig	/_calls/kayenta/canaryConfig	com.netflix.spinnaker.gate.services.internal.KayentaService	response	response	BREAK	kind-mismatch	$	object(open){}	array(object(open){})	checker limitation	an untyped side (D5: an open object) of another JSON kind: object(open){} vs array(object(open){}); the leg is vacuous under the D5 ruling, which assumed such a leg can only pass	yes
1.35.4	none	gate-kayenta/10	gate	kayenta	GET	/credentials	/_calls/kayenta/credentials	com.netflix.spinnaker.gate.services.internal.KayentaService	response	response	BREAK	kind-mismatch	$	object(open){}	array(object(open){name:string, recommendedLocations:array(string), supportedTypes:array(enum{CONFIGURATION_STORE,METRICS_STORE,OBJECT_STORE,REMOTE_JUDGE}), type:string, locations:array(string)})	checker limitation	an untyped side (D5: an open object) of another JSON kind: object(open){} vs array(object(open){name:string, recommendedLocations:array(string), supportedTypes:array(enum{CONFIGURATION_STORE,METRICS_STORE,OBJECT_STORE,REMOTE_JUDGE}), type:string, locations:array(string)}); the leg is vacuous under the D5 ruling, which assumed such a leg can only pass	yes
1.35.4	none	gate-kayenta/11	gate	kayenta	GET	/judges	/_calls/kayenta/judges	com.netflix.spinnaker.gate.services.internal.KayentaService	response	response	BREAK	kind-mismatch	$	object(open){}	array(object(open){visible:boolean, name:string})	checker limitation	an untyped side (D5: an open object) of another JSON kind: object(open){} vs array(object(open){visible:boolean, name:string}); the leg is vacuous under the D5 ruling, which assumed such a leg can only pass	yes
1.35.4	none	gate-kayenta/12	gate	kayenta	GET	/metadata/metricsService	/_calls/kayenta/metadata/metricsService	com.netflix.spinnaker.gate.services.internal.KayentaService	response	response	BREAK	kind-mismatch	$	object(open){}	array(object(open){})	checker limitation	an untyped side (D5: an open object) of another JSON kind: object(open){} vs array(object(open){}); the leg is vacuous under the D5 ruling, which assumed such a leg can only pass	yes
1.35.4	none	gate-kayenta/13	gate	kayenta	GET	/metricSetPairList/{metricSetPairListId}	/_calls/kayenta/metricSetPairList/{metricSetPairListId}	com.netflix.spinnaker.gate.services.internal.KayentaService	response	response	BREAK	kind-mismatch	$	object(open){}	array(object(open){values:map(string,array(number(double))), attributes:map(string,map(string,string)), id:string, name:string, scopes:map(string,object(open){stepMillis:integer(int64), startTimeIso:string, startTimeMillis:integer(int64)}), tags:map(string,string)})	checker limitation	an untyped side (D5: an open object) of another JSON kind: object(open){} vs array(object(open){values:map(string,array(number(double))), attributes:map(string,map(string,string)), id:string, name:string, scopes:map(string,object(open){stepMillis:integer(int64), startTimeIso:string, startTimeMillis:integer(int64)}), tags:map(string,string)}); the leg is vacuous under the D5 ruling, which assumed such a leg can only pass	yes
1.35.4	none	gate-orca/1	gate	orca	GET	/applications/{application}/pipelines/search	/_calls/orca/applications/{application}/pipelines/search	com.netflix.spinnaker.gate.services.internal.OrcaService	response	response	BREAK	kind-mismatch	$	object(open){}	array(object(open){partition:string, cancellationReason:string, stages:array(object(open){context:object(open){}, endTime:integer(int64), manualJudgmentType:boolean, id:string, execution:ref(orca.PipelineExecution), refId:string, requisiteStageRefIds:array(string), startTimeExpiry:integer(int64), additionalMetricTags:map(string,string), size:object(open){}, syntheticStageOwner:enum{STAGE_AFTER,STAGE_BEFORE}, lastModified:object(open){user:string, allowedAccounts:array(string), lastModifiedTime:integer(int64)}, scheduledTime:integer(int64), type:string, parentStageId:string, tasks:array(object(open){loopStart:boolean, stageEnd:boolean, stageStart:boolean, status:enum{BUFFERED,CANCELED,FAILED_CONTINUE,NOT_STARTED,PAUSED,REDIRECT,RUNNING,SKIPPED,STOPPED,SUCCEEDED,SUSPENDED,TERMINAL}, implementingClass:string, startTime:integer(int64), endTime:integer(int64), id:string, loopEnd:boolean, name:string, taskExceptionDetails:object(open){}}), name:string, outputs:object(open){}, startTime:integer(int64), status:enum{BUFFERED,CANCELED,FAILED_CONTINUE,NOT_STARTED,PAUSED,REDIRECT,RUNNING,SKIPPED,STOPPED,SUCCEEDED,SUSPENDED,TERMINAL}}), buildTime:integer(int64), canceledBy:string, limitConcurrent:boolean, origin:string, startTimeExpiry:integer(int64), id:string, source:object(open){id:string, type:string, version:string}, totalSize:object(open){}, type:enum{ORCHESTRATION,PIPELINE}, trigger:object(open){artifacts:array(object(open){metadata:object(open){}, provenance:string, type:string, version:string, reference:string, uuid:string, artifactAccount:string, customKind:boolean, name:string, location:string}), correlationId:string, user:string, rebake:boolean, type:string, notifications:array(object(open){}), parameters:object(open){}, resolvedExpectedArtifacts:array(object(open){boundArtifact:object(open){artifactAccount:string, name:string, reference:string, type:string, uuid:string, provenance:string, version:string, customKind:boolean, location:string, metadata:object(open){}}, defaultArtifact:object(open){uuid:string, version:string, location:string, provenance:string, name:string, reference:string, type:string, customKind:boolean, artifactAccount:string, metadata:object(open){}}, id:string, matchArtifact:object(open){reference:string, uuid:string, metadata:object(open){}, provenance:string, customKind:boolean, location:string, name:string, type:string, version:string, artifactAccount:string}, useDefaultArtifact:boolean, usePriorArtifact:boolean}), dryRun:boolean, strategy:boolean}, canceled:boolean, notifications:array(object(open){}), spelEvaluator:string, status:enum{BUFFERED,CANCELED,FAILED_CONTINUE,NOT_STARTED,PAUSED,REDIRECT,RUNNING,SKIPPED,STOPPED,SUCCEEDED,SUSPENDED,TERMINAL}, templateVariables:object(open){}, description:string, name:string, application:string, pipelineConfigId:string, endTime:integer(int64), maxConcurrentExecutions:integer(int32), paused:object(open){paused:boolean, pausedBy:string, pausedMs:integer(int64), resumeTime:integer(int64), resumedBy:string, pauseTime:integer(int64)}, startTime:integer(int64), keepWaitingPipelines:boolean, authentication:object(open){allowedAccounts:array(string), user:string}, size:object(open){}})	checker limitation	an untyped side (D5: an open object) of another JSON kind: object(open){} vs array(object(open){partition:string, cancellationReason:string, stages:array(object(open){context:object(open){}, endTime:integer(int64), manualJudgmentType:boolean, id:string, execution:ref(orca.PipelineExecution), refId:string, requisiteStageRefIds:array(string), startTimeExpiry:integer(int64), additionalMetricTags:map(string,string), size:object(open){}, syntheticStageOwner:enum{STAGE_AFTER,STAGE_BEFORE}, lastModified:object(open){user:string, allowedAccounts:array(string), lastModifiedTime:integer(int64)}, scheduledTime:integer(int64), type:string, parentStageId:string, tasks:array(object(open){loopStart:boolean, stageEnd:boolean, stageStart:boolean, status:enum{BUFFERED,CANCELED,FAILED_CONTINUE,NOT_STARTED,PAUSED,REDIRECT,RUNNING,SKIPPED,STOPPED,SUCCEEDED,SUSPENDED,TERMINAL}, implementingClass:string, startTime:integer(int64), endTime:integer(int64), id:string, loopEnd:boolean, name:string, taskExceptionDetails:object(open){}}), name:string, outputs:object(open){}, startTime:integer(int64), status:enum{BUFFERED,CANCELED,FAILED_CONTINUE,NOT_STARTED,PAUSED,REDIRECT,RUNNING,SKIPPED,STOPPED,SUCCEEDED,SUSPENDED,TERMINAL}}), buildTime:integer(int64), canceledBy:string, limitConcurrent:boolean, origin:string, startTimeExpiry:integer(int64), id:string, source:object(open){id:string, type:string, version:string}, totalSize:object(open){}, type:enum{ORCHESTRATION,PIPELINE}, trigger:object(open){artifacts:array(object(open){metadata:object(open){}, provenance:string, type:string, version:string, reference:string, uuid:string, artifactAccount:string, customKind:boolean, name:string, location:string}), correlationId:string, user:string, rebake:boolean, type:string, notifications:array(object(open){}), parameters:object(open){}, resolvedExpectedArtifacts:array(object(open){boundArtifact:object(open){artifactAccount:string, name:string, reference:string, type:string, uuid:string, provenance:string, version:string, customKind:boolean, location:string, metadata:object(open){}}, defaultArtifact:object(open){uuid:string, version:string, location:string, provenance:string, name:string, reference:string, type:string, customKind:boolean, artifactAccount:string, metadata:object(open){}}, id:string, matchArtifact:object(open){reference:string, uuid:string, metadata:object(open){}, provenance:string, customKind:boolean, location:string, name:string, type:string, version:string, artifactAccount:string}, useDefaultArtifact:boolean, usePriorArtifact:boolean}), dryRun:boolean, strategy:boolean}, canceled:boolean, notifications:array(object(open){}), spelEvaluator:string, status:enum{BUFFERED,CANCELED,FAILED_CONTINUE,NOT_STARTED,PAUSED,REDIRECT,RUNNING,SKIPPED,STOPPED,SUCCEEDED,SUSPENDED,TERMINAL}, templateVariables:object(open){}, description:string, name:string, application:string, pipelineConfigId:string, endTime:integer(int64), maxConcurrentExecutions:integer(int32), paused:object(open){paused:boolean, pausedBy:string, pausedMs:integer(int64), resumeTime:integer(int64), resumedBy:string, pauseTime:integer(int64)}, startTime:integer(int64), keepWaitingPipelines:boolean, authentication:object(open){allowedAccounts:array(string), user:string}, size:object(open){}}); the leg is vacuous under the D5 ruling, which assumed such a leg can only pass	yes
1.35.4	none	gate-orca/2	gate	orca	GET	/applications/{application}/tasks	/_calls/orca/applications/{application}/tasks	com.netflix.spinnaker.gate.services.internal.OrcaService	response	response	BREAK	kind-mismatch	$	object(open){}	array(object(open){startTime:integer(int64), application:string, endTime:integer(int64), execution:object(open){notifications:array(object(open){}), spelEvaluator:string, status:enum{BUFFERED,CANCELED,FAILED_CONTINUE,NOT_STARTED,PAUSED,REDIRECT,RUNNING,SKIPPED,STOPPED,SUCCEEDED,SUSPENDED,TERMINAL}, templateVariables:object(open){}, description:string, name:string, application:string, pipelineConfigId:string, endTime:integer(int64), maxConcurrentExecutions:integer(int32), paused:object(open){pausedBy:string, pausedMs:integer(int64), resumeTime:integer(int64), resumedBy:string, pauseTime:integer(int64), paused:boolean}, startTime:integer(int64), keepWaitingPipelines:boolean, authentication:object(open){allowedAccounts:array(string), user:string}, size:object(open){}, partition:string, cancellationReason:string, stages:array(object(open){requisiteStageRefIds:array(string), startTimeExpiry:integer(int64), additionalMetricTags:map(string,string), size:object(open){}, syntheticStageOwner:enum{STAGE_AFTER,STAGE_BEFORE}, lastModified:object(open){allowedAccounts:array(string), lastModifiedTime:integer(int64), user:string}, scheduledTime:integer(int64), type:string, parentStageId:string, tasks:array(object(open){loopEnd:boolean, name:string, taskExceptionDetails:object(open){}, loopStart:boolean, stageEnd:boolean, stageStart:boolean, status:enum{BUFFERED,CANCELED,FAILED_CONTINUE,NOT_STARTED,PAUSED,REDIRECT,RUNNING,SKIPPED,STOPPED,SUCCEEDED,SUSPENDED,TERMINAL}, implementingClass:string, startTime:integer(int64), endTime:integer(int64), id:string}), name:string, outputs:object(open){}, startTime:integer(int64), status:enum{BUFFERED,CANCELED,FAILED_CONTINUE,NOT_STARTED,PAUSED,REDIRECT,RUNNING,SKIPPED,STOPPED,SUCCEEDED,SUSPENDED,TERMINAL}, context:object(open){}, endTime:integer(int64), manualJudgmentType:boolean, id:string, execution:ref(orca.PipelineExecution), refId:string}), buildTime:integer(int64), canceledBy:string, limitConcurrent:boolean, origin:string, startTimeExpiry:integer(int64), id:string, source:object(open){type:string, version:string, id:string}, totalSize:object(open){}, type:enum{ORCHESTRATION,PIPELINE}, trigger:object(open){resolvedExpectedArtifacts:array(object(open){boundArtifact:object(open){provenance:string, version:string, customKind:boolean, location:string, metadata:object(open){}, artifactAccount:string, name:string, reference:string, type:string, uuid:string}, defaultArtifact:object(open){name:string, reference:string, type:string, customKind:boolean, artifactAccount:string, metadata:object(open){}, uuid:string, version:string, location:string, provenance:string}, id:string, matchArtifact:object(open){location:string, name:string, type:string, version:string, artifactAccount:string, reference:string, uuid:string, metadata:object(open){}, provenance:string, customKind:boolean}, useDefaultArtifact:boolean, usePriorArtifact:boolean}), dryRun:boolean, strategy:boolean, artifacts:array(object(open){provenance:string, type:string, version:string, reference:string, uuid:string, artifactAccount:string, customKind:boolean, name:string, location:string, metadata:object(open){}}), correlationId:string, user:string, rebake:boolean, type:string, notifications:array(object(open){}), parameters:object(open){}}, canceled:boolean}, id:string, name:string, status:enum{BUFFERED,CANCELED,FAILED_CONTINUE,NOT_STARTED,PAUSED,REDIRECT,RUNNING,SKIPPED,STOPPED,SUCCEEDED,SUSPENDED,TERMINAL}, steps:array(object(open){loopEnd:boolean, loopStart:boolean, stageEnd:boolean, status:enum{BUFFERED,CANCELED,FAILED_CONTINUE,NOT_STARTED,PAUSED,REDIRECT,RUNNING,SKIPPED,STOPPED,SUCCEEDED,SUSPENDED,TERMINAL}, endTime:integer(int64), name:string, startTime:integer(int64), implementingClass:string, stageStart:boolean, taskExceptionDetails:object(open){}, id:string}), variables:object(open){}, buildTime:integer(int64)})	checker limitation	an untyped side (D5: an open object) of another JSON kind: object(open){} vs array(object(open){startTime:integer(int64), application:string, endTime:integer(int64), execution:object(open){notifications:array(object(open){}), spelEvaluator:string, status:enum{BUFFERED,CANCELED,FAILED_CONTINUE,NOT_STARTED,PAUSED,REDIRECT,RUNNING,SKIPPED,STOPPED,SUCCEEDED,SUSPENDED,TERMINAL}, templateVariables:object(open){}, description:string, name:string, application:string, pipelineConfigId:string, endTime:integer(int64), maxConcurrentExecutions:integer(int32), paused:object(open){pausedBy:string, pausedMs:integer(int64), resumeTime:integer(int64), resumedBy:string, pauseTime:integer(int64), paused:boolean}, startTime:integer(int64), keepWaitingPipelines:boolean, authentication:object(open){allowedAccounts:array(string), user:string}, size:object(open){}, partition:string, cancellationReason:string, stages:array(object(open){requisiteStageRefIds:array(string), startTimeExpiry:integer(int64), additionalMetricTags:map(string,string), size:object(open){}, syntheticStageOwner:enum{STAGE_AFTER,STAGE_BEFORE}, lastModified:object(open){allowedAccounts:array(string), lastModifiedTime:integer(int64), user:string}, scheduledTime:integer(int64), type:string, parentStageId:string, tasks:array(object(open){loopEnd:boolean, name:string, taskExceptionDetails:object(open){}, loopStart:boolean, stageEnd:boolean, stageStart:boolean, status:enum{BUFFERED,CANCELED,FAILED_CONTINUE,NOT_STARTED,PAUSED,REDIRECT,RUNNING,SKIPPED,STOPPED,SUCCEEDED,SUSPENDED,TERMINAL}, implementingClass:string, startTime:integer(int64), endTime:integer(int64), id:string}), name:string, outputs:object(open){}, startTime:integer(int64), status:enum{BUFFERED,CANCELED,FAILED_CONTINUE,NOT_STARTED,PAUSED,REDIRECT,RUNNING,SKIPPED,STOPPED,SUCCEEDED,SUSPENDED,TERMINAL}, context:object(open){}, endTime:integer(int64), manualJudgmentType:boolean, id:string, execution:ref(orca.PipelineExecution), refId:string}), buildTime:integer(int64), canceledBy:string, limitConcurrent:boolean, origin:string, startTimeExpiry:integer(int64), id:string, source:object(open){type:string, version:string, id:string}, totalSize:object(open){}, type:enum{ORCHESTRATION,PIPELINE}, trigger:object(open){resolvedExpectedArtifacts:array(object(open){boundArtifact:object(open){provenance:string, version:string, customKind:boolean, location:string, metadata:object(open){}, artifactAccount:string, name:string, reference:string, type:string, uuid:string}, defaultArtifact:object(open){name:string, reference:string, type:string, customKind:boolean, artifactAccount:string, metadata:object(open){}, uuid:string, version:string, location:string, provenance:string}, id:string, matchArtifact:object(open){location:string, name:string, type:string, version:string, artifactAccount:string, reference:string, uuid:string, metadata:object(open){}, provenance:string, customKind:boolean}, useDefaultArtifact:boolean, usePriorArtifact:boolean}), dryRun:boolean, strategy:boolean, artifacts:array(object(open){provenance:string, type:string, version:string, reference:string, uuid:string, artifactAccount:string, customKind:boolean, name:string, location:string, metadata:object(open){}}), correlationId:string, user:string, rebake:boolean, type:string, notifications:array(object(open){}), parameters:object(open){}}, canceled:boolean}, id:string, name:string, status:enum{BUFFERED,CANCELED,FAILED_CONTINUE,NOT_STARTED,PAUSED,REDIRECT,RUNNING,SKIPPED,STOPPED,SUCCEEDED,SUSPENDED,TERMINAL}, steps:array(object(open){loopEnd:boolean, loopStart:boolean, stageEnd:boolean, status:enum{BUFFERED,CANCELED,FAILED_CONTINUE,NOT_STARTED,PAUSED,REDIRECT,RUNNING,SKIPPED,STOPPED,SUCCEEDED,SUSPENDED,TERMINAL}, endTime:integer(int64), name:string, startTime:integer(int64), implementingClass:string, stageStart:boolean, taskExceptionDetails:object(open){}, id:string}), variables:object(open){}, buildTime:integer(int64)}); the leg is vacuous under the D5 ruling, which assumed such a leg can only pass	yes
1.35.4	none	gate-orca/5	gate	orca	POST	/concourse/stage/start	/_calls/orca/concourse/stage/start	com.netflix.spinnaker.gate.services.internal.OrcaService	request	params	BREAK	REQ.2	$.params	optional object(open){buildNumber:integer(int32), job:string, stageId:string}	required object(open){buildNumber*:integer(int32), job*:string, stageId*:string}	real inconsistency	declared: the provider requires params; the caller declares it optional (a Retrofit @Query/@Header is omitted when null; G1 decisions.md 5)	yes
1.35.4	none	gate-orca/5	gate	orca	POST	/concourse/stage/start	/_calls/orca/concourse/stage/start	com.netflix.spinnaker.gate.services.internal.OrcaService	request	params	BREAK	REQ.2	$.params.buildNumber	optional integer(int32)	required integer(int32)	real inconsistency	declared: the provider requires params.buildNumber; the caller declares it optional (a Retrofit @Query/@Header is omitted when null; G1 decisions.md 5)	yes
1.35.4	none	gate-orca/5	gate	orca	POST	/concourse/stage/start	/_calls/orca/concourse/stage/start	com.netflix.spinnaker.gate.services.internal.OrcaService	request	params	BREAK	REQ.2	$.params.job	optional string	required string	real inconsistency	declared: the provider requires params.job; the caller declares it optional (a Retrofit @Query/@Header is omitted when null; G1 decisions.md 5)	yes
1.35.4	none	gate-orca/5	gate	orca	POST	/concourse/stage/start	/_calls/orca/concourse/stage/start	com.netflix.spinnaker.gate.services.internal.OrcaService	request	params	BREAK	REQ.2	$.params.stageId	optional string	required string	real inconsistency	declared: the provider requires params.stageId; the caller declares it optional (a Retrofit @Query/@Header is omitted when null; G1 decisions.md 5)	yes
1.35.4	none	gate-orca/7	gate	orca	GET	/jobs/preconfigured	/_calls/orca/jobs/preconfigured	com.netflix.spinnaker.gate.services.internal.OrcaService	response	response	BREAK	kind-mismatch	$	object(open){}	array(object(open){})	checker limitation	an untyped side (D5: an open object) of another JSON kind: object(open){} vs array(object(open){}); the leg is vacuous under the D5 ruling, which assumed such a leg can only pass	yes
1.35.4	none	gate-orca/8	gate	orca	POST	/ops	/_calls/orca/ops	com.netflix.spinnaker.gate.services.internal.OrcaService	request	body	BREAK	kind-mismatch	$.body	object(open){}	array(object(open){})	projection defect	same-key collision: the provider maps two handlers on POST /ops and the document keeps one (POST /ops (com.netflix.spinnaker.orca.controllers.OperationsController.ops); CLAIM-G1-009)	yes
1.35.4	none	gate-orca/8	gate	orca	POST	/ops	/_calls/orca/ops	com.netflix.spinnaker.gate.services.internal.OrcaService	response	response	BREAK	kind-mismatch	$	object(open){}	map(string,string)	projection defect	same-key collision: the provider maps two handlers on POST /ops and the document keeps one (POST /ops (com.netflix.spinnaker.orca.controllers.OperationsController.ops); CLAIM-G1-009)	yes
1.35.4	none	gate-orca/10	gate	orca	GET	/pipelineTemplate	/_calls/orca/pipelineTemplate	com.netflix.spinnaker.gate.services.internal.OrcaService	request	params	BREAK	REQ.2	$.params	optional object(open){executionId:string, pipelineConfigId:string, source:string}	required object(open){pipelineConfigId:string, source*:string, executionId:string}	real inconsistency	declared: the provider requires params; the caller declares it optional (a Retrofit @Query/@Header is omitted when null; G1 decisions.md 5)	yes
1.35.4	none	gate-orca/10	gate	orca	GET	/pipelineTemplate	/_calls/orca/pipelineTemplate	com.netflix.spinnaker.gate.services.internal.OrcaService	request	params	BREAK	REQ.2	$.params.source	optional string	required string	real inconsistency	declared: the provider requires params.source; the caller declares it optional (a Retrofit @Query/@Header is omitted when null; G1 decisions.md 5)	yes
1.35.4	none	gate-orca/11	gate	orca	GET	/pipelines	/_calls/orca/pipelines	com.netflix.spinnaker.gate.services.internal.OrcaService	response	response	BREAK	kind-mismatch	$	object(open){}	array(object(open){trigger:object(open){dryRun:boolean, strategy:boolean, artifacts:array(object(open){version:string, reference:string, uuid:string, artifactAccount:string, customKind:boolean, name:string, location:string, metadata:object(open){}, provenance:string, type:string}), correlationId:string, user:string, rebake:boolean, type:string, notifications:array(object(open){}), parameters:object(open){}, resolvedExpectedArtifacts:array(object(open){defaultArtifact:object(open){uuid:string, version:string, location:string, provenance:string, name:string, reference:string, type:string, customKind:boolean, artifactAccount:string, metadata:object(open){}}, id:string, matchArtifact:object(open){provenance:string, customKind:boolean, location:string, name:string, type:string, version:string, artifactAccount:string, reference:string, uuid:string, metadata:object(open){}}, useDefaultArtifact:boolean, usePriorArtifact:boolean, boundArtifact:object(open){location:string, metadata:object(open){}, artifactAccount:string, name:string, reference:string, type:string, uuid:string, provenance:string, version:string, customKind:boolean}})}, canceled:boolean, notifications:array(object(open){}), spelEvaluator:string, status:enum{BUFFERED,CANCELED,FAILED_CONTINUE,NOT_STARTED,PAUSED,REDIRECT,RUNNING,SKIPPED,STOPPED,SUCCEEDED,SUSPENDED,TERMINAL}, templateVariables:object(open){}, description:string, name:string, application:string, pipelineConfigId:string, endTime:integer(int64), maxConcurrentExecutions:integer(int32), paused:object(open){pausedMs:integer(int64), resumeTime:integer(int64), resumedBy:string, pauseTime:integer(int64), paused:boolean, pausedBy:string}, startTime:integer(int64), keepWaitingPipelines:boolean, authentication:object(open){allowedAccounts:array(string), user:string}, size:object(open){}, partition:string, cancellationReason:string, stages:array(object(open){tasks:array(object(open){status:enum{BUFFERED,CANCELED,FAILED_CONTINUE,NOT_STARTED,PAUSED,REDIRECT,RUNNING,SKIPPED,STOPPED,SUCCEEDED,SUSPENDED,TERMINAL}, implementingClass:string, startTime:integer(int64), endTime:integer(int64), id:string, loopEnd:boolean, name:string, taskExceptionDetails:object(open){}, loopStart:boolean, stageEnd:boolean, stageStart:boolean}), name:string, outputs:object(open){}, startTime:integer(int64), status:enum{BUFFERED,CANCELED,FAILED_CONTINUE,NOT_STARTED,PAUSED,REDIRECT,RUNNING,SKIPPED,STOPPED,SUCCEEDED,SUSPENDED,TERMINAL}, context:object(open){}, endTime:integer(int64), manualJudgmentType:boolean, id:string, execution:ref(orca.PipelineExecution), refId:string, requisiteStageRefIds:array(string), startTimeExpiry:integer(int64), additionalMetricTags:map(string,string), size:object(open){}, syntheticStageOwner:enum{STAGE_AFTER,STAGE_BEFORE}, lastModified:object(open){allowedAccounts:array(string), lastModifiedTime:integer(int64), user:string}, scheduledTime:integer(int64), type:string, parentStageId:string}), buildTime:integer(int64), canceledBy:string, limitConcurrent:boolean, origin:string, startTimeExpiry:integer(int64), id:string, source:object(open){type:string, version:string, id:string}, totalSize:object(open){}, type:enum{ORCHESTRATION,PIPELINE}})	checker limitation	an untyped side (D5: an open object) of another JSON kind: object(open){} vs array(object(open){trigger:object(open){dryRun:boolean, strategy:boolean, artifacts:array(object(open){version:string, reference:string, uuid:string, artifactAccount:string, customKind:boolean, name:string, location:string, metadata:object(open){}, provenance:string, type:string}), correlationId:string, user:string, rebake:boolean, type:string, notifications:array(object(open){}), parameters:object(open){}, resolvedExpectedArtifacts:array(object(open){defaultArtifact:object(open){uuid:string, version:string, location:string, provenance:string, name:string, reference:string, type:string, customKind:boolean, artifactAccount:string, metadata:object(open){}}, id:string, matchArtifact:object(open){provenance:string, customKind:boolean, location:string, name:string, type:string, version:string, artifactAccount:string, reference:string, uuid:string, metadata:object(open){}}, useDefaultArtifact:boolean, usePriorArtifact:boolean, boundArtifact:object(open){location:string, metadata:object(open){}, artifactAccount:string, name:string, reference:string, type:string, uuid:string, provenance:string, version:string, customKind:boolean}})}, canceled:boolean, notifications:array(object(open){}), spelEvaluator:string, status:enum{BUFFERED,CANCELED,FAILED_CONTINUE,NOT_STARTED,PAUSED,REDIRECT,RUNNING,SKIPPED,STOPPED,SUCCEEDED,SUSPENDED,TERMINAL}, templateVariables:object(open){}, description:string, name:string, application:string, pipelineConfigId:string, endTime:integer(int64), maxConcurrentExecutions:integer(int32), paused:object(open){pausedMs:integer(int64), resumeTime:integer(int64), resumedBy:string, pauseTime:integer(int64), paused:boolean, pausedBy:string}, startTime:integer(int64), keepWaitingPipelines:boolean, authentication:object(open){allowedAccounts:array(string), user:string}, size:object(open){}, partition:string, cancellationReason:string, stages:array(object(open){tasks:array(object(open){status:enum{BUFFERED,CANCELED,FAILED_CONTINUE,NOT_STARTED,PAUSED,REDIRECT,RUNNING,SKIPPED,STOPPED,SUCCEEDED,SUSPENDED,TERMINAL}, implementingClass:string, startTime:integer(int64), endTime:integer(int64), id:string, loopEnd:boolean, name:string, taskExceptionDetails:object(open){}, loopStart:boolean, stageEnd:boolean, stageStart:boolean}), name:string, outputs:object(open){}, startTime:integer(int64), status:enum{BUFFERED,CANCELED,FAILED_CONTINUE,NOT_STARTED,PAUSED,REDIRECT,RUNNING,SKIPPED,STOPPED,SUCCEEDED,SUSPENDED,TERMINAL}, context:object(open){}, endTime:integer(int64), manualJudgmentType:boolean, id:string, execution:ref(orca.PipelineExecution), refId:string, requisiteStageRefIds:array(string), startTimeExpiry:integer(int64), additionalMetricTags:map(string,string), size:object(open){}, syntheticStageOwner:enum{STAGE_AFTER,STAGE_BEFORE}, lastModified:object(open){allowedAccounts:array(string), lastModifiedTime:integer(int64), user:string}, scheduledTime:integer(int64), type:string, parentStageId:string}), buildTime:integer(int64), canceledBy:string, limitConcurrent:boolean, origin:string, startTimeExpiry:integer(int64), id:string, source:object(open){type:string, version:string, id:string}, totalSize:object(open){}, type:enum{ORCHESTRATION,PIPELINE}}); the leg is vacuous under the D5 ruling, which assumed such a leg can only pass	yes
1.35.4	none	gate-orca/12	gate	orca	DELETE	/pipelines/{id}	/_calls/orca/pipelines/{id}	com.netflix.spinnaker.gate.services.internal.OrcaService	response	response	BREAK	presence-mismatch	$	object(open){}	<nil>	real inconsistency	declared: the caller reads a object(open){} body; the provider sends none (orca-web TaskController.deletePipeline: void (8.31.0 and 8.64.0))	yes
1.35.4	none	gate-orca/14	gate	orca	PUT	/pipelines/{id}/cancel	/_calls/orca/pipelines/{id}/cancel	com.netflix.spinnaker.gate.services.internal.OrcaService	response	response	BREAK	presence-mismatch	$	object(open){}	<nil>	real inconsistency	declared: the caller reads a object(open){} body; the provider sends none (orca-web TaskController.cancel: void, @ResponseStatus(ACCEPTED) (8.31.0 and 8.64.0))	yes
1.35.4	none	gate-orca/15	gate	orca	GET	/pipelines/{id}/evaluateExpression	/_calls/orca/pipelines/{id}/evaluateExpression	com.netflix.spinnaker.gate.services.internal.OrcaService	request	params	BREAK	REQ.2	$.params.expression	optional string	required string	real inconsistency	declared: the provider requires params.expression; the caller declares it optional (a Retrofit @Query/@Header is omitted when null; G1 decisions.md 5)	yes
1.35.4	none	gate-orca/16	gate	orca	POST	/pipelines/{id}/evaluateVariables	/_calls/orca/pipelines/{id}/evaluateVariables	com.netflix.spinnaker.gate.services.internal.OrcaService	request	params	BREAK	REQ.2	$.params.requisiteStageRefIds	optional string	required string	real inconsistency	declared: the provider requires params.requisiteStageRefIds; the caller declares it optional (a Retrofit @Query/@Header is omitted when null; G1 decisions.md 5)	yes
1.35.4	none	gate-orca/16	gate	orca	POST	/pipelines/{id}/evaluateVariables	/_calls/orca/pipelines/{id}/evaluateVariables	com.netflix.spinnaker.gate.services.internal.OrcaService	request	params	BREAK	REQ.2	$.params.spelVersion	optional string	required string	real inconsistency	declared: the provider requires params.spelVersion; the caller declares it optional (a Retrofit @Query/@Header is omitted when null; G1 decisions.md 5)	yes
1.35.4	none	gate-orca/17	gate	orca	PUT	/pipelines/{id}/pause	/_calls/orca/pipelines/{id}/pause	com.netflix.spinnaker.gate.services.internal.OrcaService	response	response	BREAK	presence-mismatch	$	object(open){}	<nil>	real inconsistency	declared: the caller reads a object(open){} body; the provider sends none (orca-web TaskController.pause: void, @ResponseStatus(ACCEPTED) (8.31.0 and 8.64.0))	yes
1.35.4	none	gate-orca/18	gate	orca	PUT	/pipelines/{id}/resume	/_calls/orca/pipelines/{id}/resume	com.netflix.spinnaker.gate.services.internal.OrcaService	response	response	BREAK	presence-mismatch	$	object(open){}	<nil>	real inconsistency	declared: the caller reads a object(open){} body; the provider sends none (orca-web TaskController.resume: void, @ResponseStatus(ACCEPTED) (8.31.0 and 8.64.0))	yes
1.35.4	none	gate-orca/21	gate	orca	GET	/pipelines/{id}/{stageId}/evaluateExpression	/_calls/orca/pipelines/{id}/{stageId}/evaluateExpression	com.netflix.spinnaker.gate.services.internal.OrcaService	request	params	BREAK	REQ.2	$.params.expression	optional string	required string	real inconsistency	declared: the provider requires params.expression; the caller declares it optional (a Retrofit @Query/@Header is omitted when null; G1 decisions.md 5)	yes
1.35.4	none	gate-orca/23	gate	orca	PUT	/tasks/cancel	/_calls/orca/tasks/cancel	com.netflix.spinnaker.gate.services.internal.OrcaService	response	response	BREAK	presence-mismatch	$	object(open){}	<nil>	real inconsistency	declared: the caller reads a object(open){} body; the provider sends none (orca-web TaskController.cancelTasks: void, @ResponseStatus(ACCEPTED))	yes
1.35.4	none	gate-orca/24	gate	orca	DELETE	/tasks/{id}	/_calls/orca/tasks/{id}	com.netflix.spinnaker.gate.services.internal.OrcaService	response	response	BREAK	presence-mismatch	$	object(open){}	<nil>	real inconsistency	declared: the caller reads a object(open){} body; the provider sends none (orca-web TaskController.deleteTask: void)	yes
1.35.4	none	gate-orca/26	gate	orca	PUT	/tasks/{id}/cancel	/_calls/orca/tasks/{id}/cancel	com.netflix.spinnaker.gate.services.internal.OrcaService	response	response	BREAK	presence-mismatch	$	object(open){}	<nil>	real inconsistency	declared: the caller reads a object(open){} body; the provider sends none (orca-web TaskController.cancelTask: void, @ResponseStatus(ACCEPTED))	yes
1.35.4	none	gate-orca/27	gate	orca	GET	/v2/applications/{application}/pipelines	/_calls/orca/v2/applications/{application}/pipelines	com.netflix.spinnaker.gate.services.internal.OrcaService	response	response	BREAK	kind-mismatch	$	object(open){}	array(object(open){endTime:integer(int64), maxConcurrentExecutions:integer(int32), paused:object(open){pausedMs:integer(int64), resumeTime:integer(int64), resumedBy:string, pauseTime:integer(int64), paused:boolean, pausedBy:string}, startTime:integer(int64), keepWaitingPipelines:boolean, authentication:object(open){allowedAccounts:array(string), user:string}, size:object(open){}, partition:string, cancellationReason:string, stages:array(object(open){execution:ref(orca.PipelineExecution), refId:string, requisiteStageRefIds:array(string), startTimeExpiry:integer(int64), additionalMetricTags:map(string,string), size:object(open){}, syntheticStageOwner:enum{STAGE_AFTER,STAGE_BEFORE}, lastModified:object(open){allowedAccounts:array(string), lastModifiedTime:integer(int64), user:string}, scheduledTime:integer(int64), type:string, parentStageId:string, tasks:array(object(open){endTime:integer(int64), id:string, loopEnd:boolean, name:string, taskExceptionDetails:object(open){}, loopStart:boolean, stageEnd:boolean, stageStart:boolean, status:enum{BUFFERED,CANCELED,FAILED_CONTINUE,NOT_STARTED,PAUSED,REDIRECT,RUNNING,SKIPPED,STOPPED,SUCCEEDED,SUSPENDED,TERMINAL}, implementingClass:string, startTime:integer(int64)}), name:string, outputs:object(open){}, startTime:integer(int64), status:enum{BUFFERED,CANCELED,FAILED_CONTINUE,NOT_STARTED,PAUSED,REDIRECT,RUNNING,SKIPPED,STOPPED,SUCCEEDED,SUSPENDED,TERMINAL}, context:object(open){}, endTime:integer(int64), manualJudgmentType:boolean, id:string}), buildTime:integer(int64), canceledBy:string, limitConcurrent:boolean, origin:string, startTimeExpiry:integer(int64), id:string, source:object(open){id:string, type:string, version:string}, totalSize:object(open){}, type:enum{ORCHESTRATION,PIPELINE}, trigger:object(open){dryRun:boolean, strategy:boolean, artifacts:array(object(open){provenance:string, type:string, version:string, reference:string, uuid:string, artifactAccount:string, customKind:boolean, name:string, location:string, metadata:object(open){}}), correlationId:string, user:string, rebake:boolean, type:string, notifications:array(object(open){}), parameters:object(open){}, resolvedExpectedArtifacts:array(object(open){useDefaultArtifact:boolean, usePriorArtifact:boolean, boundArtifact:object(open){provenance:string, version:string, customKind:boolean, location:string, metadata:object(open){}, artifactAccount:string, name:string, reference:string, type:string, uuid:string}, defaultArtifact:object(open){reference:string, type:string, customKind:boolean, artifactAccount:string, metadata:object(open){}, uuid:string, version:string, location:string, provenance:string, name:string}, id:string, matchArtifact:object(open){reference:string, uuid:string, metadata:object(open){}, provenance:string, customKind:boolean, location:string, name:string, type:string, version:string, artifactAccount:string}})}, canceled:boolean, notifications:array(object(open){}), spelEvaluator:string, status:enum{BUFFERED,CANCELED,FAILED_CONTINUE,NOT_STARTED,PAUSED,REDIRECT,RUNNING,SKIPPED,STOPPED,SUCCEEDED,SUSPENDED,TERMINAL}, templateVariables:object(open){}, description:string, name:string, application:string, pipelineConfigId:string})	checker limitation	an untyped side (D5: an open object) of another JSON kind: object(open){} vs array(object(open){endTime:integer(int64), maxConcurrentExecutions:integer(int32), paused:object(open){pausedMs:integer(int64), resumeTime:integer(int64), resumedBy:string, pauseTime:integer(int64), paused:boolean, pausedBy:string}, startTime:integer(int64), keepWaitingPipelines:boolean, authentication:object(open){allowedAccounts:array(string), user:string}, size:object(open){}, partition:string, cancellationReason:string, stages:array(object(open){execution:ref(orca.PipelineExecution), refId:string, requisiteStageRefIds:array(string), startTimeExpiry:integer(int64), additionalMetricTags:map(string,string), size:object(open){}, syntheticStageOwner:enum{STAGE_AFTER,STAGE_BEFORE}, lastModified:object(open){allowedAccounts:array(string), lastModifiedTime:integer(int64), user:string}, scheduledTime:integer(int64), type:string, parentStageId:string, tasks:array(object(open){endTime:integer(int64), id:string, loopEnd:boolean, name:string, taskExceptionDetails:object(open){}, loopStart:boolean, stageEnd:boolean, stageStart:boolean, status:enum{BUFFERED,CANCELED,FAILED_CONTINUE,NOT_STARTED,PAUSED,REDIRECT,RUNNING,SKIPPED,STOPPED,SUCCEEDED,SUSPENDED,TERMINAL}, implementingClass:string, startTime:integer(int64)}), name:string, outputs:object(open){}, startTime:integer(int64), status:enum{BUFFERED,CANCELED,FAILED_CONTINUE,NOT_STARTED,PAUSED,REDIRECT,RUNNING,SKIPPED,STOPPED,SUCCEEDED,SUSPENDED,TERMINAL}, context:object(open){}, endTime:integer(int64), manualJudgmentType:boolean, id:string}), buildTime:integer(int64), canceledBy:string, limitConcurrent:boolean, origin:string, startTimeExpiry:integer(int64), id:string, source:object(open){id:string, type:string, version:string}, totalSize:object(open){}, type:enum{ORCHESTRATION,PIPELINE}, trigger:object(open){dryRun:boolean, strategy:boolean, artifacts:array(object(open){provenance:string, type:string, version:string, reference:string, uuid:string, artifactAccount:string, customKind:boolean, name:string, location:string, metadata:object(open){}}), correlationId:string, user:string, rebake:boolean, type:string, notifications:array(object(open){}), parameters:object(open){}, resolvedExpectedArtifacts:array(object(open){useDefaultArtifact:boolean, usePriorArtifact:boolean, boundArtifact:object(open){provenance:string, version:string, customKind:boolean, location:string, metadata:object(open){}, artifactAccount:string, name:string, reference:string, type:string, uuid:string}, defaultArtifact:object(open){reference:string, type:string, customKind:boolean, artifactAccount:string, metadata:object(open){}, uuid:string, version:string, location:string, provenance:string, name:string}, id:string, matchArtifact:object(open){reference:string, uuid:string, metadata:object(open){}, provenance:string, customKind:boolean, location:string, name:string, type:string, version:string, artifactAccount:string}})}, canceled:boolean, notifications:array(object(open){}), spelEvaluator:string, status:enum{BUFFERED,CANCELED,FAILED_CONTINUE,NOT_STARTED,PAUSED,REDIRECT,RUNNING,SKIPPED,STOPPED,SUCCEEDED,SUSPENDED,TERMINAL}, templateVariables:object(open){}, description:string, name:string, application:string, pipelineConfigId:string}); the leg is vacuous under the D5 ruling, which assumed such a leg can only pass	yes
1.35.4	none	gate-orca/29	gate	orca	GET	/webhooks/preconfigured	/_calls/orca/webhooks/preconfigured	com.netflix.spinnaker.gate.services.internal.OrcaService	response	response	BREAK	kind-mismatch	$	object(open){}	array(object(open){})	checker limitation	an untyped side (D5: an open object) of another JSON kind: object(open){} vs array(object(open){}); the leg is vacuous under the D5 ruling, which assumed such a leg can only pass	yes
1.35.4	none	gate-rosco/2	gate	rosco	GET	/bakeOptions	/_calls/rosco/bakeOptions	com.netflix.spinnaker.gate.services.internal.RoscoService	response	response	BREAK	kind-mismatch	$	object(open){}	array(object(open){baseImages:array(object(open){osType:enum{linux,windows}, packageType:enum{DEB,NUPKG,RPM}, shortDescription:string, templateFile:string, customRepository:string, detailedDescription:string, id:string}), cloudProvider:string})	checker limitation	an untyped side (D5: an open object) of another JSON kind: object(open){} vs array(object(open){baseImages:array(object(open){osType:enum{linux,windows}, packageType:enum{DEB,NUPKG,RPM}, shortDescription:string, templateFile:string, customRepository:string, detailedDescription:string, id:string}), cloudProvider:string}); the leg is vacuous under the D5 ruling, which assumed such a leg can only pass	yes
1.35.4	none	gate-rosco/3	gate	rosco	GET	/bakeOptions/{cloudProvider}	/_calls/rosco/bakeOptions/{cloudProvider}	com.netflix.spinnaker.gate.services.internal.RoscoService	request	params	BREAK	enum-request-narrowing	$.params.cloudProvider	string	enum{alicloud,aws,azure,docker,gce,huaweicloud,oracle,tencentcloud}	real inconsistency	declared: the caller passes any string where the provider converts to enum{alicloud,aws,azure,docker,gce,huaweicloud,oracle,tencentcloud}	yes
1.35.4	none	igor-clouddriver/2	igor	clouddriver	PUT	/artifacts/fetch	/_calls/clouddriver/artifacts/fetch	com.netflix.spinnaker.igor.helm.accounts.HelmAccountsService	request	body	BREAK	kind-mismatch	$.body	map(string,string)	object(open){customKind:boolean, location:string, type:string, artifactAccount:string, reference:string, version:string, metadata:object(open){}, name:string, provenance:string, uuid:string}	checker limitation	object against map: map(string,string) vs object(open){customKind:boolean, location:string, type:string, artifactAccount:string, reference:string, version:string, metadata:object(open){}, name:string, provenance:string, uuid:string}; the wire shape agrees, the checker compares kinds	yes
1.35.4	none	igor-clouddriver/2	igor	clouddriver	PUT	/artifacts/fetch	/_calls/clouddriver/artifacts/fetch	com.netflix.spinnaker.igor.helm.accounts.HelmAccountsService	response	response	BREAK	presence-mismatch	$	string	<nil>	opaque response	D6: the provider streams a non-JSON body (clouddriver-web ArtifactController.fetch: StreamingResponseBody) that the caller reads as string	yes
1.35.4	none	igor-clouddriver/3	igor	clouddriver	GET	/credentials	/_calls/clouddriver/credentials	com.netflix.spinnaker.igor.docker.service.ClouddriverService	request	params	BREAK	REQ.1	$.params	<absent>	object(open){expand*:string}	projection defect	clouddriver-web CredentialsController.listAccountCredentials(@RequestParam Optional<Boolean> expand): an Optional parameter is optional in Spring and typed by its argument; the document has a required string	yes
1.35.4	none	igor-echo/1	igor	echo	POST	/	/_calls/echo/	com.netflix.spinnaker.igor.history.EchoService	response	response	BREAK	presence-mismatch	$	string	<nil>	real inconsistency	declared: the caller reads a string body; the provider sends none (echo-web HistoryController.saveHistory(@RequestBody Event): void)	yes
1.35.4	none	orca-clouddriver/21	orca	clouddriver	GET	/credentials	/_calls/clouddriver/credentials	com.netflix.spinnaker.orca.clouddriver.OortService	request	params	BREAK	REQ.2	$.params	optional object(open){expand:boolean}	required object(open){expand*:string}	projection defect	clouddriver-web CredentialsController.listAccountCredentials(@RequestParam Optional<Boolean> expand): an Optional parameter is optional in Spring and typed by its argument; the document has a required string	yes
1.35.4	none	orca-clouddriver/21	orca	clouddriver	GET	/credentials	/_calls/clouddriver/credentials	com.netflix.spinnaker.orca.clouddriver.OortService	request	params	BREAK	REQ.2	$.params.expand	optional boolean	required string	projection defect	clouddriver-web CredentialsController.listAccountCredentials(@RequestParam Optional<Boolean> expand): an Optional parameter is optional in Spring and typed by its argument; the document has a required string	yes
1.35.4	none	orca-clouddriver/21	orca	clouddriver	GET	/credentials	/_calls/clouddriver/credentials	com.netflix.spinnaker.orca.clouddriver.OortService	request	params	BREAK	prim-mismatch	$.params.expand	boolean	string	projection defect	clouddriver-web CredentialsController.listAccountCredentials(@RequestParam Optional<Boolean> expand): an Optional parameter is optional in Spring and typed by its argument; the document has a required string	yes
1.35.4	none	orca-clouddriver/24	orca	clouddriver	GET	/ecs/images/find	/_calls/clouddriver/{cloudProvider}/images/find	com.netflix.spinnaker.orca.clouddriver.OortService	request	params	BREAK	REQ.2	$.params.q	optional string	required string	real inconsistency	declared: the provider requires params.q; the caller declares it optional (a Retrofit @Query/@Header is omitted when null; G1 decisions.md 5)	yes
1.35.4	none	orca-clouddriver/29	orca	clouddriver	GET	/manifests/{account}/_/{name}	/_calls/clouddriver/manifests/{account}/_/{manifest}	com.netflix.spinnaker.orca.clouddriver.OortService	response	response	BREAK	nullable-response-widening	$.status.failed.message	string	nullable(string)	projection defect	"D8: the caller's field carries no nullability annotation and is projected non-nullable (""unknown""), while the provider marks it nullable (string vs nullable(string))"	yes
1.35.4	none	orca-clouddriver/29	orca	clouddriver	GET	/manifests/{account}/_/{name}	/_calls/clouddriver/manifests/{account}/_/{manifest}	com.netflix.spinnaker.orca.clouddriver.OortService	response	response	BREAK	nullable-response-widening	$.status.stable.message	string	nullable(string)	projection defect	"D8: the caller's field carries no nullability annotation and is projected non-nullable (""unknown""), while the provider marks it nullable (string vs nullable(string))"	yes
1.35.4	none	orca-clouddriver/29	orca	clouddriver	GET	/manifests/{account}/_/{name}	/_calls/clouddriver/manifests/{account}/_/{manifest}	com.netflix.spinnaker.orca.clouddriver.OortService	response	response	BREAK	kind-mismatch	$.warnings[*]	string	object(open){message:string, type:string}	real inconsistency	declared: the caller reads string where the provider returns object(open){message:string, type:string}	yes
1.35.4	none	orca-clouddriver/30	orca	clouddriver	GET	/manifests/{account}/{location}/{name}	/_calls/clouddriver/manifests/{account}/{location}/{manifest}	com.netflix.spinnaker.orca.clouddriver.OortService	response	response	BREAK	nullable-response-widening	$.status.failed.message	string	nullable(string)	projection defect	"D8: the caller's field carries no nullability annotation and is projected non-nullable (""unknown""), while the provider marks it nullable (string vs nullable(string))"	yes
1.35.4	none	orca-clouddriver/30	orca	clouddriver	GET	/manifests/{account}/{location}/{name}	/_calls/clouddriver/manifests/{account}/{location}/{manifest}	com.netflix.spinnaker.orca.clouddriver.OortService	response	response	BREAK	nullable-response-widening	$.status.stable.message	string	nullable(string)	projection defect	"D8: the caller's field carries no nullability annotation and is projected non-nullable (""unknown""), while the provider marks it nullable (string vs nullable(string))"	yes
1.35.4	none	orca-clouddriver/30	orca	clouddriver	GET	/manifests/{account}/{location}/{name}	/_calls/clouddriver/manifests/{account}/{location}/{manifest}	com.netflix.spinnaker.orca.clouddriver.OortService	response	response	BREAK	kind-mismatch	$.warnings[*]	string	object(open){message:string, type:string}	real inconsistency	declared: the caller reads string where the provider returns object(open){message:string, type:string}	yes
1.35.4	none	orca-clouddriver/32	orca	clouddriver	GET	/manifests/{account}/{location}/{kind}/cluster/{app}/{cluster}/dynamic/{criteria}	/_calls/clouddriver/manifests/{account}/{location}/{kind}/cluster/{app}/{clusterName}/dynamic/{criteria}	com.netflix.spinnaker.orca.clouddriver.OortService	request	params	BREAK	enum-request-narrowing	$.params.criteria	string	enum{largest,newest,oldest,second_newest,smallest}	real inconsistency	declared: the caller passes any string where the provider converts to enum{largest,newest,oldest,second_newest,smallest}	yes
1.35.4	none	orca-clouddriver/36	orca	clouddriver	GET	/search	/_calls/clouddriver/search	com.netflix.spinnaker.orca.clouddriver.MortService	request	params	BREAK	REQ.2	$.params	optional object(open){q:string, type:string}	required object(open){q:string, type*:array(string), page:integer(int32), pageSize:integer(int32), platform:string}	real inconsistency	declared: the provider requires params; the caller declares it optional (a Retrofit @Query/@Header is omitted when null; G1 decisions.md 5)	yes
1.35.4	none	orca-clouddriver/36	orca	clouddriver	GET	/search	/_calls/clouddriver/search	com.netflix.spinnaker.orca.clouddriver.MortService	request	params	BREAK	REQ.2	$.params.type	optional string	required array(string)	real inconsistency	declared: the provider requires params.type; the caller declares it optional (a Retrofit @Query/@Header is omitted when null; G1 decisions.md 5)	yes
1.35.4	none	orca-clouddriver/36	orca	clouddriver	GET	/search	/_calls/clouddriver/search	com.netflix.spinnaker.orca.clouddriver.MortService	request	params	BREAK	kind-mismatch	$.params.type	string	array(string)	projection defect	query parameter arity: string against array(string); Spring binds repeated or comma-separated values to both a String and a List parameter, and the extractor types parameters by their Java type (G1 decisions.md 8)	yes
1.35.4	none	orca-clouddriver/39	orca	clouddriver	GET	/servicebroker/{account}/serviceInstance	/_calls/clouddriver/servicebroker/{account}/serviceInstance	com.netflix.spinnaker.orca.clouddriver.OortService	request	params	BREAK	REQ.2	$.params.cloudProvider	optional string	required string	real inconsistency	declared: the provider requires params.cloudProvider; the caller declares it optional (a Retrofit @Query/@Header is omitted when null; G1 decisions.md 5)	yes
1.35.4	none	orca-clouddriver/39	orca	clouddriver	GET	/servicebroker/{account}/serviceInstance	/_calls/clouddriver/servicebroker/{account}/serviceInstance	com.netflix.spinnaker.orca.clouddriver.OortService	request	params	BREAK	REQ.2	$.params.region	optional string	required string	real inconsistency	declared: the provider requires params.region; the caller declares it optional (a Retrofit @Query/@Header is omitted when null; G1 decisions.md 5)	yes
1.35.4	none	orca-clouddriver/39	orca	clouddriver	GET	/servicebroker/{account}/serviceInstance	/_calls/clouddriver/servicebroker/{account}/serviceInstance	com.netflix.spinnaker.orca.clouddriver.OortService	request	params	BREAK	REQ.2	$.params.serviceInstanceName	optional string	required string	real inconsistency	declared: the provider requires params.serviceInstanceName; the caller declares it optional (a Retrofit @Query/@Header is omitted when null; G1 decisions.md 5)	yes
1.35.4	none	orca-front50/27	orca	front50	PUT	/pluginInfo/{id}/releases/{releaseVersion}	/_calls/front50/pluginInfo/{pluginId}/releases/{version}	com.netflix.spinnaker.orca.front50.Front50Service	request	params	BREAK	REQ.2	$.params.preferred	optional boolean	required boolean	projection defect	"orca-front50 Front50Service.setPreferredPluginVersion(@Query(""preferred"") boolean): a primitive @Query is always sent, and the document marks it optional (G1 decisions.md 5)"	yes
1.35.4	none	orca-igor/2	orca	igor	GET	/builds/artifacts/{buildNumber}/{master}	/_calls/igor/builds/artifacts/{buildNumber}/{master}	com.netflix.spinnaker.orca.igor.IgorService	request	params	BREAK	REQ.2	$.params.job	optional string	required string	real inconsistency	declared: the provider requires params.job; the caller declares it optional (a Retrofit @Query/@Header is omitted when null; G1 decisions.md 5)	yes
1.35.4	none	orca-igor/4	orca	igor	GET	/builds/properties/{buildNumber}/{fileName}/{master}	/_calls/igor/builds/properties/{buildNumber}/{fileName}/{master}	com.netflix.spinnaker.orca.igor.IgorService	request	params	BREAK	REQ.2	$.params.job	optional string	required string	real inconsistency	declared: the provider requires params.job; the caller declares it optional (a Retrofit @Query/@Header is omitted when null; G1 decisions.md 5)	yes
1.35.4	none	orca-igor/6	orca	igor	GET	/builds/queue/{master}/{item}	/_calls/igor/builds/queue/{master}/{item}	com.netflix.spinnaker.orca.igor.IgorService	request	params	BREAK	prim-mismatch	$.params.item	string	integer(int32)	real inconsistency	declared: the caller passes string where the provider converts to integer(int32)	yes
1.35.4	none	orca-igor/7	orca	igor	GET	/builds/status/{buildNumber}/{master}	/_calls/igor/builds/status/{buildNumber}/{master}	com.netflix.spinnaker.orca.igor.IgorService	request	params	BREAK	REQ.2	$.params.job	optional string	required string	real inconsistency	declared: the provider requires params.job; the caller declares it optional (a Retrofit @Query/@Header is omitted when null; G1 decisions.md 5)	yes
1.35.4	none	orca-igor/10	orca	igor	POST	/codebuild/builds/start/{account}	/_calls/igor/codebuild/builds/start/{account}	com.netflix.spinnaker.orca.igor.IgorService	response	response	BREAK	kind-mismatch	$.buildStatus	object(open){}	string	checker limitation	an untyped side (D5: an open object) of another JSON kind: object(open){} vs string; the leg is vacuous under the D5 ruling, which assumed such a leg can only pass	yes
1.35.4	none	orca-igor/11	orca	igor	POST	/codebuild/builds/stop/{account}/{buildId}	/_calls/igor/codebuild/builds/stop/{account}/{buildId}	com.netflix.spinnaker.orca.igor.IgorService	response	response	BREAK	kind-mismatch	$.buildStatus	object(open){}	string	checker limitation	an untyped side (D5: an open object) of another JSON kind: object(open){} vs string; the leg is vacuous under the D5 ruling, which assumed such a leg can only pass	yes
1.35.4	none	orca-igor/12	orca	igor	GET	/codebuild/builds/{account}/{buildId}	/_calls/igor/codebuild/builds/{account}/{buildId}	com.netflix.spinnaker.orca.igor.IgorService	response	response	BREAK	kind-mismatch	$.buildStatus	object(open){}	string	checker limitation	an untyped side (D5: an open object) of another JSON kind: object(open){} vs string; the leg is vacuous under the D5 ruling, which assumed such a leg can only pass	yes
1.35.4	none	orca-igor/13	orca	igor	GET	/delivery-config/manifest	/_calls/igor/delivery-config/manifest	com.netflix.spinnaker.orca.igor.IgorService	request	params	BREAK	REQ.2	$.params	optional object(open){manifest:string, project:string, ref:string, repository:string, scmType:string, directory:string}	required object(open){raw:boolean, ref:string, repository*:string, scmType*:string, directory:string, manifest*:string, project*:string}	real inconsistency	declared: the provider requires params; the caller declares it optional (a Retrofit @Query/@Header is omitted when null; G1 decisions.md 5)	yes
1.35.4	none	orca-igor/13	orca	igor	GET	/delivery-config/manifest	/_calls/igor/delivery-config/manifest	com.netflix.spinnaker.orca.igor.IgorService	request	params	BREAK	REQ.2	$.params.manifest	optional string	required string	real inconsistency	declared: the provider requires params.manifest; the caller declares it optional (a Retrofit @Query/@Header is omitted when null; G1 decisions.md 5)	yes
1.35.4	none	orca-igor/13	orca	igor	GET	/delivery-config/manifest	/_calls/igor/delivery-config/manifest	com.netflix.spinnaker.orca.igor.IgorService	request	params	BREAK	REQ.2	$.params.project	optional string	required string	real inconsistency	declared: the provider requires params.project; the caller declares it optional (a Retrofit @Query/@Header is omitted when null; G1 decisions.md 5)	yes
1.35.4	none	orca-igor/13	orca	igor	GET	/delivery-config/manifest	/_calls/igor/delivery-config/manifest	com.netflix.spinnaker.orca.igor.IgorService	request	params	BREAK	REQ.2	$.params.repository	optional string	required string	real inconsistency	declared: the provider requires params.repository; the caller declares it optional (a Retrofit @Query/@Header is omitted when null; G1 decisions.md 5)	yes
1.35.4	none	orca-igor/13	orca	igor	GET	/delivery-config/manifest	/_calls/igor/delivery-config/manifest	com.netflix.spinnaker.orca.igor.IgorService	request	params	BREAK	REQ.2	$.params.scmType	optional string	required string	real inconsistency	declared: the provider requires params.scmType; the caller declares it optional (a Retrofit @Query/@Header is omitted when null; G1 decisions.md 5)	yes
1.35.4	none	orca-igor/14	orca	igor	POST	/gcb/builds/create/{account}	/_calls/igor/gcb/builds/create/{account}	com.netflix.spinnaker.orca.igor.IgorService	request	body	BREAK	kind-mismatch	$.body	object(open){}	string	projection defect	@RequestBody String: Spring reads the raw text of any payload into it, and the document declares a JSON string, so the caller's object(open){} is refused	yes
1.35.4	none	orca-igor/18	orca	igor	POST	/gcb/triggers/{account}/{triggerId}/run	/_calls/igor/gcb/triggers/{account}/{triggerId}/run	com.netflix.spinnaker.orca.igor.IgorService	request	body	BREAK	kind-mismatch	$.body	object(open){branchName:string, commitSha:string, tagName:string}	string	projection defect	@RequestBody String: Spring reads the raw text of any payload into it, and the document declares a JSON string, so the caller's object(open){branchName:string, commitSha:string, tagName:string} is refused	yes
1.35.4	none	orca-igor/20	orca	igor	GET	/gitlab/{projectKey}/{repositorySlug}/compareCommits	/_calls/igor/{repoType}/{projectKey}/{repositorySlug}/compareCommits	com.netflix.spinnaker.orca.igor.IgorService	response	response	BREAK	kind-mismatch	$	object(open){}	array(object(open){})	checker limitation	an untyped side (D5: an open object) of another JSON kind: object(open){} vs array(object(open){}); the leg is vacuous under the D5 ruling, which assumed such a leg can only pass	yes
1.35.4	none	orca-igor/23	orca	igor	PUT	/masters/{master}/jobs/stop/{queuedBuild}/{buildNumber}	/_calls/igor/masters/{name}/jobs/stop/{queuedBuild}/{buildNumber}	com.netflix.spinnaker.orca.igor.IgorService	request	params	BREAK	REQ.2	$.params.jobName	optional string	required string	real inconsistency	declared: the provider requires params.jobName; the caller declares it optional (a Retrofit @Query/@Header is omitted when null; G1 decisions.md 5)	yes
1.35.4	none	orca-kayenta/1	orca	kayenta	GET	/canary/{canaryExecutionId}	/_calls/kayenta/canary/{canaryExecutionId}	com.netflix.spinnaker.orca.kayenta.KayentaService	response	response	BREAK	prim-mismatch	$.canaryExecutionRequest.thresholds.marginal	integer(int32)	number(double)	real inconsistency	declared: the caller reads integer(int32) where the provider returns number(double)	yes
1.35.4	none	orca-kayenta/1	orca	kayenta	GET	/canary/{canaryExecutionId}	/_calls/kayenta/canary/{canaryExecutionId}	com.netflix.spinnaker.orca.kayenta.KayentaService	response	response	BREAK	prim-mismatch	$.canaryExecutionRequest.thresholds.pass	integer(int32)	number(double)	real inconsistency	declared: the caller reads integer(int32) where the provider returns number(double)	yes
1.35.4	none	orca-kayenta/1	orca	kayenta	GET	/canary/{canaryExecutionId}	/_calls/kayenta/canary/{canaryExecutionId}	com.netflix.spinnaker.orca.kayenta.KayentaService	response	response	BREAK	prim-mismatch	$.result.judgeResult.score.score	integer(int32)	number(double)	real inconsistency	declared: the caller reads integer(int32) where the provider returns number(double)	yes
1.35.4	none	orca-kayenta/2	orca	kayenta	POST	/canary/{canaryConfigId}	/_calls/kayenta/canary/{canaryConfigId}	com.netflix.spinnaker.orca.kayenta.KayentaService	request	body	WARN	format-change	$.body.thresholds.marginal	integer(int32)	number(double)	warning	WARN only (format-change): the baseline gate inside check/mss counts BREAKs alone (main.go:469)	no
1.35.4	none	orca-kayenta/2	orca	kayenta	POST	/canary/{canaryConfigId}	/_calls/kayenta/canary/{canaryConfigId}	com.netflix.spinnaker.orca.kayenta.KayentaService	request	body	WARN	format-change	$.body.thresholds.pass	integer(int32)	number(double)	warning	WARN only (format-change): the baseline gate inside check/mss counts BREAKs alone (main.go:469)	no
1.35.4	none	orca-kayenta/5	orca	kayenta	PUT	/pipelines/{executionId}/cancel	/_calls/kayenta/pipelines/{executionId}/cancel	com.netflix.spinnaker.orca.kayenta.KayentaService	response	response	BREAK	presence-mismatch	$	object(open){}	<nil>	real inconsistency	declared: the caller reads a object(open){} body; the provider sends none (kayenta-orca PipelineController.cancel: void, @ResponseStatus(ACCEPTED))	yes
1.35.4	none	orca-rosco/6	orca	rosco	GET	/bakeOptions/{cloudProvider}/baseImages/{imageId}	/_calls/rosco/bakeOptions/{cloudProvider}/baseImages/{imageId}	com.netflix.spinnaker.orca.bakery.api.BakeryService	request	params	BREAK	enum-request-narrowing	$.params.cloudProvider	string	enum{alicloud,aws,azure,docker,gce,huaweicloud,oracle,tencentcloud}	real inconsistency	declared: the caller passes any string where the provider converts to enum{alicloud,aws,azure,docker,gce,huaweicloud,oracle,tencentcloud}	yes
