release	release_date	service	pinned_version	artifact_kind	artifact_ref	retrievable	jdk	claim
1.0.0	2017-06-05	gate	0.4.0-411	container-image	gcr.io/spinnaker-marketplace/gate:0.4.0-411@sha256:4477cb5b8508743b9327a55e6a6cab572df45e3c9406abd99cfe6eb965177f69	yes	8	CLAIM-S3-011
1.0.0	2017-06-05	orca	0.4.0-411	container-image	gcr.io/spinnaker-marketplace/orca:0.4.0-411@sha256:10237d6b258e1b806eeb5368ea8010915607d8436d9d45e350dec3c288722b1f	yes	8	CLAIM-S3-011
1.0.0	2017-06-05	clouddriver	0.4.1-411	container-image	gcr.io/spinnaker-marketplace/clouddriver:0.4.1-411@sha256:f66f610b7c9f165a4221842cea1cb6880bb591a0fb25e54de5fcadbbf6e6b368	yes	8	CLAIM-S3-011
1.0.0	2017-06-05	front50	0.4.0-411	container-image	gcr.io/spinnaker-marketplace/front50:0.4.0-411@sha256:161830d841b362424fd55adcb22f2d42bf7f358cbd2e231e0b616d6263da872b	yes	8	CLAIM-S3-011
1.0.0	2017-06-05	echo	0.3.0-411	container-image	gcr.io/spinnaker-marketplace/echo:0.3.0-411@sha256:759e71b5f7170e9eeddf2e20f55fe16fcfe2cdb1147b046e9fed6c0c98c57e9f	yes	8	CLAIM-S3-011
1.0.0	2017-06-05	igor	0.3.0-411	container-image	gcr.io/spinnaker-marketplace/igor:0.3.0-411@sha256:a54766ece950f829eab8287d659c8cc9fec402be566b6bab782d00984c7f33d1	yes	8	CLAIM-S3-011
1.0.0	2017-06-05	fiat	0.2.0-411	container-image	gcr.io/spinnaker-marketplace/fiat:0.2.0-411@sha256:34146e4ccc3222d9f4d72402a0f728386f8709e4cd8d22bfec734d89631018f6	yes	8	CLAIM-S3-011
1.0.0	2017-06-05	rosco	0.3.1-411	container-image	gcr.io/spinnaker-marketplace/rosco:0.3.1-411@sha256:5f53f8b68d232fe6a4bcc274522f42c26af0fb8e59d436a080bac83a99fcf546	yes	8	CLAIM-S3-011
1.0.0	2017-06-05	kayenta	-	not-pinned	-	n/a		CLAIM-S3-007
1.0.0	2017-06-05	keel	-	not-pinned	-	n/a		CLAIM-S3-006
1.0.1	2017-06-12	gate	0.4.0-33	container-image	gcr.io/spinnaker-marketplace/gate:0.4.0-33@sha256:cde6f206c4589afb9f27459b8cf024374ef8e8a5f3d61f5bdeb3110e635098ce	yes		CLAIM-S3-011
1.0.1	2017-06-12	orca	0.4.0-33	container-image	gcr.io/spinnaker-marketplace/orca:0.4.0-33@sha256:fd0ac84ce354a3b5f2d8d6d05001ece1771809afd666754bd94a60c676f82308	yes		CLAIM-S3-011
1.0.1	2017-06-12	clouddriver	0.4.2-33	container-image	gcr.io/spinnaker-marketplace/clouddriver:0.4.2-33@sha256:7b2366265a2dd33e327da8e381b8c79291a5b2df10f29896eeaadfdebdf38a4f	yes		CLAIM-S3-011
1.0.1	2017-06-12	front50	0.4.0-33	container-image	gcr.io/spinnaker-marketplace/front50:0.4.0-33@sha256:8f0229c88fda36ec196ef3e2ac2c9bcfd81903478182858e6af604b4fa5064f9	yes		CLAIM-S3-011
1.0.1	2017-06-12	echo	0.3.0-33	container-image	gcr.io/spinnaker-marketplace/echo:0.3.0-33@sha256:972e7b852e304b051a8340acf32dfdd24fcb8b6b005683d87d068e4d88dc8ec4	yes		CLAIM-S3-011
1.0.1	2017-06-12	igor	0.3.0-33	container-image	gcr.io/spinnaker-marketplace/igor:0.3.0-33@sha256:5f237dc2e4bfa1c592733d05983cdf7a5a255aa4d0ae949fb23ea518003f1a2c	yes		CLAIM-S3-011
1.0.1	2017-06-12	fiat	0.2.0-33	container-image	gcr.io/spinnaker-marketplace/fiat:0.2.0-33@sha256:fcb0f0256696cafff4a967c149f4cb980015d3f09d5d8410895d3e47f9a97d8e	yes		CLAIM-S3-011
1.0.1	2017-06-12	rosco	0.3.1-33	container-image	gcr.io/spinnaker-marketplace/rosco:0.3.1-33@sha256:b851d6a82cd76629c8bcdd31b94f95a0fef87955ae12cbef00def17a591aaab9	yes		CLAIM-S3-011
1.0.1	2017-06-12	kayenta	-	not-pinned	-	n/a		CLAIM-S3-007
1.0.1	2017-06-12	keel	-	not-pinned	-	n/a		CLAIM-S3-006
1.1.0	2017-07-05	gate	0.5.0-72	container-image	gcr.io/spinnaker-marketplace/gate:0.5.0-72@sha256:d9ca7b467a233419116a340758e1833955ef2025d613ed17f41a06be7abbe75c	yes	8	CLAIM-S3-011
1.1.0	2017-07-05	orca	0.5.0-72	container-image	gcr.io/spinnaker-marketplace/orca:0.5.0-72@sha256:8116a77968c1f173752bbe4ad20586b5573c179b1b9310c7610605db8e9b73c1	yes	8	CLAIM-S3-011
1.1.0	2017-07-05	clouddriver	0.5.0-72	container-image	gcr.io/spinnaker-marketplace/clouddriver:0.5.0-72@sha256:260908258099822deb5ce4751d753ed1a8d1b77d34d89e2de85dbcc0888d234a	yes	8	CLAIM-S3-011
1.1.0	2017-07-05	front50	0.4.1-72	container-image	gcr.io/spinnaker-marketplace/front50:0.4.1-72@sha256:caac38a1d2171656b4766b8d5b3ebb4652750f6677e93e5e0bc825e8facc4bc5	yes	8	CLAIM-S3-011
1.1.0	2017-07-05	echo	0.4.0-72	container-image	gcr.io/spinnaker-marketplace/echo:0.4.0-72@sha256:147a94228c390687f880306c7f67dda339ff5c2991b3366584806e1fbb88c36e	yes	8	CLAIM-S3-011
1.1.0	2017-07-05	igor	0.4.0-72	container-image	gcr.io/spinnaker-marketplace/igor:0.4.0-72@sha256:ba9898640767baa90ed36cc353e38b8a8c143860e3015ad511167225dc34418a	yes	8	CLAIM-S3-011
1.1.0	2017-07-05	fiat	0.3.0-72	container-image	gcr.io/spinnaker-marketplace/fiat:0.3.0-72@sha256:23950b0942045bbedbb0a4b5f8e39c91a0b69501201caed478044536c9049bf2	yes	8	CLAIM-S3-011
1.1.0	2017-07-05	rosco	0.4.0-72	container-image	gcr.io/spinnaker-marketplace/rosco:0.4.0-72@sha256:4f01f9d3ecdde27c73b8768754be431bcd49180a0ecbf657b36b23be1b838664	yes	8	CLAIM-S3-011
1.1.0	2017-07-05	kayenta	-	not-pinned	-	n/a		CLAIM-S3-007
1.1.0	2017-07-05	keel	-	not-pinned	-	n/a		CLAIM-S3-006
1.1.1	2017-07-21	gate	0.5.0-135	container-image	gcr.io/spinnaker-marketplace/gate:0.5.0-135@sha256:da91efead66b2e7384245907c99d21a667e8775b6a3f1c358f7ed08b5478d0e9	yes		CLAIM-S3-011
1.1.1	2017-07-21	orca	0.5.0-135	container-image	gcr.io/spinnaker-marketplace/orca:0.5.0-135@sha256:54e2f51fc2dab59de298ee8124034c40654d348420fd4b0fbf02455cfd4a5e7e	yes		CLAIM-S3-011
1.1.1	2017-07-21	clouddriver	0.5.0-135	container-image	gcr.io/spinnaker-marketplace/clouddriver:0.5.0-135@sha256:0fb4f837ef677589e9ee7db694b67ca3a338dd942e6caa161224abeb6424ab38	yes		CLAIM-S3-011
1.1.1	2017-07-21	front50	0.4.2-135	container-image	gcr.io/spinnaker-marketplace/front50:0.4.2-135@sha256:337b65e81db753222fba43ffb13f449fb518d5505fd50fdf5ae948e43d8b2067	yes		CLAIM-S3-011
1.1.1	2017-07-21	echo	0.4.0-135	container-image	gcr.io/spinnaker-marketplace/echo:0.4.0-135@sha256:3f983113fdcc0dba2203ba4a70d3cae01f66c77fb3f4791add8329c3567adade	yes		CLAIM-S3-011
1.1.1	2017-07-21	igor	0.4.0-135	container-image	gcr.io/spinnaker-marketplace/igor:0.4.0-135@sha256:5333245b4a6a93e95b892977f85e25e8531a40041979e2e2a8d9fc28e406e48a	yes		CLAIM-S3-011
1.1.1	2017-07-21	fiat	0.3.0-135	container-image	gcr.io/spinnaker-marketplace/fiat:0.3.0-135@sha256:263277f90c04b4d0b28443fa9071dc55edd9fe8f85c0a7725b513862ea7f0552	yes		CLAIM-S3-011
1.1.1	2017-07-21	rosco	0.4.0-135	container-image	gcr.io/spinnaker-marketplace/rosco:0.4.0-135@sha256:82b38b3be861b8a62555ace42538a02c60e64acb47358661a52d2fc36b77bdc5	yes		CLAIM-S3-011
1.1.1	2017-07-21	kayenta	-	not-pinned	-	n/a		CLAIM-S3-007
1.1.1	2017-07-21	keel	-	not-pinned	-	n/a		CLAIM-S3-006
1.1.2	2017-07-27	gate	0.5.0-146	container-image	gcr.io/spinnaker-marketplace/gate:0.5.0-146@sha256:4be7dfde42bba9d400ad51f8ed935923876223279c72998b99ffddb92e177bb2	yes		CLAIM-S3-011
1.1.2	2017-07-27	orca	0.5.0-146	container-image	gcr.io/spinnaker-marketplace/orca:0.5.0-146@sha256:1e1295fd13066d90f4e04bed88633d95219ed1d03d8c2d6690f5d4f0f6c23bec	yes		CLAIM-S3-011
1.1.2	2017-07-27	clouddriver	0.5.0-146	container-image	gcr.io/spinnaker-marketplace/clouddriver:0.5.0-146@sha256:049644e8e408ffed2d1f41a34ddab26011d9597422535f7856d8f5f67b9eb1b3	yes		CLAIM-S3-011
1.1.2	2017-07-27	front50	0.4.3-146	container-image	gcr.io/spinnaker-marketplace/front50:0.4.3-146@sha256:7dfd18e2ec44545a218c1343978d5c5b17ff979b788b073351aac72ea05fdcb6	yes		CLAIM-S3-011
1.1.2	2017-07-27	echo	0.4.0-146	container-image	gcr.io/spinnaker-marketplace/echo:0.4.0-146@sha256:68126bd35e9e54d8c59d219694bb7137e027de4e95dab56b2acc0914b35b4041	yes		CLAIM-S3-011
1.1.2	2017-07-27	igor	0.4.0-146	container-image	gcr.io/spinnaker-marketplace/igor:0.4.0-146@sha256:e9b68690978870fe9bee9c352a4204671f1dcbb396b668951e76c542b0628a03	yes		CLAIM-S3-011
1.1.2	2017-07-27	fiat	0.3.0-146	container-image	gcr.io/spinnaker-marketplace/fiat:0.3.0-146@sha256:24a3e864a8161aeadc5e6927bfed8a4496c9fef4d4d4e5f44cd4f8a71ca97a0e	yes		CLAIM-S3-011
1.1.2	2017-07-27	rosco	0.4.0-146	container-image	gcr.io/spinnaker-marketplace/rosco:0.4.0-146@sha256:157e277ba38f6de30c7fdce9780501c525bcfe0a95b6230ddef18512bd652d16	yes		CLAIM-S3-011
1.1.2	2017-07-27	kayenta	-	not-pinned	-	n/a		CLAIM-S3-007
1.1.2	2017-07-27	keel	-	not-pinned	-	n/a		CLAIM-S3-006
1.2.0	2017-08-08	gate	0.6.0-20170808131939	container-image	gcr.io/spinnaker-marketplace/gate:0.6.0-20170808131939@sha256:26b00d58298b3a2c3c8cbfba4500716075c86ac6efc84f8690293938115b8a2e	yes	8	CLAIM-S3-011
1.2.0	2017-08-08	orca	0.6.0-20170808131939	container-image	gcr.io/spinnaker-marketplace/orca:0.6.0-20170808131939@sha256:19e4365d9e4e59f83499c05f2d490ed561785f88b35425e56bc8d721a7a47f95	yes	8	CLAIM-S3-011
1.2.0	2017-08-08	clouddriver	0.6.0-20170808131939	container-image	gcr.io/spinnaker-marketplace/clouddriver:0.6.0-20170808131939@sha256:482d58e7d2827590e83b0360108d35cebcc89c7270682a8737f3dc1636110c60	yes	8	CLAIM-S3-011
1.2.0	2017-08-08	front50	0.5.0-20170808131939	container-image	gcr.io/spinnaker-marketplace/front50:0.5.0-20170808131939@sha256:9dd3506d57c0c7b28f73ac9a546692779ba259f47598406de7a51ace007f44f4	yes	8	CLAIM-S3-011
1.2.0	2017-08-08	echo	0.4.1-20170808131939	container-image	gcr.io/spinnaker-marketplace/echo:0.4.1-20170808131939@sha256:5514f2c0151b0e30add23912155e296ae47de0ca1aedd7935c9870013c6673f1	yes	8	CLAIM-S3-011
1.2.0	2017-08-08	igor	0.5.0-20170808131939	container-image	gcr.io/spinnaker-marketplace/igor:0.5.0-20170808131939@sha256:9e03e0b6db1c6e2f5d8e848a394a9f9e24b0b2a1e9e0d594630abf7562742085	yes	8	CLAIM-S3-011
1.2.0	2017-08-08	fiat	0.4.0-20170808131939	container-image	gcr.io/spinnaker-marketplace/fiat:0.4.0-20170808131939@sha256:ecc815435732175625d76c0457f5635bfc4243f032b6c917c4b67e5e03fdd780	yes	8	CLAIM-S3-011
1.2.0	2017-08-08	rosco	0.4.1-20170808131939	container-image	gcr.io/spinnaker-marketplace/rosco:0.4.1-20170808131939@sha256:c708fa8b0acfec8341edd7e6bce4be2e4a2ca9b2266ecc7835fd89b4842de055	yes	8	CLAIM-S3-011
1.2.0	2017-08-08	kayenta	-	not-pinned	-	n/a		CLAIM-S3-007
1.2.0	2017-08-08	keel	-	not-pinned	-	n/a		CLAIM-S3-006
1.2.1	2017-08-09	gate	0.6.0-20170809184452	container-image	gcr.io/spinnaker-marketplace/gate:0.6.0-20170809184452@sha256:eadf30aec7b748dd68a6b3d98b59f948a234038748bb48bd7a5a805d3d2c0aa2	yes		CLAIM-S3-011
1.2.1	2017-08-09	orca	0.6.0-20170809184452	container-image	gcr.io/spinnaker-marketplace/orca:0.6.0-20170809184452@sha256:39bc99e4c6beabf00cf319b0583ca8c0832e3ae9a977118fb38b5b46397c6b06	yes		CLAIM-S3-011
1.2.1	2017-08-09	clouddriver	0.6.1-20170809184452	container-image	gcr.io/spinnaker-marketplace/clouddriver:0.6.1-20170809184452@sha256:bc5736515009c3a858a038197d7bb2df4fba8bca40ebb2f3a9faceccdc4b520f	yes		CLAIM-S3-011
1.2.1	2017-08-09	front50	0.5.0-20170809184452	container-image	gcr.io/spinnaker-marketplace/front50:0.5.0-20170809184452@sha256:0af8bd498e7ebfc405798db8228cb60a2fb3950bee535aacc080bd9d6bc44f9a	yes		CLAIM-S3-011
1.2.1	2017-08-09	echo	0.4.1-20170809184452	container-image	gcr.io/spinnaker-marketplace/echo:0.4.1-20170809184452@sha256:0552315de85cb28b725410c8838b9b71dfe58a7cf32d8d3af3c38e57375e224f	yes		CLAIM-S3-011
1.2.1	2017-08-09	igor	0.5.0-20170809184452	container-image	gcr.io/spinnaker-marketplace/igor:0.5.0-20170809184452@sha256:83e2eff1dac7ff92813389a48f3f742c8016fd01aec1ce7a1e061509901b8aae	yes		CLAIM-S3-011
1.2.1	2017-08-09	fiat	0.4.0-20170809184452	container-image	gcr.io/spinnaker-marketplace/fiat:0.4.0-20170809184452@sha256:6968118249549228972a3c391733c7ff30f740e015f471a4f9190fdded306336	yes		CLAIM-S3-011
1.2.1	2017-08-09	rosco	0.4.1-20170809184452	container-image	gcr.io/spinnaker-marketplace/rosco:0.4.1-20170809184452@sha256:94127c9afeed3f6084340e9d9359f54527678741b98b62aa12bc5289341c34a7	yes		CLAIM-S3-011
1.2.1	2017-08-09	kayenta	-	not-pinned	-	n/a		CLAIM-S3-007
1.2.1	2017-08-09	keel	-	not-pinned	-	n/a		CLAIM-S3-006
1.2.2	2017-08-22	gate	0.6.0-20170821194112	container-image	gcr.io/spinnaker-marketplace/gate:0.6.0-20170821194112@sha256:2a481a6d2741c81d28398d85e2bdcb86c0b22fdc264f117ef20606be33ad0a5b	yes		CLAIM-S3-011
1.2.2	2017-08-22	orca	0.6.0-20170821194112	container-image	gcr.io/spinnaker-marketplace/orca:0.6.0-20170821194112@sha256:d5804f5b2cd8a5dded2272d48d46d190fcd7286c90c57ca4e0685e843e9f73f7	yes		CLAIM-S3-011
1.2.2	2017-08-22	clouddriver	0.6.2-20170821194112	container-image	gcr.io/spinnaker-marketplace/clouddriver:0.6.2-20170821194112@sha256:cd2bda9e0bdcf60518a718f3eeb90a74380f324c2ab91e2e33ffc164562fb26f	yes		CLAIM-S3-011
1.2.2	2017-08-22	front50	0.5.0-20170821194112	container-image	gcr.io/spinnaker-marketplace/front50:0.5.0-20170821194112@sha256:dfdd73a480a17330d8e3f638a5f12a1e42ac39f0928e95a6c7606b7a8716e9c6	yes		CLAIM-S3-011
1.2.2	2017-08-22	echo	0.4.1-20170821194112	container-image	gcr.io/spinnaker-marketplace/echo:0.4.1-20170821194112@sha256:f3f79ce63820f96d81041f38db39a0b9f76fe65773a77f7928d3203c82bc5b1e	yes		CLAIM-S3-011
1.2.2	2017-08-22	igor	0.5.0-20170821194112	container-image	gcr.io/spinnaker-marketplace/igor:0.5.0-20170821194112@sha256:7bbd881ae78d3108f354ac2e569766f4b19a2bf74f35ac122f10566c2da43c55	yes		CLAIM-S3-011
1.2.2	2017-08-22	fiat	0.4.0-20170821194112	container-image	gcr.io/spinnaker-marketplace/fiat:0.4.0-20170821194112@sha256:563b21245a5e84e688f11d124d70abadfe8a5ad194fe040306aad5f92201f842	yes		CLAIM-S3-011
1.2.2	2017-08-22	rosco	0.4.1-20170821194112	container-image	gcr.io/spinnaker-marketplace/rosco:0.4.1-20170821194112@sha256:8eaf44e01b85b64ee983df92e0830ce319cfd9756944b201084b5ac33d523caa	yes		CLAIM-S3-011
1.2.2	2017-08-22	kayenta	-	not-pinned	-	n/a		CLAIM-S3-007
1.2.2	2017-08-22	keel	-	not-pinned	-	n/a		CLAIM-S3-006
1.3.0	2017-09-07	gate	0.7.0-20170906180222	container-image	us-docker.pkg.dev/spinnaker-community/docker/gate:0.7.0-20170906180222@sha256:f4d9a79daebdf15a624eb4d3ae869f3d5d974e5d0e687f551c235599b15580c0	yes	8	CLAIM-S3-011
1.3.0	2017-09-07	orca	0.7.0-20170906180222	container-image	us-docker.pkg.dev/spinnaker-community/docker/orca:0.7.0-20170906180222@sha256:e285efc418615e2ef12c9cc721a34ea417d8f42481151d1a27d406952d7ec2a0	yes	8	CLAIM-S3-011
1.3.0	2017-09-07	clouddriver	0.7.0-20170906180222	container-image	us-docker.pkg.dev/spinnaker-community/docker/clouddriver:0.7.0-20170906180222@sha256:b401e8c62bc9095380f9a90dcacef808e7d78adb6fc45ca951aac9fa94af7d3d	yes	8	CLAIM-S3-011
1.3.0	2017-09-07	front50	0.6.0-20170906180222	container-image	us-docker.pkg.dev/spinnaker-community/docker/front50:0.6.0-20170906180222@sha256:e3b97b79891f1885e789ea08cb190bcb2aded080142854be17aef9c144239e29	yes	8	CLAIM-S3-011
1.3.0	2017-09-07	echo	0.5.0-20170906180222	container-image	us-docker.pkg.dev/spinnaker-community/docker/echo:0.5.0-20170906180222@sha256:f2ed28081e56da14545217661a04bb536188d2d113bd6fe91ff056f722cb1eb5	yes	8	CLAIM-S3-011
1.3.0	2017-09-07	igor	0.6.0-20170906180222	container-image	us-docker.pkg.dev/spinnaker-community/docker/igor:0.6.0-20170906180222@sha256:996e69008bbe202f6c807b4b2fa959c7437ef09c7144e45e7734d6eebf8434ce	yes	8	CLAIM-S3-011
1.3.0	2017-09-07	fiat	0.4.1-20170906180222	container-image	us-docker.pkg.dev/spinnaker-community/docker/fiat:0.4.1-20170906180222@sha256:9a781d10f22711efa448f9b72ae6f7c32d23c2dc392d0a741cad425b7a24e6aa	yes	8	CLAIM-S3-011
1.3.0	2017-09-07	rosco	0.4.2-20170906180222	container-image	us-docker.pkg.dev/spinnaker-community/docker/rosco:0.4.2-20170906180222@sha256:8601df604428724a4da011dd6b1d82a489c3285bb96e6c7a349f3d8f386691e7	yes	8	CLAIM-S3-011
1.3.0	2017-09-07	kayenta	-	not-pinned	-	n/a		CLAIM-S3-007
1.3.0	2017-09-07	keel	-	not-pinned	-	n/a		CLAIM-S3-006
1.3.1	2017-09-18	gate	0.7.1-20170918142556	container-image	us-docker.pkg.dev/spinnaker-community/docker/gate:0.7.1-20170918142556@sha256:603ad16e27f14773877491f7c0cd58bd77d441c825742c119b15d348ed2d41dc	yes		CLAIM-S3-011
1.3.1	2017-09-18	orca	0.7.0-20170918142556	container-image	us-docker.pkg.dev/spinnaker-community/docker/orca:0.7.0-20170918142556@sha256:e9c3d9799dd0798c465497fcc1d0f2b24943805f35c73f20b0d05fb56a61d82d	yes		CLAIM-S3-011
1.3.1	2017-09-18	clouddriver	0.7.1-20170918142556	container-image	us-docker.pkg.dev/spinnaker-community/docker/clouddriver:0.7.1-20170918142556@sha256:b2186b7d47f1156207bee79fb0a361c446da5117a2eeb6c07601a9ed34eec971	yes		CLAIM-S3-011
1.3.1	2017-09-18	front50	0.6.0-20170918142556	container-image	us-docker.pkg.dev/spinnaker-community/docker/front50:0.6.0-20170918142556@sha256:2e5c0aaaddc7d172f079574e441295cd1bcdac396773202d8a31a05ddd0d5517	yes		CLAIM-S3-011
1.3.1	2017-09-18	echo	0.5.0-20170918142556	container-image	us-docker.pkg.dev/spinnaker-community/docker/echo:0.5.0-20170918142556@sha256:a816774fb53265001d400b143149cf34f58e1f530bfac385bdd874ce1cb5c92d	yes		CLAIM-S3-011
1.3.1	2017-09-18	igor	0.6.0-20170918142556	container-image	us-docker.pkg.dev/spinnaker-community/docker/igor:0.6.0-20170918142556@sha256:9b79e87e754b6dea549cc06d0e6ae693f68279fbc01211bbd8474de39551cfa5	yes		CLAIM-S3-011
1.3.1	2017-09-18	fiat	0.4.1-20170918142556	container-image	us-docker.pkg.dev/spinnaker-community/docker/fiat:0.4.1-20170918142556@sha256:ff53a8a72879891c9264f80ce576b4307696ce23b8b013f6efff8c55d70ae495	yes		CLAIM-S3-011
1.3.1	2017-09-18	rosco	0.4.2-20170918142556	container-image	us-docker.pkg.dev/spinnaker-community/docker/rosco:0.4.2-20170918142556@sha256:5d1a1e59084839b4a99286321bbfee5f792dd3c386a6193707363e173fd485b5	yes		CLAIM-S3-011
1.3.1	2017-09-18	kayenta	-	not-pinned	-	n/a		CLAIM-S3-007
1.3.1	2017-09-18	keel	-	not-pinned	-	n/a		CLAIM-S3-006
1.4.0	2017-09-21	gate	0.8.0-20170921174602	container-image	gcr.io/spinnaker-marketplace/gate:0.8.0-20170921174602@sha256:fd0eb7b3e7d6d408baa6959bacb3b55cb7de60e0e2f3f4288e3f6296df5ab69c	yes	8	CLAIM-S3-011
1.4.0	2017-09-21	orca	0.8.0-20170921174602	container-image	gcr.io/spinnaker-marketplace/orca:0.8.0-20170921174602@sha256:e70fc3c190ac90228f826650ee1f1dd53fcca5c8bd2d94e4a41f6261add7f366	yes	8	CLAIM-S3-011
1.4.0	2017-09-21	clouddriver	0.8.0-20170921174602	container-image	gcr.io/spinnaker-marketplace/clouddriver:0.8.0-20170921174602@sha256:e12297e843e43fab9132ac4738082b4f12a48e2091a02cb773015ee7e3e78d55	yes	8	CLAIM-S3-011
1.4.0	2017-09-21	front50	0.7.0-20170921174602	container-image	gcr.io/spinnaker-marketplace/front50:0.7.0-20170921174602@sha256:c82259fa99b5027b2cd9e16c17f826ce1d7b446078a1746e19f2488f055edc58	yes	8	CLAIM-S3-011
1.4.0	2017-09-21	echo	0.6.0-20170921174602	container-image	gcr.io/spinnaker-marketplace/echo:0.6.0-20170921174602@sha256:705887cd72d23a111b0b9392080ce3a3da4d476a1bfee6dd8e7693ab6fe9c8b2	yes	8	CLAIM-S3-011
1.4.0	2017-09-21	igor	0.7.0-20170921174602	container-image	gcr.io/spinnaker-marketplace/igor:0.7.0-20170921174602@sha256:2cf23ad68ed421f5885280aa5c19d4f85d4823b474d39f913daacd2a3385208e	yes	8	CLAIM-S3-011
1.4.0	2017-09-21	fiat	0.4.1-20170921174602	container-image	gcr.io/spinnaker-marketplace/fiat:0.4.1-20170921174602@sha256:d693ac4fa2f7a314aabeb9ac0efd9e070b0789ef47f99a9749bfc8e0bb0d5550	yes	8	CLAIM-S3-011
1.4.0	2017-09-21	rosco	0.4.3-20170921174602	container-image	gcr.io/spinnaker-marketplace/rosco:0.4.3-20170921174602@sha256:15b74ce75939119d18ab309bb8afb3dff7a4d6c33e33ee3686ad346d775851d8	yes	8	CLAIM-S3-011
1.4.0	2017-09-21	kayenta	-	not-pinned	-	n/a		CLAIM-S3-007
1.4.0	2017-09-21	keel	-	not-pinned	-	n/a		CLAIM-S3-006
1.4.1	2017-09-22	gate	0.8.0-20170922163003	container-image	gcr.io/spinnaker-marketplace/gate:0.8.0-20170922163003@sha256:ef3f0d44b3088bbcd800741d910ac1d3738a6c2e38bbd2d5039051576b381916	yes		CLAIM-S3-011
1.4.1	2017-09-22	orca	0.8.0-20170922163003	container-image	gcr.io/spinnaker-marketplace/orca:0.8.0-20170922163003@sha256:a158ebe06199899ba3863f91506701cd51f88e6a981af9d3bf545feaf2610762	yes		CLAIM-S3-011
1.4.1	2017-09-22	clouddriver	0.8.0-20170922163003	container-image	gcr.io/spinnaker-marketplace/clouddriver:0.8.0-20170922163003@sha256:bc86451545180dfff36009e8c9ba980f008ef1303dce41a9f2aea7a290673768	yes		CLAIM-S3-011
1.4.1	2017-09-22	front50	0.7.0-20170922163003	container-image	gcr.io/spinnaker-marketplace/front50:0.7.0-20170922163003@sha256:e1ff877140b449926e182ea9bbdfe79d8028efbb16c6d0ab27c756c26e2b28ce	yes		CLAIM-S3-011
1.4.1	2017-09-22	echo	0.6.0-20170922163003	container-image	gcr.io/spinnaker-marketplace/echo:0.6.0-20170922163003@sha256:1067e39b52af42862b5658fde83a0c4d001dc73cda1de22f779c5bc8a9b2ca33	yes		CLAIM-S3-011
1.4.1	2017-09-22	igor	0.7.0-20170922163003	container-image	gcr.io/spinnaker-marketplace/igor:0.7.0-20170922163003@sha256:0636ae5096a55e2fd5733264369ca447a06b2657428322690550e5c3b18ac3a7	yes		CLAIM-S3-011
1.4.1	2017-09-22	fiat	0.4.1-20170922163003	container-image	gcr.io/spinnaker-marketplace/fiat:0.4.1-20170922163003@sha256:7e52f949389c4c0ee3944705a0a5481e8769758500fd9ea0687f7711b68fffab	yes		CLAIM-S3-011
1.4.1	2017-09-22	rosco	0.4.3-20170922163003	container-image	gcr.io/spinnaker-marketplace/rosco:0.4.3-20170922163003@sha256:86be029327a8f4835b56eca56f8db9be005354228d9d6630e9a2066f164364d9	yes		CLAIM-S3-011
1.4.1	2017-09-22	kayenta	-	not-pinned	-	n/a		CLAIM-S3-007
1.4.1	2017-09-22	keel	-	not-pinned	-	n/a		CLAIM-S3-006
1.4.2	2017-10-03	gate	0.8.0-20171002182452	container-image	gcr.io/spinnaker-marketplace/gate:0.8.0-20171002182452@sha256:bbd92e965b314d22fa7c26e43b592be16146a6de24365b30ce519e9ccde8b161	yes		CLAIM-S3-011
1.4.2	2017-10-03	orca	0.8.1-20171002182452	container-image	gcr.io/spinnaker-marketplace/orca:0.8.1-20171002182452@sha256:4268b05c2f6d56ad5cb1758a757d5bdeae5fcd5b606424984e8a9c6b033a41f0	yes		CLAIM-S3-011
1.4.2	2017-10-03	clouddriver	0.8.1-20171002182452	container-image	gcr.io/spinnaker-marketplace/clouddriver:0.8.1-20171002182452@sha256:25b43e986ff86588b70aed0335d5203b0dc994341630791b23b724b0c07bafce	yes		CLAIM-S3-011
1.4.2	2017-10-03	front50	0.7.0-20171002182452	container-image	gcr.io/spinnaker-marketplace/front50:0.7.0-20171002182452@sha256:1305f93a0efd8ba285f5405a080017579a08c22202c0791c10739c657b949451	yes		CLAIM-S3-011
1.4.2	2017-10-03	echo	0.6.0-20171002182452	container-image	gcr.io/spinnaker-marketplace/echo:0.6.0-20171002182452@sha256:896798920357635a94b258639dc71da5a76a336a3fee9ee4041921565b79271e	yes		CLAIM-S3-011
1.4.2	2017-10-03	igor	0.7.0-20171002182452	container-image	gcr.io/spinnaker-marketplace/igor:0.7.0-20171002182452@sha256:49e8cc294a543406bbeada91dfd2b14b011b0f83713dbd31dc1b38ed75452631	yes		CLAIM-S3-011
1.4.2	2017-10-03	fiat	0.4.1-20171002182452	container-image	gcr.io/spinnaker-marketplace/fiat:0.4.1-20171002182452@sha256:627066257ae2f1ac016d7753c3d69082b3ce3c227e9c58d3c1d013c2eb3acd8d	yes		CLAIM-S3-011
1.4.2	2017-10-03	rosco	0.4.3-20171002182452	container-image	gcr.io/spinnaker-marketplace/rosco:0.4.3-20171002182452@sha256:c314c4493443ae74084e974f76e61811250ee5549a5788512bb4de28ed3021f1	yes		CLAIM-S3-011
1.4.2	2017-10-03	kayenta	-	not-pinned	-	n/a		CLAIM-S3-007
1.4.2	2017-10-03	keel	-	not-pinned	-	n/a		CLAIM-S3-006
1.5.0	2017-11-08	gate	0.9.0-20171108151529	container-image	gcr.io/spinnaker-marketplace/gate:0.9.0-20171108151529@sha256:139008e3c31308c51da4d494439229c453b86b048a1aae555d95333cdf421c86	yes	8	CLAIM-S3-011
1.5.0	2017-11-08	orca	0.9.0-20171108151529	container-image	gcr.io/spinnaker-marketplace/orca:0.9.0-20171108151529@sha256:605f8c07235b8eedf0978319900e0fbf62179d3d4323f1059ece231c8bc56125	yes	8	CLAIM-S3-011
1.5.0	2017-11-08	clouddriver	1.0.0-20171108151529	container-image	gcr.io/spinnaker-marketplace/clouddriver:1.0.0-20171108151529@sha256:98a79058b7c5e9561e9174f98ea93e1dc13cee0f496d9e9de72007aceade1340	yes	8	CLAIM-S3-011
1.5.0	2017-11-08	front50	0.8.0-20171108151529	container-image	gcr.io/spinnaker-marketplace/front50:0.8.0-20171108151529@sha256:073c35410fc6df15b6a1019a011c1d13c3d32b569843f97c7382c6b83f68d781	yes	8	CLAIM-S3-011
1.5.0	2017-11-08	echo	0.7.0-20171108151529	container-image	gcr.io/spinnaker-marketplace/echo:0.7.0-20171108151529@sha256:4051f195bb7fb4041aa1562e7126aa61effb6438d7c883d222e92dc480bf619f	yes	8	CLAIM-S3-011
1.5.0	2017-11-08	igor	0.8.0-20171108151529	container-image	gcr.io/spinnaker-marketplace/igor:0.8.0-20171108151529@sha256:659e379eaf5d92fde3d99322120e7e1088559ca48354a4d7edca46fb4a9868f3	yes	8	CLAIM-S3-011
1.5.0	2017-11-08	fiat	0.4.2-20171108151529	container-image	gcr.io/spinnaker-marketplace/fiat:0.4.2-20171108151529@sha256:eff1946548058b5e6ffe324a45d7434cbfa77da46d35aeb2c30334cbcbe0de2f	yes	8	CLAIM-S3-011
1.5.0	2017-11-08	rosco	0.4.4-20171108151529	container-image	gcr.io/spinnaker-marketplace/rosco:0.4.4-20171108151529@sha256:425e3892ebc502c7243d117ceef6c15e83a13b971244b328a8cb39ef427cbd78	yes	8	CLAIM-S3-011
1.5.0	2017-11-08	kayenta	-	not-pinned	-	n/a		CLAIM-S3-007
1.5.0	2017-11-08	keel	-	not-pinned	-	n/a		CLAIM-S3-006
1.5.1	2017-11-30	gate	0.9.0-20171130174645	container-image	gcr.io/spinnaker-marketplace/gate:0.9.0-20171130174645@sha256:5d1febe753d31178497091437d26c0310999e39a96ffd196ac5f6905c3028ed1	yes		CLAIM-S3-011
1.5.1	2017-11-30	orca	0.9.1-20171130174645	container-image	gcr.io/spinnaker-marketplace/orca:0.9.1-20171130174645@sha256:2008e9d2e6d50aef6ee241cea7fb5fdf066b1cf22ce72fc6b482b4f311b7a202	yes		CLAIM-S3-011
1.5.1	2017-11-30	clouddriver	1.0.1-20171130174645	container-image	gcr.io/spinnaker-marketplace/clouddriver:1.0.1-20171130174645@sha256:8a072a49ed45979bec029a68e8cc048baf7df0a104be293b5d8fc927174ce5d0	yes		CLAIM-S3-011
1.5.1	2017-11-30	front50	0.8.0-20171130174645	container-image	gcr.io/spinnaker-marketplace/front50:0.8.0-20171130174645@sha256:556ad1a83f5f5cd05c951cadfdab70e85ed9669e8e23d6ea113494bf2065c46e	yes		CLAIM-S3-011
1.5.1	2017-11-30	echo	0.7.1-20171130174645	container-image	gcr.io/spinnaker-marketplace/echo:0.7.1-20171130174645@sha256:59163e000b52192270409108bb17d3503615fb63143bd915ff2d3c9b7f60555f	yes		CLAIM-S3-011
1.5.1	2017-11-30	igor	0.8.0-20171130174645	container-image	gcr.io/spinnaker-marketplace/igor:0.8.0-20171130174645@sha256:287ecef43f9f75ccb042447e222594600c97ab6b544de14ef1cc039ef454ff73	yes		CLAIM-S3-011
1.5.1	2017-11-30	fiat	0.4.2-20171130174645	container-image	gcr.io/spinnaker-marketplace/fiat:0.4.2-20171130174645@sha256:1db0a3fde53736d123805bfd73013ec69cf601228abf16a41c1ab7969e1f3ffd	yes		CLAIM-S3-011
1.5.1	2017-11-30	rosco	0.4.4-20171130174645	container-image	gcr.io/spinnaker-marketplace/rosco:0.4.4-20171130174645@sha256:4629691af8b5ba9236b1127ed1ad15da1ed56b2e268c9c2a8c704e5ac322f389	yes		CLAIM-S3-011
1.5.1	2017-11-30	kayenta	-	not-pinned	-	n/a		CLAIM-S3-007
1.5.1	2017-11-30	keel	-	not-pinned	-	n/a		CLAIM-S3-006
1.5.2	2017-12-22	gate	0.9.0-20171221211744	container-image	gcr.io/spinnaker-marketplace/gate:0.9.0-20171221211744@sha256:5e1b175f06ff4fa362aa9e38710743c21aa6653cd8b39ab8d1030eb076fcfbe8	yes		CLAIM-S3-011
1.5.2	2017-12-22	orca	0.9.1-20171221211744	container-image	gcr.io/spinnaker-marketplace/orca:0.9.1-20171221211744@sha256:d9d3c67a717b8b3896db89442605958712c0edb2b965d3f76d5197672c8360aa	yes		CLAIM-S3-011
1.5.2	2017-12-22	clouddriver	1.0.2-20171221211744	container-image	gcr.io/spinnaker-marketplace/clouddriver:1.0.2-20171221211744@sha256:3e67c504adf196c1ab17e5de70b355f0366aa529423a0d624beaf3e57f219c79	yes		CLAIM-S3-011
1.5.2	2017-12-22	front50	0.8.1-20171221211744	container-image	gcr.io/spinnaker-marketplace/front50:0.8.1-20171221211744@sha256:304cd3d95dbbff665a0c5cd558fdbda9c4cf4053e2c69baaba7a4991d37eb5dc	yes		CLAIM-S3-011
1.5.2	2017-12-22	echo	0.7.1-20171221211744	container-image	gcr.io/spinnaker-marketplace/echo:0.7.1-20171221211744@sha256:54797d056411e2031706036649ca3475fd8548cb1c0f69c1df81cb998c750f0e	yes		CLAIM-S3-011
1.5.2	2017-12-22	igor	0.8.0-20171221211744	container-image	gcr.io/spinnaker-marketplace/igor:0.8.0-20171221211744@sha256:5eb4f4cd72244de9452972e5ad2f0082bf4a027479656728177ef8b35199fe96	yes		CLAIM-S3-011
1.5.2	2017-12-22	fiat	0.4.2-20171221211744	container-image	gcr.io/spinnaker-marketplace/fiat:0.4.2-20171221211744@sha256:98fd6853af843d3a278f75976334dfe56a28723be8cc0b1a272f7fcd4c445b85	yes		CLAIM-S3-011
1.5.2	2017-12-22	rosco	0.4.4-20171221211744	container-image	gcr.io/spinnaker-marketplace/rosco:0.4.4-20171221211744@sha256:6a11741895650ee1f26e0b2d35985ad2bd11c286f22fd4cab286309d9b949650	yes		CLAIM-S3-011
1.5.2	2017-12-22	kayenta	-	not-pinned	-	n/a		CLAIM-S3-007
1.5.2	2017-12-22	keel	-	not-pinned	-	n/a		CLAIM-S3-006
1.5.3	2018-01-09	gate	0.9.0-20180109181143	container-image	gcr.io/spinnaker-marketplace/gate:0.9.0-20180109181143@sha256:673a86d2af95b8e64c2dbc9fab0f7dd96eb100d9bb0acf748b92db1d3fd43a00	yes		CLAIM-S3-011
1.5.3	2018-01-09	orca	0.9.1-20180109181143	container-image	gcr.io/spinnaker-marketplace/orca:0.9.1-20180109181143@sha256:5499ba66c0345324adba7fff8498def15ff5d9d74511ea26a40f1247bfe1752c	yes		CLAIM-S3-011
1.5.3	2018-01-09	clouddriver	1.0.3-20180109181143	container-image	gcr.io/spinnaker-marketplace/clouddriver:1.0.3-20180109181143@sha256:e534909db3f206812b1062d903484943709673d6e497e5fb3b7648370c9ab1dc	yes		CLAIM-S3-011
1.5.3	2018-01-09	front50	0.8.1-20180109181143	container-image	gcr.io/spinnaker-marketplace/front50:0.8.1-20180109181143@sha256:3524cdede157c140aa27bfe6e2140370bbd9220d53caf7b82524292c674b048f	yes		CLAIM-S3-011
1.5.3	2018-01-09	echo	0.7.1-20180109181143	container-image	gcr.io/spinnaker-marketplace/echo:0.7.1-20180109181143@sha256:0ec54201422a577a75444eb674fc589da4cf957a071636689d25a8f894da0bf9	yes		CLAIM-S3-011
1.5.3	2018-01-09	igor	0.8.0-20180109181143	container-image	gcr.io/spinnaker-marketplace/igor:0.8.0-20180109181143@sha256:c2f2aa67de24c333ea737c622ba1be7d26e19c911becdc1ff7d73f5e51299376	yes		CLAIM-S3-011
1.5.3	2018-01-09	fiat	0.4.2-20180109181143	container-image	gcr.io/spinnaker-marketplace/fiat:0.4.2-20180109181143@sha256:790c6434b118f04e09a998b8c38fe6e09bb7212a002ba907f6d68f89a9aa706a	yes		CLAIM-S3-011
1.5.3	2018-01-09	rosco	0.4.4-20180109181143	container-image	gcr.io/spinnaker-marketplace/rosco:0.4.4-20180109181143@sha256:d55ffac10e30d88b277a7a88549f3630a9c95d8d46343a2705d9ad15254cf8d6	yes		CLAIM-S3-011
1.5.3	2018-01-09	kayenta	-	not-pinned	-	n/a		CLAIM-S3-007
1.5.3	2018-01-09	keel	-	not-pinned	-	n/a		CLAIM-S3-006
1.5.4	2018-01-10	gate	0.9.0-20180110144440	container-image	gcr.io/spinnaker-marketplace/gate:0.9.0-20180110144440@sha256:c124c7a8cb946c0c8f4bb6368d93c8d4cc2c5f522203aa3fdbbbb4883bbe79f3	yes		CLAIM-S3-011
1.5.4	2018-01-10	orca	0.9.1-20180110144440	container-image	gcr.io/spinnaker-marketplace/orca:0.9.1-20180110144440@sha256:4be62c1f0f786e7af3773a32a214a9fb53f8c5995621abcf0d8c4a8aad28debd	yes		CLAIM-S3-011
1.5.4	2018-01-10	clouddriver	1.0.4-20180110144440	container-image	gcr.io/spinnaker-marketplace/clouddriver:1.0.4-20180110144440@sha256:1d88d9e8aedd4433f855330e30deccb4e324f0ee4c2e661d5e837e51fc94529e	yes		CLAIM-S3-011
1.5.4	2018-01-10	front50	0.8.1-20180110144440	container-image	gcr.io/spinnaker-marketplace/front50:0.8.1-20180110144440@sha256:e6873444d25514d12bddd1ef62eed831d36b64d1d60878b314ea596cede2c543	yes		CLAIM-S3-011
1.5.4	2018-01-10	echo	0.7.1-20180110144440	container-image	gcr.io/spinnaker-marketplace/echo:0.7.1-20180110144440@sha256:fc2cd5c1d889accbff1c943c4fa04cb41b3202740fd7d1acbe060d438eb4c50d	yes		CLAIM-S3-011
1.5.4	2018-01-10	igor	0.8.0-20180110144440	container-image	gcr.io/spinnaker-marketplace/igor:0.8.0-20180110144440@sha256:591cfaaa639f3839123cd6ecc7fe80059b83a21dbcec22fb09308bbe4c8c98af	yes		CLAIM-S3-011
1.5.4	2018-01-10	fiat	0.4.2-20180110144440	container-image	gcr.io/spinnaker-marketplace/fiat:0.4.2-20180110144440@sha256:ddc5d8e31a1105ac1c012cd508e946ba5d81068068d75f0c79f0078d0042adc8	yes		CLAIM-S3-011
1.5.4	2018-01-10	rosco	0.4.4-20180110144440	container-image	gcr.io/spinnaker-marketplace/rosco:0.4.4-20180110144440@sha256:1321720530ee342d9dd5c055d394d3f944a104a1e396166bab508e13971e7682	yes		CLAIM-S3-011
1.5.4	2018-01-10	kayenta	-	not-pinned	-	n/a		CLAIM-S3-007
1.5.4	2018-01-10	keel	-	not-pinned	-	n/a		CLAIM-S3-006
1.6.0	2018-02-21	gate	0.10.0-20180221133510	container-image	gcr.io/spinnaker-marketplace/gate:0.10.0-20180221133510@sha256:e8e28d972290436721cc9f95591349690336a4fc4dbba14252dea46ef17f33f0	yes	8	CLAIM-S3-011
1.6.0	2018-02-21	orca	0.10.0-20180221133510	container-image	gcr.io/spinnaker-marketplace/orca:0.10.0-20180221133510@sha256:9be18f77912446e144e693531437c45a891a92199ddf8011b92876eb633ba238	yes	8	CLAIM-S3-011
1.6.0	2018-02-21	clouddriver	2.0.0-20180221152902	container-image	gcr.io/spinnaker-marketplace/clouddriver:2.0.0-20180221152902@sha256:2ed59d8d80668f90b83a6a73f115587f7573090c735f47ebd1fc09b625b08656	yes	8	CLAIM-S3-011
1.6.0	2018-02-21	front50	0.9.0-20180221133510	container-image	gcr.io/spinnaker-marketplace/front50:0.9.0-20180221133510@sha256:6c278ad045e9816e78c1c7eed20f66da192ecb3b31d6131e52da94754fd854a1	yes	8	CLAIM-S3-011
1.6.0	2018-02-21	echo	0.8.0-20180221133510	container-image	gcr.io/spinnaker-marketplace/echo:0.8.0-20180221133510@sha256:4c80b775c1b7c05ef5b982a11162c8a6345cdad553d3e4f2b64d13183f20cb5f	yes	8	CLAIM-S3-011
1.6.0	2018-02-21	igor	0.9.0-20180221133510	container-image	gcr.io/spinnaker-marketplace/igor:0.9.0-20180221133510@sha256:aca9fc07d0b6ca8cecf14d5aa0bfd286d9d5611c9d23855e2eb202331660747a	yes	8	CLAIM-S3-011
1.6.0	2018-02-21	fiat	0.5.0-20180221133510	container-image	gcr.io/spinnaker-marketplace/fiat:0.5.0-20180221133510@sha256:0c9b942915c8609dbc79e0f4b9f13e95920cb712af7c9fa8eb32111ae8e4748f	yes	8	CLAIM-S3-011
1.6.0	2018-02-21	rosco	0.5.0-20180221133510	container-image	gcr.io/spinnaker-marketplace/rosco:0.5.0-20180221133510@sha256:5aca5e040fe85e03c3952a805089a915675999cd346b796c5a6c646cb7d3ce6f	yes	8	CLAIM-S3-011
1.6.0	2018-02-21	kayenta	-	not-pinned	-	n/a		CLAIM-S3-007
1.6.0	2018-02-21	keel	-	not-pinned	-	n/a		CLAIM-S3-006
1.6.1	2018-04-04	gate	0.10.0-20180221133510	container-image	gcr.io/spinnaker-marketplace/gate:0.10.0-20180221133510@sha256:e8e28d972290436721cc9f95591349690336a4fc4dbba14252dea46ef17f33f0	yes	8	CLAIM-S3-011
1.6.1	2018-04-04	orca	0.10.1-20180326113234	container-image	gcr.io/spinnaker-marketplace/orca:0.10.1-20180326113234@sha256:60c85e8eb1753d5bce4c9ca17bf4f078445040d539d86f009744484933ac44b8	yes		CLAIM-S3-011
1.6.1	2018-04-04	clouddriver	2.1.0-20180319132609	container-image	gcr.io/spinnaker-marketplace/clouddriver:2.1.0-20180319132609@sha256:27d33c25e02a296f19c074c37b8ef16c546efe1b255f20b8ea116c2235f45e2d	yes		CLAIM-S3-011
1.6.1	2018-04-04	front50	0.9.0-20180221133510	container-image	gcr.io/spinnaker-marketplace/front50:0.9.0-20180221133510@sha256:6c278ad045e9816e78c1c7eed20f66da192ecb3b31d6131e52da94754fd854a1	yes	8	CLAIM-S3-011
1.6.1	2018-04-04	echo	0.8.0-20180221133510	container-image	gcr.io/spinnaker-marketplace/echo:0.8.0-20180221133510@sha256:4c80b775c1b7c05ef5b982a11162c8a6345cdad553d3e4f2b64d13183f20cb5f	yes	8	CLAIM-S3-011
1.6.1	2018-04-04	igor	0.9.0-20180221133510	container-image	gcr.io/spinnaker-marketplace/igor:0.9.0-20180221133510@sha256:aca9fc07d0b6ca8cecf14d5aa0bfd286d9d5611c9d23855e2eb202331660747a	yes	8	CLAIM-S3-011
1.6.1	2018-04-04	fiat	0.5.0-20180221133510	container-image	gcr.io/spinnaker-marketplace/fiat:0.5.0-20180221133510@sha256:0c9b942915c8609dbc79e0f4b9f13e95920cb712af7c9fa8eb32111ae8e4748f	yes	8	CLAIM-S3-011
1.6.1	2018-04-04	rosco	0.5.0-20180221133510	container-image	gcr.io/spinnaker-marketplace/rosco:0.5.0-20180221133510@sha256:5aca5e040fe85e03c3952a805089a915675999cd346b796c5a6c646cb7d3ce6f	yes	8	CLAIM-S3-011
1.6.1	2018-04-04	kayenta	-	not-pinned	-	n/a		CLAIM-S3-007
1.6.1	2018-04-04	keel	-	not-pinned	-	n/a		CLAIM-S3-006
1.6.2	2018-07-26	gate	0.10.0-20180221133510	container-image	gcr.io/spinnaker-marketplace/gate:0.10.0-20180221133510@sha256:e8e28d972290436721cc9f95591349690336a4fc4dbba14252dea46ef17f33f0	yes	8	CLAIM-S3-011
1.6.2	2018-07-26	orca	0.10.1-20180326113234	container-image	gcr.io/spinnaker-marketplace/orca:0.10.1-20180326113234@sha256:60c85e8eb1753d5bce4c9ca17bf4f078445040d539d86f009744484933ac44b8	yes		CLAIM-S3-011
1.6.2	2018-07-26	clouddriver	2.1.1-20180726172544	container-image	gcr.io/spinnaker-marketplace/clouddriver:2.1.1-20180726172544@sha256:c8b5362f6f292226126a347358653a593e89fc93f37a1b926bc65082eecc3368	yes		CLAIM-S3-011
1.6.2	2018-07-26	front50	0.9.0-20180221133510	container-image	gcr.io/spinnaker-marketplace/front50:0.9.0-20180221133510@sha256:6c278ad045e9816e78c1c7eed20f66da192ecb3b31d6131e52da94754fd854a1	yes	8	CLAIM-S3-011
1.6.2	2018-07-26	echo	0.8.1-20180726172544	container-image	gcr.io/spinnaker-marketplace/echo:0.8.1-20180726172544@sha256:652e6997be2eb77a3bc99d3fb9da774e9dcf9ca129dc2101c456d3bb8c41144c	yes		CLAIM-S3-011
1.6.2	2018-07-26	igor	0.9.0-20180221133510	container-image	gcr.io/spinnaker-marketplace/igor:0.9.0-20180221133510@sha256:aca9fc07d0b6ca8cecf14d5aa0bfd286d9d5611c9d23855e2eb202331660747a	yes	8	CLAIM-S3-011
1.6.2	2018-07-26	fiat	0.5.0-20180221133510	container-image	gcr.io/spinnaker-marketplace/fiat:0.5.0-20180221133510@sha256:0c9b942915c8609dbc79e0f4b9f13e95920cb712af7c9fa8eb32111ae8e4748f	yes	8	CLAIM-S3-011
1.6.2	2018-07-26	rosco	0.5.0-20180221133510	container-image	gcr.io/spinnaker-marketplace/rosco:0.5.0-20180221133510@sha256:5aca5e040fe85e03c3952a805089a915675999cd346b796c5a6c646cb7d3ce6f	yes	8	CLAIM-S3-011
1.6.2	2018-07-26	kayenta	-	not-pinned	-	n/a		CLAIM-S3-007
1.6.2	2018-07-26	keel	-	not-pinned	-	n/a		CLAIM-S3-006
1.7.0	2018-04-25	gate	0.11.0-20180404132505	container-image	gcr.io/spinnaker-marketplace/gate:0.11.0-20180404132505@sha256:6db84e87a28d62d5a6ee1732e7b4eeb396534d09ef4e1df1bd531c39e637ba20	yes	8	CLAIM-S3-011
1.7.0	2018-04-25	orca	0.11.0-20180425105013	container-image	gcr.io/spinnaker-marketplace/orca:0.11.0-20180425105013@sha256:e7d257979887f43910bc3f46bf4064803c3da73ed04c1bcbdc72b7e7ffe37cd9	yes	8	CLAIM-S3-011
1.7.0	2018-04-25	clouddriver	3.0.0-20180424091600	container-image	gcr.io/spinnaker-marketplace/clouddriver:3.0.0-20180424091600@sha256:dafe6efb8aafae5d1b4ab9b5d82379ac6b828ecf08628fa39dd3ce3f47d7cd79	yes	8	CLAIM-S3-011
1.7.0	2018-04-25	front50	0.10.0-20180415022806	container-image	gcr.io/spinnaker-marketplace/front50:0.10.0-20180415022806@sha256:fb21695fc9e4690ae94e34fec38d3be3ac1bda9ca15328dd306bc30c72d9b619	yes	8	CLAIM-S3-011
1.7.0	2018-04-25	echo	0.9.0-20180406152754	container-image	gcr.io/spinnaker-marketplace/echo:0.9.0-20180406152754@sha256:18708292c8da6bdc60119f29cd95439317b70dedf6897c2fd402e61539dd0367	yes	8	CLAIM-S3-011
1.7.0	2018-04-25	igor	0.10.0-20180424091600	container-image	gcr.io/spinnaker-marketplace/igor:0.10.0-20180424091600@sha256:203e3ada33e4b178cf0010668e70e8071440e30f66b4cb1fa523ee419b9d7921	yes	8	CLAIM-S3-011
1.7.0	2018-04-25	fiat	0.6.0-20180404132505	container-image	gcr.io/spinnaker-marketplace/fiat:0.6.0-20180404132505@sha256:da370e7ec8e00664e54104d4e4c5324f73d0fb629b899ca853f19c3d2954fdc9	yes	8	CLAIM-S3-011
1.7.0	2018-04-25	rosco	0.6.0-20180414022806	container-image	gcr.io/spinnaker-marketplace/rosco:0.6.0-20180414022806@sha256:bcc46e1074a30f27ac95408796a881bb8fddc810f330fac475a9e4431678eff2	yes	8	CLAIM-S3-011
1.7.0	2018-04-25	kayenta	0.1.0-20180420132832	container-image	gcr.io/spinnaker-marketplace/kayenta:0.1.0-20180420132832@sha256:11016db19665c3adfdc727cf174f4a1287d400372c910b34adb550f4388390ec	yes	8	CLAIM-S3-011
1.7.0	2018-04-25	keel	-	not-pinned	-	n/a		CLAIM-S3-006
1.7.1	2018-04-30	gate	0.11.0-20180404132505	container-image	gcr.io/spinnaker-marketplace/gate:0.11.0-20180404132505@sha256:6db84e87a28d62d5a6ee1732e7b4eeb396534d09ef4e1df1bd531c39e637ba20	yes	8	CLAIM-S3-011
1.7.1	2018-04-30	orca	0.11.0-20180425105013	container-image	gcr.io/spinnaker-marketplace/orca:0.11.0-20180425105013@sha256:e7d257979887f43910bc3f46bf4064803c3da73ed04c1bcbdc72b7e7ffe37cd9	yes	8	CLAIM-S3-011
1.7.1	2018-04-30	clouddriver	3.0.1-20180430104909	container-image	gcr.io/spinnaker-marketplace/clouddriver:3.0.1-20180430104909@sha256:7bcddfdf4dae127715ccba1039a1e548820a29209f10d17fbf50a9546cc1d9de	yes		CLAIM-S3-011
1.7.1	2018-04-30	front50	0.10.0-20180415022806	container-image	gcr.io/spinnaker-marketplace/front50:0.10.0-20180415022806@sha256:fb21695fc9e4690ae94e34fec38d3be3ac1bda9ca15328dd306bc30c72d9b619	yes	8	CLAIM-S3-011
1.7.1	2018-04-30	echo	0.9.0-20180406152754	container-image	gcr.io/spinnaker-marketplace/echo:0.9.0-20180406152754@sha256:18708292c8da6bdc60119f29cd95439317b70dedf6897c2fd402e61539dd0367	yes	8	CLAIM-S3-011
1.7.1	2018-04-30	igor	0.10.0-20180424091600	container-image	gcr.io/spinnaker-marketplace/igor:0.10.0-20180424091600@sha256:203e3ada33e4b178cf0010668e70e8071440e30f66b4cb1fa523ee419b9d7921	yes	8	CLAIM-S3-011
1.7.1	2018-04-30	fiat	0.6.0-20180404132505	container-image	gcr.io/spinnaker-marketplace/fiat:0.6.0-20180404132505@sha256:da370e7ec8e00664e54104d4e4c5324f73d0fb629b899ca853f19c3d2954fdc9	yes	8	CLAIM-S3-011
1.7.1	2018-04-30	rosco	0.6.0-20180414022806	container-image	gcr.io/spinnaker-marketplace/rosco:0.6.0-20180414022806@sha256:bcc46e1074a30f27ac95408796a881bb8fddc810f330fac475a9e4431678eff2	yes	8	CLAIM-S3-011
1.7.1	2018-04-30	kayenta	0.1.0-20180420132832	container-image	gcr.io/spinnaker-marketplace/kayenta:0.1.0-20180420132832@sha256:11016db19665c3adfdc727cf174f4a1287d400372c910b34adb550f4388390ec	yes	8	CLAIM-S3-011
1.7.1	2018-04-30	keel	-	not-pinned	-	n/a		CLAIM-S3-006
1.7.2	2018-04-30	gate	0.11.0-20180404132505	container-image	gcr.io/spinnaker-marketplace/gate:0.11.0-20180404132505@sha256:6db84e87a28d62d5a6ee1732e7b4eeb396534d09ef4e1df1bd531c39e637ba20	yes	8	CLAIM-S3-011
1.7.2	2018-04-30	orca	0.11.1-20180430163121	container-image	gcr.io/spinnaker-marketplace/orca:0.11.1-20180430163121@sha256:882edaa088eac16a14c59d5e17453c127233f5daa7bf7349bcdcc375b2ee6977	yes		CLAIM-S3-011
1.7.2	2018-04-30	clouddriver	3.0.1-20180430104909	container-image	gcr.io/spinnaker-marketplace/clouddriver:3.0.1-20180430104909@sha256:7bcddfdf4dae127715ccba1039a1e548820a29209f10d17fbf50a9546cc1d9de	yes		CLAIM-S3-011
1.7.2	2018-04-30	front50	0.10.0-20180415022806	container-image	gcr.io/spinnaker-marketplace/front50:0.10.0-20180415022806@sha256:fb21695fc9e4690ae94e34fec38d3be3ac1bda9ca15328dd306bc30c72d9b619	yes	8	CLAIM-S3-011
1.7.2	2018-04-30	echo	0.9.0-20180406152754	container-image	gcr.io/spinnaker-marketplace/echo:0.9.0-20180406152754@sha256:18708292c8da6bdc60119f29cd95439317b70dedf6897c2fd402e61539dd0367	yes	8	CLAIM-S3-011
1.7.2	2018-04-30	igor	0.10.0-20180424091600	container-image	gcr.io/spinnaker-marketplace/igor:0.10.0-20180424091600@sha256:203e3ada33e4b178cf0010668e70e8071440e30f66b4cb1fa523ee419b9d7921	yes	8	CLAIM-S3-011
1.7.2	2018-04-30	fiat	0.6.0-20180404132505	container-image	gcr.io/spinnaker-marketplace/fiat:0.6.0-20180404132505@sha256:da370e7ec8e00664e54104d4e4c5324f73d0fb629b899ca853f19c3d2954fdc9	yes	8	CLAIM-S3-011
1.7.2	2018-04-30	rosco	0.6.0-20180414022806	container-image	gcr.io/spinnaker-marketplace/rosco:0.6.0-20180414022806@sha256:bcc46e1074a30f27ac95408796a881bb8fddc810f330fac475a9e4431678eff2	yes	8	CLAIM-S3-011
1.7.2	2018-04-30	kayenta	0.1.0-20180420132832	container-image	gcr.io/spinnaker-marketplace/kayenta:0.1.0-20180420132832@sha256:11016db19665c3adfdc727cf174f4a1287d400372c910b34adb550f4388390ec	yes	8	CLAIM-S3-011
1.7.2	2018-04-30	keel	-	not-pinned	-	n/a		CLAIM-S3-006
1.7.3	2018-05-07	gate	0.11.0-20180404132505	container-image	gcr.io/spinnaker-marketplace/gate:0.11.0-20180404132505@sha256:6db84e87a28d62d5a6ee1732e7b4eeb396534d09ef4e1df1bd531c39e637ba20	yes	8	CLAIM-S3-011
1.7.3	2018-05-07	orca	0.11.1-20180430163121	container-image	gcr.io/spinnaker-marketplace/orca:0.11.1-20180430163121@sha256:882edaa088eac16a14c59d5e17453c127233f5daa7bf7349bcdcc375b2ee6977	yes		CLAIM-S3-011
1.7.3	2018-05-07	clouddriver	3.1.0-20180507112917	container-image	gcr.io/spinnaker-marketplace/clouddriver:3.1.0-20180507112917@sha256:8394add741cd243f0214f6eb8102587e092198ffa3fcced7ee65f0645857bfb5	yes		CLAIM-S3-011
1.7.3	2018-05-07	front50	0.10.0-20180415022806	container-image	gcr.io/spinnaker-marketplace/front50:0.10.0-20180415022806@sha256:fb21695fc9e4690ae94e34fec38d3be3ac1bda9ca15328dd306bc30c72d9b619	yes	8	CLAIM-S3-011
1.7.3	2018-05-07	echo	0.9.0-20180406152754	container-image	gcr.io/spinnaker-marketplace/echo:0.9.0-20180406152754@sha256:18708292c8da6bdc60119f29cd95439317b70dedf6897c2fd402e61539dd0367	yes	8	CLAIM-S3-011
1.7.3	2018-05-07	igor	0.10.0-20180424091600	container-image	gcr.io/spinnaker-marketplace/igor:0.10.0-20180424091600@sha256:203e3ada33e4b178cf0010668e70e8071440e30f66b4cb1fa523ee419b9d7921	yes	8	CLAIM-S3-011
1.7.3	2018-05-07	fiat	0.6.0-20180404132505	container-image	gcr.io/spinnaker-marketplace/fiat:0.6.0-20180404132505@sha256:da370e7ec8e00664e54104d4e4c5324f73d0fb629b899ca853f19c3d2954fdc9	yes	8	CLAIM-S3-011
1.7.3	2018-05-07	rosco	0.6.0-20180414022806	container-image	gcr.io/spinnaker-marketplace/rosco:0.6.0-20180414022806@sha256:bcc46e1074a30f27ac95408796a881bb8fddc810f330fac475a9e4431678eff2	yes	8	CLAIM-S3-011
1.7.3	2018-05-07	kayenta	0.1.0-20180420132832	container-image	gcr.io/spinnaker-marketplace/kayenta:0.1.0-20180420132832@sha256:11016db19665c3adfdc727cf174f4a1287d400372c910b34adb550f4388390ec	yes	8	CLAIM-S3-011
1.7.3	2018-05-07	keel	-	not-pinned	-	n/a		CLAIM-S3-006
1.7.4	2018-05-14	gate	0.11.0-20180404132505	container-image	gcr.io/spinnaker-marketplace/gate:0.11.0-20180404132505@sha256:6db84e87a28d62d5a6ee1732e7b4eeb396534d09ef4e1df1bd531c39e637ba20	yes	8	CLAIM-S3-011
1.7.4	2018-05-14	orca	0.11.2-20180514114706	container-image	gcr.io/spinnaker-marketplace/orca:0.11.2-20180514114706@sha256:bef8fc843361bdfcf4938c0eb8aaf3c24adce2c5254fb8a8b0020a10b7362034	yes		CLAIM-S3-011
1.7.4	2018-05-14	clouddriver	3.1.1-20180514114706	container-image	gcr.io/spinnaker-marketplace/clouddriver:3.1.1-20180514114706@sha256:050bed41f4d340e6d3595bd3f134347c5dd9a6db13b864bc43382aa454708383	yes		CLAIM-S3-011
1.7.4	2018-05-14	front50	0.10.0-20180415022806	container-image	gcr.io/spinnaker-marketplace/front50:0.10.0-20180415022806@sha256:fb21695fc9e4690ae94e34fec38d3be3ac1bda9ca15328dd306bc30c72d9b619	yes	8	CLAIM-S3-011
1.7.4	2018-05-14	echo	0.9.0-20180406152754	container-image	gcr.io/spinnaker-marketplace/echo:0.9.0-20180406152754@sha256:18708292c8da6bdc60119f29cd95439317b70dedf6897c2fd402e61539dd0367	yes	8	CLAIM-S3-011
1.7.4	2018-05-14	igor	0.10.0-20180424091600	container-image	gcr.io/spinnaker-marketplace/igor:0.10.0-20180424091600@sha256:203e3ada33e4b178cf0010668e70e8071440e30f66b4cb1fa523ee419b9d7921	yes	8	CLAIM-S3-011
1.7.4	2018-05-14	fiat	0.6.0-20180404132505	container-image	gcr.io/spinnaker-marketplace/fiat:0.6.0-20180404132505@sha256:da370e7ec8e00664e54104d4e4c5324f73d0fb629b899ca853f19c3d2954fdc9	yes	8	CLAIM-S3-011
1.7.4	2018-05-14	rosco	0.6.0-20180414022806	container-image	gcr.io/spinnaker-marketplace/rosco:0.6.0-20180414022806@sha256:bcc46e1074a30f27ac95408796a881bb8fddc810f330fac475a9e4431678eff2	yes	8	CLAIM-S3-011
1.7.4	2018-05-14	kayenta	0.1.0-20180420132832	container-image	gcr.io/spinnaker-marketplace/kayenta:0.1.0-20180420132832@sha256:11016db19665c3adfdc727cf174f4a1287d400372c910b34adb550f4388390ec	yes	8	CLAIM-S3-011
1.7.4	2018-05-14	keel	-	not-pinned	-	n/a		CLAIM-S3-006
1.7.5	2018-05-21	gate	0.12.0-20180521101558	container-image	gcr.io/spinnaker-marketplace/gate:0.12.0-20180521101558@sha256:503e57bcce55f87fc675b161b36d288b7157632eb2b7f94fe3d524bbd52154bc	yes		CLAIM-S3-011
1.7.5	2018-05-21	orca	0.11.3-20180521092409	container-image	gcr.io/spinnaker-marketplace/orca:0.11.3-20180521092409@sha256:ee816afcee847818d2f663fe40aaef53039cb13f9ebc4160886594ad54401cdf	yes		CLAIM-S3-011
1.7.5	2018-05-21	clouddriver	3.1.2-20180521092409	container-image	gcr.io/spinnaker-marketplace/clouddriver:3.1.2-20180521092409@sha256:a4750247d230a834350d47176037cba97b19122150dc479e50d7757881d1eb98	yes		CLAIM-S3-011
1.7.5	2018-05-21	front50	0.10.0-20180415022806	container-image	gcr.io/spinnaker-marketplace/front50:0.10.0-20180415022806@sha256:fb21695fc9e4690ae94e34fec38d3be3ac1bda9ca15328dd306bc30c72d9b619	yes	8	CLAIM-S3-011
1.7.5	2018-05-21	echo	0.9.0-20180406152754	container-image	gcr.io/spinnaker-marketplace/echo:0.9.0-20180406152754@sha256:18708292c8da6bdc60119f29cd95439317b70dedf6897c2fd402e61539dd0367	yes	8	CLAIM-S3-011
1.7.5	2018-05-21	igor	0.10.0-20180424091600	container-image	gcr.io/spinnaker-marketplace/igor:0.10.0-20180424091600@sha256:203e3ada33e4b178cf0010668e70e8071440e30f66b4cb1fa523ee419b9d7921	yes	8	CLAIM-S3-011
1.7.5	2018-05-21	fiat	0.6.0-20180404132505	container-image	gcr.io/spinnaker-marketplace/fiat:0.6.0-20180404132505@sha256:da370e7ec8e00664e54104d4e4c5324f73d0fb629b899ca853f19c3d2954fdc9	yes	8	CLAIM-S3-011
1.7.5	2018-05-21	rosco	0.6.0-20180414022806	container-image	gcr.io/spinnaker-marketplace/rosco:0.6.0-20180414022806@sha256:bcc46e1074a30f27ac95408796a881bb8fddc810f330fac475a9e4431678eff2	yes	8	CLAIM-S3-011
1.7.5	2018-05-21	kayenta	0.1.0-20180420132832	container-image	gcr.io/spinnaker-marketplace/kayenta:0.1.0-20180420132832@sha256:11016db19665c3adfdc727cf174f4a1287d400372c910b34adb550f4388390ec	yes	8	CLAIM-S3-011
1.7.5	2018-05-21	keel	-	not-pinned	-	n/a		CLAIM-S3-006
1.7.6	2018-05-29	gate	0.12.0-20180521101558	container-image	gcr.io/spinnaker-marketplace/gate:0.12.0-20180521101558@sha256:503e57bcce55f87fc675b161b36d288b7157632eb2b7f94fe3d524bbd52154bc	yes		CLAIM-S3-011
1.7.6	2018-05-29	orca	0.11.4-20180529112818	container-image	gcr.io/spinnaker-marketplace/orca:0.11.4-20180529112818@sha256:cd6e44261f48a690c6731cd84d07d9b1077244484ab36c8e5ed868a018a539f5	yes		CLAIM-S3-011
1.7.6	2018-05-29	clouddriver	3.1.3-20180529112818	container-image	gcr.io/spinnaker-marketplace/clouddriver:3.1.3-20180529112818@sha256:ad5d880f3e3c3ff900be2f60ca4438ecb54a93f0ccef730dc05b664fbc8121a9	yes		CLAIM-S3-011
1.7.6	2018-05-29	front50	0.10.0-20180415022806	container-image	gcr.io/spinnaker-marketplace/front50:0.10.0-20180415022806@sha256:fb21695fc9e4690ae94e34fec38d3be3ac1bda9ca15328dd306bc30c72d9b619	yes	8	CLAIM-S3-011
1.7.6	2018-05-29	echo	0.9.0-20180406152754	container-image	gcr.io/spinnaker-marketplace/echo:0.9.0-20180406152754@sha256:18708292c8da6bdc60119f29cd95439317b70dedf6897c2fd402e61539dd0367	yes	8	CLAIM-S3-011
1.7.6	2018-05-29	igor	0.10.0-20180424091600	container-image	gcr.io/spinnaker-marketplace/igor:0.10.0-20180424091600@sha256:203e3ada33e4b178cf0010668e70e8071440e30f66b4cb1fa523ee419b9d7921	yes	8	CLAIM-S3-011
1.7.6	2018-05-29	fiat	0.6.0-20180404132505	container-image	gcr.io/spinnaker-marketplace/fiat:0.6.0-20180404132505@sha256:da370e7ec8e00664e54104d4e4c5324f73d0fb629b899ca853f19c3d2954fdc9	yes	8	CLAIM-S3-011
1.7.6	2018-05-29	rosco	0.6.0-20180414022806	container-image	gcr.io/spinnaker-marketplace/rosco:0.6.0-20180414022806@sha256:bcc46e1074a30f27ac95408796a881bb8fddc810f330fac475a9e4431678eff2	yes	8	CLAIM-S3-011
1.7.6	2018-05-29	kayenta	0.1.0-20180420132832	container-image	gcr.io/spinnaker-marketplace/kayenta:0.1.0-20180420132832@sha256:11016db19665c3adfdc727cf174f4a1287d400372c910b34adb550f4388390ec	yes	8	CLAIM-S3-011
1.7.6	2018-05-29	keel	-	not-pinned	-	n/a		CLAIM-S3-006
1.7.7	2018-07-26	gate	0.12.0-20180521101558	container-image	gcr.io/spinnaker-marketplace/gate:0.12.0-20180521101558@sha256:503e57bcce55f87fc675b161b36d288b7157632eb2b7f94fe3d524bbd52154bc	yes		CLAIM-S3-011
1.7.7	2018-07-26	orca	0.11.4-20180529112818	container-image	gcr.io/spinnaker-marketplace/orca:0.11.4-20180529112818@sha256:cd6e44261f48a690c6731cd84d07d9b1077244484ab36c8e5ed868a018a539f5	yes		CLAIM-S3-011
1.7.7	2018-07-26	clouddriver	3.1.4-20180726170032	container-image	gcr.io/spinnaker-marketplace/clouddriver:3.1.4-20180726170032@sha256:698120ffd6a99968dffa04506cb0431fd4e267081b068608524c6ff68c6e8160	yes		CLAIM-S3-011
1.7.7	2018-07-26	front50	0.10.0-20180415022806	container-image	gcr.io/spinnaker-marketplace/front50:0.10.0-20180415022806@sha256:fb21695fc9e4690ae94e34fec38d3be3ac1bda9ca15328dd306bc30c72d9b619	yes	8	CLAIM-S3-011
1.7.7	2018-07-26	echo	0.9.1-20180726170032	container-image	gcr.io/spinnaker-marketplace/echo:0.9.1-20180726170032@sha256:087a3951748f51d811d6c75043837996537dc8ce59c858c7c702d660f8b2f7b7	yes		CLAIM-S3-011
1.7.7	2018-07-26	igor	0.10.1-20180726170032	container-image	gcr.io/spinnaker-marketplace/igor:0.10.1-20180726170032@sha256:7d28e8c0d0ac8f6ae0ce0d87b78695af93f1c03fb3cfa2743b8017f0e3223ca4	yes		CLAIM-S3-011
1.7.7	2018-07-26	fiat	0.6.0-20180404132505	container-image	gcr.io/spinnaker-marketplace/fiat:0.6.0-20180404132505@sha256:da370e7ec8e00664e54104d4e4c5324f73d0fb629b899ca853f19c3d2954fdc9	yes	8	CLAIM-S3-011
1.7.7	2018-07-26	rosco	0.6.0-20180414022806	container-image	gcr.io/spinnaker-marketplace/rosco:0.6.0-20180414022806@sha256:bcc46e1074a30f27ac95408796a881bb8fddc810f330fac475a9e4431678eff2	yes	8	CLAIM-S3-011
1.7.7	2018-07-26	kayenta	0.1.0-20180420132832	container-image	gcr.io/spinnaker-marketplace/kayenta:0.1.0-20180420132832@sha256:11016db19665c3adfdc727cf174f4a1287d400372c910b34adb550f4388390ec	yes	8	CLAIM-S3-011
1.7.7	2018-07-26	keel	-	not-pinned	-	n/a		CLAIM-S3-006
1.7.8	2018-08-29	gate	0.12.0-20180521101558	container-image	gcr.io/spinnaker-marketplace/gate:0.12.0-20180521101558@sha256:503e57bcce55f87fc675b161b36d288b7157632eb2b7f94fe3d524bbd52154bc	yes		CLAIM-S3-011
1.7.8	2018-08-29	orca	0.11.4-20180529112818	container-image	gcr.io/spinnaker-marketplace/orca:0.11.4-20180529112818@sha256:cd6e44261f48a690c6731cd84d07d9b1077244484ab36c8e5ed868a018a539f5	yes		CLAIM-S3-011
1.7.8	2018-08-29	clouddriver	3.1.5-20180829140941	container-image	gcr.io/spinnaker-marketplace/clouddriver:3.1.5-20180829140941@sha256:e6079da96ee14c71bde735dd2a21e89fc31526b02c281006cd70526d2b00d851	yes		CLAIM-S3-011
1.7.8	2018-08-29	front50	0.10.0-20180415022806	container-image	gcr.io/spinnaker-marketplace/front50:0.10.0-20180415022806@sha256:fb21695fc9e4690ae94e34fec38d3be3ac1bda9ca15328dd306bc30c72d9b619	yes	8	CLAIM-S3-011
1.7.8	2018-08-29	echo	0.9.1-20180726170032	container-image	gcr.io/spinnaker-marketplace/echo:0.9.1-20180726170032@sha256:087a3951748f51d811d6c75043837996537dc8ce59c858c7c702d660f8b2f7b7	yes		CLAIM-S3-011
1.7.8	2018-08-29	igor	0.10.1-20180726170032	container-image	gcr.io/spinnaker-marketplace/igor:0.10.1-20180726170032@sha256:7d28e8c0d0ac8f6ae0ce0d87b78695af93f1c03fb3cfa2743b8017f0e3223ca4	yes		CLAIM-S3-011
1.7.8	2018-08-29	fiat	0.6.0-20180404132505	container-image	gcr.io/spinnaker-marketplace/fiat:0.6.0-20180404132505@sha256:da370e7ec8e00664e54104d4e4c5324f73d0fb629b899ca853f19c3d2954fdc9	yes	8	CLAIM-S3-011
1.7.8	2018-08-29	rosco	0.6.0-20180414022806	container-image	gcr.io/spinnaker-marketplace/rosco:0.6.0-20180414022806@sha256:bcc46e1074a30f27ac95408796a881bb8fddc810f330fac475a9e4431678eff2	yes	8	CLAIM-S3-011
1.7.8	2018-08-29	kayenta	0.1.0-20180420132832	container-image	gcr.io/spinnaker-marketplace/kayenta:0.1.0-20180420132832@sha256:11016db19665c3adfdc727cf174f4a1287d400372c910b34adb550f4388390ec	yes	8	CLAIM-S3-011
1.7.8	2018-08-29	keel	-	not-pinned	-	n/a		CLAIM-S3-006
1.8.0	2018-06-21	gate	1.0.0-20180619044908	container-image	gcr.io/spinnaker-marketplace/gate:1.0.0-20180619044908@sha256:31acf6942be7e02f2abf4486b4860dc347fc94b226174a41e9327b0309f4ba1d	yes	8	CLAIM-S3-011
1.8.0	2018-06-21	orca	0.12.0-20180619044908	container-image	gcr.io/spinnaker-marketplace/orca:0.12.0-20180619044908@sha256:40848249b016badfb53c260cc2145154901d071d611d46307c36b220f2d547e6	yes	8	CLAIM-S3-011
1.8.0	2018-06-21	clouddriver	3.2.0-20180621044909	container-image	gcr.io/spinnaker-marketplace/clouddriver:3.2.0-20180621044909@sha256:9a8c11f0131bb12d87747b95108a97a62f6478e5c5fd7d03f1fc21ba8f5b15e8	yes	8	CLAIM-S3-011
1.8.0	2018-06-21	front50	0.11.0-20180614100305	container-image	gcr.io/spinnaker-marketplace/front50:0.11.0-20180614100305@sha256:44ae1bb324ba95a536eb27afa086a5dc178eab48af8db236d6bf902c89130f43	yes	8	CLAIM-S3-011
1.8.0	2018-06-21	echo	1.0.0-20180619044908	container-image	gcr.io/spinnaker-marketplace/echo:1.0.0-20180619044908@sha256:a2d248aed4625f967b72586df7a94324a4b0d86aa0e0319b859841289ada87d9	yes	8	CLAIM-S3-011
1.8.0	2018-06-21	igor	0.11.0-20180621044909	container-image	gcr.io/spinnaker-marketplace/igor:0.11.0-20180621044909@sha256:01b9792cee9911859983b504a2728672ff7fbff0e8bef675faba8f93b8c75d23	yes	8	CLAIM-S3-011
1.8.0	2018-06-21	fiat	0.7.0-20180609022806	container-image	gcr.io/spinnaker-marketplace/fiat:0.7.0-20180609022806@sha256:e4206b84da638f6ac77201824ad97314310de9d00cda74fdca8222cee96156cc	yes	8	CLAIM-S3-011
1.8.0	2018-06-21	rosco	0.7.0-20180607022805	container-image	gcr.io/spinnaker-marketplace/rosco:0.7.0-20180607022805@sha256:a695169c4b0bcdac03ddf1a882881beb6fbbff0fed47bff01023e2d51d7fd64f	yes	8	CLAIM-S3-011
1.8.0	2018-06-21	kayenta	0.2.0-20180612022807	container-image	gcr.io/spinnaker-marketplace/kayenta:0.2.0-20180612022807@sha256:90af72719167fe7a41151b784703f255460fa2a17e2af0038dc5af2a31ca5739	yes	8	CLAIM-S3-011
1.8.0	2018-06-21	keel	-	not-pinned	-	n/a		CLAIM-S3-006
1.8.1	2018-07-09	gate	1.0.0-20180619044908	container-image	gcr.io/spinnaker-marketplace/gate:1.0.0-20180619044908@sha256:31acf6942be7e02f2abf4486b4860dc347fc94b226174a41e9327b0309f4ba1d	yes	8	CLAIM-S3-011
1.8.1	2018-07-09	orca	0.12.1-20180702044906	container-image	gcr.io/spinnaker-marketplace/orca:0.12.1-20180702044906@sha256:06aed40460ae789e35baf87d3ab0f4c78fb0fe0d278aa2e5cde1d11081e20bd5	yes		CLAIM-S3-011
1.8.1	2018-07-09	clouddriver	3.2.1-20180702044906	container-image	gcr.io/spinnaker-marketplace/clouddriver:3.2.1-20180702044906@sha256:2afcb1275ad68a0457be3ff3705b1056b2c6d70c72586d10a0c42595408a10cd	yes		CLAIM-S3-011
1.8.1	2018-07-09	front50	0.11.0-20180614100305	container-image	gcr.io/spinnaker-marketplace/front50:0.11.0-20180614100305@sha256:44ae1bb324ba95a536eb27afa086a5dc178eab48af8db236d6bf902c89130f43	yes	8	CLAIM-S3-011
1.8.1	2018-07-09	echo	1.0.1-20180703091421	container-image	gcr.io/spinnaker-marketplace/echo:1.0.1-20180703091421@sha256:48fcdc0968cec3346f213f50ad09488dfdfb8234c6928fbe7c44fc554273cb08	yes		CLAIM-S3-011
1.8.1	2018-07-09	igor	0.11.0-20180621044909	container-image	gcr.io/spinnaker-marketplace/igor:0.11.0-20180621044909@sha256:01b9792cee9911859983b504a2728672ff7fbff0e8bef675faba8f93b8c75d23	yes	8	CLAIM-S3-011
1.8.1	2018-07-09	fiat	0.7.0-20180609022806	container-image	gcr.io/spinnaker-marketplace/fiat:0.7.0-20180609022806@sha256:e4206b84da638f6ac77201824ad97314310de9d00cda74fdca8222cee96156cc	yes	8	CLAIM-S3-011
1.8.1	2018-07-09	rosco	0.7.1-20180709044906	container-image	gcr.io/spinnaker-marketplace/rosco:0.7.1-20180709044906@sha256:1e507c8e591ded939440c1c22252ef67fdb0655ea91cf68f6bb6725235b698a0	yes		CLAIM-S3-011
1.8.1	2018-07-09	kayenta	0.2.0-20180612022807	container-image	gcr.io/spinnaker-marketplace/kayenta:0.2.0-20180612022807@sha256:90af72719167fe7a41151b784703f255460fa2a17e2af0038dc5af2a31ca5739	yes	8	CLAIM-S3-011
1.8.1	2018-07-09	keel	-	not-pinned	-	n/a		CLAIM-S3-006
1.8.2	2018-07-18	gate	1.0.0-20180619044908	container-image	gcr.io/spinnaker-marketplace/gate:1.0.0-20180619044908@sha256:31acf6942be7e02f2abf4486b4860dc347fc94b226174a41e9327b0309f4ba1d	yes	8	CLAIM-S3-011
1.8.2	2018-07-18	orca	0.12.1-20180702044906	container-image	gcr.io/spinnaker-marketplace/orca:0.12.1-20180702044906@sha256:06aed40460ae789e35baf87d3ab0f4c78fb0fe0d278aa2e5cde1d11081e20bd5	yes		CLAIM-S3-011
1.8.2	2018-07-18	clouddriver	3.3.0-20180718105505	container-image	gcr.io/spinnaker-marketplace/clouddriver:3.3.0-20180718105505@sha256:72bce956e7c67a48e9a38ceb18d9dacd1f4a28e7643d7f896e7f26cc33bca71e	yes		CLAIM-S3-011
1.8.2	2018-07-18	front50	0.11.0-20180614100305	container-image	gcr.io/spinnaker-marketplace/front50:0.11.0-20180614100305@sha256:44ae1bb324ba95a536eb27afa086a5dc178eab48af8db236d6bf902c89130f43	yes	8	CLAIM-S3-011
1.8.2	2018-07-18	echo	1.0.1-20180703091421	container-image	gcr.io/spinnaker-marketplace/echo:1.0.1-20180703091421@sha256:48fcdc0968cec3346f213f50ad09488dfdfb8234c6928fbe7c44fc554273cb08	yes		CLAIM-S3-011
1.8.2	2018-07-18	igor	0.11.0-20180621044909	container-image	gcr.io/spinnaker-marketplace/igor:0.11.0-20180621044909@sha256:01b9792cee9911859983b504a2728672ff7fbff0e8bef675faba8f93b8c75d23	yes	8	CLAIM-S3-011
1.8.2	2018-07-18	fiat	0.7.0-20180609022806	container-image	gcr.io/spinnaker-marketplace/fiat:0.7.0-20180609022806@sha256:e4206b84da638f6ac77201824ad97314310de9d00cda74fdca8222cee96156cc	yes	8	CLAIM-S3-011
1.8.2	2018-07-18	rosco	0.7.1-20180709044906	container-image	gcr.io/spinnaker-marketplace/rosco:0.7.1-20180709044906@sha256:1e507c8e591ded939440c1c22252ef67fdb0655ea91cf68f6bb6725235b698a0	yes		CLAIM-S3-011
1.8.2	2018-07-18	kayenta	0.2.0-20180612022807	container-image	gcr.io/spinnaker-marketplace/kayenta:0.2.0-20180612022807@sha256:90af72719167fe7a41151b784703f255460fa2a17e2af0038dc5af2a31ca5739	yes	8	CLAIM-S3-011
1.8.2	2018-07-18	keel	-	not-pinned	-	n/a		CLAIM-S3-006
1.8.3	2018-07-24	gate	1.0.0-20180619044908	container-image	gcr.io/spinnaker-marketplace/gate:1.0.0-20180619044908@sha256:31acf6942be7e02f2abf4486b4860dc347fc94b226174a41e9327b0309f4ba1d	yes	8	CLAIM-S3-011
1.8.3	2018-07-24	orca	0.12.1-20180702044906	container-image	gcr.io/spinnaker-marketplace/orca:0.12.1-20180702044906@sha256:06aed40460ae789e35baf87d3ab0f4c78fb0fe0d278aa2e5cde1d11081e20bd5	yes		CLAIM-S3-011
1.8.3	2018-07-24	clouddriver	3.3.1-20180724133340	container-image	gcr.io/spinnaker-marketplace/clouddriver:3.3.1-20180724133340@sha256:9ecbb288fbaee5ac4602a6448c1a35673dcbfe93922ac3a194d98a1855ec58f6	yes		CLAIM-S3-011
1.8.3	2018-07-24	front50	0.11.0-20180614100305	container-image	gcr.io/spinnaker-marketplace/front50:0.11.0-20180614100305@sha256:44ae1bb324ba95a536eb27afa086a5dc178eab48af8db236d6bf902c89130f43	yes	8	CLAIM-S3-011
1.8.3	2018-07-24	echo	1.0.1-20180703091421	container-image	gcr.io/spinnaker-marketplace/echo:1.0.1-20180703091421@sha256:48fcdc0968cec3346f213f50ad09488dfdfb8234c6928fbe7c44fc554273cb08	yes		CLAIM-S3-011
1.8.3	2018-07-24	igor	0.11.0-20180621044909	container-image	gcr.io/spinnaker-marketplace/igor:0.11.0-20180621044909@sha256:01b9792cee9911859983b504a2728672ff7fbff0e8bef675faba8f93b8c75d23	yes	8	CLAIM-S3-011
1.8.3	2018-07-24	fiat	0.7.0-20180609022806	container-image	gcr.io/spinnaker-marketplace/fiat:0.7.0-20180609022806@sha256:e4206b84da638f6ac77201824ad97314310de9d00cda74fdca8222cee96156cc	yes	8	CLAIM-S3-011
1.8.3	2018-07-24	rosco	0.7.1-20180709044906	container-image	gcr.io/spinnaker-marketplace/rosco:0.7.1-20180709044906@sha256:1e507c8e591ded939440c1c22252ef67fdb0655ea91cf68f6bb6725235b698a0	yes		CLAIM-S3-011
1.8.3	2018-07-24	kayenta	0.2.0-20180612022807	container-image	gcr.io/spinnaker-marketplace/kayenta:0.2.0-20180612022807@sha256:90af72719167fe7a41151b784703f255460fa2a17e2af0038dc5af2a31ca5739	yes	8	CLAIM-S3-011
1.8.3	2018-07-24	keel	-	not-pinned	-	n/a		CLAIM-S3-006
1.8.4	2018-07-26	gate	1.0.0-20180619044908	container-image	gcr.io/spinnaker-marketplace/gate:1.0.0-20180619044908@sha256:31acf6942be7e02f2abf4486b4860dc347fc94b226174a41e9327b0309f4ba1d	yes	8	CLAIM-S3-011
1.8.4	2018-07-26	orca	0.12.1-20180702044906	container-image	gcr.io/spinnaker-marketplace/orca:0.12.1-20180702044906@sha256:06aed40460ae789e35baf87d3ab0f4c78fb0fe0d278aa2e5cde1d11081e20bd5	yes		CLAIM-S3-011
1.8.4	2018-07-26	clouddriver	3.3.2-20180726132353	container-image	gcr.io/spinnaker-marketplace/clouddriver:3.3.2-20180726132353@sha256:6e875c6eeb4cfec960e191696bb2cc56e15ba0f34d4a9cede4c2239d84004c58	yes		CLAIM-S3-011
1.8.4	2018-07-26	front50	0.11.0-20180614100305	container-image	gcr.io/spinnaker-marketplace/front50:0.11.0-20180614100305@sha256:44ae1bb324ba95a536eb27afa086a5dc178eab48af8db236d6bf902c89130f43	yes	8	CLAIM-S3-011
1.8.4	2018-07-26	echo	1.0.2-20180726132353	container-image	gcr.io/spinnaker-marketplace/echo:1.0.2-20180726132353@sha256:202f576d0968571c02aae17fa4bdcf33447e0367c680c13ed96b20b55f80432e	yes		CLAIM-S3-011
1.8.4	2018-07-26	igor	0.11.0-20180621044909	container-image	gcr.io/spinnaker-marketplace/igor:0.11.0-20180621044909@sha256:01b9792cee9911859983b504a2728672ff7fbff0e8bef675faba8f93b8c75d23	yes	8	CLAIM-S3-011
1.8.4	2018-07-26	fiat	0.7.0-20180609022806	container-image	gcr.io/spinnaker-marketplace/fiat:0.7.0-20180609022806@sha256:e4206b84da638f6ac77201824ad97314310de9d00cda74fdca8222cee96156cc	yes	8	CLAIM-S3-011
1.8.4	2018-07-26	rosco	0.7.1-20180709044906	container-image	gcr.io/spinnaker-marketplace/rosco:0.7.1-20180709044906@sha256:1e507c8e591ded939440c1c22252ef67fdb0655ea91cf68f6bb6725235b698a0	yes		CLAIM-S3-011
1.8.4	2018-07-26	kayenta	0.2.0-20180612022807	container-image	gcr.io/spinnaker-marketplace/kayenta:0.2.0-20180612022807@sha256:90af72719167fe7a41151b784703f255460fa2a17e2af0038dc5af2a31ca5739	yes	8	CLAIM-S3-011
1.8.4	2018-07-26	keel	-	not-pinned	-	n/a		CLAIM-S3-006
1.8.5	2018-08-02	gate	1.0.0-20180619044908	container-image	gcr.io/spinnaker-marketplace/gate:1.0.0-20180619044908@sha256:31acf6942be7e02f2abf4486b4860dc347fc94b226174a41e9327b0309f4ba1d	yes	8	CLAIM-S3-011
1.8.5	2018-08-02	orca	0.12.1-20180702044906	container-image	gcr.io/spinnaker-marketplace/orca:0.12.1-20180702044906@sha256:06aed40460ae789e35baf87d3ab0f4c78fb0fe0d278aa2e5cde1d11081e20bd5	yes		CLAIM-S3-011
1.8.5	2018-08-02	clouddriver	3.3.3-20180802154248	container-image	gcr.io/spinnaker-marketplace/clouddriver:3.3.3-20180802154248@sha256:5ae5057a896eb264c2e222ab851bc779b8995ca4e3dc8685808d0d4fdeded24e	yes		CLAIM-S3-011
1.8.5	2018-08-02	front50	0.11.0-20180614100305	container-image	gcr.io/spinnaker-marketplace/front50:0.11.0-20180614100305@sha256:44ae1bb324ba95a536eb27afa086a5dc178eab48af8db236d6bf902c89130f43	yes	8	CLAIM-S3-011
1.8.5	2018-08-02	echo	1.0.2-20180726132353	container-image	gcr.io/spinnaker-marketplace/echo:1.0.2-20180726132353@sha256:202f576d0968571c02aae17fa4bdcf33447e0367c680c13ed96b20b55f80432e	yes		CLAIM-S3-011
1.8.5	2018-08-02	igor	0.11.0-20180621044909	container-image	gcr.io/spinnaker-marketplace/igor:0.11.0-20180621044909@sha256:01b9792cee9911859983b504a2728672ff7fbff0e8bef675faba8f93b8c75d23	yes	8	CLAIM-S3-011
1.8.5	2018-08-02	fiat	0.7.0-20180609022806	container-image	gcr.io/spinnaker-marketplace/fiat:0.7.0-20180609022806@sha256:e4206b84da638f6ac77201824ad97314310de9d00cda74fdca8222cee96156cc	yes	8	CLAIM-S3-011
1.8.5	2018-08-02	rosco	0.7.1-20180709044906	container-image	gcr.io/spinnaker-marketplace/rosco:0.7.1-20180709044906@sha256:1e507c8e591ded939440c1c22252ef67fdb0655ea91cf68f6bb6725235b698a0	yes		CLAIM-S3-011
1.8.5	2018-08-02	kayenta	0.2.0-20180612022807	container-image	gcr.io/spinnaker-marketplace/kayenta:0.2.0-20180612022807@sha256:90af72719167fe7a41151b784703f255460fa2a17e2af0038dc5af2a31ca5739	yes	8	CLAIM-S3-011
1.8.5	2018-08-02	keel	-	not-pinned	-	n/a		CLAIM-S3-006
1.8.6	2018-08-29	gate	1.0.0-20180619044908	container-image	gcr.io/spinnaker-marketplace/gate:1.0.0-20180619044908@sha256:31acf6942be7e02f2abf4486b4860dc347fc94b226174a41e9327b0309f4ba1d	yes	8	CLAIM-S3-011
1.8.6	2018-08-29	orca	0.12.1-20180702044906	container-image	gcr.io/spinnaker-marketplace/orca:0.12.1-20180702044906@sha256:06aed40460ae789e35baf87d3ab0f4c78fb0fe0d278aa2e5cde1d11081e20bd5	yes		CLAIM-S3-011
1.8.6	2018-08-29	clouddriver	3.3.4-20180829082703	container-image	gcr.io/spinnaker-marketplace/clouddriver:3.3.4-20180829082703@sha256:a8658143ca3cc0ed3719f3541ff969edf10e7d154d74b51640fb859dcea3e0b0	yes		CLAIM-S3-011
1.8.6	2018-08-29	front50	0.11.0-20180614100305	container-image	gcr.io/spinnaker-marketplace/front50:0.11.0-20180614100305@sha256:44ae1bb324ba95a536eb27afa086a5dc178eab48af8db236d6bf902c89130f43	yes	8	CLAIM-S3-011
1.8.6	2018-08-29	echo	1.0.2-20180726132353	container-image	gcr.io/spinnaker-marketplace/echo:1.0.2-20180726132353@sha256:202f576d0968571c02aae17fa4bdcf33447e0367c680c13ed96b20b55f80432e	yes		CLAIM-S3-011
1.8.6	2018-08-29	igor	0.11.0-20180621044909	container-image	gcr.io/spinnaker-marketplace/igor:0.11.0-20180621044909@sha256:01b9792cee9911859983b504a2728672ff7fbff0e8bef675faba8f93b8c75d23	yes	8	CLAIM-S3-011
1.8.6	2018-08-29	fiat	0.7.0-20180609022806	container-image	gcr.io/spinnaker-marketplace/fiat:0.7.0-20180609022806@sha256:e4206b84da638f6ac77201824ad97314310de9d00cda74fdca8222cee96156cc	yes	8	CLAIM-S3-011
1.8.6	2018-08-29	rosco	0.7.1-20180709044906	container-image	gcr.io/spinnaker-marketplace/rosco:0.7.1-20180709044906@sha256:1e507c8e591ded939440c1c22252ef67fdb0655ea91cf68f6bb6725235b698a0	yes		CLAIM-S3-011
1.8.6	2018-08-29	kayenta	0.2.0-20180612022807	container-image	gcr.io/spinnaker-marketplace/kayenta:0.2.0-20180612022807@sha256:90af72719167fe7a41151b784703f255460fa2a17e2af0038dc5af2a31ca5739	yes	8	CLAIM-S3-011
1.8.6	2018-08-29	keel	-	not-pinned	-	n/a		CLAIM-S3-006
1.8.7	2018-09-27	gate	1.0.0-20180619044908	container-image	gcr.io/spinnaker-marketplace/gate:1.0.0-20180619044908@sha256:31acf6942be7e02f2abf4486b4860dc347fc94b226174a41e9327b0309f4ba1d	yes	8	CLAIM-S3-011
1.8.7	2018-09-27	orca	0.12.1-20180702044906	container-image	gcr.io/spinnaker-marketplace/orca:0.12.1-20180702044906@sha256:06aed40460ae789e35baf87d3ab0f4c78fb0fe0d278aa2e5cde1d11081e20bd5	yes		CLAIM-S3-011
1.8.7	2018-09-27	clouddriver	3.3.5-20180927125227	container-image	gcr.io/spinnaker-marketplace/clouddriver:3.3.5-20180927125227@sha256:1c3765dfa60f162f39b362a87425cfadbf1aa6af9e0a1bc53d4fb614e2cb0f56	yes		CLAIM-S3-011
1.8.7	2018-09-27	front50	0.11.0-20180614100305	container-image	gcr.io/spinnaker-marketplace/front50:0.11.0-20180614100305@sha256:44ae1bb324ba95a536eb27afa086a5dc178eab48af8db236d6bf902c89130f43	yes	8	CLAIM-S3-011
1.8.7	2018-09-27	echo	1.0.2-20180726132353	container-image	gcr.io/spinnaker-marketplace/echo:1.0.2-20180726132353@sha256:202f576d0968571c02aae17fa4bdcf33447e0367c680c13ed96b20b55f80432e	yes		CLAIM-S3-011
1.8.7	2018-09-27	igor	0.11.0-20180621044909	container-image	gcr.io/spinnaker-marketplace/igor:0.11.0-20180621044909@sha256:01b9792cee9911859983b504a2728672ff7fbff0e8bef675faba8f93b8c75d23	yes	8	CLAIM-S3-011
1.8.7	2018-09-27	fiat	0.7.0-20180609022806	container-image	gcr.io/spinnaker-marketplace/fiat:0.7.0-20180609022806@sha256:e4206b84da638f6ac77201824ad97314310de9d00cda74fdca8222cee96156cc	yes	8	CLAIM-S3-011
1.8.7	2018-09-27	rosco	0.7.1-20180709044906	container-image	gcr.io/spinnaker-marketplace/rosco:0.7.1-20180709044906@sha256:1e507c8e591ded939440c1c22252ef67fdb0655ea91cf68f6bb6725235b698a0	yes		CLAIM-S3-011
1.8.7	2018-09-27	kayenta	0.2.0-20180612022807	container-image	gcr.io/spinnaker-marketplace/kayenta:0.2.0-20180612022807@sha256:90af72719167fe7a41151b784703f255460fa2a17e2af0038dc5af2a31ca5739	yes	8	CLAIM-S3-011
1.8.7	2018-09-27	keel	-	not-pinned	-	n/a		CLAIM-S3-006
1.9.0	2018-08-14	gate	1.1.0-20180803022808	container-image	gcr.io/spinnaker-marketplace/gate:1.1.0-20180803022808@sha256:2b01409a7e7bde180e5b845d934473d763682bcd6d8de6c856e7d1f3e621f097	yes	8	CLAIM-S3-011
1.9.0	2018-08-14	orca	1.0.0-20180814155153	container-image	gcr.io/spinnaker-marketplace/orca:1.0.0-20180814155153@sha256:5a2fa23fa56c8f75128ea53346e5948a77fe9dfe91f07fab0d283ce6827ef934	yes	8	CLAIM-S3-011
1.9.0	2018-08-14	clouddriver	3.4.0-20180814155153	container-image	gcr.io/spinnaker-marketplace/clouddriver:3.4.0-20180814155153@sha256:de2dd6b7056e33a5d72697f9205d52bb02009089428d5f620088e9730e588ab9	yes	8	CLAIM-S3-011
1.9.0	2018-08-14	front50	0.12.0-20180802022808	container-image	gcr.io/spinnaker-marketplace/front50:0.12.0-20180802022808@sha256:185751fe08833c5216cae42c1e6f56dc3157eae000b01777554aeefe354a7c9c	yes	8	CLAIM-S3-011
1.9.0	2018-08-14	echo	2.0.0-20180807022809	container-image	gcr.io/spinnaker-marketplace/echo:2.0.0-20180807022809@sha256:ade11e54be56a8e9170160dd8e9f32cbd915c27aeb800942026c6f8e2cf66452	yes	8	CLAIM-S3-011
1.9.0	2018-08-14	igor	0.12.0-20180726022808	container-image	gcr.io/spinnaker-marketplace/igor:0.12.0-20180726022808@sha256:b2f1d66b0c16a276207845f0e99db23935696de3fb3b94533fe8a2b1601dbb1a	yes	8	CLAIM-S3-011
1.9.0	2018-08-14	fiat	1.0.0-20180803022808	container-image	gcr.io/spinnaker-marketplace/fiat:1.0.0-20180803022808@sha256:9ff87afd34563c1656b8731349e05e5c0d08e25aadd36a77b6debf38b4779ad1	yes	8	CLAIM-S3-011
1.9.0	2018-08-14	rosco	0.7.2-20180706145819	container-image	gcr.io/spinnaker-marketplace/rosco:0.7.2-20180706145819@sha256:18d73c8fa5a903c14b8c46489f966626c3359549928d351c22e16cb970404c68	yes	8	CLAIM-S3-011
1.9.0	2018-08-14	kayenta	0.3.0-20180724022806	container-image	gcr.io/spinnaker-marketplace/kayenta:0.3.0-20180724022806@sha256:e20d3ad3b685d73eb3d6e0374b6802b7d4cdb51e7231517494a8155eb7a24e08	yes	8	CLAIM-S3-011
1.9.0	2018-08-14	keel	-	not-pinned	-	n/a		CLAIM-S3-006
1.9.1	2018-08-27	gate	1.1.0-20180803022808	container-image	gcr.io/spinnaker-marketplace/gate:1.1.0-20180803022808@sha256:2b01409a7e7bde180e5b845d934473d763682bcd6d8de6c856e7d1f3e621f097	yes	8	CLAIM-S3-011
1.9.1	2018-08-27	orca	1.0.0-20180814155153	container-image	gcr.io/spinnaker-marketplace/orca:1.0.0-20180814155153@sha256:5a2fa23fa56c8f75128ea53346e5948a77fe9dfe91f07fab0d283ce6827ef934	yes	8	CLAIM-S3-011
1.9.1	2018-08-27	clouddriver	3.4.1-20180827143405	container-image	gcr.io/spinnaker-marketplace/clouddriver:3.4.1-20180827143405@sha256:27a3209f041a3f0132ca80649d50fa28597b41137984037ac6fb88779bdab953	yes		CLAIM-S3-011
1.9.1	2018-08-27	front50	0.12.0-20180802022808	container-image	gcr.io/spinnaker-marketplace/front50:0.12.0-20180802022808@sha256:185751fe08833c5216cae42c1e6f56dc3157eae000b01777554aeefe354a7c9c	yes	8	CLAIM-S3-011
1.9.1	2018-08-27	echo	2.0.1-20180817041609	container-image	gcr.io/spinnaker-marketplace/echo:2.0.1-20180817041609@sha256:d425732ec811378185f5b89f25071cf5d162e4dee040a9b8c037ace003fe9e45	yes		CLAIM-S3-011
1.9.1	2018-08-27	igor	0.12.0-20180726022808	container-image	gcr.io/spinnaker-marketplace/igor:0.12.0-20180726022808@sha256:b2f1d66b0c16a276207845f0e99db23935696de3fb3b94533fe8a2b1601dbb1a	yes	8	CLAIM-S3-011
1.9.1	2018-08-27	fiat	1.0.0-20180803022808	container-image	gcr.io/spinnaker-marketplace/fiat:1.0.0-20180803022808@sha256:9ff87afd34563c1656b8731349e05e5c0d08e25aadd36a77b6debf38b4779ad1	yes	8	CLAIM-S3-011
1.9.1	2018-08-27	rosco	0.7.3-20180818041609	container-image	gcr.io/spinnaker-marketplace/rosco:0.7.3-20180818041609@sha256:a9ca35e40ef16586f3a1e04a71a2e66b909ff8442363e8bd4a629fddc11ac6b9	yes		CLAIM-S3-011
1.9.1	2018-08-27	kayenta	0.3.0-20180724022806	container-image	gcr.io/spinnaker-marketplace/kayenta:0.3.0-20180724022806@sha256:e20d3ad3b685d73eb3d6e0374b6802b7d4cdb51e7231517494a8155eb7a24e08	yes	8	CLAIM-S3-011
1.9.1	2018-08-27	keel	-	not-pinned	-	n/a		CLAIM-S3-006
1.9.2	2018-08-29	gate	1.1.1-20180829141913	container-image	gcr.io/spinnaker-marketplace/gate:1.1.1-20180829141913@sha256:0399d81e1e0c809da84c3c54be65494a02ecb2c923435921c46d1145bd1abd59	yes		CLAIM-S3-011
1.9.2	2018-08-29	orca	1.0.0-20180814155153	container-image	gcr.io/spinnaker-marketplace/orca:1.0.0-20180814155153@sha256:5a2fa23fa56c8f75128ea53346e5948a77fe9dfe91f07fab0d283ce6827ef934	yes	8	CLAIM-S3-011
1.9.2	2018-08-29	clouddriver	3.4.2-20180828182842	container-image	gcr.io/spinnaker-marketplace/clouddriver:3.4.2-20180828182842@sha256:3276ab0e13cadba5233d3fbd290593aac511032a7fc8cf88b1134cfa5f7df558	yes		CLAIM-S3-011
1.9.2	2018-08-29	front50	0.12.0-20180802022808	container-image	gcr.io/spinnaker-marketplace/front50:0.12.0-20180802022808@sha256:185751fe08833c5216cae42c1e6f56dc3157eae000b01777554aeefe354a7c9c	yes	8	CLAIM-S3-011
1.9.2	2018-08-29	echo	2.0.1-20180817041609	container-image	gcr.io/spinnaker-marketplace/echo:2.0.1-20180817041609@sha256:d425732ec811378185f5b89f25071cf5d162e4dee040a9b8c037ace003fe9e45	yes		CLAIM-S3-011
1.9.2	2018-08-29	igor	0.12.0-20180726022808	container-image	gcr.io/spinnaker-marketplace/igor:0.12.0-20180726022808@sha256:b2f1d66b0c16a276207845f0e99db23935696de3fb3b94533fe8a2b1601dbb1a	yes	8	CLAIM-S3-011
1.9.2	2018-08-29	fiat	1.0.1-20180829141913	container-image	gcr.io/spinnaker-marketplace/fiat:1.0.1-20180829141913@sha256:a5af12a38c16dd21c6bdb8cd5cb053757083b4d0b412ec1e3bd80a345c9cef14	yes		CLAIM-S3-011
1.9.2	2018-08-29	rosco	0.7.3-20180818041609	container-image	gcr.io/spinnaker-marketplace/rosco:0.7.3-20180818041609@sha256:a9ca35e40ef16586f3a1e04a71a2e66b909ff8442363e8bd4a629fddc11ac6b9	yes		CLAIM-S3-011
1.9.2	2018-08-29	kayenta	0.3.0-20180724022806	container-image	gcr.io/spinnaker-marketplace/kayenta:0.3.0-20180724022806@sha256:e20d3ad3b685d73eb3d6e0374b6802b7d4cdb51e7231517494a8155eb7a24e08	yes	8	CLAIM-S3-011
1.9.2	2018-08-29	keel	-	not-pinned	-	n/a		CLAIM-S3-006
1.9.3	2018-09-08	gate	1.1.2-20180901041609	container-image	gcr.io/spinnaker-marketplace/gate:1.1.2-20180901041609@sha256:6cb6666febec67ea4bca5f7dea9da6a67b6120290e21e7497858a414a8e62e57	yes		CLAIM-S3-011
1.9.3	2018-09-08	orca	1.0.0-20180814155153	container-image	gcr.io/spinnaker-marketplace/orca:1.0.0-20180814155153@sha256:5a2fa23fa56c8f75128ea53346e5948a77fe9dfe91f07fab0d283ce6827ef934	yes	8	CLAIM-S3-011
1.9.3	2018-09-08	clouddriver	3.4.3-20180906122521	container-image	gcr.io/spinnaker-marketplace/clouddriver:3.4.3-20180906122521@sha256:4f8501552bf0bfc15b4fc943a48cb2c64ef8b9e5d077c9cddc1b8d84bcf3c006	yes		CLAIM-S3-011
1.9.3	2018-09-08	front50	0.12.0-20180802022808	container-image	gcr.io/spinnaker-marketplace/front50:0.12.0-20180802022808@sha256:185751fe08833c5216cae42c1e6f56dc3157eae000b01777554aeefe354a7c9c	yes	8	CLAIM-S3-011
1.9.3	2018-09-08	echo	2.0.1-20180817041609	container-image	gcr.io/spinnaker-marketplace/echo:2.0.1-20180817041609@sha256:d425732ec811378185f5b89f25071cf5d162e4dee040a9b8c037ace003fe9e45	yes		CLAIM-S3-011
1.9.3	2018-09-08	igor	0.12.0-20180726022808	container-image	gcr.io/spinnaker-marketplace/igor:0.12.0-20180726022808@sha256:b2f1d66b0c16a276207845f0e99db23935696de3fb3b94533fe8a2b1601dbb1a	yes	8	CLAIM-S3-011
1.9.3	2018-09-08	fiat	1.0.1-20180829141913	container-image	gcr.io/spinnaker-marketplace/fiat:1.0.1-20180829141913@sha256:a5af12a38c16dd21c6bdb8cd5cb053757083b4d0b412ec1e3bd80a345c9cef14	yes		CLAIM-S3-011
1.9.3	2018-09-08	rosco	0.7.3-20180818041609	container-image	gcr.io/spinnaker-marketplace/rosco:0.7.3-20180818041609@sha256:a9ca35e40ef16586f3a1e04a71a2e66b909ff8442363e8bd4a629fddc11ac6b9	yes		CLAIM-S3-011
1.9.3	2018-09-08	kayenta	0.3.0-20180724022806	container-image	gcr.io/spinnaker-marketplace/kayenta:0.3.0-20180724022806@sha256:e20d3ad3b685d73eb3d6e0374b6802b7d4cdb51e7231517494a8155eb7a24e08	yes	8	CLAIM-S3-011
1.9.3	2018-09-08	keel	-	not-pinned	-	n/a		CLAIM-S3-006
1.9.4	2018-09-26	gate	1.1.2-20180901041609	container-image	gcr.io/spinnaker-marketplace/gate:1.1.2-20180901041609@sha256:6cb6666febec67ea4bca5f7dea9da6a67b6120290e21e7497858a414a8e62e57	yes		CLAIM-S3-011
1.9.4	2018-09-26	orca	1.0.1-20180925041608	container-image	gcr.io/spinnaker-marketplace/orca:1.0.1-20180925041608@sha256:240526abeecf6e41b8a286f785ef752539c1100636d394c4791870f7e1a9bf0c	yes		CLAIM-S3-011
1.9.4	2018-09-26	clouddriver	3.4.4-20180920041609	container-image	gcr.io/spinnaker-marketplace/clouddriver:3.4.4-20180920041609@sha256:f60b78588da3b87001b4d2997170d463c148370c926cda0fc216351672b27c79	yes		CLAIM-S3-011
1.9.4	2018-09-26	front50	0.12.0-20180802022808	container-image	gcr.io/spinnaker-marketplace/front50:0.12.0-20180802022808@sha256:185751fe08833c5216cae42c1e6f56dc3157eae000b01777554aeefe354a7c9c	yes	8	CLAIM-S3-011
1.9.4	2018-09-26	echo	2.0.1-20180817041609	container-image	gcr.io/spinnaker-marketplace/echo:2.0.1-20180817041609@sha256:d425732ec811378185f5b89f25071cf5d162e4dee040a9b8c037ace003fe9e45	yes		CLAIM-S3-011
1.9.4	2018-09-26	igor	0.12.0-20180726022808	container-image	gcr.io/spinnaker-marketplace/igor:0.12.0-20180726022808@sha256:b2f1d66b0c16a276207845f0e99db23935696de3fb3b94533fe8a2b1601dbb1a	yes	8	CLAIM-S3-011
1.9.4	2018-09-26	fiat	1.0.1-20180829141913	container-image	gcr.io/spinnaker-marketplace/fiat:1.0.1-20180829141913@sha256:a5af12a38c16dd21c6bdb8cd5cb053757083b4d0b412ec1e3bd80a345c9cef14	yes		CLAIM-S3-011
1.9.4	2018-09-26	rosco	0.7.3-20180818041609	container-image	gcr.io/spinnaker-marketplace/rosco:0.7.3-20180818041609@sha256:a9ca35e40ef16586f3a1e04a71a2e66b909ff8442363e8bd4a629fddc11ac6b9	yes		CLAIM-S3-011
1.9.4	2018-09-26	kayenta	0.3.0-20180724022806	container-image	gcr.io/spinnaker-marketplace/kayenta:0.3.0-20180724022806@sha256:e20d3ad3b685d73eb3d6e0374b6802b7d4cdb51e7231517494a8155eb7a24e08	yes	8	CLAIM-S3-011
1.9.4	2018-09-26	keel	-	not-pinned	-	n/a		CLAIM-S3-006
1.9.5	2018-09-29	gate	1.1.3-20180929041608	container-image	gcr.io/spinnaker-marketplace/gate:1.1.3-20180929041608@sha256:40c62136ee2a060f68732b785a83b5b24194fc6da995d0194c4735ff47126c12	yes		CLAIM-S3-011
1.9.5	2018-09-29	orca	1.0.2-20180927041608	container-image	gcr.io/spinnaker-marketplace/orca:1.0.2-20180927041608@sha256:798f4c035b9167c55c1845aefa7f751e899fa50c91003281de491ec9c6dac451	yes		CLAIM-S3-011
1.9.5	2018-09-29	clouddriver	3.4.5-20180927041608	container-image	gcr.io/spinnaker-marketplace/clouddriver:3.4.5-20180927041608@sha256:830a669db9b08bfcac19268647ac85149e50b541ba24488522274b7e7e9a61a0	yes		CLAIM-S3-011
1.9.5	2018-09-29	front50	0.12.0-20180802022808	container-image	gcr.io/spinnaker-marketplace/front50:0.12.0-20180802022808@sha256:185751fe08833c5216cae42c1e6f56dc3157eae000b01777554aeefe354a7c9c	yes	8	CLAIM-S3-011
1.9.5	2018-09-29	echo	2.0.1-20180817041609	container-image	gcr.io/spinnaker-marketplace/echo:2.0.1-20180817041609@sha256:d425732ec811378185f5b89f25071cf5d162e4dee040a9b8c037ace003fe9e45	yes		CLAIM-S3-011
1.9.5	2018-09-29	igor	0.12.0-20180726022808	container-image	gcr.io/spinnaker-marketplace/igor:0.12.0-20180726022808@sha256:b2f1d66b0c16a276207845f0e99db23935696de3fb3b94533fe8a2b1601dbb1a	yes	8	CLAIM-S3-011
1.9.5	2018-09-29	fiat	1.0.1-20180829141913	container-image	gcr.io/spinnaker-marketplace/fiat:1.0.1-20180829141913@sha256:a5af12a38c16dd21c6bdb8cd5cb053757083b4d0b412ec1e3bd80a345c9cef14	yes		CLAIM-S3-011
1.9.5	2018-09-29	rosco	0.7.3-20180818041609	container-image	gcr.io/spinnaker-marketplace/rosco:0.7.3-20180818041609@sha256:a9ca35e40ef16586f3a1e04a71a2e66b909ff8442363e8bd4a629fddc11ac6b9	yes		CLAIM-S3-011
1.9.5	2018-09-29	kayenta	0.3.0-20180724022806	container-image	gcr.io/spinnaker-marketplace/kayenta:0.3.0-20180724022806@sha256:e20d3ad3b685d73eb3d6e0374b6802b7d4cdb51e7231517494a8155eb7a24e08	yes	8	CLAIM-S3-011
1.9.5	2018-09-29	keel	-	not-pinned	-	n/a		CLAIM-S3-006
1.10.0	2018-10-16	gate	1.2.0-20181016042808	container-image	gcr.io/spinnaker-marketplace/gate:1.2.0-20181016042808@sha256:8fb405f91c462ec6bb99ad382d4c980d580151310047784919465fe239d25cf5	yes	8	CLAIM-S3-011
1.10.0	2018-10-16	orca	1.1.0-20181003100130	container-image	gcr.io/spinnaker-marketplace/orca:1.1.0-20181003100130@sha256:6d425b880756236f64e0fce8510b840fe7986614c686f428706bb64d2f651258	yes	8	CLAIM-S3-011
1.10.0	2018-10-16	clouddriver	4.0.0-20181005152808	container-image	gcr.io/spinnaker-marketplace/clouddriver:4.0.0-20181005152808@sha256:a71e631d1fbaee7fcc8aeaa29aab7c5455006d7e3d60728d48b8b7044d9ce773	yes	8	CLAIM-S3-011
1.10.0	2018-10-16	front50	0.13.0-20181005212906	container-image	gcr.io/spinnaker-marketplace/front50:0.13.0-20181005212906@sha256:c0fa55d176b59ea67508a1ea7eea3009cbb854e6761037f2a8aed6d3a901683e	yes	8	CLAIM-S3-011
1.10.0	2018-10-16	echo	2.1.0-20181003100130	container-image	gcr.io/spinnaker-marketplace/echo:2.1.0-20181003100130@sha256:46ac12ea3c9572287845c8b995d45f89f8d75bd31654fa7e565420792a0d19c5	yes	8	CLAIM-S3-011
1.10.0	2018-10-16	igor	0.13.0-20181003100130	container-image	gcr.io/spinnaker-marketplace/igor:0.13.0-20181003100130@sha256:4e4ad0fadbf9f4c03554a284d1416d8f34920958c918ea9688041a0754c78890	yes	8	CLAIM-S3-011
1.10.0	2018-10-16	fiat	1.1.0-20181012042808	container-image	gcr.io/spinnaker-marketplace/fiat:1.1.0-20181012042808@sha256:ff7bf02c260aaa31bd225e3f8f3640df5f9f202554d9079e7478f1aff1bd41cb	yes	8	CLAIM-S3-011
1.10.0	2018-10-16	rosco	0.8.0-20181003100130	container-image	gcr.io/spinnaker-marketplace/rosco:0.8.0-20181003100130@sha256:6745af7e1506e5f1b445d2ff0f54a9e755f94a06f8abc1ab16d0c7108dd1edce	yes	8	CLAIM-S3-011
1.10.0	2018-10-16	kayenta	0.4.0-20180928152808	container-image	gcr.io/spinnaker-marketplace/kayenta:0.4.0-20180928152808@sha256:8928189594bc81a91ba387b41f0e6975f2a1d0e9b54776b3440d43fca41e2fc3	yes	8	CLAIM-S3-011
1.10.0	2018-10-16	keel	-	not-pinned	-	n/a		CLAIM-S3-006
1.10.1	2018-10-24	gate	1.2.0-20181016042808	container-image	gcr.io/spinnaker-marketplace/gate:1.2.0-20181016042808@sha256:8fb405f91c462ec6bb99ad382d4c980d580151310047784919465fe239d25cf5	yes	8	CLAIM-S3-011
1.10.1	2018-10-24	orca	1.1.0-20181003100130	container-image	gcr.io/spinnaker-marketplace/orca:1.1.0-20181003100130@sha256:6d425b880756236f64e0fce8510b840fe7986614c686f428706bb64d2f651258	yes	8	CLAIM-S3-011
1.10.1	2018-10-24	clouddriver	4.0.1-20181024113115	container-image	gcr.io/spinnaker-marketplace/clouddriver:4.0.1-20181024113115@sha256:da24fbe1bade728727b30a291b625b39b7b64dc20ff0313b709dfdbdf51db6e3	yes		CLAIM-S3-011
1.10.1	2018-10-24	front50	0.13.0-20181005212906	container-image	gcr.io/spinnaker-marketplace/front50:0.13.0-20181005212906@sha256:c0fa55d176b59ea67508a1ea7eea3009cbb854e6761037f2a8aed6d3a901683e	yes	8	CLAIM-S3-011
1.10.1	2018-10-24	echo	2.1.0-20181003100130	container-image	gcr.io/spinnaker-marketplace/echo:2.1.0-20181003100130@sha256:46ac12ea3c9572287845c8b995d45f89f8d75bd31654fa7e565420792a0d19c5	yes	8	CLAIM-S3-011
1.10.1	2018-10-24	igor	0.13.0-20181003100130	container-image	gcr.io/spinnaker-marketplace/igor:0.13.0-20181003100130@sha256:4e4ad0fadbf9f4c03554a284d1416d8f34920958c918ea9688041a0754c78890	yes	8	CLAIM-S3-011
1.10.1	2018-10-24	fiat	1.1.0-20181012042808	container-image	gcr.io/spinnaker-marketplace/fiat:1.1.0-20181012042808@sha256:ff7bf02c260aaa31bd225e3f8f3640df5f9f202554d9079e7478f1aff1bd41cb	yes	8	CLAIM-S3-011
1.10.1	2018-10-24	rosco	0.8.0-20181003100130	container-image	gcr.io/spinnaker-marketplace/rosco:0.8.0-20181003100130@sha256:6745af7e1506e5f1b445d2ff0f54a9e755f94a06f8abc1ab16d0c7108dd1edce	yes	8	CLAIM-S3-011
1.10.1	2018-10-24	kayenta	0.4.0-20180928152808	container-image	gcr.io/spinnaker-marketplace/kayenta:0.4.0-20180928152808@sha256:8928189594bc81a91ba387b41f0e6975f2a1d0e9b54776b3440d43fca41e2fc3	yes	8	CLAIM-S3-011
1.10.1	2018-10-24	keel	-	not-pinned	-	n/a		CLAIM-S3-006
1.10.2	2018-11-03	gate	1.2.0-20181016042808	container-image	gcr.io/spinnaker-marketplace/gate:1.2.0-20181016042808@sha256:8fb405f91c462ec6bb99ad382d4c980d580151310047784919465fe239d25cf5	yes	8	CLAIM-S3-011
1.10.2	2018-11-03	orca	1.1.0-20181003100130	container-image	gcr.io/spinnaker-marketplace/orca:1.1.0-20181003100130@sha256:6d425b880756236f64e0fce8510b840fe7986614c686f428706bb64d2f651258	yes	8	CLAIM-S3-011
1.10.2	2018-11-03	clouddriver	4.0.2-20181031042809	container-image	gcr.io/spinnaker-marketplace/clouddriver:4.0.2-20181031042809@sha256:1008cf5b96cb9db29558ad1b31f57c4eea6469302450249a3b641b23f525eb2d	yes		CLAIM-S3-011
1.10.2	2018-11-03	front50	0.13.0-20181005212906	container-image	gcr.io/spinnaker-marketplace/front50:0.13.0-20181005212906@sha256:c0fa55d176b59ea67508a1ea7eea3009cbb854e6761037f2a8aed6d3a901683e	yes	8	CLAIM-S3-011
1.10.2	2018-11-03	echo	2.1.1-20181031042809	container-image	gcr.io/spinnaker-marketplace/echo:2.1.1-20181031042809@sha256:405a644bb3e67819515e6f2eb7e92937ca55feff221aeef8597568495ec6e324	yes		CLAIM-S3-011
1.10.2	2018-11-03	igor	0.13.0-20181003100130	container-image	gcr.io/spinnaker-marketplace/igor:0.13.0-20181003100130@sha256:4e4ad0fadbf9f4c03554a284d1416d8f34920958c918ea9688041a0754c78890	yes	8	CLAIM-S3-011
1.10.2	2018-11-03	fiat	1.1.0-20181012042808	container-image	gcr.io/spinnaker-marketplace/fiat:1.1.0-20181012042808@sha256:ff7bf02c260aaa31bd225e3f8f3640df5f9f202554d9079e7478f1aff1bd41cb	yes	8	CLAIM-S3-011
1.10.2	2018-11-03	rosco	0.8.0-20181003100130	container-image	gcr.io/spinnaker-marketplace/rosco:0.8.0-20181003100130@sha256:6745af7e1506e5f1b445d2ff0f54a9e755f94a06f8abc1ab16d0c7108dd1edce	yes	8	CLAIM-S3-011
1.10.2	2018-11-03	kayenta	0.4.0-20180928152808	container-image	gcr.io/spinnaker-marketplace/kayenta:0.4.0-20180928152808@sha256:8928189594bc81a91ba387b41f0e6975f2a1d0e9b54776b3440d43fca41e2fc3	yes	8	CLAIM-S3-011
1.10.2	2018-11-03	keel	-	not-pinned	-	n/a		CLAIM-S3-006
1.10.3	2018-11-09	gate	1.2.1-20181108172516	container-image	gcr.io/spinnaker-marketplace/gate:1.2.1-20181108172516@sha256:7ac2df0499051842166cc432183e0fbd72f6df28e2d25beab9ad005f9dd5a96b	yes		CLAIM-S3-011
1.10.3	2018-11-09	orca	1.1.1-20181109120544	container-image	gcr.io/spinnaker-marketplace/orca:1.1.1-20181109120544@sha256:9fee045539f4b21cd22cd8bcf3b9b983aa97b6928e4d7896f8b1b0fd0c03cb1d	yes		CLAIM-S3-011
1.10.3	2018-11-09	clouddriver	4.0.2-20181031042809	container-image	gcr.io/spinnaker-marketplace/clouddriver:4.0.2-20181031042809@sha256:1008cf5b96cb9db29558ad1b31f57c4eea6469302450249a3b641b23f525eb2d	yes		CLAIM-S3-011
1.10.3	2018-11-09	front50	0.13.0-20181005212906	container-image	gcr.io/spinnaker-marketplace/front50:0.13.0-20181005212906@sha256:c0fa55d176b59ea67508a1ea7eea3009cbb854e6761037f2a8aed6d3a901683e	yes	8	CLAIM-S3-011
1.10.3	2018-11-09	echo	2.1.1-20181031042809	container-image	gcr.io/spinnaker-marketplace/echo:2.1.1-20181031042809@sha256:405a644bb3e67819515e6f2eb7e92937ca55feff221aeef8597568495ec6e324	yes		CLAIM-S3-011
1.10.3	2018-11-09	igor	0.13.0-20181003100130	container-image	gcr.io/spinnaker-marketplace/igor:0.13.0-20181003100130@sha256:4e4ad0fadbf9f4c03554a284d1416d8f34920958c918ea9688041a0754c78890	yes	8	CLAIM-S3-011
1.10.3	2018-11-09	fiat	1.1.1-20181109120544	container-image	gcr.io/spinnaker-marketplace/fiat:1.1.1-20181109120544@sha256:abc4e4c1fcfb1fbf5b9f0cab9885214b349d67e976caf8924afba07375fda81d	yes		CLAIM-S3-011
1.10.3	2018-11-09	rosco	0.8.0-20181003100130	container-image	gcr.io/spinnaker-marketplace/rosco:0.8.0-20181003100130@sha256:6745af7e1506e5f1b445d2ff0f54a9e755f94a06f8abc1ab16d0c7108dd1edce	yes	8	CLAIM-S3-011
1.10.3	2018-11-09	kayenta	0.4.0-20180928152808	container-image	gcr.io/spinnaker-marketplace/kayenta:0.4.0-20180928152808@sha256:8928189594bc81a91ba387b41f0e6975f2a1d0e9b54776b3440d43fca41e2fc3	yes	8	CLAIM-S3-011
1.10.3	2018-11-09	keel	-	not-pinned	-	n/a		CLAIM-S3-006
1.10.4	2018-11-12	gate	1.2.1-20181108172516	container-image	gcr.io/spinnaker-marketplace/gate:1.2.1-20181108172516@sha256:7ac2df0499051842166cc432183e0fbd72f6df28e2d25beab9ad005f9dd5a96b	yes		CLAIM-S3-011
1.10.4	2018-11-12	orca	1.1.2-20181112133348	container-image	gcr.io/spinnaker-marketplace/orca:1.1.2-20181112133348@sha256:9a79d5995adc102e7ed1af5563aab6005339faf08b85056cee98d22537b4f386	yes		CLAIM-S3-011
1.10.4	2018-11-12	clouddriver	4.0.3-20181110042807	container-image	gcr.io/spinnaker-marketplace/clouddriver:4.0.3-20181110042807@sha256:81ed1917750c6c4a4d1adc42f912f3d312f6982ce4e48c76f2282218e2e2e387	yes		CLAIM-S3-011
1.10.4	2018-11-12	front50	0.13.0-20181005212906	container-image	gcr.io/spinnaker-marketplace/front50:0.13.0-20181005212906@sha256:c0fa55d176b59ea67508a1ea7eea3009cbb854e6761037f2a8aed6d3a901683e	yes	8	CLAIM-S3-011
1.10.4	2018-11-12	echo	2.1.1-20181031042809	container-image	gcr.io/spinnaker-marketplace/echo:2.1.1-20181031042809@sha256:405a644bb3e67819515e6f2eb7e92937ca55feff221aeef8597568495ec6e324	yes		CLAIM-S3-011
1.10.4	2018-11-12	igor	0.13.0-20181003100130	container-image	gcr.io/spinnaker-marketplace/igor:0.13.0-20181003100130@sha256:4e4ad0fadbf9f4c03554a284d1416d8f34920958c918ea9688041a0754c78890	yes	8	CLAIM-S3-011
1.10.4	2018-11-12	fiat	1.1.1-20181109120544	container-image	gcr.io/spinnaker-marketplace/fiat:1.1.1-20181109120544@sha256:abc4e4c1fcfb1fbf5b9f0cab9885214b349d67e976caf8924afba07375fda81d	yes		CLAIM-S3-011
1.10.4	2018-11-12	rosco	0.8.0-20181003100130	container-image	gcr.io/spinnaker-marketplace/rosco:0.8.0-20181003100130@sha256:6745af7e1506e5f1b445d2ff0f54a9e755f94a06f8abc1ab16d0c7108dd1edce	yes	8	CLAIM-S3-011
1.10.4	2018-11-12	kayenta	0.4.0-20180928152808	container-image	gcr.io/spinnaker-marketplace/kayenta:0.4.0-20180928152808@sha256:8928189594bc81a91ba387b41f0e6975f2a1d0e9b54776b3440d43fca41e2fc3	yes	8	CLAIM-S3-011
1.10.4	2018-11-12	keel	-	not-pinned	-	n/a		CLAIM-S3-006
1.10.5	2018-11-15	gate	1.2.1-20181108172516	container-image	gcr.io/spinnaker-marketplace/gate:1.2.1-20181108172516@sha256:7ac2df0499051842166cc432183e0fbd72f6df28e2d25beab9ad005f9dd5a96b	yes		CLAIM-S3-011
1.10.5	2018-11-15	orca	1.1.2-20181112133348	container-image	gcr.io/spinnaker-marketplace/orca:1.1.2-20181112133348@sha256:9a79d5995adc102e7ed1af5563aab6005339faf08b85056cee98d22537b4f386	yes		CLAIM-S3-011
1.10.5	2018-11-15	clouddriver	4.0.3-20181110042807	container-image	gcr.io/spinnaker-marketplace/clouddriver:4.0.3-20181110042807@sha256:81ed1917750c6c4a4d1adc42f912f3d312f6982ce4e48c76f2282218e2e2e387	yes		CLAIM-S3-011
1.10.5	2018-11-15	front50	0.13.0-20181005212906	container-image	gcr.io/spinnaker-marketplace/front50:0.13.0-20181005212906@sha256:c0fa55d176b59ea67508a1ea7eea3009cbb854e6761037f2a8aed6d3a901683e	yes	8	CLAIM-S3-011
1.10.5	2018-11-15	echo	2.1.2-20181113042810	container-image	gcr.io/spinnaker-marketplace/echo:2.1.2-20181113042810@sha256:f13f84388a9dacd946c30b6b4fd67a45affaac0b8d746e2841d609db7ce040b4	yes		CLAIM-S3-011
1.10.5	2018-11-15	igor	0.13.0-20181003100130	container-image	gcr.io/spinnaker-marketplace/igor:0.13.0-20181003100130@sha256:4e4ad0fadbf9f4c03554a284d1416d8f34920958c918ea9688041a0754c78890	yes	8	CLAIM-S3-011
1.10.5	2018-11-15	fiat	1.2.0-20181115151924	container-image	gcr.io/spinnaker-marketplace/fiat:1.2.0-20181115151924@sha256:02ce579c3fede2cc268a2f0af50586ce5b1ecd65169be523ab9616e84668b9b4	yes		CLAIM-S3-011
1.10.5	2018-11-15	rosco	0.8.0-20181003100130	container-image	gcr.io/spinnaker-marketplace/rosco:0.8.0-20181003100130@sha256:6745af7e1506e5f1b445d2ff0f54a9e755f94a06f8abc1ab16d0c7108dd1edce	yes	8	CLAIM-S3-011
1.10.5	2018-11-15	kayenta	0.4.0-20180928152808	container-image	gcr.io/spinnaker-marketplace/kayenta:0.4.0-20180928152808@sha256:8928189594bc81a91ba387b41f0e6975f2a1d0e9b54776b3440d43fca41e2fc3	yes	8	CLAIM-S3-011
1.10.5	2018-11-15	keel	-	not-pinned	-	n/a		CLAIM-S3-006
1.10.6	2018-12-18	gate	1.2.1-20181108172516	container-image	gcr.io/spinnaker-marketplace/gate:1.2.1-20181108172516@sha256:7ac2df0499051842166cc432183e0fbd72f6df28e2d25beab9ad005f9dd5a96b	yes		CLAIM-S3-011
1.10.6	2018-12-18	orca	1.1.2-20181112133348	container-image	gcr.io/spinnaker-marketplace/orca:1.1.2-20181112133348@sha256:9a79d5995adc102e7ed1af5563aab6005339faf08b85056cee98d22537b4f386	yes		CLAIM-S3-011
1.10.6	2018-12-18	clouddriver	4.0.4-20181117042807	container-image	gcr.io/spinnaker-marketplace/clouddriver:4.0.4-20181117042807@sha256:d1ef7f74649cd5994dde10bda8d8bb4a8bc1d51d20a143b6eb680446461e01e1	yes		CLAIM-S3-011
1.10.6	2018-12-18	front50	0.13.1-20181217212321	container-image	gcr.io/spinnaker-marketplace/front50:0.13.1-20181217212321@sha256:5af76fa5072f2f6a557ae26407880d42e951884cd0076885fe496f168e7ca151	yes		CLAIM-S3-011
1.10.6	2018-12-18	echo	2.1.3-20181217212321	container-image	gcr.io/spinnaker-marketplace/echo:2.1.3-20181217212321@sha256:6be4818ceec5350d8e5fa6ca3a9ff7d190382f9d8a8656958dff2a43da15d57b	yes		CLAIM-S3-011
1.10.6	2018-12-18	igor	0.13.0-20181003100130	container-image	gcr.io/spinnaker-marketplace/igor:0.13.0-20181003100130@sha256:4e4ad0fadbf9f4c03554a284d1416d8f34920958c918ea9688041a0754c78890	yes	8	CLAIM-S3-011
1.10.6	2018-12-18	fiat	1.2.0-20181115151924	container-image	gcr.io/spinnaker-marketplace/fiat:1.2.0-20181115151924@sha256:02ce579c3fede2cc268a2f0af50586ce5b1ecd65169be523ab9616e84668b9b4	yes		CLAIM-S3-011
1.10.6	2018-12-18	rosco	0.8.0-20181003100130	container-image	gcr.io/spinnaker-marketplace/rosco:0.8.0-20181003100130@sha256:6745af7e1506e5f1b445d2ff0f54a9e755f94a06f8abc1ab16d0c7108dd1edce	yes	8	CLAIM-S3-011
1.10.6	2018-12-18	kayenta	0.4.0-20180928152808	container-image	gcr.io/spinnaker-marketplace/kayenta:0.4.0-20180928152808@sha256:8928189594bc81a91ba387b41f0e6975f2a1d0e9b54776b3440d43fca41e2fc3	yes	8	CLAIM-S3-011
1.10.6	2018-12-18	keel	-	not-pinned	-	n/a		CLAIM-S3-006
1.10.7	2018-12-20	gate	1.2.1-20181108172516	container-image	gcr.io/spinnaker-marketplace/gate:1.2.1-20181108172516@sha256:7ac2df0499051842166cc432183e0fbd72f6df28e2d25beab9ad005f9dd5a96b	yes		CLAIM-S3-011
1.10.7	2018-12-20	orca	1.1.3-20181220144307	container-image	gcr.io/spinnaker-marketplace/orca:1.1.3-20181220144307@sha256:902f4676346d0dd835250cdc47fe648d301dee1287d9b3a9c8f55a656cea5fcb	yes		CLAIM-S3-011
1.10.7	2018-12-20	clouddriver	4.0.4-20181117042807	container-image	gcr.io/spinnaker-marketplace/clouddriver:4.0.4-20181117042807@sha256:d1ef7f74649cd5994dde10bda8d8bb4a8bc1d51d20a143b6eb680446461e01e1	yes		CLAIM-S3-011
1.10.7	2018-12-20	front50	0.13.1-20181217212321	container-image	gcr.io/spinnaker-marketplace/front50:0.13.1-20181217212321@sha256:5af76fa5072f2f6a557ae26407880d42e951884cd0076885fe496f168e7ca151	yes		CLAIM-S3-011
1.10.7	2018-12-20	echo	2.1.3-20181217212321	container-image	gcr.io/spinnaker-marketplace/echo:2.1.3-20181217212321@sha256:6be4818ceec5350d8e5fa6ca3a9ff7d190382f9d8a8656958dff2a43da15d57b	yes		CLAIM-S3-011
1.10.7	2018-12-20	igor	0.13.0-20181003100130	container-image	gcr.io/spinnaker-marketplace/igor:0.13.0-20181003100130@sha256:4e4ad0fadbf9f4c03554a284d1416d8f34920958c918ea9688041a0754c78890	yes	8	CLAIM-S3-011
1.10.7	2018-12-20	fiat	1.2.0-20181115151924	container-image	gcr.io/spinnaker-marketplace/fiat:1.2.0-20181115151924@sha256:02ce579c3fede2cc268a2f0af50586ce5b1ecd65169be523ab9616e84668b9b4	yes		CLAIM-S3-011
1.10.7	2018-12-20	rosco	0.8.0-20181003100130	container-image	gcr.io/spinnaker-marketplace/rosco:0.8.0-20181003100130@sha256:6745af7e1506e5f1b445d2ff0f54a9e755f94a06f8abc1ab16d0c7108dd1edce	yes	8	CLAIM-S3-011
1.10.7	2018-12-20	kayenta	0.4.0-20180928152808	container-image	gcr.io/spinnaker-marketplace/kayenta:0.4.0-20180928152808@sha256:8928189594bc81a91ba387b41f0e6975f2a1d0e9b54776b3440d43fca41e2fc3	yes	8	CLAIM-S3-011
1.10.7	2018-12-20	keel	-	not-pinned	-	n/a		CLAIM-S3-006
1.10.8	2019-01-03	gate	1.2.1-20181108172516	container-image	gcr.io/spinnaker-marketplace/gate:1.2.1-20181108172516@sha256:7ac2df0499051842166cc432183e0fbd72f6df28e2d25beab9ad005f9dd5a96b	yes		CLAIM-S3-011
1.10.8	2019-01-03	orca	1.1.4-20190103160527	container-image	gcr.io/spinnaker-marketplace/orca:1.1.4-20190103160527@sha256:ef01ffa26fc56cdfcbe445806fbc423097945629b645173fd72e6eb410668c93	yes		CLAIM-S3-011
1.10.8	2019-01-03	clouddriver	4.0.4-20181117042807	container-image	gcr.io/spinnaker-marketplace/clouddriver:4.0.4-20181117042807@sha256:d1ef7f74649cd5994dde10bda8d8bb4a8bc1d51d20a143b6eb680446461e01e1	yes		CLAIM-S3-011
1.10.8	2019-01-03	front50	0.13.1-20181217212321	container-image	gcr.io/spinnaker-marketplace/front50:0.13.1-20181217212321@sha256:5af76fa5072f2f6a557ae26407880d42e951884cd0076885fe496f168e7ca151	yes		CLAIM-S3-011
1.10.8	2019-01-03	echo	2.1.3-20181217212321	container-image	gcr.io/spinnaker-marketplace/echo:2.1.3-20181217212321@sha256:6be4818ceec5350d8e5fa6ca3a9ff7d190382f9d8a8656958dff2a43da15d57b	yes		CLAIM-S3-011
1.10.8	2019-01-03	igor	0.13.0-20181003100130	container-image	gcr.io/spinnaker-marketplace/igor:0.13.0-20181003100130@sha256:4e4ad0fadbf9f4c03554a284d1416d8f34920958c918ea9688041a0754c78890	yes	8	CLAIM-S3-011
1.10.8	2019-01-03	fiat	1.2.0-20181115151924	container-image	gcr.io/spinnaker-marketplace/fiat:1.2.0-20181115151924@sha256:02ce579c3fede2cc268a2f0af50586ce5b1ecd65169be523ab9616e84668b9b4	yes		CLAIM-S3-011
1.10.8	2019-01-03	rosco	0.8.0-20181003100130	container-image	gcr.io/spinnaker-marketplace/rosco:0.8.0-20181003100130@sha256:6745af7e1506e5f1b445d2ff0f54a9e755f94a06f8abc1ab16d0c7108dd1edce	yes	8	CLAIM-S3-011
1.10.8	2019-01-03	kayenta	0.4.0-20180928152808	container-image	gcr.io/spinnaker-marketplace/kayenta:0.4.0-20180928152808@sha256:8928189594bc81a91ba387b41f0e6975f2a1d0e9b54776b3440d43fca41e2fc3	yes	8	CLAIM-S3-011
1.10.8	2019-01-03	keel	-	not-pinned	-	n/a		CLAIM-S3-006
1.10.9	2019-01-05	gate	1.2.1-20181108172516	container-image	gcr.io/spinnaker-marketplace/gate:1.2.1-20181108172516@sha256:7ac2df0499051842166cc432183e0fbd72f6df28e2d25beab9ad005f9dd5a96b	yes		CLAIM-S3-011
1.10.9	2019-01-05	orca	1.1.4-20190103160527	container-image	gcr.io/spinnaker-marketplace/orca:1.1.4-20190103160527@sha256:ef01ffa26fc56cdfcbe445806fbc423097945629b645173fd72e6eb410668c93	yes		CLAIM-S3-011
1.10.9	2019-01-05	clouddriver	4.0.5-20190104164435	container-image	gcr.io/spinnaker-marketplace/clouddriver:4.0.5-20190104164435@sha256:2523e030c0ec0e70451414d59154ee6a4f28b9fa92749071a62103a4d00139ea	yes		CLAIM-S3-011
1.10.9	2019-01-05	front50	0.13.1-20181217212321	container-image	gcr.io/spinnaker-marketplace/front50:0.13.1-20181217212321@sha256:5af76fa5072f2f6a557ae26407880d42e951884cd0076885fe496f168e7ca151	yes		CLAIM-S3-011
1.10.9	2019-01-05	echo	2.1.3-20181217212321	container-image	gcr.io/spinnaker-marketplace/echo:2.1.3-20181217212321@sha256:6be4818ceec5350d8e5fa6ca3a9ff7d190382f9d8a8656958dff2a43da15d57b	yes		CLAIM-S3-011
1.10.9	2019-01-05	igor	0.13.0-20181003100130	container-image	gcr.io/spinnaker-marketplace/igor:0.13.0-20181003100130@sha256:4e4ad0fadbf9f4c03554a284d1416d8f34920958c918ea9688041a0754c78890	yes	8	CLAIM-S3-011
1.10.9	2019-01-05	fiat	1.2.0-20181115151924	container-image	gcr.io/spinnaker-marketplace/fiat:1.2.0-20181115151924@sha256:02ce579c3fede2cc268a2f0af50586ce5b1ecd65169be523ab9616e84668b9b4	yes		CLAIM-S3-011
1.10.9	2019-01-05	rosco	0.8.0-20181003100130	container-image	gcr.io/spinnaker-marketplace/rosco:0.8.0-20181003100130@sha256:6745af7e1506e5f1b445d2ff0f54a9e755f94a06f8abc1ab16d0c7108dd1edce	yes	8	CLAIM-S3-011
1.10.9	2019-01-05	kayenta	0.4.1-20190105115745	container-image	gcr.io/spinnaker-marketplace/kayenta:0.4.1-20190105115745@sha256:0be230b72acb2c30e521b032789bdf3bd6dc79c8af5740b32d25d55d26435f53	yes		CLAIM-S3-011
1.10.9	2019-01-05	keel	-	not-pinned	-	n/a		CLAIM-S3-006
1.10.10	2019-01-11	gate	1.2.1-20181108172516	container-image	gcr.io/spinnaker-marketplace/gate:1.2.1-20181108172516@sha256:7ac2df0499051842166cc432183e0fbd72f6df28e2d25beab9ad005f9dd5a96b	yes		CLAIM-S3-011
1.10.10	2019-01-11	orca	1.1.5-20190111113304	container-image	gcr.io/spinnaker-marketplace/orca:1.1.5-20190111113304@sha256:5bd597115355e338516248f75c1bee0079c8b0be3bbca9b478c4aff670f06c3a	yes		CLAIM-S3-011
1.10.10	2019-01-11	clouddriver	4.0.6-20190111113304	container-image	gcr.io/spinnaker-marketplace/clouddriver:4.0.6-20190111113304@sha256:cee160d6a23931f276cdd09259de8552027c6f5256096e7c9d88cb61c59b506c	yes		CLAIM-S3-011
1.10.10	2019-01-11	front50	0.13.1-20181217212321	container-image	gcr.io/spinnaker-marketplace/front50:0.13.1-20181217212321@sha256:5af76fa5072f2f6a557ae26407880d42e951884cd0076885fe496f168e7ca151	yes		CLAIM-S3-011
1.10.10	2019-01-11	echo	2.1.3-20181217212321	container-image	gcr.io/spinnaker-marketplace/echo:2.1.3-20181217212321@sha256:6be4818ceec5350d8e5fa6ca3a9ff7d190382f9d8a8656958dff2a43da15d57b	yes		CLAIM-S3-011
1.10.10	2019-01-11	igor	0.13.0-20181003100130	container-image	gcr.io/spinnaker-marketplace/igor:0.13.0-20181003100130@sha256:4e4ad0fadbf9f4c03554a284d1416d8f34920958c918ea9688041a0754c78890	yes	8	CLAIM-S3-011
1.10.10	2019-01-11	fiat	1.2.0-20181115151924	container-image	gcr.io/spinnaker-marketplace/fiat:1.2.0-20181115151924@sha256:02ce579c3fede2cc268a2f0af50586ce5b1ecd65169be523ab9616e84668b9b4	yes		CLAIM-S3-011
1.10.10	2019-01-11	rosco	0.8.0-20181003100130	container-image	gcr.io/spinnaker-marketplace/rosco:0.8.0-20181003100130@sha256:6745af7e1506e5f1b445d2ff0f54a9e755f94a06f8abc1ab16d0c7108dd1edce	yes	8	CLAIM-S3-011
1.10.10	2019-01-11	kayenta	0.4.1-20190105115745	container-image	gcr.io/spinnaker-marketplace/kayenta:0.4.1-20190105115745@sha256:0be230b72acb2c30e521b032789bdf3bd6dc79c8af5740b32d25d55d26435f53	yes		CLAIM-S3-011
1.10.10	2019-01-11	keel	-	not-pinned	-	n/a		CLAIM-S3-006
1.10.11	2019-01-15	gate	1.2.1-20181108172516	container-image	gcr.io/spinnaker-marketplace/gate:1.2.1-20181108172516@sha256:7ac2df0499051842166cc432183e0fbd72f6df28e2d25beab9ad005f9dd5a96b	yes		CLAIM-S3-011
1.10.11	2019-01-15	orca	1.1.6-20190115073329	container-image	gcr.io/spinnaker-marketplace/orca:1.1.6-20190115073329@sha256:03e7d0bad3946fde17e023328b5199e2092f965abe7a8b570e041eac25695026	yes		CLAIM-S3-011
1.10.11	2019-01-15	clouddriver	4.0.6-20190111113304	container-image	gcr.io/spinnaker-marketplace/clouddriver:4.0.6-20190111113304@sha256:cee160d6a23931f276cdd09259de8552027c6f5256096e7c9d88cb61c59b506c	yes		CLAIM-S3-011
1.10.11	2019-01-15	front50	0.13.1-20181217212321	container-image	gcr.io/spinnaker-marketplace/front50:0.13.1-20181217212321@sha256:5af76fa5072f2f6a557ae26407880d42e951884cd0076885fe496f168e7ca151	yes		CLAIM-S3-011
1.10.11	2019-01-15	echo	2.1.3-20181217212321	container-image	gcr.io/spinnaker-marketplace/echo:2.1.3-20181217212321@sha256:6be4818ceec5350d8e5fa6ca3a9ff7d190382f9d8a8656958dff2a43da15d57b	yes		CLAIM-S3-011
1.10.11	2019-01-15	igor	0.13.0-20181003100130	container-image	gcr.io/spinnaker-marketplace/igor:0.13.0-20181003100130@sha256:4e4ad0fadbf9f4c03554a284d1416d8f34920958c918ea9688041a0754c78890	yes	8	CLAIM-S3-011
1.10.11	2019-01-15	fiat	1.2.0-20181115151924	container-image	gcr.io/spinnaker-marketplace/fiat:1.2.0-20181115151924@sha256:02ce579c3fede2cc268a2f0af50586ce5b1ecd65169be523ab9616e84668b9b4	yes		CLAIM-S3-011
1.10.11	2019-01-15	rosco	0.8.0-20181003100130	container-image	gcr.io/spinnaker-marketplace/rosco:0.8.0-20181003100130@sha256:6745af7e1506e5f1b445d2ff0f54a9e755f94a06f8abc1ab16d0c7108dd1edce	yes	8	CLAIM-S3-011
1.10.11	2019-01-15	kayenta	0.4.1-20190105115745	container-image	gcr.io/spinnaker-marketplace/kayenta:0.4.1-20190105115745@sha256:0be230b72acb2c30e521b032789bdf3bd6dc79c8af5740b32d25d55d26435f53	yes		CLAIM-S3-011
1.10.11	2019-01-15	keel	-	not-pinned	-	n/a		CLAIM-S3-006
1.10.12	2019-01-22	gate	1.2.1-20181108172516	container-image	gcr.io/spinnaker-marketplace/gate:1.2.1-20181108172516@sha256:7ac2df0499051842166cc432183e0fbd72f6df28e2d25beab9ad005f9dd5a96b	yes		CLAIM-S3-011
1.10.12	2019-01-22	orca	1.1.6-20190115073329	container-image	gcr.io/spinnaker-marketplace/orca:1.1.6-20190115073329@sha256:03e7d0bad3946fde17e023328b5199e2092f965abe7a8b570e041eac25695026	yes		CLAIM-S3-011
1.10.12	2019-01-22	clouddriver	4.0.7-20190122164028	container-image	gcr.io/spinnaker-marketplace/clouddriver:4.0.7-20190122164028@sha256:4e797f1d1f53ad3ebf4a3dcbf9c650406041cb9c0ce1858dce560ef7406ac430	yes		CLAIM-S3-011
1.10.12	2019-01-22	front50	0.13.1-20181217212321	container-image	gcr.io/spinnaker-marketplace/front50:0.13.1-20181217212321@sha256:5af76fa5072f2f6a557ae26407880d42e951884cd0076885fe496f168e7ca151	yes		CLAIM-S3-011
1.10.12	2019-01-22	echo	2.1.3-20181217212321	container-image	gcr.io/spinnaker-marketplace/echo:2.1.3-20181217212321@sha256:6be4818ceec5350d8e5fa6ca3a9ff7d190382f9d8a8656958dff2a43da15d57b	yes		CLAIM-S3-011
1.10.12	2019-01-22	igor	0.13.0-20181003100130	container-image	gcr.io/spinnaker-marketplace/igor:0.13.0-20181003100130@sha256:4e4ad0fadbf9f4c03554a284d1416d8f34920958c918ea9688041a0754c78890	yes	8	CLAIM-S3-011
1.10.12	2019-01-22	fiat	1.2.0-20181115151924	container-image	gcr.io/spinnaker-marketplace/fiat:1.2.0-20181115151924@sha256:02ce579c3fede2cc268a2f0af50586ce5b1ecd65169be523ab9616e84668b9b4	yes		CLAIM-S3-011
1.10.12	2019-01-22	rosco	0.8.0-20181003100130	container-image	gcr.io/spinnaker-marketplace/rosco:0.8.0-20181003100130@sha256:6745af7e1506e5f1b445d2ff0f54a9e755f94a06f8abc1ab16d0c7108dd1edce	yes	8	CLAIM-S3-011
1.10.12	2019-01-22	kayenta	0.4.1-20190105115745	container-image	gcr.io/spinnaker-marketplace/kayenta:0.4.1-20190105115745@sha256:0be230b72acb2c30e521b032789bdf3bd6dc79c8af5740b32d25d55d26435f53	yes		CLAIM-S3-011
1.10.12	2019-01-22	keel	-	not-pinned	-	n/a		CLAIM-S3-006
1.10.13	2019-01-30	gate	1.2.1-20181108172516	container-image	gcr.io/spinnaker-marketplace/gate:1.2.1-20181108172516@sha256:7ac2df0499051842166cc432183e0fbd72f6df28e2d25beab9ad005f9dd5a96b	yes		CLAIM-S3-011
1.10.13	2019-01-30	orca	1.1.6-20190115073329	container-image	gcr.io/spinnaker-marketplace/orca:1.1.6-20190115073329@sha256:03e7d0bad3946fde17e023328b5199e2092f965abe7a8b570e041eac25695026	yes		CLAIM-S3-011
1.10.13	2019-01-30	clouddriver	4.0.8-20190130152235	container-image	gcr.io/spinnaker-marketplace/clouddriver:4.0.8-20190130152235@sha256:b031083f8b958b2a8fc7e6766146fbc36018b858dccabaaee84f9086729ad259	yes		CLAIM-S3-011
1.10.13	2019-01-30	front50	0.13.1-20181217212321	container-image	gcr.io/spinnaker-marketplace/front50:0.13.1-20181217212321@sha256:5af76fa5072f2f6a557ae26407880d42e951884cd0076885fe496f168e7ca151	yes		CLAIM-S3-011
1.10.13	2019-01-30	echo	2.1.3-20181217212321	container-image	gcr.io/spinnaker-marketplace/echo:2.1.3-20181217212321@sha256:6be4818ceec5350d8e5fa6ca3a9ff7d190382f9d8a8656958dff2a43da15d57b	yes		CLAIM-S3-011
1.10.13	2019-01-30	igor	0.13.0-20181003100130	container-image	gcr.io/spinnaker-marketplace/igor:0.13.0-20181003100130@sha256:4e4ad0fadbf9f4c03554a284d1416d8f34920958c918ea9688041a0754c78890	yes	8	CLAIM-S3-011
1.10.13	2019-01-30	fiat	1.2.0-20181115151924	container-image	gcr.io/spinnaker-marketplace/fiat:1.2.0-20181115151924@sha256:02ce579c3fede2cc268a2f0af50586ce5b1ecd65169be523ab9616e84668b9b4	yes		CLAIM-S3-011
1.10.13	2019-01-30	rosco	0.8.0-20181003100130	container-image	gcr.io/spinnaker-marketplace/rosco:0.8.0-20181003100130@sha256:6745af7e1506e5f1b445d2ff0f54a9e755f94a06f8abc1ab16d0c7108dd1edce	yes	8	CLAIM-S3-011
1.10.13	2019-01-30	kayenta	0.4.1-20190105115745	container-image	gcr.io/spinnaker-marketplace/kayenta:0.4.1-20190105115745@sha256:0be230b72acb2c30e521b032789bdf3bd6dc79c8af5740b32d25d55d26435f53	yes		CLAIM-S3-011
1.10.13	2019-01-30	keel	-	not-pinned	-	n/a		CLAIM-S3-006
1.10.14	2019-02-14	gate	1.2.1-20181108172516	container-image	gcr.io/spinnaker-marketplace/gate:1.2.1-20181108172516@sha256:7ac2df0499051842166cc432183e0fbd72f6df28e2d25beab9ad005f9dd5a96b	yes		CLAIM-S3-011
1.10.14	2019-02-14	orca	1.1.6-20190115073329	container-image	gcr.io/spinnaker-marketplace/orca:1.1.6-20190115073329@sha256:03e7d0bad3946fde17e023328b5199e2092f965abe7a8b570e041eac25695026	yes		CLAIM-S3-011
1.10.14	2019-02-14	clouddriver	4.0.9-20190214162406	container-image	gcr.io/spinnaker-marketplace/clouddriver:4.0.9-20190214162406@sha256:199884bd7015b2db54098f394e8d328432464b59f2deb5bffd90ff8846b1e25f	yes		CLAIM-S3-011
1.10.14	2019-02-14	front50	0.13.1-20181217212321	container-image	gcr.io/spinnaker-marketplace/front50:0.13.1-20181217212321@sha256:5af76fa5072f2f6a557ae26407880d42e951884cd0076885fe496f168e7ca151	yes		CLAIM-S3-011
1.10.14	2019-02-14	echo	2.1.3-20181217212321	container-image	gcr.io/spinnaker-marketplace/echo:2.1.3-20181217212321@sha256:6be4818ceec5350d8e5fa6ca3a9ff7d190382f9d8a8656958dff2a43da15d57b	yes		CLAIM-S3-011
1.10.14	2019-02-14	igor	0.13.0-20181003100130	container-image	gcr.io/spinnaker-marketplace/igor:0.13.0-20181003100130@sha256:4e4ad0fadbf9f4c03554a284d1416d8f34920958c918ea9688041a0754c78890	yes	8	CLAIM-S3-011
1.10.14	2019-02-14	fiat	1.2.0-20181115151924	container-image	gcr.io/spinnaker-marketplace/fiat:1.2.0-20181115151924@sha256:02ce579c3fede2cc268a2f0af50586ce5b1ecd65169be523ab9616e84668b9b4	yes		CLAIM-S3-011
1.10.14	2019-02-14	rosco	0.8.0-20181003100130	container-image	gcr.io/spinnaker-marketplace/rosco:0.8.0-20181003100130@sha256:6745af7e1506e5f1b445d2ff0f54a9e755f94a06f8abc1ab16d0c7108dd1edce	yes	8	CLAIM-S3-011
1.10.14	2019-02-14	kayenta	0.4.1-20190105115745	container-image	gcr.io/spinnaker-marketplace/kayenta:0.4.1-20190105115745@sha256:0be230b72acb2c30e521b032789bdf3bd6dc79c8af5740b32d25d55d26435f53	yes		CLAIM-S3-011
1.10.14	2019-02-14	keel	-	not-pinned	-	n/a		CLAIM-S3-006
1.11.0	2018-12-13	gate	1.3.0-20181207134351	container-image	gcr.io/spinnaker-marketplace/gate:1.3.0-20181207134351@sha256:291a3a7cebfa50efbc39cc2ed9ab56fa06a411e3437d959e989b3bff0e1ab2e6	yes	8	CLAIM-S3-011
1.11.0	2018-12-13	orca	2.0.0-20181212160734	container-image	gcr.io/spinnaker-marketplace/orca:2.0.0-20181212160734@sha256:b467504511b8a8812d7426db34ae3858fb16f74be78a5650b757fb4bd37c3c4c	yes	8	CLAIM-S3-011
1.11.0	2018-12-13	clouddriver	4.1.0-20181211134536	container-image	gcr.io/spinnaker-marketplace/clouddriver:4.1.0-20181211134536@sha256:32539840b6489301d3cf78630e42de9379dab7dbe087460e1bd4db1ac9df85b1	yes	8	CLAIM-S3-011
1.11.0	2018-12-13	front50	0.14.0-20181207134351	container-image	gcr.io/spinnaker-marketplace/front50:0.14.0-20181207134351@sha256:f0ed41436d5be1582271556ffe716af89e6cad1733b620c8c4632c7e155c4418	yes	8	CLAIM-S3-011
1.11.0	2018-12-13	echo	2.2.0-20181207134351	container-image	gcr.io/spinnaker-marketplace/echo:2.2.0-20181207134351@sha256:691613f26f5a87c6141907201bdaa27389bdaa4d81167693b5a941ad750d7c94	yes	8	CLAIM-S3-011
1.11.0	2018-12-13	igor	1.0.0-20181207134351	container-image	gcr.io/spinnaker-marketplace/igor:1.0.0-20181207134351@sha256:8c815ed63e3aa01ffa118cdc51306b74e272326def592569927cb27a805a0c5f	yes	8	CLAIM-S3-011
1.11.0	2018-12-13	fiat	1.3.0-20181207134351	container-image	gcr.io/spinnaker-marketplace/fiat:1.3.0-20181207134351@sha256:a9c02f9edcbbcc7bdf0dd1c1a1d529fa455c305ca68047e8d696fcb9a56295ff	yes	8	CLAIM-S3-011
1.11.0	2018-12-13	rosco	0.8.1-20181207134351	container-image	gcr.io/spinnaker-marketplace/rosco:0.8.1-20181207134351@sha256:93cd55d8485e300492a78c9050f18435fd93918aa07395dfe61559c1ef5b9920	yes	8	CLAIM-S3-011
1.11.0	2018-12-13	kayenta	0.5.0-20181207134351	container-image	gcr.io/spinnaker-marketplace/kayenta:0.5.0-20181207134351@sha256:026005157726233f624ad7823a0a73878041c37a6156aaddc96507a92a9ab472	yes	8	CLAIM-S3-011
1.11.0	2018-12-13	keel	-	not-pinned	-	n/a		CLAIM-S3-006
1.11.1	2018-12-18	gate	1.4.0-20181217192627	container-image	gcr.io/spinnaker-marketplace/gate:1.4.0-20181217192627@sha256:a73cad76942c0b5fbbe67c2c5be911ca8aafa2fef2371daf34973bc1bbd1a915	yes		CLAIM-S3-011
1.11.1	2018-12-18	orca	2.0.0-20181212160734	container-image	gcr.io/spinnaker-marketplace/orca:2.0.0-20181212160734@sha256:b467504511b8a8812d7426db34ae3858fb16f74be78a5650b757fb4bd37c3c4c	yes	8	CLAIM-S3-011
1.11.1	2018-12-18	clouddriver	4.1.0-20181211134536	container-image	gcr.io/spinnaker-marketplace/clouddriver:4.1.0-20181211134536@sha256:32539840b6489301d3cf78630e42de9379dab7dbe087460e1bd4db1ac9df85b1	yes	8	CLAIM-S3-011
1.11.1	2018-12-18	front50	0.14.0-20181207134351	container-image	gcr.io/spinnaker-marketplace/front50:0.14.0-20181207134351@sha256:f0ed41436d5be1582271556ffe716af89e6cad1733b620c8c4632c7e155c4418	yes	8	CLAIM-S3-011
1.11.1	2018-12-18	echo	2.2.1-20181217192627	container-image	gcr.io/spinnaker-marketplace/echo:2.2.1-20181217192627@sha256:ee8e822dc583f5a5140e200f3305bd51f63d95121d7411900fecfb154fc57d39	yes		CLAIM-S3-011
1.11.1	2018-12-18	igor	1.0.0-20181207134351	container-image	gcr.io/spinnaker-marketplace/igor:1.0.0-20181207134351@sha256:8c815ed63e3aa01ffa118cdc51306b74e272326def592569927cb27a805a0c5f	yes	8	CLAIM-S3-011
1.11.1	2018-12-18	fiat	1.3.0-20181207134351	container-image	gcr.io/spinnaker-marketplace/fiat:1.3.0-20181207134351@sha256:a9c02f9edcbbcc7bdf0dd1c1a1d529fa455c305ca68047e8d696fcb9a56295ff	yes	8	CLAIM-S3-011
1.11.1	2018-12-18	rosco	0.8.1-20181207134351	container-image	gcr.io/spinnaker-marketplace/rosco:0.8.1-20181207134351@sha256:93cd55d8485e300492a78c9050f18435fd93918aa07395dfe61559c1ef5b9920	yes	8	CLAIM-S3-011
1.11.1	2018-12-18	kayenta	0.5.0-20181207134351	container-image	gcr.io/spinnaker-marketplace/kayenta:0.5.0-20181207134351@sha256:026005157726233f624ad7823a0a73878041c37a6156aaddc96507a92a9ab472	yes	8	CLAIM-S3-011
1.11.1	2018-12-18	keel	-	not-pinned	-	n/a		CLAIM-S3-006
1.11.2	2018-12-21	gate	1.4.0-20181217192627	container-image	gcr.io/spinnaker-marketplace/gate:1.4.0-20181217192627@sha256:a73cad76942c0b5fbbe67c2c5be911ca8aafa2fef2371daf34973bc1bbd1a915	yes		CLAIM-S3-011
1.11.2	2018-12-21	orca	2.0.1-20181220142907	container-image	gcr.io/spinnaker-marketplace/orca:2.0.1-20181220142907@sha256:6564e456591d671ff1709a9731a4791fde8763723456b135472bf34756c44891	yes		CLAIM-S3-011
1.11.2	2018-12-21	clouddriver	4.2.0-20181220153244	container-image	gcr.io/spinnaker-marketplace/clouddriver:4.2.0-20181220153244@sha256:49cacfcd9434d97e4b11c8bd3cc9fbad9c7f80a1d244935494df1f17f3cd49a6	yes		CLAIM-S3-011
1.11.2	2018-12-21	front50	0.14.0-20181207134351	container-image	gcr.io/spinnaker-marketplace/front50:0.14.0-20181207134351@sha256:f0ed41436d5be1582271556ffe716af89e6cad1733b620c8c4632c7e155c4418	yes	8	CLAIM-S3-011
1.11.2	2018-12-21	echo	2.2.2-20181219133919	container-image	gcr.io/spinnaker-marketplace/echo:2.2.2-20181219133919@sha256:25cff0d62017828c7c1081302a8f50f5f7c1ba43aab9b884d5518cbe0f04d2ea	yes		CLAIM-S3-011
1.11.2	2018-12-21	igor	1.0.0-20181207134351	container-image	gcr.io/spinnaker-marketplace/igor:1.0.0-20181207134351@sha256:8c815ed63e3aa01ffa118cdc51306b74e272326def592569927cb27a805a0c5f	yes	8	CLAIM-S3-011
1.11.2	2018-12-21	fiat	1.3.0-20181207134351	container-image	gcr.io/spinnaker-marketplace/fiat:1.3.0-20181207134351@sha256:a9c02f9edcbbcc7bdf0dd1c1a1d529fa455c305ca68047e8d696fcb9a56295ff	yes	8	CLAIM-S3-011
1.11.2	2018-12-21	rosco	0.8.2-20181221095200	container-image	gcr.io/spinnaker-marketplace/rosco:0.8.2-20181221095200@sha256:354bdcb209c5885321345c296450eef5e25894b76579f4dd2576457b357f580d	yes		CLAIM-S3-011
1.11.2	2018-12-21	kayenta	0.5.0-20181207134351	container-image	gcr.io/spinnaker-marketplace/kayenta:0.5.0-20181207134351@sha256:026005157726233f624ad7823a0a73878041c37a6156aaddc96507a92a9ab472	yes	8	CLAIM-S3-011
1.11.2	2018-12-21	keel	-	not-pinned	-	n/a		CLAIM-S3-006
1.11.3	2019-01-03	gate	1.4.0-20181217192627	container-image	gcr.io/spinnaker-marketplace/gate:1.4.0-20181217192627@sha256:a73cad76942c0b5fbbe67c2c5be911ca8aafa2fef2371daf34973bc1bbd1a915	yes		CLAIM-S3-011
1.11.3	2019-01-03	orca	2.0.1-20181220142907	container-image	gcr.io/spinnaker-marketplace/orca:2.0.1-20181220142907@sha256:6564e456591d671ff1709a9731a4791fde8763723456b135472bf34756c44891	yes		CLAIM-S3-011
1.11.3	2019-01-03	clouddriver	4.2.1-20190102143306	container-image	gcr.io/spinnaker-marketplace/clouddriver:4.2.1-20190102143306@sha256:ae28ac79d063d93fb88de6c1c80bd13778f0cf90f52dff8cdfa755eeb9b313f3	yes		CLAIM-S3-011
1.11.3	2019-01-03	front50	0.14.0-20181207134351	container-image	gcr.io/spinnaker-marketplace/front50:0.14.0-20181207134351@sha256:f0ed41436d5be1582271556ffe716af89e6cad1733b620c8c4632c7e155c4418	yes	8	CLAIM-S3-011
1.11.3	2019-01-03	echo	2.2.2-20181219133919	container-image	gcr.io/spinnaker-marketplace/echo:2.2.2-20181219133919@sha256:25cff0d62017828c7c1081302a8f50f5f7c1ba43aab9b884d5518cbe0f04d2ea	yes		CLAIM-S3-011
1.11.3	2019-01-03	igor	1.0.0-20181207134351	container-image	gcr.io/spinnaker-marketplace/igor:1.0.0-20181207134351@sha256:8c815ed63e3aa01ffa118cdc51306b74e272326def592569927cb27a805a0c5f	yes	8	CLAIM-S3-011
1.11.3	2019-01-03	fiat	1.3.0-20181207134351	container-image	gcr.io/spinnaker-marketplace/fiat:1.3.0-20181207134351@sha256:a9c02f9edcbbcc7bdf0dd1c1a1d529fa455c305ca68047e8d696fcb9a56295ff	yes	8	CLAIM-S3-011
1.11.3	2019-01-03	rosco	0.8.2-20181221095200	container-image	gcr.io/spinnaker-marketplace/rosco:0.8.2-20181221095200@sha256:354bdcb209c5885321345c296450eef5e25894b76579f4dd2576457b357f580d	yes		CLAIM-S3-011
1.11.3	2019-01-03	kayenta	0.5.0-20181207134351	container-image	gcr.io/spinnaker-marketplace/kayenta:0.5.0-20181207134351@sha256:026005157726233f624ad7823a0a73878041c37a6156aaddc96507a92a9ab472	yes	8	CLAIM-S3-011
1.11.3	2019-01-03	keel	-	not-pinned	-	n/a		CLAIM-S3-006
1.11.4	2019-01-05	gate	1.4.0-20181217192627	container-image	gcr.io/spinnaker-marketplace/gate:1.4.0-20181217192627@sha256:a73cad76942c0b5fbbe67c2c5be911ca8aafa2fef2371daf34973bc1bbd1a915	yes		CLAIM-S3-011
1.11.4	2019-01-05	orca	2.1.0-20190104141519	container-image	gcr.io/spinnaker-marketplace/orca:2.1.0-20190104141519@sha256:b1b062db1aad37bfb03b578206b553e121c5556dc78b06fd8426244342795867	yes		CLAIM-S3-011
1.11.4	2019-01-05	clouddriver	4.2.2-20190105032508	container-image	gcr.io/spinnaker-marketplace/clouddriver:4.2.2-20190105032508@sha256:3d8e296535bdc7c5691efc081b0a8bd82b628fe9a118650f0278ab751b82d3ee	yes		CLAIM-S3-011
1.11.4	2019-01-05	front50	0.14.0-20181207134351	container-image	gcr.io/spinnaker-marketplace/front50:0.14.0-20181207134351@sha256:f0ed41436d5be1582271556ffe716af89e6cad1733b620c8c4632c7e155c4418	yes	8	CLAIM-S3-011
1.11.4	2019-01-05	echo	2.2.3-20190104153242	container-image	gcr.io/spinnaker-marketplace/echo:2.2.3-20190104153242@sha256:8b5df581048c4874a484c0d8e335f5a28b3baeda1f7055103a31b8b7b4836f53	yes		CLAIM-S3-011
1.11.4	2019-01-05	igor	1.0.0-20181207134351	container-image	gcr.io/spinnaker-marketplace/igor:1.0.0-20181207134351@sha256:8c815ed63e3aa01ffa118cdc51306b74e272326def592569927cb27a805a0c5f	yes	8	CLAIM-S3-011
1.11.4	2019-01-05	fiat	1.3.0-20181207134351	container-image	gcr.io/spinnaker-marketplace/fiat:1.3.0-20181207134351@sha256:a9c02f9edcbbcc7bdf0dd1c1a1d529fa455c305ca68047e8d696fcb9a56295ff	yes	8	CLAIM-S3-011
1.11.4	2019-01-05	rosco	0.8.2-20181221095200	container-image	gcr.io/spinnaker-marketplace/rosco:0.8.2-20181221095200@sha256:354bdcb209c5885321345c296450eef5e25894b76579f4dd2576457b357f580d	yes		CLAIM-S3-011
1.11.4	2019-01-05	kayenta	0.5.1-20190104141519	container-image	gcr.io/spinnaker-marketplace/kayenta:0.5.1-20190104141519@sha256:afc4886f592f5c94c11f72a1643afd697c9da2f2adf3f09ce93ea965bf530fdf	yes		CLAIM-S3-011
1.11.4	2019-01-05	keel	-	not-pinned	-	n/a		CLAIM-S3-006
1.11.5	2019-01-11	gate	1.4.0-20181217192627	container-image	gcr.io/spinnaker-marketplace/gate:1.4.0-20181217192627@sha256:a73cad76942c0b5fbbe67c2c5be911ca8aafa2fef2371daf34973bc1bbd1a915	yes		CLAIM-S3-011
1.11.5	2019-01-11	orca	2.2.0-20190111140043	container-image	gcr.io/spinnaker-marketplace/orca:2.2.0-20190111140043@sha256:a4f8f183f22e045571388eb372227bcf127064e78de54b30de5178a5bc005b10	yes		CLAIM-S3-011
1.11.5	2019-01-11	clouddriver	4.2.3-20190111151755	container-image	gcr.io/spinnaker-marketplace/clouddriver:4.2.3-20190111151755@sha256:1bcaaaf45e1118d081018fcf170f9feae8c2e90ee0a75f4820c191be0822981a	yes		CLAIM-S3-011
1.11.5	2019-01-11	front50	0.14.0-20181207134351	container-image	gcr.io/spinnaker-marketplace/front50:0.14.0-20181207134351@sha256:f0ed41436d5be1582271556ffe716af89e6cad1733b620c8c4632c7e155c4418	yes	8	CLAIM-S3-011
1.11.5	2019-01-11	echo	2.2.3-20190104153242	container-image	gcr.io/spinnaker-marketplace/echo:2.2.3-20190104153242@sha256:8b5df581048c4874a484c0d8e335f5a28b3baeda1f7055103a31b8b7b4836f53	yes		CLAIM-S3-011
1.11.5	2019-01-11	igor	1.0.0-20181207134351	container-image	gcr.io/spinnaker-marketplace/igor:1.0.0-20181207134351@sha256:8c815ed63e3aa01ffa118cdc51306b74e272326def592569927cb27a805a0c5f	yes	8	CLAIM-S3-011
1.11.5	2019-01-11	fiat	1.3.0-20181207134351	container-image	gcr.io/spinnaker-marketplace/fiat:1.3.0-20181207134351@sha256:a9c02f9edcbbcc7bdf0dd1c1a1d529fa455c305ca68047e8d696fcb9a56295ff	yes	8	CLAIM-S3-011
1.11.5	2019-01-11	rosco	0.8.2-20181221095200	container-image	gcr.io/spinnaker-marketplace/rosco:0.8.2-20181221095200@sha256:354bdcb209c5885321345c296450eef5e25894b76579f4dd2576457b357f580d	yes		CLAIM-S3-011
1.11.5	2019-01-11	kayenta	0.5.1-20190104141519	container-image	gcr.io/spinnaker-marketplace/kayenta:0.5.1-20190104141519@sha256:afc4886f592f5c94c11f72a1643afd697c9da2f2adf3f09ce93ea965bf530fdf	yes		CLAIM-S3-011
1.11.5	2019-01-11	keel	-	not-pinned	-	n/a		CLAIM-S3-006
1.11.6	2019-01-14	gate	1.4.0-20181217192627	container-image	gcr.io/spinnaker-marketplace/gate:1.4.0-20181217192627@sha256:a73cad76942c0b5fbbe67c2c5be911ca8aafa2fef2371daf34973bc1bbd1a915	yes		CLAIM-S3-011
1.11.6	2019-01-14	orca	2.2.0-20190111140043	container-image	gcr.io/spinnaker-marketplace/orca:2.2.0-20190111140043@sha256:a4f8f183f22e045571388eb372227bcf127064e78de54b30de5178a5bc005b10	yes		CLAIM-S3-011
1.11.6	2019-01-14	clouddriver	4.2.3-20190111151755	container-image	gcr.io/spinnaker-marketplace/clouddriver:4.2.3-20190111151755@sha256:1bcaaaf45e1118d081018fcf170f9feae8c2e90ee0a75f4820c191be0822981a	yes		CLAIM-S3-011
1.11.6	2019-01-14	front50	0.14.0-20181207134351	container-image	gcr.io/spinnaker-marketplace/front50:0.14.0-20181207134351@sha256:f0ed41436d5be1582271556ffe716af89e6cad1733b620c8c4632c7e155c4418	yes	8	CLAIM-S3-011
1.11.6	2019-01-14	echo	2.2.3-20190104153242	container-image	gcr.io/spinnaker-marketplace/echo:2.2.3-20190104153242@sha256:8b5df581048c4874a484c0d8e335f5a28b3baeda1f7055103a31b8b7b4836f53	yes		CLAIM-S3-011
1.11.6	2019-01-14	igor	1.0.0-20181207134351	container-image	gcr.io/spinnaker-marketplace/igor:1.0.0-20181207134351@sha256:8c815ed63e3aa01ffa118cdc51306b74e272326def592569927cb27a805a0c5f	yes	8	CLAIM-S3-011
1.11.6	2019-01-14	fiat	1.3.0-20181207134351	container-image	gcr.io/spinnaker-marketplace/fiat:1.3.0-20181207134351@sha256:a9c02f9edcbbcc7bdf0dd1c1a1d529fa455c305ca68047e8d696fcb9a56295ff	yes	8	CLAIM-S3-011
1.11.6	2019-01-14	rosco	0.8.2-20181221095200	container-image	gcr.io/spinnaker-marketplace/rosco:0.8.2-20181221095200@sha256:354bdcb209c5885321345c296450eef5e25894b76579f4dd2576457b357f580d	yes		CLAIM-S3-011
1.11.6	2019-01-14	kayenta	0.5.1-20190104141519	container-image	gcr.io/spinnaker-marketplace/kayenta:0.5.1-20190104141519@sha256:afc4886f592f5c94c11f72a1643afd697c9da2f2adf3f09ce93ea965bf530fdf	yes		CLAIM-S3-011
1.11.6	2019-01-14	keel	-	not-pinned	-	n/a		CLAIM-S3-006
1.11.7	2019-01-18	gate	1.4.0-20181217192627	container-image	gcr.io/spinnaker-marketplace/gate:1.4.0-20181217192627@sha256:a73cad76942c0b5fbbe67c2c5be911ca8aafa2fef2371daf34973bc1bbd1a915	yes		CLAIM-S3-011
1.11.7	2019-01-18	orca	2.2.0-20190111140043	container-image	gcr.io/spinnaker-marketplace/orca:2.2.0-20190111140043@sha256:a4f8f183f22e045571388eb372227bcf127064e78de54b30de5178a5bc005b10	yes		CLAIM-S3-011
1.11.7	2019-01-18	clouddriver	4.2.4-20190118032508	container-image	gcr.io/spinnaker-marketplace/clouddriver:4.2.4-20190118032508@sha256:9f71abb931ec95cc3e1ae59ac3676676ce2bf4f081a53935f6fbc3b59c18583b	yes		CLAIM-S3-011
1.11.7	2019-01-18	front50	0.14.0-20181207134351	container-image	gcr.io/spinnaker-marketplace/front50:0.14.0-20181207134351@sha256:f0ed41436d5be1582271556ffe716af89e6cad1733b620c8c4632c7e155c4418	yes	8	CLAIM-S3-011
1.11.7	2019-01-18	echo	2.2.3-20190104153242	container-image	gcr.io/spinnaker-marketplace/echo:2.2.3-20190104153242@sha256:8b5df581048c4874a484c0d8e335f5a28b3baeda1f7055103a31b8b7b4836f53	yes		CLAIM-S3-011
1.11.7	2019-01-18	igor	1.0.0-20181207134351	container-image	gcr.io/spinnaker-marketplace/igor:1.0.0-20181207134351@sha256:8c815ed63e3aa01ffa118cdc51306b74e272326def592569927cb27a805a0c5f	yes	8	CLAIM-S3-011
1.11.7	2019-01-18	fiat	1.3.0-20181207134351	container-image	gcr.io/spinnaker-marketplace/fiat:1.3.0-20181207134351@sha256:a9c02f9edcbbcc7bdf0dd1c1a1d529fa455c305ca68047e8d696fcb9a56295ff	yes	8	CLAIM-S3-011
1.11.7	2019-01-18	rosco	0.8.2-20181221095200	container-image	gcr.io/spinnaker-marketplace/rosco:0.8.2-20181221095200@sha256:354bdcb209c5885321345c296450eef5e25894b76579f4dd2576457b357f580d	yes		CLAIM-S3-011
1.11.7	2019-01-18	kayenta	0.5.1-20190104141519	container-image	gcr.io/spinnaker-marketplace/kayenta:0.5.1-20190104141519@sha256:afc4886f592f5c94c11f72a1643afd697c9da2f2adf3f09ce93ea965bf530fdf	yes		CLAIM-S3-011
1.11.7	2019-01-18	keel	-	not-pinned	-	n/a		CLAIM-S3-006
1.11.8	2019-01-28	gate	1.4.0-20181217192627	container-image	gcr.io/spinnaker-marketplace/gate:1.4.0-20181217192627@sha256:a73cad76942c0b5fbbe67c2c5be911ca8aafa2fef2371daf34973bc1bbd1a915	yes		CLAIM-S3-011
1.11.8	2019-01-28	orca	2.2.1-20190123222535	container-image	gcr.io/spinnaker-marketplace/orca:2.2.1-20190123222535@sha256:afd16f725f776dcac601c19eacf4f44c7af7e5d9c5ea7dc7d72a35b218d00cdf	yes		CLAIM-S3-011
1.11.8	2019-01-28	clouddriver	4.2.5-20190128101926	container-image	gcr.io/spinnaker-marketplace/clouddriver:4.2.5-20190128101926@sha256:2148072de363edb6c03b7b0eb58ee9e17c496a5fc5dd3bdf0b38ef33485be031	yes		CLAIM-S3-011
1.11.8	2019-01-28	front50	0.14.1-20190128101926	container-image	gcr.io/spinnaker-marketplace/front50:0.14.1-20190128101926@sha256:88c7a62f4624c18cf1f053c5f8de684eca7640475d99e9f5e4092bdba27e1ddf	yes		CLAIM-S3-011
1.11.8	2019-01-28	echo	2.2.3-20190104153242	container-image	gcr.io/spinnaker-marketplace/echo:2.2.3-20190104153242@sha256:8b5df581048c4874a484c0d8e335f5a28b3baeda1f7055103a31b8b7b4836f53	yes		CLAIM-S3-011
1.11.8	2019-01-28	igor	1.0.0-20181207134351	container-image	gcr.io/spinnaker-marketplace/igor:1.0.0-20181207134351@sha256:8c815ed63e3aa01ffa118cdc51306b74e272326def592569927cb27a805a0c5f	yes	8	CLAIM-S3-011
1.11.8	2019-01-28	fiat	1.3.1-20190126042507	container-image	gcr.io/spinnaker-marketplace/fiat:1.3.1-20190126042507@sha256:b53ebfe9a2c3aecac3ff72385a6f382cb9c54f8758fc08eed236e248a68e18df	yes		CLAIM-S3-011
1.11.8	2019-01-28	rosco	0.8.2-20181221095200	container-image	gcr.io/spinnaker-marketplace/rosco:0.8.2-20181221095200@sha256:354bdcb209c5885321345c296450eef5e25894b76579f4dd2576457b357f580d	yes		CLAIM-S3-011
1.11.8	2019-01-28	kayenta	0.5.1-20190104141519	container-image	gcr.io/spinnaker-marketplace/kayenta:0.5.1-20190104141519@sha256:afc4886f592f5c94c11f72a1643afd697c9da2f2adf3f09ce93ea965bf530fdf	yes		CLAIM-S3-011
1.11.8	2019-01-28	keel	-	not-pinned	-	n/a		CLAIM-S3-006
1.11.9	2019-01-30	gate	1.4.0-20181217192627	container-image	gcr.io/spinnaker-marketplace/gate:1.4.0-20181217192627@sha256:a73cad76942c0b5fbbe67c2c5be911ca8aafa2fef2371daf34973bc1bbd1a915	yes		CLAIM-S3-011
1.11.9	2019-01-30	orca	2.2.1-20190123222535	container-image	gcr.io/spinnaker-marketplace/orca:2.2.1-20190123222535@sha256:afd16f725f776dcac601c19eacf4f44c7af7e5d9c5ea7dc7d72a35b218d00cdf	yes		CLAIM-S3-011
1.11.9	2019-01-30	clouddriver	4.2.6-20190130153044	container-image	gcr.io/spinnaker-marketplace/clouddriver:4.2.6-20190130153044@sha256:2ad9063cb8010be48c79973975e911f10807e7792544d2a95724221027498cf0	yes		CLAIM-S3-011
1.11.9	2019-01-30	front50	0.14.1-20190128101926	container-image	gcr.io/spinnaker-marketplace/front50:0.14.1-20190128101926@sha256:88c7a62f4624c18cf1f053c5f8de684eca7640475d99e9f5e4092bdba27e1ddf	yes		CLAIM-S3-011
1.11.9	2019-01-30	echo	2.2.3-20190104153242	container-image	gcr.io/spinnaker-marketplace/echo:2.2.3-20190104153242@sha256:8b5df581048c4874a484c0d8e335f5a28b3baeda1f7055103a31b8b7b4836f53	yes		CLAIM-S3-011
1.11.9	2019-01-30	igor	1.0.0-20181207134351	container-image	gcr.io/spinnaker-marketplace/igor:1.0.0-20181207134351@sha256:8c815ed63e3aa01ffa118cdc51306b74e272326def592569927cb27a805a0c5f	yes	8	CLAIM-S3-011
1.11.9	2019-01-30	fiat	1.3.1-20190126042507	container-image	gcr.io/spinnaker-marketplace/fiat:1.3.1-20190126042507@sha256:b53ebfe9a2c3aecac3ff72385a6f382cb9c54f8758fc08eed236e248a68e18df	yes		CLAIM-S3-011
1.11.9	2019-01-30	rosco	0.8.2-20181221095200	container-image	gcr.io/spinnaker-marketplace/rosco:0.8.2-20181221095200@sha256:354bdcb209c5885321345c296450eef5e25894b76579f4dd2576457b357f580d	yes		CLAIM-S3-011
1.11.9	2019-01-30	kayenta	0.5.1-20190104141519	container-image	gcr.io/spinnaker-marketplace/kayenta:0.5.1-20190104141519@sha256:afc4886f592f5c94c11f72a1643afd697c9da2f2adf3f09ce93ea965bf530fdf	yes		CLAIM-S3-011
1.11.9	2019-01-30	keel	-	not-pinned	-	n/a		CLAIM-S3-006
1.11.10	2019-02-23	gate	1.4.0-20181217192627	container-image	gcr.io/spinnaker-marketplace/gate:1.4.0-20181217192627@sha256:a73cad76942c0b5fbbe67c2c5be911ca8aafa2fef2371daf34973bc1bbd1a915	yes		CLAIM-S3-011
1.11.10	2019-02-23	orca	2.2.1-20190123222535	container-image	gcr.io/spinnaker-marketplace/orca:2.2.1-20190123222535@sha256:afd16f725f776dcac601c19eacf4f44c7af7e5d9c5ea7dc7d72a35b218d00cdf	yes		CLAIM-S3-011
1.11.10	2019-02-23	clouddriver	4.2.7-20190214042508	container-image	gcr.io/spinnaker-marketplace/clouddriver:4.2.7-20190214042508@sha256:92eff5ade8e53985f110a908c6eab9cabbb4d827a62aa5174bca2535440499bf	yes		CLAIM-S3-011
1.11.10	2019-02-23	front50	0.14.1-20190128101926	container-image	gcr.io/spinnaker-marketplace/front50:0.14.1-20190128101926@sha256:88c7a62f4624c18cf1f053c5f8de684eca7640475d99e9f5e4092bdba27e1ddf	yes		CLAIM-S3-011
1.11.10	2019-02-23	echo	2.2.3-20190104153242	container-image	gcr.io/spinnaker-marketplace/echo:2.2.3-20190104153242@sha256:8b5df581048c4874a484c0d8e335f5a28b3baeda1f7055103a31b8b7b4836f53	yes		CLAIM-S3-011
1.11.10	2019-02-23	igor	1.0.0-20181207134351	container-image	gcr.io/spinnaker-marketplace/igor:1.0.0-20181207134351@sha256:8c815ed63e3aa01ffa118cdc51306b74e272326def592569927cb27a805a0c5f	yes	8	CLAIM-S3-011
1.11.10	2019-02-23	fiat	1.3.1-20190126042507	container-image	gcr.io/spinnaker-marketplace/fiat:1.3.1-20190126042507@sha256:b53ebfe9a2c3aecac3ff72385a6f382cb9c54f8758fc08eed236e248a68e18df	yes		CLAIM-S3-011
1.11.10	2019-02-23	rosco	0.8.2-20181221095200	container-image	gcr.io/spinnaker-marketplace/rosco:0.8.2-20181221095200@sha256:354bdcb209c5885321345c296450eef5e25894b76579f4dd2576457b357f580d	yes		CLAIM-S3-011
1.11.10	2019-02-23	kayenta	0.5.1-20190104141519	container-image	gcr.io/spinnaker-marketplace/kayenta:0.5.1-20190104141519@sha256:afc4886f592f5c94c11f72a1643afd697c9da2f2adf3f09ce93ea965bf530fdf	yes		CLAIM-S3-011
1.11.10	2019-02-23	keel	-	not-pinned	-	n/a		CLAIM-S3-006
1.11.11	2019-03-01	gate	1.4.0-20181217192627	container-image	gcr.io/spinnaker-marketplace/gate:1.4.0-20181217192627@sha256:a73cad76942c0b5fbbe67c2c5be911ca8aafa2fef2371daf34973bc1bbd1a915	yes		CLAIM-S3-011
1.11.11	2019-03-01	orca	2.2.1-20190123222535	container-image	gcr.io/spinnaker-marketplace/orca:2.2.1-20190123222535@sha256:afd16f725f776dcac601c19eacf4f44c7af7e5d9c5ea7dc7d72a35b218d00cdf	yes		CLAIM-S3-011
1.11.11	2019-03-01	clouddriver	4.2.8-20190226042510	container-image	gcr.io/spinnaker-marketplace/clouddriver:4.2.8-20190226042510@sha256:d91c3a14a8f34fdd9c9d7fad8e449e5cb740ef8dc00caff0882af546dbb45ad4	yes		CLAIM-S3-011
1.11.11	2019-03-01	front50	0.14.1-20190128101926	container-image	gcr.io/spinnaker-marketplace/front50:0.14.1-20190128101926@sha256:88c7a62f4624c18cf1f053c5f8de684eca7640475d99e9f5e4092bdba27e1ddf	yes		CLAIM-S3-011
1.11.11	2019-03-01	echo	2.2.3-20190104153242	container-image	gcr.io/spinnaker-marketplace/echo:2.2.3-20190104153242@sha256:8b5df581048c4874a484c0d8e335f5a28b3baeda1f7055103a31b8b7b4836f53	yes		CLAIM-S3-011
1.11.11	2019-03-01	igor	1.0.1-20190301112920	container-image	gcr.io/spinnaker-marketplace/igor:1.0.1-20190301112920@sha256:fc8c2825bf083958aec54bf668137c275fc08ba76d9f43c9c1017ad585984079	yes		CLAIM-S3-011
1.11.11	2019-03-01	fiat	1.3.1-20190126042507	container-image	gcr.io/spinnaker-marketplace/fiat:1.3.1-20190126042507@sha256:b53ebfe9a2c3aecac3ff72385a6f382cb9c54f8758fc08eed236e248a68e18df	yes		CLAIM-S3-011
1.11.11	2019-03-01	rosco	0.8.2-20181221095200	container-image	gcr.io/spinnaker-marketplace/rosco:0.8.2-20181221095200@sha256:354bdcb209c5885321345c296450eef5e25894b76579f4dd2576457b357f580d	yes		CLAIM-S3-011
1.11.11	2019-03-01	kayenta	0.5.1-20190104141519	container-image	gcr.io/spinnaker-marketplace/kayenta:0.5.1-20190104141519@sha256:afc4886f592f5c94c11f72a1643afd697c9da2f2adf3f09ce93ea965bf530fdf	yes		CLAIM-S3-011
1.11.11	2019-03-01	keel	-	not-pinned	-	n/a		CLAIM-S3-006
1.11.12	2019-04-04	gate	1.4.1-20190404180841	container-image	gcr.io/spinnaker-marketplace/gate:1.4.1-20190404180841@sha256:e07a4fd646b34a6efefb67fb00509b94f9631e64bb47e14865f2336b0b7225d7	yes		CLAIM-S3-011
1.11.12	2019-04-04	orca	2.2.1-20190123222535	container-image	gcr.io/spinnaker-marketplace/orca:2.2.1-20190123222535@sha256:afd16f725f776dcac601c19eacf4f44c7af7e5d9c5ea7dc7d72a35b218d00cdf	yes		CLAIM-S3-011
1.11.12	2019-04-04	clouddriver	4.2.8-20190226042510	container-image	gcr.io/spinnaker-marketplace/clouddriver:4.2.8-20190226042510@sha256:d91c3a14a8f34fdd9c9d7fad8e449e5cb740ef8dc00caff0882af546dbb45ad4	yes		CLAIM-S3-011
1.11.12	2019-04-04	front50	0.14.1-20190128101926	container-image	gcr.io/spinnaker-marketplace/front50:0.14.1-20190128101926@sha256:88c7a62f4624c18cf1f053c5f8de684eca7640475d99e9f5e4092bdba27e1ddf	yes		CLAIM-S3-011
1.11.12	2019-04-04	echo	2.2.3-20190104153242	container-image	gcr.io/spinnaker-marketplace/echo:2.2.3-20190104153242@sha256:8b5df581048c4874a484c0d8e335f5a28b3baeda1f7055103a31b8b7b4836f53	yes		CLAIM-S3-011
1.11.12	2019-04-04	igor	1.0.1-20190301112920	container-image	gcr.io/spinnaker-marketplace/igor:1.0.1-20190301112920@sha256:fc8c2825bf083958aec54bf668137c275fc08ba76d9f43c9c1017ad585984079	yes		CLAIM-S3-011
1.11.12	2019-04-04	fiat	1.3.1-20190126042507	container-image	gcr.io/spinnaker-marketplace/fiat:1.3.1-20190126042507@sha256:b53ebfe9a2c3aecac3ff72385a6f382cb9c54f8758fc08eed236e248a68e18df	yes		CLAIM-S3-011
1.11.12	2019-04-04	rosco	0.8.2-20181221095200	container-image	gcr.io/spinnaker-marketplace/rosco:0.8.2-20181221095200@sha256:354bdcb209c5885321345c296450eef5e25894b76579f4dd2576457b357f580d	yes		CLAIM-S3-011
1.11.12	2019-04-04	kayenta	0.5.1-20190104141519	container-image	gcr.io/spinnaker-marketplace/kayenta:0.5.1-20190104141519@sha256:afc4886f592f5c94c11f72a1643afd697c9da2f2adf3f09ce93ea965bf530fdf	yes		CLAIM-S3-011
1.11.12	2019-04-04	keel	-	not-pinned	-	n/a		CLAIM-S3-006
1.11.13	2019-04-29	gate	1.4.1-20190404180841	container-image	gcr.io/spinnaker-marketplace/gate:1.4.1-20190404180841@sha256:e07a4fd646b34a6efefb67fb00509b94f9631e64bb47e14865f2336b0b7225d7	yes		CLAIM-S3-011
1.11.13	2019-04-29	orca	2.2.1-20190123222535	container-image	gcr.io/spinnaker-marketplace/orca:2.2.1-20190123222535@sha256:afd16f725f776dcac601c19eacf4f44c7af7e5d9c5ea7dc7d72a35b218d00cdf	yes		CLAIM-S3-011
1.11.13	2019-04-29	clouddriver	4.2.9-20190429101001	container-image	gcr.io/spinnaker-marketplace/clouddriver:4.2.9-20190429101001@sha256:5a72f05a565fa64a9e0f5ca9e06b748026d90d23f48c95bf302f634bfd07f9f3	yes		CLAIM-S3-011
1.11.13	2019-04-29	front50	0.14.1-20190128101926	container-image	gcr.io/spinnaker-marketplace/front50:0.14.1-20190128101926@sha256:88c7a62f4624c18cf1f053c5f8de684eca7640475d99e9f5e4092bdba27e1ddf	yes		CLAIM-S3-011
1.11.13	2019-04-29	echo	2.2.3-20190104153242	container-image	gcr.io/spinnaker-marketplace/echo:2.2.3-20190104153242@sha256:8b5df581048c4874a484c0d8e335f5a28b3baeda1f7055103a31b8b7b4836f53	yes		CLAIM-S3-011
1.11.13	2019-04-29	igor	1.0.1-20190301112920	container-image	gcr.io/spinnaker-marketplace/igor:1.0.1-20190301112920@sha256:fc8c2825bf083958aec54bf668137c275fc08ba76d9f43c9c1017ad585984079	yes		CLAIM-S3-011
1.11.13	2019-04-29	fiat	1.3.1-20190126042507	container-image	gcr.io/spinnaker-marketplace/fiat:1.3.1-20190126042507@sha256:b53ebfe9a2c3aecac3ff72385a6f382cb9c54f8758fc08eed236e248a68e18df	yes		CLAIM-S3-011
1.11.13	2019-04-29	rosco	0.8.2-20181221095200	container-image	gcr.io/spinnaker-marketplace/rosco:0.8.2-20181221095200@sha256:354bdcb209c5885321345c296450eef5e25894b76579f4dd2576457b357f580d	yes		CLAIM-S3-011
1.11.13	2019-04-29	kayenta	0.5.1-20190104141519	container-image	gcr.io/spinnaker-marketplace/kayenta:0.5.1-20190104141519@sha256:afc4886f592f5c94c11f72a1643afd697c9da2f2adf3f09ce93ea965bf530fdf	yes		CLAIM-S3-011
1.11.13	2019-04-29	keel	-	not-pinned	-	n/a		CLAIM-S3-006
1.12.0	2019-01-28	gate	1.5.0-20190123161040	container-image	gcr.io/spinnaker-marketplace/gate:1.5.0-20190123161040@sha256:ad60da1646e10f4108ebbdf0a32e3ad3b8d6e5257ca5f80f2af2a03860267439	yes	8	CLAIM-S3-011
1.12.0	2019-01-28	orca	2.3.0-20190128134206	container-image	gcr.io/spinnaker-marketplace/orca:2.3.0-20190128134206@sha256:419611389ef0bb9a978fee0af1c19d87bfb6d93b3b39258b88940f01fe6705cc	yes	8	CLAIM-S3-011
1.12.0	2019-01-28	clouddriver	4.3.0-20190128134206	container-image	gcr.io/spinnaker-marketplace/clouddriver:4.3.0-20190128134206@sha256:8310311e5d29237e5d5d122ad69e7607663b66bcf69911984086f106173327d6	yes	8	CLAIM-S3-011
1.12.0	2019-01-28	front50	0.15.0-20190123161040	container-image	gcr.io/spinnaker-marketplace/front50:0.15.0-20190123161040@sha256:1453823762de5862128e2cb26d5f98d5c4be7a490a1422a58762c5c004928c4b	yes	8	CLAIM-S3-011
1.12.0	2019-01-28	echo	2.3.0-20190123160119	container-image	gcr.io/spinnaker-marketplace/echo:2.3.0-20190123160119@sha256:aa27a92fe7f1a153d13bff6a48860e2bdd911903aa131ad8eb8964415f4973d6	yes	8	CLAIM-S3-011
1.12.0	2019-01-28	igor	1.1.0-20190123161040	container-image	gcr.io/spinnaker-marketplace/igor:1.1.0-20190123161040@sha256:0738c683a66078e5f1ddd5eda88500f1e1ae45ad23f595ea5110bc01c6db569f	yes	8	CLAIM-S3-011
1.12.0	2019-01-28	fiat	1.3.2-20190128153726	container-image	gcr.io/spinnaker-marketplace/fiat:1.3.2-20190128153726@sha256:3199eea974e67a4142962141d78d0d6cbd7f38430d0cf9c2262cd2c95eb412b4	yes	8	CLAIM-S3-011
1.12.0	2019-01-28	rosco	0.9.0-20190123170846	container-image	gcr.io/spinnaker-marketplace/rosco:0.9.0-20190123170846@sha256:bb7a45ce658af0fb9b82b5ab446e220f22bf78dfd73cf538398fec8aeca3e7d7	yes	8	CLAIM-S3-011
1.12.0	2019-01-28	kayenta	0.6.0-20190123160119	container-image	gcr.io/spinnaker-marketplace/kayenta:0.6.0-20190123160119@sha256:d62320ad1eb7b0d06b4af3b32b1cbc1655c533df1a8e2ef99431dfc71b2c5ea9	yes	8	CLAIM-S3-011
1.12.0	2019-01-28	keel	-	not-pinned	-	n/a		CLAIM-S3-006
1.12.1	2019-01-31	gate	1.5.0-20190123161040	container-image	gcr.io/spinnaker-marketplace/gate:1.5.0-20190123161040@sha256:ad60da1646e10f4108ebbdf0a32e3ad3b8d6e5257ca5f80f2af2a03860267439	yes	8	CLAIM-S3-011
1.12.1	2019-01-31	orca	2.3.0-20190128134206	container-image	gcr.io/spinnaker-marketplace/orca:2.3.0-20190128134206@sha256:419611389ef0bb9a978fee0af1c19d87bfb6d93b3b39258b88940f01fe6705cc	yes	8	CLAIM-S3-011
1.12.1	2019-01-31	clouddriver	4.3.1-20190130095322	container-image	gcr.io/spinnaker-marketplace/clouddriver:4.3.1-20190130095322@sha256:466228b97b8c4a61a0270c53ae4c397eb04bc3661bc4f1ee9ef4d5fce70d187d	yes		CLAIM-S3-011
1.12.1	2019-01-31	front50	0.15.0-20190123161040	container-image	gcr.io/spinnaker-marketplace/front50:0.15.0-20190123161040@sha256:1453823762de5862128e2cb26d5f98d5c4be7a490a1422a58762c5c004928c4b	yes	8	CLAIM-S3-011
1.12.1	2019-01-31	echo	2.3.0-20190123160119	container-image	gcr.io/spinnaker-marketplace/echo:2.3.0-20190123160119@sha256:aa27a92fe7f1a153d13bff6a48860e2bdd911903aa131ad8eb8964415f4973d6	yes	8	CLAIM-S3-011
1.12.1	2019-01-31	igor	1.1.0-20190123161040	container-image	gcr.io/spinnaker-marketplace/igor:1.1.0-20190123161040@sha256:0738c683a66078e5f1ddd5eda88500f1e1ae45ad23f595ea5110bc01c6db569f	yes	8	CLAIM-S3-011
1.12.1	2019-01-31	fiat	1.3.2-20190128153726	container-image	gcr.io/spinnaker-marketplace/fiat:1.3.2-20190128153726@sha256:3199eea974e67a4142962141d78d0d6cbd7f38430d0cf9c2262cd2c95eb412b4	yes	8	CLAIM-S3-011
1.12.1	2019-01-31	rosco	0.9.0-20190123170846	container-image	gcr.io/spinnaker-marketplace/rosco:0.9.0-20190123170846@sha256:bb7a45ce658af0fb9b82b5ab446e220f22bf78dfd73cf538398fec8aeca3e7d7	yes	8	CLAIM-S3-011
1.12.1	2019-01-31	kayenta	0.6.0-20190123160119	container-image	gcr.io/spinnaker-marketplace/kayenta:0.6.0-20190123160119@sha256:d62320ad1eb7b0d06b4af3b32b1cbc1655c533df1a8e2ef99431dfc71b2c5ea9	yes	8	CLAIM-S3-011
1.12.1	2019-01-31	keel	-	not-pinned	-	n/a		CLAIM-S3-006
1.12.2	2019-02-14	gate	1.5.0-20190123161040	container-image	gcr.io/spinnaker-marketplace/gate:1.5.0-20190123161040@sha256:ad60da1646e10f4108ebbdf0a32e3ad3b8d6e5257ca5f80f2af2a03860267439	yes	8	CLAIM-S3-011
1.12.2	2019-02-14	orca	2.3.0-20190128134206	container-image	gcr.io/spinnaker-marketplace/orca:2.3.0-20190128134206@sha256:419611389ef0bb9a978fee0af1c19d87bfb6d93b3b39258b88940f01fe6705cc	yes	8	CLAIM-S3-011
1.12.2	2019-02-14	clouddriver	4.3.2-20190214135248	container-image	gcr.io/spinnaker-marketplace/clouddriver:4.3.2-20190214135248@sha256:f05fd1c41cd133f1d0851627df44681df3f1ff8faca3e9a627c17f0275393205	yes		CLAIM-S3-011
1.12.2	2019-02-14	front50	0.15.1-20190213161035	container-image	gcr.io/spinnaker-marketplace/front50:0.15.1-20190213161035@sha256:d0328edaeea1c10ca08d4275d03c95ea73659d405b36331fac4ad9d8236a46e8	yes		CLAIM-S3-011
1.12.2	2019-02-14	echo	2.3.1-20190214121429	container-image	gcr.io/spinnaker-marketplace/echo:2.3.1-20190214121429@sha256:760bbe0f589a62946f2f0e572f4f1edbd23a992274e87a321e1321c2546bef61	yes		CLAIM-S3-011
1.12.2	2019-02-14	igor	1.1.1-20190213190226	container-image	gcr.io/spinnaker-marketplace/igor:1.1.1-20190213190226@sha256:e8b30834d700a683f4048ff036bcdae259c07dd2947c2d23473d89c4d79c9d5e	yes		CLAIM-S3-011
1.12.2	2019-02-14	fiat	1.3.2-20190128153726	container-image	gcr.io/spinnaker-marketplace/fiat:1.3.2-20190128153726@sha256:3199eea974e67a4142962141d78d0d6cbd7f38430d0cf9c2262cd2c95eb412b4	yes	8	CLAIM-S3-011
1.12.2	2019-02-14	rosco	0.9.0-20190123170846	container-image	gcr.io/spinnaker-marketplace/rosco:0.9.0-20190123170846@sha256:bb7a45ce658af0fb9b82b5ab446e220f22bf78dfd73cf538398fec8aeca3e7d7	yes	8	CLAIM-S3-011
1.12.2	2019-02-14	kayenta	0.6.0-20190123160119	container-image	gcr.io/spinnaker-marketplace/kayenta:0.6.0-20190123160119@sha256:d62320ad1eb7b0d06b4af3b32b1cbc1655c533df1a8e2ef99431dfc71b2c5ea9	yes	8	CLAIM-S3-011
1.12.2	2019-02-14	keel	-	not-pinned	-	n/a		CLAIM-S3-006
1.12.3	2019-02-22	gate	1.5.1-20190222135817	container-image	gcr.io/spinnaker-marketplace/gate:1.5.1-20190222135817@sha256:bfd8da5118bde618fb74611d5e46e225aede99c4e3f2bc9ed1f77a44cab8f23e	yes		CLAIM-S3-011
1.12.3	2019-02-22	orca	2.3.1-20190220030610	container-image	gcr.io/spinnaker-marketplace/orca:2.3.1-20190220030610@sha256:7b5d0239c8a3f6dd525f089638dc963c45cdce64d81ac4810611cb497f8ba404	yes		CLAIM-S3-011
1.12.3	2019-02-22	clouddriver	4.3.3-20190222135817	container-image	gcr.io/spinnaker-marketplace/clouddriver:4.3.3-20190222135817@sha256:05211018af60b83ce7d0efb8a4bea9698200646a2c3d239c5f8b8ee41877388b	yes		CLAIM-S3-011
1.12.3	2019-02-22	front50	0.15.2-20190222161456	container-image	gcr.io/spinnaker-marketplace/front50:0.15.2-20190222161456@sha256:f8bbb11733dd94e7a25a06bf2fa683b8593ff15ec85b890cfb1279bf047f9e96	yes		CLAIM-S3-011
1.12.3	2019-02-22	echo	2.3.1-20190214121429	container-image	gcr.io/spinnaker-marketplace/echo:2.3.1-20190214121429@sha256:760bbe0f589a62946f2f0e572f4f1edbd23a992274e87a321e1321c2546bef61	yes		CLAIM-S3-011
1.12.3	2019-02-22	igor	1.1.1-20190213190226	container-image	gcr.io/spinnaker-marketplace/igor:1.1.1-20190213190226@sha256:e8b30834d700a683f4048ff036bcdae259c07dd2947c2d23473d89c4d79c9d5e	yes		CLAIM-S3-011
1.12.3	2019-02-22	fiat	1.3.2-20190128153726	container-image	gcr.io/spinnaker-marketplace/fiat:1.3.2-20190128153726@sha256:3199eea974e67a4142962141d78d0d6cbd7f38430d0cf9c2262cd2c95eb412b4	yes	8	CLAIM-S3-011
1.12.3	2019-02-22	rosco	0.9.0-20190123170846	container-image	gcr.io/spinnaker-marketplace/rosco:0.9.0-20190123170846@sha256:bb7a45ce658af0fb9b82b5ab446e220f22bf78dfd73cf538398fec8aeca3e7d7	yes	8	CLAIM-S3-011
1.12.3	2019-02-22	kayenta	0.6.1-20190221030610	container-image	gcr.io/spinnaker-marketplace/kayenta:0.6.1-20190221030610@sha256:0830d99b6f91e2240655c12705b4555308cb95ce10932d723f9b367004ead3aa	yes		CLAIM-S3-011
1.12.3	2019-02-22	keel	-	not-pinned	-	n/a		CLAIM-S3-006
1.12.4	2019-03-01	gate	1.5.2-20190301030607	container-image	gcr.io/spinnaker-marketplace/gate:1.5.2-20190301030607@sha256:4b03b792e9cb95bcb4a5f6994af7f67442a50137175bb2b0b45d031234dc1a86	yes		CLAIM-S3-011
1.12.4	2019-03-01	orca	2.3.1-20190220030610	container-image	gcr.io/spinnaker-marketplace/orca:2.3.1-20190220030610@sha256:7b5d0239c8a3f6dd525f089638dc963c45cdce64d81ac4810611cb497f8ba404	yes		CLAIM-S3-011
1.12.4	2019-03-01	clouddriver	4.3.4-20190301030607	container-image	gcr.io/spinnaker-marketplace/clouddriver:4.3.4-20190301030607@sha256:7c4727aeb31373a89975d2f9aac10f62a8ece608670d612f695f54a34a0b9936	yes		CLAIM-S3-011
1.12.4	2019-03-01	front50	0.15.2-20190222161456	container-image	gcr.io/spinnaker-marketplace/front50:0.15.2-20190222161456@sha256:f8bbb11733dd94e7a25a06bf2fa683b8593ff15ec85b890cfb1279bf047f9e96	yes		CLAIM-S3-011
1.12.4	2019-03-01	echo	2.3.1-20190214121429	container-image	gcr.io/spinnaker-marketplace/echo:2.3.1-20190214121429@sha256:760bbe0f589a62946f2f0e572f4f1edbd23a992274e87a321e1321c2546bef61	yes		CLAIM-S3-011
1.12.4	2019-03-01	igor	1.1.1-20190213190226	container-image	gcr.io/spinnaker-marketplace/igor:1.1.1-20190213190226@sha256:e8b30834d700a683f4048ff036bcdae259c07dd2947c2d23473d89c4d79c9d5e	yes		CLAIM-S3-011
1.12.4	2019-03-01	fiat	1.3.2-20190128153726	container-image	gcr.io/spinnaker-marketplace/fiat:1.3.2-20190128153726@sha256:3199eea974e67a4142962141d78d0d6cbd7f38430d0cf9c2262cd2c95eb412b4	yes	8	CLAIM-S3-011
1.12.4	2019-03-01	rosco	0.9.0-20190123170846	container-image	gcr.io/spinnaker-marketplace/rosco:0.9.0-20190123170846@sha256:bb7a45ce658af0fb9b82b5ab446e220f22bf78dfd73cf538398fec8aeca3e7d7	yes	8	CLAIM-S3-011
1.12.4	2019-03-01	kayenta	0.6.1-20190221030610	container-image	gcr.io/spinnaker-marketplace/kayenta:0.6.1-20190221030610@sha256:0830d99b6f91e2240655c12705b4555308cb95ce10932d723f9b367004ead3aa	yes		CLAIM-S3-011
1.12.4	2019-03-01	keel	-	not-pinned	-	n/a		CLAIM-S3-006
1.12.5	2019-03-08	gate	1.5.2-20190301030607	container-image	gcr.io/spinnaker-marketplace/gate:1.5.2-20190301030607@sha256:4b03b792e9cb95bcb4a5f6994af7f67442a50137175bb2b0b45d031234dc1a86	yes		CLAIM-S3-011
1.12.5	2019-03-08	orca	2.4.0-20190308182538	container-image	gcr.io/spinnaker-marketplace/orca:2.4.0-20190308182538@sha256:ef3f3f21805daa9053898cb7ce4106446fd5ca74a77d3e9d976e7171f2960388	yes		CLAIM-S3-011
1.12.5	2019-03-08	clouddriver	4.3.5-20190307172446	container-image	gcr.io/spinnaker-marketplace/clouddriver:4.3.5-20190307172446@sha256:dc19649fd0526f5005e9223f1ffda7802dc68139c2ca6010d31fb5daea0b99fa	yes		CLAIM-S3-011
1.12.5	2019-03-08	front50	0.15.2-20190222161456	container-image	gcr.io/spinnaker-marketplace/front50:0.15.2-20190222161456@sha256:f8bbb11733dd94e7a25a06bf2fa683b8593ff15ec85b890cfb1279bf047f9e96	yes		CLAIM-S3-011
1.12.5	2019-03-08	echo	2.3.1-20190214121429	container-image	gcr.io/spinnaker-marketplace/echo:2.3.1-20190214121429@sha256:760bbe0f589a62946f2f0e572f4f1edbd23a992274e87a321e1321c2546bef61	yes		CLAIM-S3-011
1.12.5	2019-03-08	igor	1.1.1-20190213190226	container-image	gcr.io/spinnaker-marketplace/igor:1.1.1-20190213190226@sha256:e8b30834d700a683f4048ff036bcdae259c07dd2947c2d23473d89c4d79c9d5e	yes		CLAIM-S3-011
1.12.5	2019-03-08	fiat	1.3.2-20190128153726	container-image	gcr.io/spinnaker-marketplace/fiat:1.3.2-20190128153726@sha256:3199eea974e67a4142962141d78d0d6cbd7f38430d0cf9c2262cd2c95eb412b4	yes	8	CLAIM-S3-011
1.12.5	2019-03-08	rosco	0.9.0-20190123170846	container-image	gcr.io/spinnaker-marketplace/rosco:0.9.0-20190123170846@sha256:bb7a45ce658af0fb9b82b5ab446e220f22bf78dfd73cf538398fec8aeca3e7d7	yes	8	CLAIM-S3-011
1.12.5	2019-03-08	kayenta	0.6.1-20190221030610	container-image	gcr.io/spinnaker-marketplace/kayenta:0.6.1-20190221030610@sha256:0830d99b6f91e2240655c12705b4555308cb95ce10932d723f9b367004ead3aa	yes		CLAIM-S3-011
1.12.5	2019-03-08	keel	-	not-pinned	-	n/a		CLAIM-S3-006
1.12.6	2019-03-14	gate	1.5.2-20190301030607	container-image	gcr.io/spinnaker-marketplace/gate:1.5.2-20190301030607@sha256:4b03b792e9cb95bcb4a5f6994af7f67442a50137175bb2b0b45d031234dc1a86	yes		CLAIM-S3-011
1.12.6	2019-03-14	orca	2.4.1-20190312030608	container-image	gcr.io/spinnaker-marketplace/orca:2.4.1-20190312030608@sha256:b7a8488c79afde79e8da16d0bc44ad2733d7d5abd7dcb693f68b116e1bdb775f	yes		CLAIM-S3-011
1.12.6	2019-03-14	clouddriver	4.3.6-20190313030608	container-image	gcr.io/spinnaker-marketplace/clouddriver:4.3.6-20190313030608@sha256:4a31a01d04488a4b7bc08fe66d8ad99d6741e133982cbacb14cec291f3bbd01d	yes		CLAIM-S3-011
1.12.6	2019-03-14	front50	0.15.2-20190222161456	container-image	gcr.io/spinnaker-marketplace/front50:0.15.2-20190222161456@sha256:f8bbb11733dd94e7a25a06bf2fa683b8593ff15ec85b890cfb1279bf047f9e96	yes		CLAIM-S3-011
1.12.6	2019-03-14	echo	2.3.1-20190214121429	container-image	gcr.io/spinnaker-marketplace/echo:2.3.1-20190214121429@sha256:760bbe0f589a62946f2f0e572f4f1edbd23a992274e87a321e1321c2546bef61	yes		CLAIM-S3-011
1.12.6	2019-03-14	igor	1.1.1-20190213190226	container-image	gcr.io/spinnaker-marketplace/igor:1.1.1-20190213190226@sha256:e8b30834d700a683f4048ff036bcdae259c07dd2947c2d23473d89c4d79c9d5e	yes		CLAIM-S3-011
1.12.6	2019-03-14	fiat	1.3.2-20190128153726	container-image	gcr.io/spinnaker-marketplace/fiat:1.3.2-20190128153726@sha256:3199eea974e67a4142962141d78d0d6cbd7f38430d0cf9c2262cd2c95eb412b4	yes	8	CLAIM-S3-011
1.12.6	2019-03-14	rosco	0.9.0-20190123170846	container-image	gcr.io/spinnaker-marketplace/rosco:0.9.0-20190123170846@sha256:bb7a45ce658af0fb9b82b5ab446e220f22bf78dfd73cf538398fec8aeca3e7d7	yes	8	CLAIM-S3-011
1.12.6	2019-03-14	kayenta	0.6.1-20190221030610	container-image	gcr.io/spinnaker-marketplace/kayenta:0.6.1-20190221030610@sha256:0830d99b6f91e2240655c12705b4555308cb95ce10932d723f9b367004ead3aa	yes		CLAIM-S3-011
1.12.6	2019-03-14	keel	-	not-pinned	-	n/a		CLAIM-S3-006
1.12.7	2019-03-18	gate	1.5.2-20190301030607	container-image	gcr.io/spinnaker-marketplace/gate:1.5.2-20190301030607@sha256:4b03b792e9cb95bcb4a5f6994af7f67442a50137175bb2b0b45d031234dc1a86	yes		CLAIM-S3-011
1.12.7	2019-03-18	orca	2.4.1-20190312030608	container-image	gcr.io/spinnaker-marketplace/orca:2.4.1-20190312030608@sha256:b7a8488c79afde79e8da16d0bc44ad2733d7d5abd7dcb693f68b116e1bdb775f	yes		CLAIM-S3-011
1.12.7	2019-03-18	clouddriver	4.3.7-20190318133252	container-image	gcr.io/spinnaker-marketplace/clouddriver:4.3.7-20190318133252@sha256:817407e7daa168491e9d198e5de1631be05c872a8904f14363d5408a6fcf7db5	yes		CLAIM-S3-011
1.12.7	2019-03-18	front50	0.15.2-20190222161456	container-image	gcr.io/spinnaker-marketplace/front50:0.15.2-20190222161456@sha256:f8bbb11733dd94e7a25a06bf2fa683b8593ff15ec85b890cfb1279bf047f9e96	yes		CLAIM-S3-011
1.12.7	2019-03-18	echo	2.3.1-20190214121429	container-image	gcr.io/spinnaker-marketplace/echo:2.3.1-20190214121429@sha256:760bbe0f589a62946f2f0e572f4f1edbd23a992274e87a321e1321c2546bef61	yes		CLAIM-S3-011
1.12.7	2019-03-18	igor	1.1.1-20190213190226	container-image	gcr.io/spinnaker-marketplace/igor:1.1.1-20190213190226@sha256:e8b30834d700a683f4048ff036bcdae259c07dd2947c2d23473d89c4d79c9d5e	yes		CLAIM-S3-011
1.12.7	2019-03-18	fiat	1.3.2-20190128153726	container-image	gcr.io/spinnaker-marketplace/fiat:1.3.2-20190128153726@sha256:3199eea974e67a4142962141d78d0d6cbd7f38430d0cf9c2262cd2c95eb412b4	yes	8	CLAIM-S3-011
1.12.7	2019-03-18	rosco	0.10.0-20190315030608	container-image	gcr.io/spinnaker-marketplace/rosco:0.10.0-20190315030608@sha256:1ac41c690308550a8f8f629ea6e00f57cfa5eefb579f970abe28ee1466dfb929	yes		CLAIM-S3-011
1.12.7	2019-03-18	kayenta	0.6.1-20190221030610	container-image	gcr.io/spinnaker-marketplace/kayenta:0.6.1-20190221030610@sha256:0830d99b6f91e2240655c12705b4555308cb95ce10932d723f9b367004ead3aa	yes		CLAIM-S3-011
1.12.7	2019-03-18	keel	-	not-pinned	-	n/a		CLAIM-S3-006
1.12.8	2019-03-30	gate	1.5.2-20190301030607	container-image	gcr.io/spinnaker-marketplace/gate:1.5.2-20190301030607@sha256:4b03b792e9cb95bcb4a5f6994af7f67442a50137175bb2b0b45d031234dc1a86	yes		CLAIM-S3-011
1.12.8	2019-03-30	orca	2.4.2-20190323030609	container-image	gcr.io/spinnaker-marketplace/orca:2.4.2-20190323030609@sha256:ec0c7112033820316e215ce23dbdb1b6af995a2df4a5a8d1b6cf4288693af378	yes		CLAIM-S3-011
1.12.8	2019-03-30	clouddriver	4.3.8-20190330030609	container-image	gcr.io/spinnaker-marketplace/clouddriver:4.3.8-20190330030609@sha256:e3149047a6afa1b83309a4e007281745dcb5ac637e3880fa325fb1998b7ddd1e	yes		CLAIM-S3-011
1.12.8	2019-03-30	front50	0.15.2-20190222161456	container-image	gcr.io/spinnaker-marketplace/front50:0.15.2-20190222161456@sha256:f8bbb11733dd94e7a25a06bf2fa683b8593ff15ec85b890cfb1279bf047f9e96	yes		CLAIM-S3-011
1.12.8	2019-03-30	echo	2.3.1-20190214121429	container-image	gcr.io/spinnaker-marketplace/echo:2.3.1-20190214121429@sha256:760bbe0f589a62946f2f0e572f4f1edbd23a992274e87a321e1321c2546bef61	yes		CLAIM-S3-011
1.12.8	2019-03-30	igor	1.1.1-20190213190226	container-image	gcr.io/spinnaker-marketplace/igor:1.1.1-20190213190226@sha256:e8b30834d700a683f4048ff036bcdae259c07dd2947c2d23473d89c4d79c9d5e	yes		CLAIM-S3-011
1.12.8	2019-03-30	fiat	1.3.2-20190128153726	container-image	gcr.io/spinnaker-marketplace/fiat:1.3.2-20190128153726@sha256:3199eea974e67a4142962141d78d0d6cbd7f38430d0cf9c2262cd2c95eb412b4	yes	8	CLAIM-S3-011
1.12.8	2019-03-30	rosco	0.10.0-20190315030608	container-image	gcr.io/spinnaker-marketplace/rosco:0.10.0-20190315030608@sha256:1ac41c690308550a8f8f629ea6e00f57cfa5eefb579f970abe28ee1466dfb929	yes		CLAIM-S3-011
1.12.8	2019-03-30	kayenta	0.6.1-20190221030610	container-image	gcr.io/spinnaker-marketplace/kayenta:0.6.1-20190221030610@sha256:0830d99b6f91e2240655c12705b4555308cb95ce10932d723f9b367004ead3aa	yes		CLAIM-S3-011
1.12.8	2019-03-30	keel	-	not-pinned	-	n/a		CLAIM-S3-006
1.12.9	2019-04-04	gate	1.5.3-20190404174621	container-image	gcr.io/spinnaker-marketplace/gate:1.5.3-20190404174621@sha256:174616393b5c454269de778e3b1711cd47983786134d6ba2bc54915cc7b0f334	yes		CLAIM-S3-011
1.12.9	2019-04-04	orca	2.4.2-20190323030609	container-image	gcr.io/spinnaker-marketplace/orca:2.4.2-20190323030609@sha256:ec0c7112033820316e215ce23dbdb1b6af995a2df4a5a8d1b6cf4288693af378	yes		CLAIM-S3-011
1.12.9	2019-04-04	clouddriver	4.3.9-20190403134824	container-image	gcr.io/spinnaker-marketplace/clouddriver:4.3.9-20190403134824@sha256:6adcb0e0d479000680ecf4acd9c10a93df8844a505cf946705fb14f7cd56a474	yes		CLAIM-S3-011
1.12.9	2019-04-04	front50	0.15.2-20190222161456	container-image	gcr.io/spinnaker-marketplace/front50:0.15.2-20190222161456@sha256:f8bbb11733dd94e7a25a06bf2fa683b8593ff15ec85b890cfb1279bf047f9e96	yes		CLAIM-S3-011
1.12.9	2019-04-04	echo	2.3.1-20190214121429	container-image	gcr.io/spinnaker-marketplace/echo:2.3.1-20190214121429@sha256:760bbe0f589a62946f2f0e572f4f1edbd23a992274e87a321e1321c2546bef61	yes		CLAIM-S3-011
1.12.9	2019-04-04	igor	1.1.1-20190213190226	container-image	gcr.io/spinnaker-marketplace/igor:1.1.1-20190213190226@sha256:e8b30834d700a683f4048ff036bcdae259c07dd2947c2d23473d89c4d79c9d5e	yes		CLAIM-S3-011
1.12.9	2019-04-04	fiat	1.3.2-20190128153726	container-image	gcr.io/spinnaker-marketplace/fiat:1.3.2-20190128153726@sha256:3199eea974e67a4142962141d78d0d6cbd7f38430d0cf9c2262cd2c95eb412b4	yes	8	CLAIM-S3-011
1.12.9	2019-04-04	rosco	0.10.0-20190315030608	container-image	gcr.io/spinnaker-marketplace/rosco:0.10.0-20190315030608@sha256:1ac41c690308550a8f8f629ea6e00f57cfa5eefb579f970abe28ee1466dfb929	yes		CLAIM-S3-011
1.12.9	2019-04-04	kayenta	0.6.1-20190221030610	container-image	gcr.io/spinnaker-marketplace/kayenta:0.6.1-20190221030610@sha256:0830d99b6f91e2240655c12705b4555308cb95ce10932d723f9b367004ead3aa	yes		CLAIM-S3-011
1.12.9	2019-04-04	keel	-	not-pinned	-	n/a		CLAIM-S3-006
1.12.10	2019-04-25	gate	1.5.3-20190404174621	container-image	gcr.io/spinnaker-marketplace/gate:1.5.3-20190404174621@sha256:174616393b5c454269de778e3b1711cd47983786134d6ba2bc54915cc7b0f334	yes		CLAIM-S3-011
1.12.10	2019-04-25	orca	2.4.2-20190323030609	container-image	gcr.io/spinnaker-marketplace/orca:2.4.2-20190323030609@sha256:ec0c7112033820316e215ce23dbdb1b6af995a2df4a5a8d1b6cf4288693af378	yes		CLAIM-S3-011
1.12.10	2019-04-25	clouddriver	4.3.10-20190424030608	container-image	gcr.io/spinnaker-marketplace/clouddriver:4.3.10-20190424030608@sha256:bf7b55805d1a321a3fc46aaf384f07f11666b8cc3e5d205c7ef11d9717f52203	yes		CLAIM-S3-011
1.12.10	2019-04-25	front50	0.15.2-20190222161456	container-image	gcr.io/spinnaker-marketplace/front50:0.15.2-20190222161456@sha256:f8bbb11733dd94e7a25a06bf2fa683b8593ff15ec85b890cfb1279bf047f9e96	yes		CLAIM-S3-011
1.12.10	2019-04-25	echo	2.3.1-20190214121429	container-image	gcr.io/spinnaker-marketplace/echo:2.3.1-20190214121429@sha256:760bbe0f589a62946f2f0e572f4f1edbd23a992274e87a321e1321c2546bef61	yes		CLAIM-S3-011
1.12.10	2019-04-25	igor	1.1.1-20190213190226	container-image	gcr.io/spinnaker-marketplace/igor:1.1.1-20190213190226@sha256:e8b30834d700a683f4048ff036bcdae259c07dd2947c2d23473d89c4d79c9d5e	yes		CLAIM-S3-011
1.12.10	2019-04-25	fiat	1.3.2-20190128153726	container-image	gcr.io/spinnaker-marketplace/fiat:1.3.2-20190128153726@sha256:3199eea974e67a4142962141d78d0d6cbd7f38430d0cf9c2262cd2c95eb412b4	yes	8	CLAIM-S3-011
1.12.10	2019-04-25	rosco	0.10.0-20190315030608	container-image	gcr.io/spinnaker-marketplace/rosco:0.10.0-20190315030608@sha256:1ac41c690308550a8f8f629ea6e00f57cfa5eefb579f970abe28ee1466dfb929	yes		CLAIM-S3-011
1.12.10	2019-04-25	kayenta	0.6.1-20190221030610	container-image	gcr.io/spinnaker-marketplace/kayenta:0.6.1-20190221030610@sha256:0830d99b6f91e2240655c12705b4555308cb95ce10932d723f9b367004ead3aa	yes		CLAIM-S3-011
1.12.10	2019-04-25	keel	-	not-pinned	-	n/a		CLAIM-S3-006
1.12.11	2019-05-08	gate	1.5.3-20190404174621	container-image	gcr.io/spinnaker-marketplace/gate:1.5.3-20190404174621@sha256:174616393b5c454269de778e3b1711cd47983786134d6ba2bc54915cc7b0f334	yes		CLAIM-S3-011
1.12.11	2019-05-08	orca	2.4.2-20190323030609	container-image	gcr.io/spinnaker-marketplace/orca:2.4.2-20190323030609@sha256:ec0c7112033820316e215ce23dbdb1b6af995a2df4a5a8d1b6cf4288693af378	yes		CLAIM-S3-011
1.12.11	2019-05-08	clouddriver	4.3.10-20190424030608	container-image	gcr.io/spinnaker-marketplace/clouddriver:4.3.10-20190424030608@sha256:bf7b55805d1a321a3fc46aaf384f07f11666b8cc3e5d205c7ef11d9717f52203	yes		CLAIM-S3-011
1.12.11	2019-05-08	front50	0.15.2-20190222161456	container-image	gcr.io/spinnaker-marketplace/front50:0.15.2-20190222161456@sha256:f8bbb11733dd94e7a25a06bf2fa683b8593ff15ec85b890cfb1279bf047f9e96	yes		CLAIM-S3-011
1.12.11	2019-05-08	echo	2.3.1-20190214121429	container-image	gcr.io/spinnaker-marketplace/echo:2.3.1-20190214121429@sha256:760bbe0f589a62946f2f0e572f4f1edbd23a992274e87a321e1321c2546bef61	yes		CLAIM-S3-011
1.12.11	2019-05-08	igor	1.1.1-20190213190226	container-image	gcr.io/spinnaker-marketplace/igor:1.1.1-20190213190226@sha256:e8b30834d700a683f4048ff036bcdae259c07dd2947c2d23473d89c4d79c9d5e	yes		CLAIM-S3-011
1.12.11	2019-05-08	fiat	1.3.2-20190128153726	container-image	gcr.io/spinnaker-marketplace/fiat:1.3.2-20190128153726@sha256:3199eea974e67a4142962141d78d0d6cbd7f38430d0cf9c2262cd2c95eb412b4	yes	8	CLAIM-S3-011
1.12.11	2019-05-08	rosco	0.10.0-20190315030608	container-image	gcr.io/spinnaker-marketplace/rosco:0.10.0-20190315030608@sha256:1ac41c690308550a8f8f629ea6e00f57cfa5eefb579f970abe28ee1466dfb929	yes		CLAIM-S3-011
1.12.11	2019-05-08	kayenta	0.6.1-20190221030610	container-image	gcr.io/spinnaker-marketplace/kayenta:0.6.1-20190221030610@sha256:0830d99b6f91e2240655c12705b4555308cb95ce10932d723f9b367004ead3aa	yes		CLAIM-S3-011
1.12.11	2019-05-08	keel	-	not-pinned	-	n/a		CLAIM-S3-006
1.12.12	2019-06-05	gate	1.5.3-20190404174621	container-image	gcr.io/spinnaker-marketplace/gate:1.5.3-20190404174621@sha256:174616393b5c454269de778e3b1711cd47983786134d6ba2bc54915cc7b0f334	yes		CLAIM-S3-011
1.12.12	2019-06-05	orca	2.4.2-20190323030609	container-image	gcr.io/spinnaker-marketplace/orca:2.4.2-20190323030609@sha256:ec0c7112033820316e215ce23dbdb1b6af995a2df4a5a8d1b6cf4288693af378	yes		CLAIM-S3-011
1.12.12	2019-06-05	clouddriver	4.3.10-20190424030608	container-image	gcr.io/spinnaker-marketplace/clouddriver:4.3.10-20190424030608@sha256:bf7b55805d1a321a3fc46aaf384f07f11666b8cc3e5d205c7ef11d9717f52203	yes		CLAIM-S3-011
1.12.12	2019-06-05	front50	0.15.2-20190222161456	container-image	gcr.io/spinnaker-marketplace/front50:0.15.2-20190222161456@sha256:f8bbb11733dd94e7a25a06bf2fa683b8593ff15ec85b890cfb1279bf047f9e96	yes		CLAIM-S3-011
1.12.12	2019-06-05	echo	2.3.1-20190214121429	container-image	gcr.io/spinnaker-marketplace/echo:2.3.1-20190214121429@sha256:760bbe0f589a62946f2f0e572f4f1edbd23a992274e87a321e1321c2546bef61	yes		CLAIM-S3-011
1.12.12	2019-06-05	igor	1.1.1-20190213190226	container-image	gcr.io/spinnaker-marketplace/igor:1.1.1-20190213190226@sha256:e8b30834d700a683f4048ff036bcdae259c07dd2947c2d23473d89c4d79c9d5e	yes		CLAIM-S3-011
1.12.12	2019-06-05	fiat	1.3.2-20190128153726	container-image	gcr.io/spinnaker-marketplace/fiat:1.3.2-20190128153726@sha256:3199eea974e67a4142962141d78d0d6cbd7f38430d0cf9c2262cd2c95eb412b4	yes	8	CLAIM-S3-011
1.12.12	2019-06-05	rosco	0.10.0-20190315030608	container-image	gcr.io/spinnaker-marketplace/rosco:0.10.0-20190315030608@sha256:1ac41c690308550a8f8f629ea6e00f57cfa5eefb579f970abe28ee1466dfb929	yes		CLAIM-S3-011
1.12.12	2019-06-05	kayenta	0.6.1-20190221030610	container-image	gcr.io/spinnaker-marketplace/kayenta:0.6.1-20190221030610@sha256:0830d99b6f91e2240655c12705b4555308cb95ce10932d723f9b367004ead3aa	yes		CLAIM-S3-011
1.12.12	2019-06-05	keel	-	not-pinned	-	n/a		CLAIM-S3-006
1.12.13	2019-06-19	gate	1.5.3-20190404174621	container-image	gcr.io/spinnaker-marketplace/gate:1.5.3-20190404174621@sha256:174616393b5c454269de778e3b1711cd47983786134d6ba2bc54915cc7b0f334	yes		CLAIM-S3-011
1.12.13	2019-06-19	orca	2.4.3-20190619172946	container-image	gcr.io/spinnaker-marketplace/orca:2.4.3-20190619172946@sha256:82aaf7d20d90302980316e66d36d4baf007f7e1de138ce7dc95e7f61e1bd915e	yes		CLAIM-S3-011
1.12.13	2019-06-19	clouddriver	4.3.10-20190424030608	container-image	gcr.io/spinnaker-marketplace/clouddriver:4.3.10-20190424030608@sha256:bf7b55805d1a321a3fc46aaf384f07f11666b8cc3e5d205c7ef11d9717f52203	yes		CLAIM-S3-011
1.12.13	2019-06-19	front50	0.15.2-20190222161456	container-image	gcr.io/spinnaker-marketplace/front50:0.15.2-20190222161456@sha256:f8bbb11733dd94e7a25a06bf2fa683b8593ff15ec85b890cfb1279bf047f9e96	yes		CLAIM-S3-011
1.12.13	2019-06-19	echo	2.3.1-20190214121429	container-image	gcr.io/spinnaker-marketplace/echo:2.3.1-20190214121429@sha256:760bbe0f589a62946f2f0e572f4f1edbd23a992274e87a321e1321c2546bef61	yes		CLAIM-S3-011
1.12.13	2019-06-19	igor	1.1.1-20190213190226	container-image	gcr.io/spinnaker-marketplace/igor:1.1.1-20190213190226@sha256:e8b30834d700a683f4048ff036bcdae259c07dd2947c2d23473d89c4d79c9d5e	yes		CLAIM-S3-011
1.12.13	2019-06-19	fiat	1.3.2-20190128153726	container-image	gcr.io/spinnaker-marketplace/fiat:1.3.2-20190128153726@sha256:3199eea974e67a4142962141d78d0d6cbd7f38430d0cf9c2262cd2c95eb412b4	yes	8	CLAIM-S3-011
1.12.13	2019-06-19	rosco	0.10.0-20190315030608	container-image	gcr.io/spinnaker-marketplace/rosco:0.10.0-20190315030608@sha256:1ac41c690308550a8f8f629ea6e00f57cfa5eefb579f970abe28ee1466dfb929	yes		CLAIM-S3-011
1.12.13	2019-06-19	kayenta	0.6.1-20190221030610	container-image	gcr.io/spinnaker-marketplace/kayenta:0.6.1-20190221030610@sha256:0830d99b6f91e2240655c12705b4555308cb95ce10932d723f9b367004ead3aa	yes		CLAIM-S3-011
1.12.13	2019-06-19	keel	-	not-pinned	-	n/a		CLAIM-S3-006
1.12.14	2019-07-01	gate	1.5.3-20190404174621	container-image	gcr.io/spinnaker-marketplace/gate:1.5.3-20190404174621@sha256:174616393b5c454269de778e3b1711cd47983786134d6ba2bc54915cc7b0f334	yes		CLAIM-S3-011
1.12.14	2019-07-01	orca	2.4.3-20190619172946	container-image	gcr.io/spinnaker-marketplace/orca:2.4.3-20190619172946@sha256:82aaf7d20d90302980316e66d36d4baf007f7e1de138ce7dc95e7f61e1bd915e	yes		CLAIM-S3-011
1.12.14	2019-07-01	clouddriver	4.3.10-20190424030608	container-image	gcr.io/spinnaker-marketplace/clouddriver:4.3.10-20190424030608@sha256:bf7b55805d1a321a3fc46aaf384f07f11666b8cc3e5d205c7ef11d9717f52203	yes		CLAIM-S3-011
1.12.14	2019-07-01	front50	0.15.2-20190222161456	container-image	gcr.io/spinnaker-marketplace/front50:0.15.2-20190222161456@sha256:f8bbb11733dd94e7a25a06bf2fa683b8593ff15ec85b890cfb1279bf047f9e96	yes		CLAIM-S3-011
1.12.14	2019-07-01	echo	2.3.2-20190701101933	container-image	gcr.io/spinnaker-marketplace/echo:2.3.2-20190701101933@sha256:92bb93490ab87f35106dd2c3edca65657a4813a7a2bce7bb8295794036963d39	yes		CLAIM-S3-011
1.12.14	2019-07-01	igor	1.1.1-20190213190226	container-image	gcr.io/spinnaker-marketplace/igor:1.1.1-20190213190226@sha256:e8b30834d700a683f4048ff036bcdae259c07dd2947c2d23473d89c4d79c9d5e	yes		CLAIM-S3-011
1.12.14	2019-07-01	fiat	1.3.2-20190128153726	container-image	gcr.io/spinnaker-marketplace/fiat:1.3.2-20190128153726@sha256:3199eea974e67a4142962141d78d0d6cbd7f38430d0cf9c2262cd2c95eb412b4	yes	8	CLAIM-S3-011
1.12.14	2019-07-01	rosco	0.10.0-20190315030608	container-image	gcr.io/spinnaker-marketplace/rosco:0.10.0-20190315030608@sha256:1ac41c690308550a8f8f629ea6e00f57cfa5eefb579f970abe28ee1466dfb929	yes		CLAIM-S3-011
1.12.14	2019-07-01	kayenta	0.6.1-20190221030610	container-image	gcr.io/spinnaker-marketplace/kayenta:0.6.1-20190221030610@sha256:0830d99b6f91e2240655c12705b4555308cb95ce10932d723f9b367004ead3aa	yes		CLAIM-S3-011
1.12.14	2019-07-01	keel	-	not-pinned	-	n/a		CLAIM-S3-006
1.13.0	2019-03-24	gate	1.6.0-20190320163929	container-image	gcr.io/spinnaker-marketplace/gate:1.6.0-20190320163929@sha256:e5692da2693d2b0837da74dc65ce83ad094ab45aac3f1ab96a80c9c0aaaea921	yes	8	CLAIM-S3-011
1.13.0	2019-03-24	orca	2.5.0-20190322234525	container-image	gcr.io/spinnaker-marketplace/orca:2.5.0-20190322234525@sha256:b7d0a72334a04ebea89334e71e81d0f1f551a2c39a01e03a430f4a0892e49b3e	yes	8	CLAIM-S3-011
1.13.0	2019-03-24	clouddriver	4.4.0-20190322040309	container-image	gcr.io/spinnaker-marketplace/clouddriver:4.4.0-20190322040309@sha256:f7bb9dec540292d1d97be072261c31deab869d74366249316b25305c55a0eaf1	yes	8	CLAIM-S3-011
1.13.0	2019-03-24	front50	0.16.0-20190318151002	container-image	gcr.io/spinnaker-marketplace/front50:0.16.0-20190318151002@sha256:3518182361fd53b5cde4eb89b606081e9e0c626baa35af92e1a39d7913d12e0a	yes	8	CLAIM-S3-011
1.13.0	2019-03-24	echo	2.4.0-20190318162446	container-image	gcr.io/spinnaker-marketplace/echo:2.4.0-20190318162446@sha256:79ebb62194703968e4fbb3f3814869043675c9e12cf451fb9856b6278d68ad6f	yes	8	CLAIM-S3-011
1.13.0	2019-03-24	igor	1.2.0-20190322100313	container-image	gcr.io/spinnaker-marketplace/igor:1.2.0-20190322100313@sha256:09adab0bb3c4d4e73a90a85835ac48ef1a9435d53bb1be2295e627f86fa6c15c	yes	8	CLAIM-S3-011
1.13.0	2019-03-24	fiat	1.4.0-20190318122808	container-image	gcr.io/spinnaker-marketplace/fiat:1.4.0-20190318122808@sha256:d4fd7dcd45fc8420b1f7308959c9716c7669b5090e2472beb413ffb128cb4ac2	yes	8	CLAIM-S3-011
1.13.0	2019-03-24	rosco	0.11.0-20190322234525	container-image	gcr.io/spinnaker-marketplace/rosco:0.11.0-20190322234525@sha256:c76d937c3a349310f63bb97497ce7fb8e3eeab26e2b2dd6031900783daf5d0d5	yes	8	CLAIM-S3-011
1.13.0	2019-03-24	kayenta	0.7.0-20190315122808	container-image	gcr.io/spinnaker-marketplace/kayenta:0.7.0-20190315122808@sha256:7b2a0e119a608915871b5dc05f16ab43a00854452ade7b6f4d6bae919df0cb51	yes	8	CLAIM-S3-011
1.13.0	2019-03-24	keel	-	not-pinned	-	n/a		CLAIM-S3-006
1.13.1	2019-04-02	gate	1.7.0-20190402050308	container-image	gcr.io/spinnaker-marketplace/gate:1.7.0-20190402050308@sha256:be48d8d6b54dab790bf529cf750639a8f8501b3fdb81d76b43d5a12fa28176c5	yes		CLAIM-S3-011
1.13.1	2019-04-02	orca	2.6.0-20190402050308	container-image	gcr.io/spinnaker-marketplace/orca:2.6.0-20190402050308@sha256:377364c40e67e1d1a2d07bb90e2a291e0a03c2ed91e7d7a1a437a414c80695fd	yes		CLAIM-S3-011
1.13.1	2019-04-02	clouddriver	4.4.1-20190402130801	container-image	gcr.io/spinnaker-marketplace/clouddriver:4.4.1-20190402130801@sha256:d74fc0c2e175e9ea85d3fd476890275bb2a3802b4b78a328716e891d9ab9b70d	yes		CLAIM-S3-011
1.13.1	2019-04-02	front50	0.16.1-20190329125256	container-image	gcr.io/spinnaker-marketplace/front50:0.16.1-20190329125256@sha256:6114a92d8022a4ca4f4eb55bf77db5784ceb85f517a48c590c87dc85aa46e359	yes		CLAIM-S3-011
1.13.1	2019-04-02	echo	2.4.0-20190318162446	container-image	gcr.io/spinnaker-marketplace/echo:2.4.0-20190318162446@sha256:79ebb62194703968e4fbb3f3814869043675c9e12cf451fb9856b6278d68ad6f	yes	8	CLAIM-S3-011
1.13.1	2019-04-02	igor	1.2.0-20190322100313	container-image	gcr.io/spinnaker-marketplace/igor:1.2.0-20190322100313@sha256:09adab0bb3c4d4e73a90a85835ac48ef1a9435d53bb1be2295e627f86fa6c15c	yes	8	CLAIM-S3-011
1.13.1	2019-04-02	fiat	1.4.0-20190318122808	container-image	gcr.io/spinnaker-marketplace/fiat:1.4.0-20190318122808@sha256:d4fd7dcd45fc8420b1f7308959c9716c7669b5090e2472beb413ffb128cb4ac2	yes	8	CLAIM-S3-011
1.13.1	2019-04-02	rosco	0.11.0-20190322234525	container-image	gcr.io/spinnaker-marketplace/rosco:0.11.0-20190322234525@sha256:c76d937c3a349310f63bb97497ce7fb8e3eeab26e2b2dd6031900783daf5d0d5	yes	8	CLAIM-S3-011
1.13.1	2019-04-02	kayenta	0.7.0-20190315122808	container-image	gcr.io/spinnaker-marketplace/kayenta:0.7.0-20190315122808@sha256:7b2a0e119a608915871b5dc05f16ab43a00854452ade7b6f4d6bae919df0cb51	yes	8	CLAIM-S3-011
1.13.1	2019-04-02	keel	-	not-pinned	-	n/a		CLAIM-S3-006
1.13.2	2019-04-05	gate	1.7.1-20190404161844	container-image	gcr.io/spinnaker-marketplace/gate:1.7.1-20190404161844@sha256:0eb9ac86c2d118e72fd064853e476a41fc5c51eea523143a73d078182260b012	yes		CLAIM-S3-011
1.13.2	2019-04-05	orca	2.6.1-20190405105253	container-image	gcr.io/spinnaker-marketplace/orca:2.6.1-20190405105253@sha256:7b763b95a7ae91cb61c4c51ab61aad37c4d743eb65cbf55e85afb5dbd030d8da	yes		CLAIM-S3-011
1.13.2	2019-04-05	clouddriver	4.4.1-20190402130801	container-image	gcr.io/spinnaker-marketplace/clouddriver:4.4.1-20190402130801@sha256:d74fc0c2e175e9ea85d3fd476890275bb2a3802b4b78a328716e891d9ab9b70d	yes		CLAIM-S3-011
1.13.2	2019-04-05	front50	0.16.1-20190329125256	container-image	gcr.io/spinnaker-marketplace/front50:0.16.1-20190329125256@sha256:6114a92d8022a4ca4f4eb55bf77db5784ceb85f517a48c590c87dc85aa46e359	yes		CLAIM-S3-011
1.13.2	2019-04-05	echo	2.4.1-20190403155503	container-image	gcr.io/spinnaker-marketplace/echo:2.4.1-20190403155503@sha256:6c8bee427decc2da843097f2205670332bf65ed4c0ee2e9b3d39e92777fda4ef	yes		CLAIM-S3-011
1.13.2	2019-04-05	igor	1.2.1-20190404161844	container-image	gcr.io/spinnaker-marketplace/igor:1.2.1-20190404161844@sha256:27e593172c6070072a4877f35135a6f4aee7bc650686e3926248c26664d14eae	yes		CLAIM-S3-011
1.13.2	2019-04-05	fiat	1.4.0-20190318122808	container-image	gcr.io/spinnaker-marketplace/fiat:1.4.0-20190318122808@sha256:d4fd7dcd45fc8420b1f7308959c9716c7669b5090e2472beb413ffb128cb4ac2	yes	8	CLAIM-S3-011
1.13.2	2019-04-05	rosco	0.11.0-20190322234525	container-image	gcr.io/spinnaker-marketplace/rosco:0.11.0-20190322234525@sha256:c76d937c3a349310f63bb97497ce7fb8e3eeab26e2b2dd6031900783daf5d0d5	yes	8	CLAIM-S3-011
1.13.2	2019-04-05	kayenta	0.7.0-20190315122808	container-image	gcr.io/spinnaker-marketplace/kayenta:0.7.0-20190315122808@sha256:7b2a0e119a608915871b5dc05f16ab43a00854452ade7b6f4d6bae919df0cb51	yes	8	CLAIM-S3-011
1.13.2	2019-04-05	keel	-	not-pinned	-	n/a		CLAIM-S3-006
1.13.3	2019-04-06	gate	1.7.1-20190404161844	container-image	gcr.io/spinnaker-marketplace/gate:1.7.1-20190404161844@sha256:0eb9ac86c2d118e72fd064853e476a41fc5c51eea523143a73d078182260b012	yes		CLAIM-S3-011
1.13.3	2019-04-06	orca	2.6.2-20190406050308	container-image	gcr.io/spinnaker-marketplace/orca:2.6.2-20190406050308@sha256:60401580940ff6097ee034491498b2092056e4d148f64fd95ff8af19ffe3a2a8	yes		CLAIM-S3-011
1.13.3	2019-04-06	clouddriver	4.4.2-20190406050308	container-image	gcr.io/spinnaker-marketplace/clouddriver:4.4.2-20190406050308@sha256:8c0067f7d4300ee46c623347f781e0de5bc52a1cbddb176029fb08339c520473	yes		CLAIM-S3-011
1.13.3	2019-04-06	front50	0.16.2-20190406050308	container-image	gcr.io/spinnaker-marketplace/front50:0.16.2-20190406050308@sha256:45d207b6cf864ae7754ffb9ad965c16054d5c30ee8c50894ccfeea3aa6d4c919	yes		CLAIM-S3-011
1.13.3	2019-04-06	echo	2.4.1-20190403155503	container-image	gcr.io/spinnaker-marketplace/echo:2.4.1-20190403155503@sha256:6c8bee427decc2da843097f2205670332bf65ed4c0ee2e9b3d39e92777fda4ef	yes		CLAIM-S3-011
1.13.3	2019-04-06	igor	1.2.1-20190404161844	container-image	gcr.io/spinnaker-marketplace/igor:1.2.1-20190404161844@sha256:27e593172c6070072a4877f35135a6f4aee7bc650686e3926248c26664d14eae	yes		CLAIM-S3-011
1.13.3	2019-04-06	fiat	1.4.0-20190318122808	container-image	gcr.io/spinnaker-marketplace/fiat:1.4.0-20190318122808@sha256:d4fd7dcd45fc8420b1f7308959c9716c7669b5090e2472beb413ffb128cb4ac2	yes	8	CLAIM-S3-011
1.13.3	2019-04-06	rosco	0.11.0-20190322234525	container-image	gcr.io/spinnaker-marketplace/rosco:0.11.0-20190322234525@sha256:c76d937c3a349310f63bb97497ce7fb8e3eeab26e2b2dd6031900783daf5d0d5	yes	8	CLAIM-S3-011
1.13.3	2019-04-06	kayenta	0.7.0-20190315122808	container-image	gcr.io/spinnaker-marketplace/kayenta:0.7.0-20190315122808@sha256:7b2a0e119a608915871b5dc05f16ab43a00854452ade7b6f4d6bae919df0cb51	yes	8	CLAIM-S3-011
1.13.3	2019-04-06	keel	-	not-pinned	-	n/a		CLAIM-S3-006
1.13.4	2019-04-15	gate	1.7.1-20190404161844	container-image	gcr.io/spinnaker-marketplace/gate:1.7.1-20190404161844@sha256:0eb9ac86c2d118e72fd064853e476a41fc5c51eea523143a73d078182260b012	yes		CLAIM-S3-011
1.13.4	2019-04-15	orca	2.6.2-20190406050308	container-image	gcr.io/spinnaker-marketplace/orca:2.6.2-20190406050308@sha256:60401580940ff6097ee034491498b2092056e4d148f64fd95ff8af19ffe3a2a8	yes		CLAIM-S3-011
1.13.4	2019-04-15	clouddriver	4.4.3-20190415113424	container-image	gcr.io/spinnaker-marketplace/clouddriver:4.4.3-20190415113424@sha256:d7abcf08be670002e40d4d281fb6b19058b6de4e1046847b3043f38812fc6ec9	yes		CLAIM-S3-011
1.13.4	2019-04-15	front50	0.16.2-20190406050308	container-image	gcr.io/spinnaker-marketplace/front50:0.16.2-20190406050308@sha256:45d207b6cf864ae7754ffb9ad965c16054d5c30ee8c50894ccfeea3aa6d4c919	yes		CLAIM-S3-011
1.13.4	2019-04-15	echo	2.4.1-20190403155503	container-image	gcr.io/spinnaker-marketplace/echo:2.4.1-20190403155503@sha256:6c8bee427decc2da843097f2205670332bf65ed4c0ee2e9b3d39e92777fda4ef	yes		CLAIM-S3-011
1.13.4	2019-04-15	igor	1.2.1-20190404161844	container-image	gcr.io/spinnaker-marketplace/igor:1.2.1-20190404161844@sha256:27e593172c6070072a4877f35135a6f4aee7bc650686e3926248c26664d14eae	yes		CLAIM-S3-011
1.13.4	2019-04-15	fiat	1.4.0-20190318122808	container-image	gcr.io/spinnaker-marketplace/fiat:1.4.0-20190318122808@sha256:d4fd7dcd45fc8420b1f7308959c9716c7669b5090e2472beb413ffb128cb4ac2	yes	8	CLAIM-S3-011
1.13.4	2019-04-15	rosco	0.11.0-20190322234525	container-image	gcr.io/spinnaker-marketplace/rosco:0.11.0-20190322234525@sha256:c76d937c3a349310f63bb97497ce7fb8e3eeab26e2b2dd6031900783daf5d0d5	yes	8	CLAIM-S3-011
1.13.4	2019-04-15	kayenta	0.7.0-20190315122808	container-image	gcr.io/spinnaker-marketplace/kayenta:0.7.0-20190315122808@sha256:7b2a0e119a608915871b5dc05f16ab43a00854452ade7b6f4d6bae919df0cb51	yes	8	CLAIM-S3-011
1.13.4	2019-04-15	keel	-	not-pinned	-	n/a		CLAIM-S3-006
1.13.5	2019-04-20	gate	1.7.2-20190418153116	container-image	gcr.io/spinnaker-marketplace/gate:1.7.2-20190418153116@sha256:89f77d9776d6db3006ec633f49248840ccc39cd406a4e9d564c217dda20c82f4	yes		CLAIM-S3-011
1.13.5	2019-04-20	orca	2.6.2-20190406050308	container-image	gcr.io/spinnaker-marketplace/orca:2.6.2-20190406050308@sha256:60401580940ff6097ee034491498b2092056e4d148f64fd95ff8af19ffe3a2a8	yes		CLAIM-S3-011
1.13.5	2019-04-20	clouddriver	4.4.4-20190420050307	container-image	gcr.io/spinnaker-marketplace/clouddriver:4.4.4-20190420050307@sha256:6122fab57ef84cf00d9feaf809a95c44ee3d79cd92529bcd34fa94e4ce7c23fe	yes		CLAIM-S3-011
1.13.5	2019-04-20	front50	0.16.2-20190406050308	container-image	gcr.io/spinnaker-marketplace/front50:0.16.2-20190406050308@sha256:45d207b6cf864ae7754ffb9ad965c16054d5c30ee8c50894ccfeea3aa6d4c919	yes		CLAIM-S3-011
1.13.5	2019-04-20	echo	2.4.2-20190416050308	container-image	gcr.io/spinnaker-marketplace/echo:2.4.2-20190416050308@sha256:40e70ba74e4f5d21beb8258c34d3d2c6069b17316f5b28fe7c863bbfc396a28f	yes		CLAIM-S3-011
1.13.5	2019-04-20	igor	1.2.1-20190404161844	container-image	gcr.io/spinnaker-marketplace/igor:1.2.1-20190404161844@sha256:27e593172c6070072a4877f35135a6f4aee7bc650686e3926248c26664d14eae	yes		CLAIM-S3-011
1.13.5	2019-04-20	fiat	1.4.1-20190418153116	container-image	gcr.io/spinnaker-marketplace/fiat:1.4.1-20190418153116@sha256:bac2835b4e676444643b5935f8801ace61bfe6dd6c8127b13d2b8fbece634ca9	yes		CLAIM-S3-011
1.13.5	2019-04-20	rosco	0.11.0-20190322234525	container-image	gcr.io/spinnaker-marketplace/rosco:0.11.0-20190322234525@sha256:c76d937c3a349310f63bb97497ce7fb8e3eeab26e2b2dd6031900783daf5d0d5	yes	8	CLAIM-S3-011
1.13.5	2019-04-20	kayenta	0.7.0-20190315122808	container-image	gcr.io/spinnaker-marketplace/kayenta:0.7.0-20190315122808@sha256:7b2a0e119a608915871b5dc05f16ab43a00854452ade7b6f4d6bae919df0cb51	yes	8	CLAIM-S3-011
1.13.5	2019-04-20	keel	-	not-pinned	-	n/a		CLAIM-S3-006
1.13.6	2019-04-27	gate	1.7.2-20190418153116	container-image	gcr.io/spinnaker-marketplace/gate:1.7.2-20190418153116@sha256:89f77d9776d6db3006ec633f49248840ccc39cd406a4e9d564c217dda20c82f4	yes		CLAIM-S3-011
1.13.6	2019-04-27	orca	2.6.2-20190406050308	container-image	gcr.io/spinnaker-marketplace/orca:2.6.2-20190406050308@sha256:60401580940ff6097ee034491498b2092056e4d148f64fd95ff8af19ffe3a2a8	yes		CLAIM-S3-011
1.13.6	2019-04-27	clouddriver	4.4.5-20190427050308	container-image	gcr.io/spinnaker-marketplace/clouddriver:4.4.5-20190427050308@sha256:88c54b1defb4e78033ddc94c6f3e9aa14a4533ded76c0da3d4bbd5adc952087b	yes		CLAIM-S3-011
1.13.6	2019-04-27	front50	0.16.2-20190406050308	container-image	gcr.io/spinnaker-marketplace/front50:0.16.2-20190406050308@sha256:45d207b6cf864ae7754ffb9ad965c16054d5c30ee8c50894ccfeea3aa6d4c919	yes		CLAIM-S3-011
1.13.6	2019-04-27	echo	2.4.2-20190416050308	container-image	gcr.io/spinnaker-marketplace/echo:2.4.2-20190416050308@sha256:40e70ba74e4f5d21beb8258c34d3d2c6069b17316f5b28fe7c863bbfc396a28f	yes		CLAIM-S3-011
1.13.6	2019-04-27	igor	1.2.1-20190404161844	container-image	gcr.io/spinnaker-marketplace/igor:1.2.1-20190404161844@sha256:27e593172c6070072a4877f35135a6f4aee7bc650686e3926248c26664d14eae	yes		CLAIM-S3-011
1.13.6	2019-04-27	fiat	1.4.1-20190418153116	container-image	gcr.io/spinnaker-marketplace/fiat:1.4.1-20190418153116@sha256:bac2835b4e676444643b5935f8801ace61bfe6dd6c8127b13d2b8fbece634ca9	yes		CLAIM-S3-011
1.13.6	2019-04-27	rosco	0.11.0-20190322234525	container-image	gcr.io/spinnaker-marketplace/rosco:0.11.0-20190322234525@sha256:c76d937c3a349310f63bb97497ce7fb8e3eeab26e2b2dd6031900783daf5d0d5	yes	8	CLAIM-S3-011
1.13.6	2019-04-27	kayenta	0.7.1-20190425050308	container-image	gcr.io/spinnaker-marketplace/kayenta:0.7.1-20190425050308@sha256:9f8a4d2a0024a42cf6dc3b26db45fbe52dc2a22251eff7b04b859feab7ed2c0f	yes		CLAIM-S3-011
1.13.6	2019-04-27	keel	-	not-pinned	-	n/a		CLAIM-S3-006
1.13.7	2019-05-15	gate	1.7.2-20190418153116	container-image	gcr.io/spinnaker-marketplace/gate:1.7.2-20190418153116@sha256:89f77d9776d6db3006ec633f49248840ccc39cd406a4e9d564c217dda20c82f4	yes		CLAIM-S3-011
1.13.7	2019-05-15	orca	2.6.3-20190430050308	container-image	gcr.io/spinnaker-marketplace/orca:2.6.3-20190430050308@sha256:cc957e3b534a54163e4173824a959c98473fd8110bb9b59387015deae1e3796a	yes		CLAIM-S3-011
1.13.7	2019-05-15	clouddriver	4.4.6-20190515050309	container-image	gcr.io/spinnaker-marketplace/clouddriver:4.4.6-20190515050309@sha256:679c3dc11c8bffb62681ec3c99b1895fb6f8ce36f1b00facf29e612b8967c0cf	yes		CLAIM-S3-011
1.13.7	2019-05-15	front50	0.16.2-20190406050308	container-image	gcr.io/spinnaker-marketplace/front50:0.16.2-20190406050308@sha256:45d207b6cf864ae7754ffb9ad965c16054d5c30ee8c50894ccfeea3aa6d4c919	yes		CLAIM-S3-011
1.13.7	2019-05-15	echo	2.4.2-20190416050308	container-image	gcr.io/spinnaker-marketplace/echo:2.4.2-20190416050308@sha256:40e70ba74e4f5d21beb8258c34d3d2c6069b17316f5b28fe7c863bbfc396a28f	yes		CLAIM-S3-011
1.13.7	2019-05-15	igor	1.2.1-20190404161844	container-image	gcr.io/spinnaker-marketplace/igor:1.2.1-20190404161844@sha256:27e593172c6070072a4877f35135a6f4aee7bc650686e3926248c26664d14eae	yes		CLAIM-S3-011
1.13.7	2019-05-15	fiat	1.4.1-20190418153116	container-image	gcr.io/spinnaker-marketplace/fiat:1.4.1-20190418153116@sha256:bac2835b4e676444643b5935f8801ace61bfe6dd6c8127b13d2b8fbece634ca9	yes		CLAIM-S3-011
1.13.7	2019-05-15	rosco	0.11.0-20190322234525	container-image	gcr.io/spinnaker-marketplace/rosco:0.11.0-20190322234525@sha256:c76d937c3a349310f63bb97497ce7fb8e3eeab26e2b2dd6031900783daf5d0d5	yes	8	CLAIM-S3-011
1.13.7	2019-05-15	kayenta	0.7.1-20190425050308	container-image	gcr.io/spinnaker-marketplace/kayenta:0.7.1-20190425050308@sha256:9f8a4d2a0024a42cf6dc3b26db45fbe52dc2a22251eff7b04b859feab7ed2c0f	yes		CLAIM-S3-011
1.13.7	2019-05-15	keel	-	not-pinned	-	n/a		CLAIM-S3-006
1.13.8	2019-05-22	gate	1.7.2-20190418153116	container-image	gcr.io/spinnaker-marketplace/gate:1.7.2-20190418153116@sha256:89f77d9776d6db3006ec633f49248840ccc39cd406a4e9d564c217dda20c82f4	yes		CLAIM-S3-011
1.13.8	2019-05-22	orca	2.6.3-20190430050308	container-image	gcr.io/spinnaker-marketplace/orca:2.6.3-20190430050308@sha256:cc957e3b534a54163e4173824a959c98473fd8110bb9b59387015deae1e3796a	yes		CLAIM-S3-011
1.13.8	2019-05-22	clouddriver	4.4.6-20190515050309	container-image	gcr.io/spinnaker-marketplace/clouddriver:4.4.6-20190515050309@sha256:679c3dc11c8bffb62681ec3c99b1895fb6f8ce36f1b00facf29e612b8967c0cf	yes		CLAIM-S3-011
1.13.8	2019-05-22	front50	0.16.2-20190406050308	container-image	gcr.io/spinnaker-marketplace/front50:0.16.2-20190406050308@sha256:45d207b6cf864ae7754ffb9ad965c16054d5c30ee8c50894ccfeea3aa6d4c919	yes		CLAIM-S3-011
1.13.8	2019-05-22	echo	2.4.3-20190522050309	container-image	gcr.io/spinnaker-marketplace/echo:2.4.3-20190522050309@sha256:39dae4fbbd3af15b249328e02782fd66bef8e1fbcce044791d5ae8f357dd9023	yes		CLAIM-S3-011
1.13.8	2019-05-22	igor	1.2.1-20190404161844	container-image	gcr.io/spinnaker-marketplace/igor:1.2.1-20190404161844@sha256:27e593172c6070072a4877f35135a6f4aee7bc650686e3926248c26664d14eae	yes		CLAIM-S3-011
1.13.8	2019-05-22	fiat	1.4.1-20190418153116	container-image	gcr.io/spinnaker-marketplace/fiat:1.4.1-20190418153116@sha256:bac2835b4e676444643b5935f8801ace61bfe6dd6c8127b13d2b8fbece634ca9	yes		CLAIM-S3-011
1.13.8	2019-05-22	rosco	0.11.0-20190322234525	container-image	gcr.io/spinnaker-marketplace/rosco:0.11.0-20190322234525@sha256:c76d937c3a349310f63bb97497ce7fb8e3eeab26e2b2dd6031900783daf5d0d5	yes	8	CLAIM-S3-011
1.13.8	2019-05-22	kayenta	0.7.1-20190425050308	container-image	gcr.io/spinnaker-marketplace/kayenta:0.7.1-20190425050308@sha256:9f8a4d2a0024a42cf6dc3b26db45fbe52dc2a22251eff7b04b859feab7ed2c0f	yes		CLAIM-S3-011
1.13.8	2019-05-22	keel	-	not-pinned	-	n/a		CLAIM-S3-006
1.13.9	2019-06-10	gate	1.7.2-20190418153116	container-image	gcr.io/spinnaker-marketplace/gate:1.7.2-20190418153116@sha256:89f77d9776d6db3006ec633f49248840ccc39cd406a4e9d564c217dda20c82f4	yes		CLAIM-S3-011
1.13.9	2019-06-10	orca	2.6.3-20190430050308	container-image	gcr.io/spinnaker-marketplace/orca:2.6.3-20190430050308@sha256:cc957e3b534a54163e4173824a959c98473fd8110bb9b59387015deae1e3796a	yes		CLAIM-S3-011
1.13.9	2019-06-10	clouddriver	4.4.7-20190610133848	container-image	gcr.io/spinnaker-marketplace/clouddriver:4.4.7-20190610133848@sha256:1d66040a2e2be363d7cb03fe0eaa47a5cbccec5b8e4f5cbd08d5b159f8d1a152	yes		CLAIM-S3-011
1.13.9	2019-06-10	front50	0.16.2-20190406050308	container-image	gcr.io/spinnaker-marketplace/front50:0.16.2-20190406050308@sha256:45d207b6cf864ae7754ffb9ad965c16054d5c30ee8c50894ccfeea3aa6d4c919	yes		CLAIM-S3-011
1.13.9	2019-06-10	echo	2.4.3-20190522050309	container-image	gcr.io/spinnaker-marketplace/echo:2.4.3-20190522050309@sha256:39dae4fbbd3af15b249328e02782fd66bef8e1fbcce044791d5ae8f357dd9023	yes		CLAIM-S3-011
1.13.9	2019-06-10	igor	1.2.1-20190404161844	container-image	gcr.io/spinnaker-marketplace/igor:1.2.1-20190404161844@sha256:27e593172c6070072a4877f35135a6f4aee7bc650686e3926248c26664d14eae	yes		CLAIM-S3-011
1.13.9	2019-06-10	fiat	1.4.1-20190418153116	container-image	gcr.io/spinnaker-marketplace/fiat:1.4.1-20190418153116@sha256:bac2835b4e676444643b5935f8801ace61bfe6dd6c8127b13d2b8fbece634ca9	yes		CLAIM-S3-011
1.13.9	2019-06-10	rosco	0.11.0-20190322234525	container-image	gcr.io/spinnaker-marketplace/rosco:0.11.0-20190322234525@sha256:c76d937c3a349310f63bb97497ce7fb8e3eeab26e2b2dd6031900783daf5d0d5	yes	8	CLAIM-S3-011
1.13.9	2019-06-10	kayenta	0.7.1-20190425050308	container-image	gcr.io/spinnaker-marketplace/kayenta:0.7.1-20190425050308@sha256:9f8a4d2a0024a42cf6dc3b26db45fbe52dc2a22251eff7b04b859feab7ed2c0f	yes		CLAIM-S3-011
1.13.9	2019-06-10	keel	-	not-pinned	-	n/a		CLAIM-S3-006
1.13.10	2019-06-19	gate	1.7.2-20190418153116	container-image	gcr.io/spinnaker-marketplace/gate:1.7.2-20190418153116@sha256:89f77d9776d6db3006ec633f49248840ccc39cd406a4e9d564c217dda20c82f4	yes		CLAIM-S3-011
1.13.10	2019-06-19	orca	2.6.4-20190619050312	container-image	gcr.io/spinnaker-marketplace/orca:2.6.4-20190619050312@sha256:85de00622a7fa4f7fc80e6867f429eb7b9e91bbc213420125929759a45e1b838	yes		CLAIM-S3-011
1.13.10	2019-06-19	clouddriver	4.4.7-20190610133848	container-image	gcr.io/spinnaker-marketplace/clouddriver:4.4.7-20190610133848@sha256:1d66040a2e2be363d7cb03fe0eaa47a5cbccec5b8e4f5cbd08d5b159f8d1a152	yes		CLAIM-S3-011
1.13.10	2019-06-19	front50	0.16.2-20190406050308	container-image	gcr.io/spinnaker-marketplace/front50:0.16.2-20190406050308@sha256:45d207b6cf864ae7754ffb9ad965c16054d5c30ee8c50894ccfeea3aa6d4c919	yes		CLAIM-S3-011
1.13.10	2019-06-19	echo	2.4.4-20190612050309	container-image	gcr.io/spinnaker-marketplace/echo:2.4.4-20190612050309@sha256:b4e49ae467cb4694cbe86003bc223c236467c47c6298e6c2ab918fa84e6637fc	yes		CLAIM-S3-011
1.13.10	2019-06-19	igor	1.2.1-20190404161844	container-image	gcr.io/spinnaker-marketplace/igor:1.2.1-20190404161844@sha256:27e593172c6070072a4877f35135a6f4aee7bc650686e3926248c26664d14eae	yes		CLAIM-S3-011
1.13.10	2019-06-19	fiat	1.4.1-20190418153116	container-image	gcr.io/spinnaker-marketplace/fiat:1.4.1-20190418153116@sha256:bac2835b4e676444643b5935f8801ace61bfe6dd6c8127b13d2b8fbece634ca9	yes		CLAIM-S3-011
1.13.10	2019-06-19	rosco	0.11.0-20190322234525	container-image	gcr.io/spinnaker-marketplace/rosco:0.11.0-20190322234525@sha256:c76d937c3a349310f63bb97497ce7fb8e3eeab26e2b2dd6031900783daf5d0d5	yes	8	CLAIM-S3-011
1.13.10	2019-06-19	kayenta	0.7.1-20190425050308	container-image	gcr.io/spinnaker-marketplace/kayenta:0.7.1-20190425050308@sha256:9f8a4d2a0024a42cf6dc3b26db45fbe52dc2a22251eff7b04b859feab7ed2c0f	yes		CLAIM-S3-011
1.13.10	2019-06-19	keel	-	not-pinned	-	n/a		CLAIM-S3-006
1.13.11	2019-06-25	gate	1.7.2-20190418153116	container-image	gcr.io/spinnaker-marketplace/gate:1.7.2-20190418153116@sha256:89f77d9776d6db3006ec633f49248840ccc39cd406a4e9d564c217dda20c82f4	yes		CLAIM-S3-011
1.13.11	2019-06-25	orca	2.6.4-20190619050312	container-image	gcr.io/spinnaker-marketplace/orca:2.6.4-20190619050312@sha256:85de00622a7fa4f7fc80e6867f429eb7b9e91bbc213420125929759a45e1b838	yes		CLAIM-S3-011
1.13.11	2019-06-25	clouddriver	4.4.7-20190610133848	container-image	gcr.io/spinnaker-marketplace/clouddriver:4.4.7-20190610133848@sha256:1d66040a2e2be363d7cb03fe0eaa47a5cbccec5b8e4f5cbd08d5b159f8d1a152	yes		CLAIM-S3-011
1.13.11	2019-06-25	front50	0.16.2-20190406050308	container-image	gcr.io/spinnaker-marketplace/front50:0.16.2-20190406050308@sha256:45d207b6cf864ae7754ffb9ad965c16054d5c30ee8c50894ccfeea3aa6d4c919	yes		CLAIM-S3-011
1.13.11	2019-06-25	echo	2.4.5-20190621050309	container-image	gcr.io/spinnaker-marketplace/echo:2.4.5-20190621050309@sha256:adab17087a2a7b876bf8c224e8686c476277074fde8199989f32c083e7e65df5	yes		CLAIM-S3-011
1.13.11	2019-06-25	igor	1.2.2-20190625050309	container-image	gcr.io/spinnaker-marketplace/igor:1.2.2-20190625050309@sha256:75d240543400d9ef6ec64e3bcf0d9f7f324a595cf11e403c9486be4ee18fd390	yes		CLAIM-S3-011
1.13.11	2019-06-25	fiat	1.4.1-20190418153116	container-image	gcr.io/spinnaker-marketplace/fiat:1.4.1-20190418153116@sha256:bac2835b4e676444643b5935f8801ace61bfe6dd6c8127b13d2b8fbece634ca9	yes		CLAIM-S3-011
1.13.11	2019-06-25	rosco	0.11.0-20190322234525	container-image	gcr.io/spinnaker-marketplace/rosco:0.11.0-20190322234525@sha256:c76d937c3a349310f63bb97497ce7fb8e3eeab26e2b2dd6031900783daf5d0d5	yes	8	CLAIM-S3-011
1.13.11	2019-06-25	kayenta	0.7.1-20190425050308	container-image	gcr.io/spinnaker-marketplace/kayenta:0.7.1-20190425050308@sha256:9f8a4d2a0024a42cf6dc3b26db45fbe52dc2a22251eff7b04b859feab7ed2c0f	yes		CLAIM-S3-011
1.13.11	2019-06-25	keel	-	not-pinned	-	n/a		CLAIM-S3-006
1.13.12	2019-07-29	gate	1.7.2-20190418153116	container-image	gcr.io/spinnaker-marketplace/gate:1.7.2-20190418153116@sha256:89f77d9776d6db3006ec633f49248840ccc39cd406a4e9d564c217dda20c82f4	yes		CLAIM-S3-011
1.13.12	2019-07-29	orca	2.6.4-20190619050312	container-image	gcr.io/spinnaker-marketplace/orca:2.6.4-20190619050312@sha256:85de00622a7fa4f7fc80e6867f429eb7b9e91bbc213420125929759a45e1b838	yes		CLAIM-S3-011
1.13.12	2019-07-29	clouddriver	4.4.7-20190610133848	container-image	gcr.io/spinnaker-marketplace/clouddriver:4.4.7-20190610133848@sha256:1d66040a2e2be363d7cb03fe0eaa47a5cbccec5b8e4f5cbd08d5b159f8d1a152	yes		CLAIM-S3-011
1.13.12	2019-07-29	front50	0.16.2-20190406050308	container-image	gcr.io/spinnaker-marketplace/front50:0.16.2-20190406050308@sha256:45d207b6cf864ae7754ffb9ad965c16054d5c30ee8c50894ccfeea3aa6d4c919	yes		CLAIM-S3-011
1.13.12	2019-07-29	echo	2.4.5-20190621050309	container-image	gcr.io/spinnaker-marketplace/echo:2.4.5-20190621050309@sha256:adab17087a2a7b876bf8c224e8686c476277074fde8199989f32c083e7e65df5	yes		CLAIM-S3-011
1.13.12	2019-07-29	igor	1.2.2-20190625050309	container-image	gcr.io/spinnaker-marketplace/igor:1.2.2-20190625050309@sha256:75d240543400d9ef6ec64e3bcf0d9f7f324a595cf11e403c9486be4ee18fd390	yes		CLAIM-S3-011
1.13.12	2019-07-29	fiat	1.4.1-20190418153116	container-image	gcr.io/spinnaker-marketplace/fiat:1.4.1-20190418153116@sha256:bac2835b4e676444643b5935f8801ace61bfe6dd6c8127b13d2b8fbece634ca9	yes		CLAIM-S3-011
1.13.12	2019-07-29	rosco	0.11.0-20190322234525	container-image	gcr.io/spinnaker-marketplace/rosco:0.11.0-20190322234525@sha256:c76d937c3a349310f63bb97497ce7fb8e3eeab26e2b2dd6031900783daf5d0d5	yes	8	CLAIM-S3-011
1.13.12	2019-07-29	kayenta	0.7.1-20190425050308	container-image	gcr.io/spinnaker-marketplace/kayenta:0.7.1-20190425050308@sha256:9f8a4d2a0024a42cf6dc3b26db45fbe52dc2a22251eff7b04b859feab7ed2c0f	yes		CLAIM-S3-011
1.13.12	2019-07-29	keel	-	not-pinned	-	n/a		CLAIM-S3-006
1.14.0	2019-05-17	gate	1.8.0-20190514092618	container-image	gcr.io/spinnaker-marketplace/gate:1.8.0-20190514092618@sha256:b51cfcca9b617a04a3cf9918973b162718a3b4de1dd286dcd65f8d78bfee9d1f	yes	8	CLAIM-S3-011
1.14.0	2019-05-17	orca	2.7.0-20190514092618	container-image	gcr.io/spinnaker-marketplace/orca:2.7.0-20190514092618@sha256:e34680162deb70024fbba2e9a03548a13349348245b6292f093e1dc63b26aebd	yes	8	CLAIM-S3-011
1.14.0	2019-05-17	clouddriver	4.5.0-20190517034009	container-image	gcr.io/spinnaker-marketplace/clouddriver:4.5.0-20190517034009@sha256:8845902fda0c9a4f9daa5bdd7cfe5f834cdaac39b74d677cae2e5141cf13ff5a	yes	8	CLAIM-S3-011
1.14.0	2019-05-17	front50	0.17.0-20190510203645	container-image	gcr.io/spinnaker-marketplace/front50:0.17.0-20190510203645@sha256:d1608dcb5fa2afd4a631fe91c7a6cbb21ed4b0d594f6ea52c08746cf31017d92	yes	8	CLAIM-S3-011
1.14.0	2019-05-17	echo	2.5.0-20190517180000	container-image	gcr.io/spinnaker-marketplace/echo:2.5.0-20190517180000@sha256:c460b1e65530cb54e5a92a9e77226b8e3b02afacd891e4ccb70eca2cc2d0d1ff	yes	8	CLAIM-S3-011
1.14.0	2019-05-17	igor	1.3.0-20190515102735	container-image	gcr.io/spinnaker-marketplace/igor:1.3.0-20190515102735@sha256:a1b67dfe3fd31ef16aa0365fc184fb16300ebfa463a418d55fa7751ad98ed9ed	yes	8	CLAIM-S3-011
1.14.0	2019-05-17	fiat	1.5.0-20190513170244	container-image	gcr.io/spinnaker-marketplace/fiat:1.5.0-20190513170244@sha256:1b4ccbe8682f88515fa5057ba58454d2c32967a971ce4a0c6a68baba6fb17c96	yes	8	CLAIM-S3-011
1.14.0	2019-05-17	rosco	0.12.0-20190517180000	container-image	gcr.io/spinnaker-marketplace/rosco:0.12.0-20190517180000@sha256:865c4fd71717e46e414043bb479b1fc2d2f3bb08a31e047d95457532a3f95f3a	yes	8	CLAIM-S3-011
1.14.0	2019-05-17	kayenta	0.8.0-20190506142808	container-image	gcr.io/spinnaker-marketplace/kayenta:0.8.0-20190506142808@sha256:d27708ad2b581bc4ccdd9321a5408b37d8f0cf524104f76b1e39c97826c77b89	yes	8	CLAIM-S3-011
1.14.0	2019-05-17	keel	-	not-pinned	-	n/a		CLAIM-S3-006
1.14.1	2019-05-24	gate	1.8.1-20190524034010	container-image	gcr.io/spinnaker-marketplace/gate:1.8.1-20190524034010@sha256:8e8014819dcaabe0e3bd9d8728037ca857bf2ea1aeb662adb85579f662c8fbbf	yes		CLAIM-S3-011
1.14.1	2019-05-24	orca	2.7.1-20190521034010	container-image	gcr.io/spinnaker-marketplace/orca:2.7.1-20190521034010@sha256:574d669e16c5f0ccfaf590f83f1c444b618e693176bec9e9bf89b5ff7e26eae7	yes		CLAIM-S3-011
1.14.1	2019-05-24	clouddriver	4.5.1-20190524034010	container-image	gcr.io/spinnaker-marketplace/clouddriver:4.5.1-20190524034010@sha256:c0727c82f0635a713d3dd9eea6a25ce6b894af9546856e6dbfcaec86f919cf17	yes		CLAIM-S3-011
1.14.1	2019-05-24	front50	0.17.0-20190510203645	container-image	gcr.io/spinnaker-marketplace/front50:0.17.0-20190510203645@sha256:d1608dcb5fa2afd4a631fe91c7a6cbb21ed4b0d594f6ea52c08746cf31017d92	yes	8	CLAIM-S3-011
1.14.1	2019-05-24	echo	2.5.0-20190517180000	container-image	gcr.io/spinnaker-marketplace/echo:2.5.0-20190517180000@sha256:c460b1e65530cb54e5a92a9e77226b8e3b02afacd891e4ccb70eca2cc2d0d1ff	yes	8	CLAIM-S3-011
1.14.1	2019-05-24	igor	1.3.0-20190515102735	container-image	gcr.io/spinnaker-marketplace/igor:1.3.0-20190515102735@sha256:a1b67dfe3fd31ef16aa0365fc184fb16300ebfa463a418d55fa7751ad98ed9ed	yes	8	CLAIM-S3-011
1.14.1	2019-05-24	fiat	1.5.0-20190513170244	container-image	gcr.io/spinnaker-marketplace/fiat:1.5.0-20190513170244@sha256:1b4ccbe8682f88515fa5057ba58454d2c32967a971ce4a0c6a68baba6fb17c96	yes	8	CLAIM-S3-011
1.14.1	2019-05-24	rosco	0.12.0-20190517180000	container-image	gcr.io/spinnaker-marketplace/rosco:0.12.0-20190517180000@sha256:865c4fd71717e46e414043bb479b1fc2d2f3bb08a31e047d95457532a3f95f3a	yes	8	CLAIM-S3-011
1.14.1	2019-05-24	kayenta	0.8.1-20190522034010	container-image	gcr.io/spinnaker-marketplace/kayenta:0.8.1-20190522034010@sha256:66523806295185148d6927c5d63b2687cd71a322e19a515553e1b1aea34a4d90	yes		CLAIM-S3-011
1.14.1	2019-05-24	keel	-	not-pinned	-	n/a		CLAIM-S3-006
1.14.2	2019-05-25	gate	1.8.2-20190525034011	container-image	gcr.io/spinnaker-marketplace/gate:1.8.2-20190525034011@sha256:84664171569048e635f41275d58f3954c64f9a087e7b32497cc52dbee3d17eac	yes		CLAIM-S3-011
1.14.2	2019-05-25	orca	2.7.1-20190521034010	container-image	gcr.io/spinnaker-marketplace/orca:2.7.1-20190521034010@sha256:574d669e16c5f0ccfaf590f83f1c444b618e693176bec9e9bf89b5ff7e26eae7	yes		CLAIM-S3-011
1.14.2	2019-05-25	clouddriver	4.5.2-20190525034011	container-image	gcr.io/spinnaker-marketplace/clouddriver:4.5.2-20190525034011@sha256:15624fb87995b3d200b48cecf3faf80737754b8072e6bbce772be588c6b5a83d	yes		CLAIM-S3-011
1.14.2	2019-05-25	front50	0.17.0-20190510203645	container-image	gcr.io/spinnaker-marketplace/front50:0.17.0-20190510203645@sha256:d1608dcb5fa2afd4a631fe91c7a6cbb21ed4b0d594f6ea52c08746cf31017d92	yes	8	CLAIM-S3-011
1.14.2	2019-05-25	echo	2.5.0-20190517180000	container-image	gcr.io/spinnaker-marketplace/echo:2.5.0-20190517180000@sha256:c460b1e65530cb54e5a92a9e77226b8e3b02afacd891e4ccb70eca2cc2d0d1ff	yes	8	CLAIM-S3-011
1.14.2	2019-05-25	igor	1.3.0-20190515102735	container-image	gcr.io/spinnaker-marketplace/igor:1.3.0-20190515102735@sha256:a1b67dfe3fd31ef16aa0365fc184fb16300ebfa463a418d55fa7751ad98ed9ed	yes	8	CLAIM-S3-011
1.14.2	2019-05-25	fiat	1.5.0-20190513170244	container-image	gcr.io/spinnaker-marketplace/fiat:1.5.0-20190513170244@sha256:1b4ccbe8682f88515fa5057ba58454d2c32967a971ce4a0c6a68baba6fb17c96	yes	8	CLAIM-S3-011
1.14.2	2019-05-25	rosco	0.12.0-20190517180000	container-image	gcr.io/spinnaker-marketplace/rosco:0.12.0-20190517180000@sha256:865c4fd71717e46e414043bb479b1fc2d2f3bb08a31e047d95457532a3f95f3a	yes	8	CLAIM-S3-011
1.14.2	2019-05-25	kayenta	0.8.1-20190522034010	container-image	gcr.io/spinnaker-marketplace/kayenta:0.8.1-20190522034010@sha256:66523806295185148d6927c5d63b2687cd71a322e19a515553e1b1aea34a4d90	yes		CLAIM-S3-011
1.14.2	2019-05-25	keel	-	not-pinned	-	n/a		CLAIM-S3-006
1.14.3	2019-06-04	gate	1.8.2-20190525034011	container-image	gcr.io/spinnaker-marketplace/gate:1.8.2-20190525034011@sha256:84664171569048e635f41275d58f3954c64f9a087e7b32497cc52dbee3d17eac	yes		CLAIM-S3-011
1.14.3	2019-06-04	orca	2.7.2-20190604034010	container-image	gcr.io/spinnaker-marketplace/orca:2.7.2-20190604034010@sha256:ee5e38d63e774f5ac3e40c3bf7f8deda6d3f0c4b354395b972db9a5eb27b06c8	yes		CLAIM-S3-011
1.14.3	2019-06-04	clouddriver	4.5.3-20190604034010	container-image	gcr.io/spinnaker-marketplace/clouddriver:4.5.3-20190604034010@sha256:9432bde1f9ccc2c7a55961dc6ac944f26ba844fd059cfc5ba4923d5121de63e7	yes		CLAIM-S3-011
1.14.3	2019-06-04	front50	0.17.0-20190510203645	container-image	gcr.io/spinnaker-marketplace/front50:0.17.0-20190510203645@sha256:d1608dcb5fa2afd4a631fe91c7a6cbb21ed4b0d594f6ea52c08746cf31017d92	yes	8	CLAIM-S3-011
1.14.3	2019-06-04	echo	2.5.0-20190517180000	container-image	gcr.io/spinnaker-marketplace/echo:2.5.0-20190517180000@sha256:c460b1e65530cb54e5a92a9e77226b8e3b02afacd891e4ccb70eca2cc2d0d1ff	yes	8	CLAIM-S3-011
1.14.3	2019-06-04	igor	1.3.0-20190515102735	container-image	gcr.io/spinnaker-marketplace/igor:1.3.0-20190515102735@sha256:a1b67dfe3fd31ef16aa0365fc184fb16300ebfa463a418d55fa7751ad98ed9ed	yes	8	CLAIM-S3-011
1.14.3	2019-06-04	fiat	1.5.1-20190529034009	container-image	gcr.io/spinnaker-marketplace/fiat:1.5.1-20190529034009@sha256:4b41d8298fdb229c924a6865d09a6ea3b7772e4170461dface9e0924242a8af2	yes		CLAIM-S3-011
1.14.3	2019-06-04	rosco	0.12.0-20190517180000	container-image	gcr.io/spinnaker-marketplace/rosco:0.12.0-20190517180000@sha256:865c4fd71717e46e414043bb479b1fc2d2f3bb08a31e047d95457532a3f95f3a	yes	8	CLAIM-S3-011
1.14.3	2019-06-04	kayenta	0.8.1-20190522034010	container-image	gcr.io/spinnaker-marketplace/kayenta:0.8.1-20190522034010@sha256:66523806295185148d6927c5d63b2687cd71a322e19a515553e1b1aea34a4d90	yes		CLAIM-S3-011
1.14.3	2019-06-04	keel	-	not-pinned	-	n/a		CLAIM-S3-006
1.14.4	2019-06-10	gate	1.8.2-20190525034011	container-image	gcr.io/spinnaker-marketplace/gate:1.8.2-20190525034011@sha256:84664171569048e635f41275d58f3954c64f9a087e7b32497cc52dbee3d17eac	yes		CLAIM-S3-011
1.14.4	2019-06-10	orca	2.7.2-20190604034010	container-image	gcr.io/spinnaker-marketplace/orca:2.7.2-20190604034010@sha256:ee5e38d63e774f5ac3e40c3bf7f8deda6d3f0c4b354395b972db9a5eb27b06c8	yes		CLAIM-S3-011
1.14.4	2019-06-10	clouddriver	4.6.0-20190606034010	container-image	gcr.io/spinnaker-marketplace/clouddriver:4.6.0-20190606034010@sha256:a808262dd730cb48f96a721f5092640df98dd547002a2d53ee427f06a716059f	yes		CLAIM-S3-011
1.14.4	2019-06-10	front50	0.17.0-20190510203645	container-image	gcr.io/spinnaker-marketplace/front50:0.17.0-20190510203645@sha256:d1608dcb5fa2afd4a631fe91c7a6cbb21ed4b0d594f6ea52c08746cf31017d92	yes	8	CLAIM-S3-011
1.14.4	2019-06-10	echo	2.5.0-20190517180000	container-image	gcr.io/spinnaker-marketplace/echo:2.5.0-20190517180000@sha256:c460b1e65530cb54e5a92a9e77226b8e3b02afacd891e4ccb70eca2cc2d0d1ff	yes	8	CLAIM-S3-011
1.14.4	2019-06-10	igor	1.3.0-20190515102735	container-image	gcr.io/spinnaker-marketplace/igor:1.3.0-20190515102735@sha256:a1b67dfe3fd31ef16aa0365fc184fb16300ebfa463a418d55fa7751ad98ed9ed	yes	8	CLAIM-S3-011
1.14.4	2019-06-10	fiat	1.5.1-20190529034009	container-image	gcr.io/spinnaker-marketplace/fiat:1.5.1-20190529034009@sha256:4b41d8298fdb229c924a6865d09a6ea3b7772e4170461dface9e0924242a8af2	yes		CLAIM-S3-011
1.14.4	2019-06-10	rosco	0.12.0-20190517180000	container-image	gcr.io/spinnaker-marketplace/rosco:0.12.0-20190517180000@sha256:865c4fd71717e46e414043bb479b1fc2d2f3bb08a31e047d95457532a3f95f3a	yes	8	CLAIM-S3-011
1.14.4	2019-06-10	kayenta	0.8.1-20190522034010	container-image	gcr.io/spinnaker-marketplace/kayenta:0.8.1-20190522034010@sha256:66523806295185148d6927c5d63b2687cd71a322e19a515553e1b1aea34a4d90	yes		CLAIM-S3-011
1.14.4	2019-06-10	keel	-	not-pinned	-	n/a		CLAIM-S3-006
1.14.5	2019-06-12	gate	1.8.2-20190525034011	container-image	gcr.io/spinnaker-marketplace/gate:1.8.2-20190525034011@sha256:84664171569048e635f41275d58f3954c64f9a087e7b32497cc52dbee3d17eac	yes		CLAIM-S3-011
1.14.5	2019-06-12	orca	2.7.3-20190612034009	container-image	gcr.io/spinnaker-marketplace/orca:2.7.3-20190612034009@sha256:2d57f9d82a8c76ba2e9c0720d43dc18a406b7b8e55db6e3e911a50d238e33a93	yes		CLAIM-S3-011
1.14.5	2019-06-12	clouddriver	4.6.1-20190611034010	container-image	gcr.io/spinnaker-marketplace/clouddriver:4.6.1-20190611034010@sha256:2f7576f84e2630bf3a0db74ce6a8da304bc2872d92bd25c40650647d8e5453b6	yes		CLAIM-S3-011
1.14.5	2019-06-12	front50	0.17.0-20190510203645	container-image	gcr.io/spinnaker-marketplace/front50:0.17.0-20190510203645@sha256:d1608dcb5fa2afd4a631fe91c7a6cbb21ed4b0d594f6ea52c08746cf31017d92	yes	8	CLAIM-S3-011
1.14.5	2019-06-12	echo	2.5.1-20190612034009	container-image	gcr.io/spinnaker-marketplace/echo:2.5.1-20190612034009@sha256:031dfb33de87df6644e4a0fd7a0c66a9cb7bd9886ee601f11318e7d4f2e10339	yes		CLAIM-S3-011
1.14.5	2019-06-12	igor	1.3.0-20190515102735	container-image	gcr.io/spinnaker-marketplace/igor:1.3.0-20190515102735@sha256:a1b67dfe3fd31ef16aa0365fc184fb16300ebfa463a418d55fa7751ad98ed9ed	yes	8	CLAIM-S3-011
1.14.5	2019-06-12	fiat	1.5.1-20190529034009	container-image	gcr.io/spinnaker-marketplace/fiat:1.5.1-20190529034009@sha256:4b41d8298fdb229c924a6865d09a6ea3b7772e4170461dface9e0924242a8af2	yes		CLAIM-S3-011
1.14.5	2019-06-12	rosco	0.12.0-20190517180000	container-image	gcr.io/spinnaker-marketplace/rosco:0.12.0-20190517180000@sha256:865c4fd71717e46e414043bb479b1fc2d2f3bb08a31e047d95457532a3f95f3a	yes	8	CLAIM-S3-011
1.14.5	2019-06-12	kayenta	0.8.1-20190522034010	container-image	gcr.io/spinnaker-marketplace/kayenta:0.8.1-20190522034010@sha256:66523806295185148d6927c5d63b2687cd71a322e19a515553e1b1aea34a4d90	yes		CLAIM-S3-011
1.14.5	2019-06-12	keel	-	not-pinned	-	n/a		CLAIM-S3-006
1.14.6	2019-06-15	gate	1.8.2-20190525034011	container-image	gcr.io/spinnaker-marketplace/gate:1.8.2-20190525034011@sha256:84664171569048e635f41275d58f3954c64f9a087e7b32497cc52dbee3d17eac	yes		CLAIM-S3-011
1.14.6	2019-06-15	orca	2.7.4-20190613034009	container-image	gcr.io/spinnaker-marketplace/orca:2.7.4-20190613034009@sha256:6ca482b78fc314e19388a6ca92152356ddd7b7e1a72ebf657bdbcdcaa3acbc29	yes		CLAIM-S3-011
1.14.6	2019-06-15	clouddriver	4.6.2-20190615034009	container-image	gcr.io/spinnaker-marketplace/clouddriver:4.6.2-20190615034009@sha256:ec85c7ca9b51ac5a9f4a8db155139fd22d731f8c927a019d1581c7d26bd0ff06	yes		CLAIM-S3-011
1.14.6	2019-06-15	front50	0.17.0-20190510203645	container-image	gcr.io/spinnaker-marketplace/front50:0.17.0-20190510203645@sha256:d1608dcb5fa2afd4a631fe91c7a6cbb21ed4b0d594f6ea52c08746cf31017d92	yes	8	CLAIM-S3-011
1.14.6	2019-06-15	echo	2.5.1-20190612034009	container-image	gcr.io/spinnaker-marketplace/echo:2.5.1-20190612034009@sha256:031dfb33de87df6644e4a0fd7a0c66a9cb7bd9886ee601f11318e7d4f2e10339	yes		CLAIM-S3-011
1.14.6	2019-06-15	igor	1.3.0-20190515102735	container-image	gcr.io/spinnaker-marketplace/igor:1.3.0-20190515102735@sha256:a1b67dfe3fd31ef16aa0365fc184fb16300ebfa463a418d55fa7751ad98ed9ed	yes	8	CLAIM-S3-011
1.14.6	2019-06-15	fiat	1.5.1-20190529034009	container-image	gcr.io/spinnaker-marketplace/fiat:1.5.1-20190529034009@sha256:4b41d8298fdb229c924a6865d09a6ea3b7772e4170461dface9e0924242a8af2	yes		CLAIM-S3-011
1.14.6	2019-06-15	rosco	0.12.0-20190517180000	container-image	gcr.io/spinnaker-marketplace/rosco:0.12.0-20190517180000@sha256:865c4fd71717e46e414043bb479b1fc2d2f3bb08a31e047d95457532a3f95f3a	yes	8	CLAIM-S3-011
1.14.6	2019-06-15	kayenta	0.8.1-20190522034010	container-image	gcr.io/spinnaker-marketplace/kayenta:0.8.1-20190522034010@sha256:66523806295185148d6927c5d63b2687cd71a322e19a515553e1b1aea34a4d90	yes		CLAIM-S3-011
1.14.6	2019-06-15	keel	-	not-pinned	-	n/a		CLAIM-S3-006
1.14.7	2019-06-21	gate	1.8.3-20190618034010	container-image	gcr.io/spinnaker-marketplace/gate:1.8.3-20190618034010@sha256:b24671bf71bd2c8622b6cc46c25241d1bbd6d46b9773e98b22e8a1978da0516b	yes		CLAIM-S3-011
1.14.7	2019-06-21	orca	2.7.5-20190619034009	container-image	gcr.io/spinnaker-marketplace/orca:2.7.5-20190619034009@sha256:49903dd363ed497e76bfe6e45c16daace1e751d064801f028ababa073fc36cb4	yes		CLAIM-S3-011
1.14.7	2019-06-21	clouddriver	4.6.3-20190621034009	container-image	gcr.io/spinnaker-marketplace/clouddriver:4.6.3-20190621034009@sha256:43ae0902b7f4726d1756a9014a02e366cb2a5ac04ddacf2329badb32fef4e847	yes		CLAIM-S3-011
1.14.7	2019-06-21	front50	0.17.0-20190510203645	container-image	gcr.io/spinnaker-marketplace/front50:0.17.0-20190510203645@sha256:d1608dcb5fa2afd4a631fe91c7a6cbb21ed4b0d594f6ea52c08746cf31017d92	yes	8	CLAIM-S3-011
1.14.7	2019-06-21	echo	2.5.1-20190612034009	container-image	gcr.io/spinnaker-marketplace/echo:2.5.1-20190612034009@sha256:031dfb33de87df6644e4a0fd7a0c66a9cb7bd9886ee601f11318e7d4f2e10339	yes		CLAIM-S3-011
1.14.7	2019-06-21	igor	1.3.0-20190515102735	container-image	gcr.io/spinnaker-marketplace/igor:1.3.0-20190515102735@sha256:a1b67dfe3fd31ef16aa0365fc184fb16300ebfa463a418d55fa7751ad98ed9ed	yes	8	CLAIM-S3-011
1.14.7	2019-06-21	fiat	1.5.1-20190529034009	container-image	gcr.io/spinnaker-marketplace/fiat:1.5.1-20190529034009@sha256:4b41d8298fdb229c924a6865d09a6ea3b7772e4170461dface9e0924242a8af2	yes		CLAIM-S3-011
1.14.7	2019-06-21	rosco	0.12.0-20190517180000	container-image	gcr.io/spinnaker-marketplace/rosco:0.12.0-20190517180000@sha256:865c4fd71717e46e414043bb479b1fc2d2f3bb08a31e047d95457532a3f95f3a	yes	8	CLAIM-S3-011
1.14.7	2019-06-21	kayenta	0.9.0-20190621034009	container-image	gcr.io/spinnaker-marketplace/kayenta:0.9.0-20190621034009@sha256:d26da4c4cc55122cf41c1012ed3058a6002c73052fbaba416ae818b1cee7d037	yes		CLAIM-S3-011
1.14.7	2019-06-21	keel	-	not-pinned	-	n/a		CLAIM-S3-006
1.14.8	2019-06-28	gate	1.8.3-20190618034010	container-image	gcr.io/spinnaker-marketplace/gate:1.8.3-20190618034010@sha256:b24671bf71bd2c8622b6cc46c25241d1bbd6d46b9773e98b22e8a1978da0516b	yes		CLAIM-S3-011
1.14.8	2019-06-28	orca	2.7.5-20190619034009	container-image	gcr.io/spinnaker-marketplace/orca:2.7.5-20190619034009@sha256:49903dd363ed497e76bfe6e45c16daace1e751d064801f028ababa073fc36cb4	yes		CLAIM-S3-011
1.14.8	2019-06-28	clouddriver	4.6.4-20190627114116	container-image	gcr.io/spinnaker-marketplace/clouddriver:4.6.4-20190627114116@sha256:5f26b8441de5c7295cbe8b003b282f135303ff3253973ecde83cc796ce55763b	yes		CLAIM-S3-011
1.14.8	2019-06-28	front50	0.17.0-20190510203645	container-image	gcr.io/spinnaker-marketplace/front50:0.17.0-20190510203645@sha256:d1608dcb5fa2afd4a631fe91c7a6cbb21ed4b0d594f6ea52c08746cf31017d92	yes	8	CLAIM-S3-011
1.14.8	2019-06-28	echo	2.5.1-20190612034009	container-image	gcr.io/spinnaker-marketplace/echo:2.5.1-20190612034009@sha256:031dfb33de87df6644e4a0fd7a0c66a9cb7bd9886ee601f11318e7d4f2e10339	yes		CLAIM-S3-011
1.14.8	2019-06-28	igor	1.3.0-20190515102735	container-image	gcr.io/spinnaker-marketplace/igor:1.3.0-20190515102735@sha256:a1b67dfe3fd31ef16aa0365fc184fb16300ebfa463a418d55fa7751ad98ed9ed	yes	8	CLAIM-S3-011
1.14.8	2019-06-28	fiat	1.5.1-20190529034009	container-image	gcr.io/spinnaker-marketplace/fiat:1.5.1-20190529034009@sha256:4b41d8298fdb229c924a6865d09a6ea3b7772e4170461dface9e0924242a8af2	yes		CLAIM-S3-011
1.14.8	2019-06-28	rosco	0.12.0-20190517180000	container-image	gcr.io/spinnaker-marketplace/rosco:0.12.0-20190517180000@sha256:865c4fd71717e46e414043bb479b1fc2d2f3bb08a31e047d95457532a3f95f3a	yes	8	CLAIM-S3-011
1.14.8	2019-06-28	kayenta	0.9.1-20190628120214	container-image	gcr.io/spinnaker-marketplace/kayenta:0.9.1-20190628120214@sha256:0475b1ea5b0bc4b32d18906885af80d169d3194deb58e816d2a6b8ea164236a1	yes		CLAIM-S3-011
1.14.8	2019-06-28	keel	-	not-pinned	-	n/a		CLAIM-S3-006
1.14.9	2019-07-08	gate	1.8.3-20190618034010	container-image	gcr.io/spinnaker-marketplace/gate:1.8.3-20190618034010@sha256:b24671bf71bd2c8622b6cc46c25241d1bbd6d46b9773e98b22e8a1978da0516b	yes		CLAIM-S3-011
1.14.9	2019-07-08	orca	2.7.5-20190619034009	container-image	gcr.io/spinnaker-marketplace/orca:2.7.5-20190619034009@sha256:49903dd363ed497e76bfe6e45c16daace1e751d064801f028ababa073fc36cb4	yes		CLAIM-S3-011
1.14.9	2019-07-08	clouddriver	4.7.0-20190713034015	container-image	gcr.io/spinnaker-marketplace/clouddriver:4.7.0-20190713034015@sha256:cb1b02c57b3e4e05c80fa98d9942388df9c147cb13f0d8f74848142735ca3403	yes		CLAIM-S3-011
1.14.9	2019-07-08	front50	0.17.0-20190510203645	container-image	gcr.io/spinnaker-marketplace/front50:0.17.0-20190510203645@sha256:d1608dcb5fa2afd4a631fe91c7a6cbb21ed4b0d594f6ea52c08746cf31017d92	yes	8	CLAIM-S3-011
1.14.9	2019-07-08	echo	2.5.1-20190612034009	container-image	gcr.io/spinnaker-marketplace/echo:2.5.1-20190612034009@sha256:031dfb33de87df6644e4a0fd7a0c66a9cb7bd9886ee601f11318e7d4f2e10339	yes		CLAIM-S3-011
1.14.9	2019-07-08	igor	1.3.0-20190515102735	container-image	gcr.io/spinnaker-marketplace/igor:1.3.0-20190515102735@sha256:a1b67dfe3fd31ef16aa0365fc184fb16300ebfa463a418d55fa7751ad98ed9ed	yes	8	CLAIM-S3-011
1.14.9	2019-07-08	fiat	1.5.2-20190704034018	container-image	gcr.io/spinnaker-marketplace/fiat:1.5.2-20190704034018@sha256:857cf24f93f7ace037a6ec65ddb90ecd6fbe07d823efa55a1a6c93caf6d610e0	yes		CLAIM-S3-011
1.14.9	2019-07-08	rosco	0.12.0-20190517180000	container-image	gcr.io/spinnaker-marketplace/rosco:0.12.0-20190517180000@sha256:865c4fd71717e46e414043bb479b1fc2d2f3bb08a31e047d95457532a3f95f3a	yes	8	CLAIM-S3-011
1.14.9	2019-07-08	kayenta	0.9.1-20190628120214	container-image	gcr.io/spinnaker-marketplace/kayenta:0.9.1-20190628120214@sha256:0475b1ea5b0bc4b32d18906885af80d169d3194deb58e816d2a6b8ea164236a1	yes		CLAIM-S3-011
1.14.9	2019-07-08	keel	-	not-pinned	-	n/a		CLAIM-S3-006
1.14.10	2019-07-18	gate	1.8.3-20190618034010	container-image	gcr.io/spinnaker-marketplace/gate:1.8.3-20190618034010@sha256:b24671bf71bd2c8622b6cc46c25241d1bbd6d46b9773e98b22e8a1978da0516b	yes		CLAIM-S3-011
1.14.10	2019-07-18	orca	2.7.5-20190619034009	container-image	gcr.io/spinnaker-marketplace/orca:2.7.5-20190619034009@sha256:49903dd363ed497e76bfe6e45c16daace1e751d064801f028ababa073fc36cb4	yes		CLAIM-S3-011
1.14.10	2019-07-18	clouddriver	4.7.0-20190713034015	container-image	gcr.io/spinnaker-marketplace/clouddriver:4.7.0-20190713034015@sha256:cb1b02c57b3e4e05c80fa98d9942388df9c147cb13f0d8f74848142735ca3403	yes		CLAIM-S3-011
1.14.10	2019-07-18	front50	0.17.0-20190510203645	container-image	gcr.io/spinnaker-marketplace/front50:0.17.0-20190510203645@sha256:d1608dcb5fa2afd4a631fe91c7a6cbb21ed4b0d594f6ea52c08746cf31017d92	yes	8	CLAIM-S3-011
1.14.10	2019-07-18	echo	2.5.2-20190708184501	container-image	gcr.io/spinnaker-marketplace/echo:2.5.2-20190708184501@sha256:7d1b0d08b9297547df2922d52fcc4e71a8329d2f8458ae075b4a99b6b7289fef	yes		CLAIM-S3-011
1.14.10	2019-07-18	igor	1.3.0-20190515102735	container-image	gcr.io/spinnaker-marketplace/igor:1.3.0-20190515102735@sha256:a1b67dfe3fd31ef16aa0365fc184fb16300ebfa463a418d55fa7751ad98ed9ed	yes	8	CLAIM-S3-011
1.14.10	2019-07-18	fiat	1.5.2-20190704034018	container-image	gcr.io/spinnaker-marketplace/fiat:1.5.2-20190704034018@sha256:857cf24f93f7ace037a6ec65ddb90ecd6fbe07d823efa55a1a6c93caf6d610e0	yes		CLAIM-S3-011
1.14.10	2019-07-18	rosco	0.12.0-20190517180000	container-image	gcr.io/spinnaker-marketplace/rosco:0.12.0-20190517180000@sha256:865c4fd71717e46e414043bb479b1fc2d2f3bb08a31e047d95457532a3f95f3a	yes	8	CLAIM-S3-011
1.14.10	2019-07-18	kayenta	0.9.1-20190628120214	container-image	gcr.io/spinnaker-marketplace/kayenta:0.9.1-20190628120214@sha256:0475b1ea5b0bc4b32d18906885af80d169d3194deb58e816d2a6b8ea164236a1	yes		CLAIM-S3-011
1.14.10	2019-07-18	keel	-	not-pinned	-	n/a		CLAIM-S3-006
1.14.11	2019-07-19	gate	1.8.4-20190719034017	container-image	gcr.io/spinnaker-marketplace/gate:1.8.4-20190719034017@sha256:7f1498b551fcc4f372da3d474955622a09a5dc13e47ca1d81cc78f4653daf757	yes		CLAIM-S3-011
1.14.11	2019-07-19	orca	2.7.6-20190719122741	container-image	gcr.io/spinnaker-marketplace/orca:2.7.6-20190719122741@sha256:21f766b08e4e6e2ae0f71079b8fe8418de9975c910f4eef2cce05a93da341579	yes		CLAIM-S3-011
1.14.11	2019-07-19	clouddriver	4.7.0-20190713034015	container-image	gcr.io/spinnaker-marketplace/clouddriver:4.7.0-20190713034015@sha256:cb1b02c57b3e4e05c80fa98d9942388df9c147cb13f0d8f74848142735ca3403	yes		CLAIM-S3-011
1.14.11	2019-07-19	front50	0.17.0-20190510203645	container-image	gcr.io/spinnaker-marketplace/front50:0.17.0-20190510203645@sha256:d1608dcb5fa2afd4a631fe91c7a6cbb21ed4b0d594f6ea52c08746cf31017d92	yes	8	CLAIM-S3-011
1.14.11	2019-07-19	echo	2.5.2-20190708184501	container-image	gcr.io/spinnaker-marketplace/echo:2.5.2-20190708184501@sha256:7d1b0d08b9297547df2922d52fcc4e71a8329d2f8458ae075b4a99b6b7289fef	yes		CLAIM-S3-011
1.14.11	2019-07-19	igor	1.3.0-20190515102735	container-image	gcr.io/spinnaker-marketplace/igor:1.3.0-20190515102735@sha256:a1b67dfe3fd31ef16aa0365fc184fb16300ebfa463a418d55fa7751ad98ed9ed	yes	8	CLAIM-S3-011
1.14.11	2019-07-19	fiat	1.5.2-20190704034018	container-image	gcr.io/spinnaker-marketplace/fiat:1.5.2-20190704034018@sha256:857cf24f93f7ace037a6ec65ddb90ecd6fbe07d823efa55a1a6c93caf6d610e0	yes		CLAIM-S3-011
1.14.11	2019-07-19	rosco	0.12.0-20190517180000	container-image	gcr.io/spinnaker-marketplace/rosco:0.12.0-20190517180000@sha256:865c4fd71717e46e414043bb479b1fc2d2f3bb08a31e047d95457532a3f95f3a	yes	8	CLAIM-S3-011
1.14.11	2019-07-19	kayenta	0.9.1-20190628120214	container-image	gcr.io/spinnaker-marketplace/kayenta:0.9.1-20190628120214@sha256:0475b1ea5b0bc4b32d18906885af80d169d3194deb58e816d2a6b8ea164236a1	yes		CLAIM-S3-011
1.14.11	2019-07-19	keel	-	not-pinned	-	n/a		CLAIM-S3-006
1.14.12	2019-07-27	gate	1.8.4-20190719034017	container-image	gcr.io/spinnaker-marketplace/gate:1.8.4-20190719034017@sha256:7f1498b551fcc4f372da3d474955622a09a5dc13e47ca1d81cc78f4653daf757	yes		CLAIM-S3-011
1.14.12	2019-07-27	orca	2.7.6-20190719122741	container-image	gcr.io/spinnaker-marketplace/orca:2.7.6-20190719122741@sha256:21f766b08e4e6e2ae0f71079b8fe8418de9975c910f4eef2cce05a93da341579	yes		CLAIM-S3-011
1.14.12	2019-07-27	clouddriver	4.7.1-20190726034017	container-image	gcr.io/spinnaker-marketplace/clouddriver:4.7.1-20190726034017@sha256:26cc0ca0912abcede8987a15526f50d7f2c881158f2e23812f45ad77fd62f379	yes		CLAIM-S3-011
1.14.12	2019-07-27	front50	0.17.0-20190510203645	container-image	gcr.io/spinnaker-marketplace/front50:0.17.0-20190510203645@sha256:d1608dcb5fa2afd4a631fe91c7a6cbb21ed4b0d594f6ea52c08746cf31017d92	yes	8	CLAIM-S3-011
1.14.12	2019-07-27	echo	2.5.2-20190708184501	container-image	gcr.io/spinnaker-marketplace/echo:2.5.2-20190708184501@sha256:7d1b0d08b9297547df2922d52fcc4e71a8329d2f8458ae075b4a99b6b7289fef	yes		CLAIM-S3-011
1.14.12	2019-07-27	igor	1.3.0-20190515102735	container-image	gcr.io/spinnaker-marketplace/igor:1.3.0-20190515102735@sha256:a1b67dfe3fd31ef16aa0365fc184fb16300ebfa463a418d55fa7751ad98ed9ed	yes	8	CLAIM-S3-011
1.14.12	2019-07-27	fiat	1.5.2-20190704034018	container-image	gcr.io/spinnaker-marketplace/fiat:1.5.2-20190704034018@sha256:857cf24f93f7ace037a6ec65ddb90ecd6fbe07d823efa55a1a6c93caf6d610e0	yes		CLAIM-S3-011
1.14.12	2019-07-27	rosco	0.12.0-20190517180000	container-image	gcr.io/spinnaker-marketplace/rosco:0.12.0-20190517180000@sha256:865c4fd71717e46e414043bb479b1fc2d2f3bb08a31e047d95457532a3f95f3a	yes	8	CLAIM-S3-011
1.14.12	2019-07-27	kayenta	0.9.1-20190628120214	container-image	gcr.io/spinnaker-marketplace/kayenta:0.9.1-20190628120214@sha256:0475b1ea5b0bc4b32d18906885af80d169d3194deb58e816d2a6b8ea164236a1	yes		CLAIM-S3-011
1.14.12	2019-07-27	keel	-	not-pinned	-	n/a		CLAIM-S3-006
1.14.13	2019-08-04	gate	1.8.4-20190719034017	container-image	gcr.io/spinnaker-marketplace/gate:1.8.4-20190719034017@sha256:7f1498b551fcc4f372da3d474955622a09a5dc13e47ca1d81cc78f4653daf757	yes		CLAIM-S3-011
1.14.13	2019-08-04	orca	2.7.7-20190731034017	container-image	gcr.io/spinnaker-marketplace/orca:2.7.7-20190731034017@sha256:d1bd600361ad1b7901546413fc0c19d4e2367df1beaf10073c4d08c6f033b0b2	yes		CLAIM-S3-011
1.14.13	2019-08-04	clouddriver	4.7.2-20190804155845	container-image	gcr.io/spinnaker-marketplace/clouddriver:4.7.2-20190804155845@sha256:d964a7c69e3d1b737f224bc3ab0fcb4b9e4ec442daca9376d4cfb71fd0a62615	yes		CLAIM-S3-011
1.14.13	2019-08-04	front50	0.17.0-20190510203645	container-image	gcr.io/spinnaker-marketplace/front50:0.17.0-20190510203645@sha256:d1608dcb5fa2afd4a631fe91c7a6cbb21ed4b0d594f6ea52c08746cf31017d92	yes	8	CLAIM-S3-011
1.14.13	2019-08-04	echo	2.5.2-20190708184501	container-image	gcr.io/spinnaker-marketplace/echo:2.5.2-20190708184501@sha256:7d1b0d08b9297547df2922d52fcc4e71a8329d2f8458ae075b4a99b6b7289fef	yes		CLAIM-S3-011
1.14.13	2019-08-04	igor	1.3.0-20190515102735	container-image	gcr.io/spinnaker-marketplace/igor:1.3.0-20190515102735@sha256:a1b67dfe3fd31ef16aa0365fc184fb16300ebfa463a418d55fa7751ad98ed9ed	yes	8	CLAIM-S3-011
1.14.13	2019-08-04	fiat	1.5.3-20190802034017	container-image	gcr.io/spinnaker-marketplace/fiat:1.5.3-20190802034017@sha256:2fe94f275986581e55fbd2362bee500b4129aab4a97c6ad4d29d8c27e1e7e81c	yes		CLAIM-S3-011
1.14.13	2019-08-04	rosco	0.12.0-20190517180000	container-image	gcr.io/spinnaker-marketplace/rosco:0.12.0-20190517180000@sha256:865c4fd71717e46e414043bb479b1fc2d2f3bb08a31e047d95457532a3f95f3a	yes	8	CLAIM-S3-011
1.14.13	2019-08-04	kayenta	0.9.1-20190628120214	container-image	gcr.io/spinnaker-marketplace/kayenta:0.9.1-20190628120214@sha256:0475b1ea5b0bc4b32d18906885af80d169d3194deb58e816d2a6b8ea164236a1	yes		CLAIM-S3-011
1.14.13	2019-08-04	keel	-	not-pinned	-	n/a		CLAIM-S3-006
1.14.14	2019-08-13	gate	1.8.4-20190719034017	container-image	gcr.io/spinnaker-marketplace/gate:1.8.4-20190719034017@sha256:7f1498b551fcc4f372da3d474955622a09a5dc13e47ca1d81cc78f4653daf757	yes		CLAIM-S3-011
1.14.14	2019-08-13	orca	2.7.8-20190813153532	container-image	gcr.io/spinnaker-marketplace/orca:2.7.8-20190813153532@sha256:40398930471ab7081029e76e5b2da6bd4450b78e57d51f2d0f707e17f015a169	yes		CLAIM-S3-011
1.14.14	2019-08-13	clouddriver	4.7.3-20190813124538	container-image	gcr.io/spinnaker-marketplace/clouddriver:4.7.3-20190813124538@sha256:e8dcec61dff60a9c58a653f55b83c057e0cb99f508bcf426303ce760aaaaf4e7	yes		CLAIM-S3-011
1.14.14	2019-08-13	front50	0.17.0-20190510203645	container-image	gcr.io/spinnaker-marketplace/front50:0.17.0-20190510203645@sha256:d1608dcb5fa2afd4a631fe91c7a6cbb21ed4b0d594f6ea52c08746cf31017d92	yes	8	CLAIM-S3-011
1.14.14	2019-08-13	echo	2.5.2-20190708184501	container-image	gcr.io/spinnaker-marketplace/echo:2.5.2-20190708184501@sha256:7d1b0d08b9297547df2922d52fcc4e71a8329d2f8458ae075b4a99b6b7289fef	yes		CLAIM-S3-011
1.14.14	2019-08-13	igor	1.3.0-20190515102735	container-image	gcr.io/spinnaker-marketplace/igor:1.3.0-20190515102735@sha256:a1b67dfe3fd31ef16aa0365fc184fb16300ebfa463a418d55fa7751ad98ed9ed	yes	8	CLAIM-S3-011
1.14.14	2019-08-13	fiat	1.5.3-20190802034017	container-image	gcr.io/spinnaker-marketplace/fiat:1.5.3-20190802034017@sha256:2fe94f275986581e55fbd2362bee500b4129aab4a97c6ad4d29d8c27e1e7e81c	yes		CLAIM-S3-011
1.14.14	2019-08-13	rosco	0.12.0-20190517180000	container-image	gcr.io/spinnaker-marketplace/rosco:0.12.0-20190517180000@sha256:865c4fd71717e46e414043bb479b1fc2d2f3bb08a31e047d95457532a3f95f3a	yes	8	CLAIM-S3-011
1.14.14	2019-08-13	kayenta	0.9.1-20190628120214	container-image	gcr.io/spinnaker-marketplace/kayenta:0.9.1-20190628120214@sha256:0475b1ea5b0bc4b32d18906885af80d169d3194deb58e816d2a6b8ea164236a1	yes		CLAIM-S3-011
1.14.14	2019-08-13	keel	-	not-pinned	-	n/a		CLAIM-S3-006
1.14.15	2019-08-17	gate	1.8.4-20190719034017	container-image	gcr.io/spinnaker-marketplace/gate:1.8.4-20190719034017@sha256:7f1498b551fcc4f372da3d474955622a09a5dc13e47ca1d81cc78f4653daf757	yes		CLAIM-S3-011
1.14.15	2019-08-17	orca	2.7.8-20190813153532	container-image	gcr.io/spinnaker-marketplace/orca:2.7.8-20190813153532@sha256:40398930471ab7081029e76e5b2da6bd4450b78e57d51f2d0f707e17f015a169	yes		CLAIM-S3-011
1.14.15	2019-08-17	clouddriver	4.7.4-20190817034016	container-image	gcr.io/spinnaker-marketplace/clouddriver:4.7.4-20190817034016@sha256:77143ddc6ee2314c968437943d00e4397bff75291b8bc61b1a7125a2440bef6f	yes		CLAIM-S3-011
1.14.15	2019-08-17	front50	0.17.0-20190510203645	container-image	gcr.io/spinnaker-marketplace/front50:0.17.0-20190510203645@sha256:d1608dcb5fa2afd4a631fe91c7a6cbb21ed4b0d594f6ea52c08746cf31017d92	yes	8	CLAIM-S3-011
1.14.15	2019-08-17	echo	2.5.2-20190708184501	container-image	gcr.io/spinnaker-marketplace/echo:2.5.2-20190708184501@sha256:7d1b0d08b9297547df2922d52fcc4e71a8329d2f8458ae075b4a99b6b7289fef	yes		CLAIM-S3-011
1.14.15	2019-08-17	igor	1.3.0-20190515102735	container-image	gcr.io/spinnaker-marketplace/igor:1.3.0-20190515102735@sha256:a1b67dfe3fd31ef16aa0365fc184fb16300ebfa463a418d55fa7751ad98ed9ed	yes	8	CLAIM-S3-011
1.14.15	2019-08-17	fiat	1.5.3-20190802034017	container-image	gcr.io/spinnaker-marketplace/fiat:1.5.3-20190802034017@sha256:2fe94f275986581e55fbd2362bee500b4129aab4a97c6ad4d29d8c27e1e7e81c	yes		CLAIM-S3-011
1.14.15	2019-08-17	rosco	0.12.0-20190517180000	container-image	gcr.io/spinnaker-marketplace/rosco:0.12.0-20190517180000@sha256:865c4fd71717e46e414043bb479b1fc2d2f3bb08a31e047d95457532a3f95f3a	yes	8	CLAIM-S3-011
1.14.15	2019-08-17	kayenta	0.9.1-20190628120214	container-image	gcr.io/spinnaker-marketplace/kayenta:0.9.1-20190628120214@sha256:0475b1ea5b0bc4b32d18906885af80d169d3194deb58e816d2a6b8ea164236a1	yes		CLAIM-S3-011
1.14.15	2019-08-17	keel	-	not-pinned	-	n/a		CLAIM-S3-006
1.15.0	2019-07-19	gate	1.9.0-20190719051321	container-image	gcr.io/spinnaker-marketplace/gate:1.9.0-20190719051321@sha256:464ee11790b0dd9ca8efefc49185c2c1dcbad585d5cd577c6887d438d62dbafa	yes	8	CLAIM-S3-011
1.15.0	2019-07-19	orca	2.8.0-20190709160421	container-image	gcr.io/spinnaker-marketplace/orca:2.8.0-20190709160421@sha256:be6e395792c376c6f03d63a7c7e349d905666ec4b5d132f2aa610da56970464a	yes	8	CLAIM-S3-011
1.15.0	2019-07-19	clouddriver	6.0.0-20190717111836	container-image	gcr.io/spinnaker-marketplace/clouddriver:6.0.0-20190717111836@sha256:043e9cee58e7112818e8c144ebd423e93e93fb60e16cf3f761aa09bc86b7b923	yes	8	CLAIM-S3-011
1.15.0	2019-07-19	front50	0.18.0-20190709142816	container-image	gcr.io/spinnaker-marketplace/front50:0.18.0-20190709142816@sha256:f7c9b38add11d98e6864b9bc0154f68f91253965e5950b378473b61ce4e4fdf5	yes	8	CLAIM-S3-011
1.15.0	2019-07-19	echo	2.6.0-20190709142816	container-image	gcr.io/spinnaker-marketplace/echo:2.6.0-20190709142816@sha256:ed8b72e30dfe454da84d475aefad90ba006d20cafbd7eb58802520e610d6132e	yes	8	CLAIM-S3-011
1.15.0	2019-07-19	igor	1.4.0-20190709142816	container-image	gcr.io/spinnaker-marketplace/igor:1.4.0-20190709142816@sha256:eb654e9531fc36bcf33956658aab9f397e5575c75030b5de46dbe4fcdac69cb8	yes	8	CLAIM-S3-011
1.15.0	2019-07-19	fiat	1.6.0-20190709142816	container-image	gcr.io/spinnaker-marketplace/fiat:1.6.0-20190709142816@sha256:3d09277830e978a6b09665e838f8a6576c4ba5bb3072dc81bf4dafbdac4891e7	yes	8	CLAIM-S3-011
1.15.0	2019-07-19	rosco	0.13.0-20190709142816	container-image	gcr.io/spinnaker-marketplace/rosco:0.13.0-20190709142816@sha256:2e186abe6f58e5960907f7ea4621d6166e1be4bb6201dbdb2cc172297fa55e45	yes	8	CLAIM-S3-011
1.15.0	2019-07-19	kayenta	0.10.0-20190703180532	container-image	gcr.io/spinnaker-marketplace/kayenta:0.10.0-20190703180532@sha256:08a4e2be33cf3de0fbb9fbe687239c5e7d9c855e1f3a5614a6a0b8f023eb4eb2	yes	8	CLAIM-S3-011
1.15.0	2019-07-19	keel	-	not-pinned	-	n/a		CLAIM-S3-006
1.15.1	2019-07-26	gate	1.9.0-20190719051321	container-image	gcr.io/spinnaker-marketplace/gate:1.9.0-20190719051321@sha256:464ee11790b0dd9ca8efefc49185c2c1dcbad585d5cd577c6887d438d62dbafa	yes	8	CLAIM-S3-011
1.15.1	2019-07-26	orca	2.8.1-20190720051319	container-image	gcr.io/spinnaker-marketplace/orca:2.8.1-20190720051319@sha256:ca7245a76dbb6b058e58b17f62a00439eae7d9015e63166f50ef37ddc4c8e788	yes		CLAIM-S3-011
1.15.1	2019-07-26	clouddriver	6.0.1-20190726051325	container-image	gcr.io/spinnaker-marketplace/clouddriver:6.0.1-20190726051325@sha256:e139d4b2653d437fd1c9cb18b230480e19ddd7fc21ce117900f999b8d2fed1b9	yes		CLAIM-S3-011
1.15.1	2019-07-26	front50	0.18.0-20190709142816	container-image	gcr.io/spinnaker-marketplace/front50:0.18.0-20190709142816@sha256:f7c9b38add11d98e6864b9bc0154f68f91253965e5950b378473b61ce4e4fdf5	yes	8	CLAIM-S3-011
1.15.1	2019-07-26	echo	2.6.0-20190709142816	container-image	gcr.io/spinnaker-marketplace/echo:2.6.0-20190709142816@sha256:ed8b72e30dfe454da84d475aefad90ba006d20cafbd7eb58802520e610d6132e	yes	8	CLAIM-S3-011
1.15.1	2019-07-26	igor	1.4.0-20190709142816	container-image	gcr.io/spinnaker-marketplace/igor:1.4.0-20190709142816@sha256:eb654e9531fc36bcf33956658aab9f397e5575c75030b5de46dbe4fcdac69cb8	yes	8	CLAIM-S3-011
1.15.1	2019-07-26	fiat	1.6.0-20190709142816	container-image	gcr.io/spinnaker-marketplace/fiat:1.6.0-20190709142816@sha256:3d09277830e978a6b09665e838f8a6576c4ba5bb3072dc81bf4dafbdac4891e7	yes	8	CLAIM-S3-011
1.15.1	2019-07-26	rosco	0.13.0-20190709142816	container-image	gcr.io/spinnaker-marketplace/rosco:0.13.0-20190709142816@sha256:2e186abe6f58e5960907f7ea4621d6166e1be4bb6201dbdb2cc172297fa55e45	yes	8	CLAIM-S3-011
1.15.1	2019-07-26	kayenta	0.10.0-20190703180532	container-image	gcr.io/spinnaker-marketplace/kayenta:0.10.0-20190703180532@sha256:08a4e2be33cf3de0fbb9fbe687239c5e7d9c855e1f3a5614a6a0b8f023eb4eb2	yes	8	CLAIM-S3-011
1.15.1	2019-07-26	keel	-	not-pinned	-	n/a		CLAIM-S3-006
1.15.2	2019-08-12	gate	1.10.0-20190809134220	container-image	gcr.io/spinnaker-marketplace/gate:1.10.0-20190809134220@sha256:93ca029da78a3e14f39f551acc697b645d30d9c73ae688ef643e226d1a69c694	yes		CLAIM-S3-011
1.15.2	2019-08-12	orca	2.8.2-20190812153835	container-image	gcr.io/spinnaker-marketplace/orca:2.8.2-20190812153835@sha256:aeb4403a1c0a69a96397f41a245105b6969dee0baed5a5970b36386677a65967	yes		CLAIM-S3-011
1.15.2	2019-08-12	clouddriver	6.1.0-20190812153835	container-image	gcr.io/spinnaker-marketplace/clouddriver:6.1.0-20190812153835@sha256:438c6ea975b63e0aee7c801fb1449a179ab77fe4f8108b16f9d571db94bbb6b0	yes		CLAIM-S3-011
1.15.2	2019-08-12	front50	0.18.0-20190709142816	container-image	gcr.io/spinnaker-marketplace/front50:0.18.0-20190709142816@sha256:f7c9b38add11d98e6864b9bc0154f68f91253965e5950b378473b61ce4e4fdf5	yes	8	CLAIM-S3-011
1.15.2	2019-08-12	echo	2.6.0-20190709142816	container-image	gcr.io/spinnaker-marketplace/echo:2.6.0-20190709142816@sha256:ed8b72e30dfe454da84d475aefad90ba006d20cafbd7eb58802520e610d6132e	yes	8	CLAIM-S3-011
1.15.2	2019-08-12	igor	1.4.0-20190709142816	container-image	gcr.io/spinnaker-marketplace/igor:1.4.0-20190709142816@sha256:eb654e9531fc36bcf33956658aab9f397e5575c75030b5de46dbe4fcdac69cb8	yes	8	CLAIM-S3-011
1.15.2	2019-08-12	fiat	1.6.1-20190802051323	container-image	gcr.io/spinnaker-marketplace/fiat:1.6.1-20190802051323@sha256:b2947e1ba95c4a566100c19d844194c935905d59c442b52ad5e359489df0a7a1	yes		CLAIM-S3-011
1.15.2	2019-08-12	rosco	0.13.0-20190709142816	container-image	gcr.io/spinnaker-marketplace/rosco:0.13.0-20190709142816@sha256:2e186abe6f58e5960907f7ea4621d6166e1be4bb6201dbdb2cc172297fa55e45	yes	8	CLAIM-S3-011
1.15.2	2019-08-12	kayenta	0.10.1-20190802051323	container-image	gcr.io/spinnaker-marketplace/kayenta:0.10.1-20190802051323@sha256:f9af457c33fd2901553ddef245e98bb2b1ba866ef886273d1589a4fca2ae4116	yes		CLAIM-S3-011
1.15.2	2019-08-12	keel	-	not-pinned	-	n/a		CLAIM-S3-006
1.15.3	2019-08-23	gate	1.10.1-20190816051326	container-image	gcr.io/spinnaker-marketplace/gate:1.10.1-20190816051326@sha256:0aad999ecbea3f98f7f9bceaba478bb8c215b65afc36bc9545736220b0ba0f37	yes		CLAIM-S3-011
1.15.3	2019-08-23	orca	2.8.3-20190814150514	container-image	gcr.io/spinnaker-marketplace/orca:2.8.3-20190814150514@sha256:af3aae14132e2a6679f14de0b59b97b13fee928155db30862fe71d4e5540b930	yes		CLAIM-S3-011
1.15.3	2019-08-23	clouddriver	6.2.0-20190817051326	container-image	gcr.io/spinnaker-marketplace/clouddriver:6.2.0-20190817051326@sha256:9a947b9c2a5f4f61cf6fbaf517ae44ae419cb0b4a6c2c585493e874db2108725	yes		CLAIM-S3-011
1.15.3	2019-08-23	front50	0.18.1-20190823144532	container-image	gcr.io/spinnaker-marketplace/front50:0.18.1-20190823144532@sha256:362f6aa68f0b2ec2aeb15a353e078452790439e365a65f4ff1b9b7354aaca74d	yes		CLAIM-S3-011
1.15.3	2019-08-23	echo	2.6.1-20190814171202	container-image	gcr.io/spinnaker-marketplace/echo:2.6.1-20190814171202@sha256:687f6a38fe283d5277cb84d87fd478410e496fe98c386b1b9de6f6782f8333b7	yes		CLAIM-S3-011
1.15.3	2019-08-23	igor	1.4.0-20190709142816	container-image	gcr.io/spinnaker-marketplace/igor:1.4.0-20190709142816@sha256:eb654e9531fc36bcf33956658aab9f397e5575c75030b5de46dbe4fcdac69cb8	yes	8	CLAIM-S3-011
1.15.3	2019-08-23	fiat	1.6.1-20190802051323	container-image	gcr.io/spinnaker-marketplace/fiat:1.6.1-20190802051323@sha256:b2947e1ba95c4a566100c19d844194c935905d59c442b52ad5e359489df0a7a1	yes		CLAIM-S3-011
1.15.3	2019-08-23	rosco	0.13.0-20190709142816	container-image	gcr.io/spinnaker-marketplace/rosco:0.13.0-20190709142816@sha256:2e186abe6f58e5960907f7ea4621d6166e1be4bb6201dbdb2cc172297fa55e45	yes	8	CLAIM-S3-011
1.15.3	2019-08-23	kayenta	0.10.1-20190802051323	container-image	gcr.io/spinnaker-marketplace/kayenta:0.10.1-20190802051323@sha256:f9af457c33fd2901553ddef245e98bb2b1ba866ef886273d1589a4fca2ae4116	yes		CLAIM-S3-011
1.15.3	2019-08-23	keel	-	not-pinned	-	n/a		CLAIM-S3-006
1.15.4	2019-09-17	gate	1.10.1-20190816051326	container-image	gcr.io/spinnaker-marketplace/gate:1.10.1-20190816051326@sha256:0aad999ecbea3f98f7f9bceaba478bb8c215b65afc36bc9545736220b0ba0f37	yes		CLAIM-S3-011
1.15.4	2019-09-17	orca	2.8.3-20190814150514	container-image	gcr.io/spinnaker-marketplace/orca:2.8.3-20190814150514@sha256:af3aae14132e2a6679f14de0b59b97b13fee928155db30862fe71d4e5540b930	yes		CLAIM-S3-011
1.15.4	2019-09-17	clouddriver	6.2.1-20190917100948	container-image	gcr.io/spinnaker-marketplace/clouddriver:6.2.1-20190917100948@sha256:8ca369bac41c799e583d27fd03459ee866f7ca1bacba76b0df6b8ee8ba55bf6d	yes		CLAIM-S3-011
1.15.4	2019-09-17	front50	0.18.1-20190823144532	container-image	gcr.io/spinnaker-marketplace/front50:0.18.1-20190823144532@sha256:362f6aa68f0b2ec2aeb15a353e078452790439e365a65f4ff1b9b7354aaca74d	yes		CLAIM-S3-011
1.15.4	2019-09-17	echo	2.6.1-20190814171202	container-image	gcr.io/spinnaker-marketplace/echo:2.6.1-20190814171202@sha256:687f6a38fe283d5277cb84d87fd478410e496fe98c386b1b9de6f6782f8333b7	yes		CLAIM-S3-011
1.15.4	2019-09-17	igor	1.4.0-20190709142816	container-image	gcr.io/spinnaker-marketplace/igor:1.4.0-20190709142816@sha256:eb654e9531fc36bcf33956658aab9f397e5575c75030b5de46dbe4fcdac69cb8	yes	8	CLAIM-S3-011
1.15.4	2019-09-17	fiat	1.6.1-20190802051323	container-image	gcr.io/spinnaker-marketplace/fiat:1.6.1-20190802051323@sha256:b2947e1ba95c4a566100c19d844194c935905d59c442b52ad5e359489df0a7a1	yes		CLAIM-S3-011
1.15.4	2019-09-17	rosco	0.13.0-20190709142816	container-image	gcr.io/spinnaker-marketplace/rosco:0.13.0-20190709142816@sha256:2e186abe6f58e5960907f7ea4621d6166e1be4bb6201dbdb2cc172297fa55e45	yes	8	CLAIM-S3-011
1.15.4	2019-09-17	kayenta	0.10.1-20190802051323	container-image	gcr.io/spinnaker-marketplace/kayenta:0.10.1-20190802051323@sha256:f9af457c33fd2901553ddef245e98bb2b1ba866ef886273d1589a4fca2ae4116	yes		CLAIM-S3-011
1.15.4	2019-09-17	keel	-	not-pinned	-	n/a		CLAIM-S3-006
1.15.5	2019-10-01	gate	1.10.2-20190928051323	container-image	gcr.io/spinnaker-marketplace/gate:1.10.2-20190928051323@sha256:4a2ddc1789e96c27047a24680c37be14b93a09dde6ed26a78003fc37c2415b35	yes		CLAIM-S3-011
1.15.5	2019-10-01	orca	2.8.4-20190919124222	container-image	gcr.io/spinnaker-marketplace/orca:2.8.4-20190919124222@sha256:d1a45715fe5a4da7e1b487383bc2ea7131283b0ad4236a9468f9fc3478702ff6	yes		CLAIM-S3-011
1.15.5	2019-10-01	clouddriver	6.2.1-20190917100948	container-image	gcr.io/spinnaker-marketplace/clouddriver:6.2.1-20190917100948@sha256:8ca369bac41c799e583d27fd03459ee866f7ca1bacba76b0df6b8ee8ba55bf6d	yes		CLAIM-S3-011
1.15.5	2019-10-01	front50	0.18.1-20190823144532	container-image	gcr.io/spinnaker-marketplace/front50:0.18.1-20190823144532@sha256:362f6aa68f0b2ec2aeb15a353e078452790439e365a65f4ff1b9b7354aaca74d	yes		CLAIM-S3-011
1.15.5	2019-10-01	echo	2.6.1-20190814171202	container-image	gcr.io/spinnaker-marketplace/echo:2.6.1-20190814171202@sha256:687f6a38fe283d5277cb84d87fd478410e496fe98c386b1b9de6f6782f8333b7	yes		CLAIM-S3-011
1.15.5	2019-10-01	igor	1.4.0-20190709142816	container-image	gcr.io/spinnaker-marketplace/igor:1.4.0-20190709142816@sha256:eb654e9531fc36bcf33956658aab9f397e5575c75030b5de46dbe4fcdac69cb8	yes	8	CLAIM-S3-011
1.15.5	2019-10-01	fiat	1.6.1-20190802051323	container-image	gcr.io/spinnaker-marketplace/fiat:1.6.1-20190802051323@sha256:b2947e1ba95c4a566100c19d844194c935905d59c442b52ad5e359489df0a7a1	yes		CLAIM-S3-011
1.15.5	2019-10-01	rosco	0.13.0-20190709142816	container-image	gcr.io/spinnaker-marketplace/rosco:0.13.0-20190709142816@sha256:2e186abe6f58e5960907f7ea4621d6166e1be4bb6201dbdb2cc172297fa55e45	yes	8	CLAIM-S3-011
1.15.5	2019-10-01	kayenta	0.10.1-20190802051323	container-image	gcr.io/spinnaker-marketplace/kayenta:0.10.1-20190802051323@sha256:f9af457c33fd2901553ddef245e98bb2b1ba866ef886273d1589a4fca2ae4116	yes		CLAIM-S3-011
1.15.5	2019-10-01	keel	-	not-pinned	-	n/a		CLAIM-S3-006
1.15.6	2019-10-17	gate	1.10.2-20190928051323	container-image	gcr.io/spinnaker-marketplace/gate:1.10.2-20190928051323@sha256:4a2ddc1789e96c27047a24680c37be14b93a09dde6ed26a78003fc37c2415b35	yes		CLAIM-S3-011
1.15.6	2019-10-17	orca	2.8.4-20190919124222	container-image	gcr.io/spinnaker-marketplace/orca:2.8.4-20190919124222@sha256:d1a45715fe5a4da7e1b487383bc2ea7131283b0ad4236a9468f9fc3478702ff6	yes		CLAIM-S3-011
1.15.6	2019-10-17	clouddriver	6.2.2-20191017121307	container-image	gcr.io/spinnaker-marketplace/clouddriver:6.2.2-20191017121307@sha256:ebaa80a20382f5d7adfc65e4cd01fffdae713ea074aaa52a63888afd181853ae	yes		CLAIM-S3-011
1.15.6	2019-10-17	front50	0.18.1-20190823144532	container-image	gcr.io/spinnaker-marketplace/front50:0.18.1-20190823144532@sha256:362f6aa68f0b2ec2aeb15a353e078452790439e365a65f4ff1b9b7354aaca74d	yes		CLAIM-S3-011
1.15.6	2019-10-17	echo	2.6.1-20190814171202	container-image	gcr.io/spinnaker-marketplace/echo:2.6.1-20190814171202@sha256:687f6a38fe283d5277cb84d87fd478410e496fe98c386b1b9de6f6782f8333b7	yes		CLAIM-S3-011
1.15.6	2019-10-17	igor	1.4.0-20190709142816	container-image	gcr.io/spinnaker-marketplace/igor:1.4.0-20190709142816@sha256:eb654e9531fc36bcf33956658aab9f397e5575c75030b5de46dbe4fcdac69cb8	yes	8	CLAIM-S3-011
1.15.6	2019-10-17	fiat	1.6.1-20190802051323	container-image	gcr.io/spinnaker-marketplace/fiat:1.6.1-20190802051323@sha256:b2947e1ba95c4a566100c19d844194c935905d59c442b52ad5e359489df0a7a1	yes		CLAIM-S3-011
1.15.6	2019-10-17	rosco	0.13.0-20190709142816	container-image	gcr.io/spinnaker-marketplace/rosco:0.13.0-20190709142816@sha256:2e186abe6f58e5960907f7ea4621d6166e1be4bb6201dbdb2cc172297fa55e45	yes	8	CLAIM-S3-011
1.15.6	2019-10-17	kayenta	0.10.1-20190802051323	container-image	gcr.io/spinnaker-marketplace/kayenta:0.10.1-20190802051323@sha256:f9af457c33fd2901553ddef245e98bb2b1ba866ef886273d1589a4fca2ae4116	yes		CLAIM-S3-011
1.15.6	2019-10-17	keel	-	not-pinned	-	n/a		CLAIM-S3-006
1.15.7	2019-12-03	gate	1.10.2-20190928051323	container-image	gcr.io/spinnaker-marketplace/gate:1.10.2-20190928051323@sha256:4a2ddc1789e96c27047a24680c37be14b93a09dde6ed26a78003fc37c2415b35	yes		CLAIM-S3-011
1.15.7	2019-12-03	orca	2.8.4-20190919124222	container-image	gcr.io/spinnaker-marketplace/orca:2.8.4-20190919124222@sha256:d1a45715fe5a4da7e1b487383bc2ea7131283b0ad4236a9468f9fc3478702ff6	yes		CLAIM-S3-011
1.15.7	2019-12-03	clouddriver	6.2.2-20191017121307	container-image	gcr.io/spinnaker-marketplace/clouddriver:6.2.2-20191017121307@sha256:ebaa80a20382f5d7adfc65e4cd01fffdae713ea074aaa52a63888afd181853ae	yes		CLAIM-S3-011
1.15.7	2019-12-03	front50	0.18.1-20190823144532	container-image	gcr.io/spinnaker-marketplace/front50:0.18.1-20190823144532@sha256:362f6aa68f0b2ec2aeb15a353e078452790439e365a65f4ff1b9b7354aaca74d	yes		CLAIM-S3-011
1.15.7	2019-12-03	echo	2.6.1-20190814171202	container-image	gcr.io/spinnaker-marketplace/echo:2.6.1-20190814171202@sha256:687f6a38fe283d5277cb84d87fd478410e496fe98c386b1b9de6f6782f8333b7	yes		CLAIM-S3-011
1.15.7	2019-12-03	igor	1.4.0-20190709142816	container-image	gcr.io/spinnaker-marketplace/igor:1.4.0-20190709142816@sha256:eb654e9531fc36bcf33956658aab9f397e5575c75030b5de46dbe4fcdac69cb8	yes	8	CLAIM-S3-011
1.15.7	2019-12-03	fiat	1.6.1-20190802051323	container-image	gcr.io/spinnaker-marketplace/fiat:1.6.1-20190802051323@sha256:b2947e1ba95c4a566100c19d844194c935905d59c442b52ad5e359489df0a7a1	yes		CLAIM-S3-011
1.15.7	2019-12-03	rosco	0.13.1-20191203105039	container-image	gcr.io/spinnaker-marketplace/rosco:0.13.1-20191203105039@sha256:1c42959be75a861457f2f72de60aff3d0058f8dab7cbbb2aaeebf99f3a40449b	yes		CLAIM-S3-011
1.15.7	2019-12-03	kayenta	0.10.1-20190802051323	container-image	gcr.io/spinnaker-marketplace/kayenta:0.10.1-20190802051323@sha256:f9af457c33fd2901553ddef245e98bb2b1ba866ef886273d1589a4fca2ae4116	yes		CLAIM-S3-011
1.15.7	2019-12-03	keel	-	not-pinned	-	n/a		CLAIM-S3-006
1.16.0	2019-09-04	gate	1.11.0-20190904112813	container-image	gcr.io/spinnaker-marketplace/gate:1.11.0-20190904112813@sha256:a032169fa0ba8756be54398571e4542d00635ee96cc99f9b08153840991aee8c	yes	8	CLAIM-S3-011
1.16.0	2019-09-04	orca	2.9.0-20190904130744	container-image	gcr.io/spinnaker-marketplace/orca:2.9.0-20190904130744@sha256:6d9f200339b1f4fe1f92f9d7a033e0f191f2743ce1449227f0caf04cb74c5bd6	yes	8	CLAIM-S3-011
1.16.0	2019-09-04	clouddriver	6.3.0-20190904130744	container-image	gcr.io/spinnaker-marketplace/clouddriver:6.3.0-20190904130744@sha256:b86348ddfbdf978200a4a90e02ce55fb4af7a245f53e85432a7c4be8d2ce24f0	yes	8	CLAIM-S3-011
1.16.0	2019-09-04	front50	0.19.0-20190904130744	container-image	gcr.io/spinnaker-marketplace/front50:0.19.0-20190904130744@sha256:cdc33dc50ebe899f25b4c8ff9ee89a0dcf4a9ade4d8407f763107fbeda175d42	yes	8	CLAIM-S3-011
1.16.0	2019-09-04	echo	2.7.0-20190904112813	container-image	gcr.io/spinnaker-marketplace/echo:2.7.0-20190904112813@sha256:ee2e558823bc11758fb3a52ff16d91eb0864658d80b3d8065688371c029a341c	yes	8	CLAIM-S3-011
1.16.0	2019-09-04	igor	1.5.0-20190904155640	container-image	gcr.io/spinnaker-marketplace/igor:1.5.0-20190904155640@sha256:eadf2fe8ec061f210f5c7141c632c79ad6af151ac1d0d44af4a7c6be2dc0d15b	yes	8	CLAIM-S3-011
1.16.0	2019-09-04	fiat	1.7.0-20190904130744	container-image	gcr.io/spinnaker-marketplace/fiat:1.7.0-20190904130744@sha256:2cc4f5913b288c54f5cd95e6ae0027584af6b70a917e48f4b834a52b8afb8e17	yes	8	CLAIM-S3-011
1.16.0	2019-09-04	rosco	0.14.0-20190904130744	container-image	gcr.io/spinnaker-marketplace/rosco:0.14.0-20190904130744@sha256:372cf7f0f59461cd1fcd1b6745897fc170a1b0e92c083db2ae7c13d0cb0d7a97	yes	8	CLAIM-S3-011
1.16.0	2019-09-04	kayenta	0.11.0-20190830172818	container-image	gcr.io/spinnaker-marketplace/kayenta:0.11.0-20190830172818@sha256:fb635ddd9bc437e99cd7917fea7bb55d413c19cb93dc4e5850cb71c619a0fb0b	yes	8	CLAIM-S3-011
1.16.0	2019-09-04	keel	-	not-pinned	-	n/a		CLAIM-S3-006
1.16.1	2019-09-16	gate	1.12.0-20190914075316	container-image	gcr.io/spinnaker-marketplace/gate:1.12.0-20190914075316@sha256:7c78733b1b6cbb349e74619946c2a1c5eb5d454f2557519b8504faa6481e2c9c	yes		CLAIM-S3-011
1.16.1	2019-09-16	orca	2.10.0-20190914075316	container-image	gcr.io/spinnaker-marketplace/orca:2.10.0-20190914075316@sha256:40514afc233d0c28936bfdeccc68e998e36e8ce9eb2def9f73ad5ac1ec461811	yes		CLAIM-S3-011
1.16.1	2019-09-16	clouddriver	6.3.0-20190904130744	container-image	gcr.io/spinnaker-marketplace/clouddriver:6.3.0-20190904130744@sha256:b86348ddfbdf978200a4a90e02ce55fb4af7a245f53e85432a7c4be8d2ce24f0	yes	8	CLAIM-S3-011
1.16.1	2019-09-16	front50	0.19.0-20190904130744	container-image	gcr.io/spinnaker-marketplace/front50:0.19.0-20190904130744@sha256:cdc33dc50ebe899f25b4c8ff9ee89a0dcf4a9ade4d8407f763107fbeda175d42	yes	8	CLAIM-S3-011
1.16.1	2019-09-16	echo	2.8.0-20190914075316	container-image	gcr.io/spinnaker-marketplace/echo:2.8.0-20190914075316@sha256:603d5be1fcbcc9cf727e8e0848abbc8938b2650037e7c05219712139af70c4ff	yes		CLAIM-S3-011
1.16.1	2019-09-16	igor	1.6.0-20190914075316	container-image	gcr.io/spinnaker-marketplace/igor:1.6.0-20190914075316@sha256:22cdd734d57c55e5e9c8e89d68ba6aece20dabdf780c08550300c385e5f0039a	yes		CLAIM-S3-011
1.16.1	2019-09-16	fiat	1.7.0-20190904130744	container-image	gcr.io/spinnaker-marketplace/fiat:1.7.0-20190904130744@sha256:2cc4f5913b288c54f5cd95e6ae0027584af6b70a917e48f4b834a52b8afb8e17	yes	8	CLAIM-S3-011
1.16.1	2019-09-16	rosco	0.14.0-20190904130744	container-image	gcr.io/spinnaker-marketplace/rosco:0.14.0-20190904130744@sha256:372cf7f0f59461cd1fcd1b6745897fc170a1b0e92c083db2ae7c13d0cb0d7a97	yes	8	CLAIM-S3-011
1.16.1	2019-09-16	kayenta	0.11.0-20190830172818	container-image	gcr.io/spinnaker-marketplace/kayenta:0.11.0-20190830172818@sha256:fb635ddd9bc437e99cd7917fea7bb55d413c19cb93dc4e5850cb71c619a0fb0b	yes	8	CLAIM-S3-011
1.16.1	2019-09-16	keel	-	not-pinned	-	n/a		CLAIM-S3-006
1.16.2	2019-10-01	gate	1.12.1-20190928075315	container-image	gcr.io/spinnaker-marketplace/gate:1.12.1-20190928075315@sha256:b8af7593a7e1abf9462259f369f7fc35ca65f8b9b93db95c7c0052c2a17e160b	yes		CLAIM-S3-011
1.16.2	2019-10-01	orca	2.10.1-20190921075315	container-image	gcr.io/spinnaker-marketplace/orca:2.10.1-20190921075315@sha256:f8e0dcfb4128cb1204583e4d5138807664453686a3f2efb877f96a475e4e0bb7	yes		CLAIM-S3-011
1.16.2	2019-10-01	clouddriver	6.3.1-20190927075316	container-image	gcr.io/spinnaker-marketplace/clouddriver:6.3.1-20190927075316@sha256:7215b02a27b202126e690eab224c112911fe5440d79c5638c0c00f1cd482d190	yes		CLAIM-S3-011
1.16.2	2019-10-01	front50	0.19.0-20190904130744	container-image	gcr.io/spinnaker-marketplace/front50:0.19.0-20190904130744@sha256:cdc33dc50ebe899f25b4c8ff9ee89a0dcf4a9ade4d8407f763107fbeda175d42	yes	8	CLAIM-S3-011
1.16.2	2019-10-01	echo	2.8.1-20190926075316	container-image	gcr.io/spinnaker-marketplace/echo:2.8.1-20190926075316@sha256:5b0403f104e2e7634f473354c79f2fc3b7fcb10d037cc7e53492fe212f45c5d4	yes		CLAIM-S3-011
1.16.2	2019-10-01	igor	1.6.0-20190914075316	container-image	gcr.io/spinnaker-marketplace/igor:1.6.0-20190914075316@sha256:22cdd734d57c55e5e9c8e89d68ba6aece20dabdf780c08550300c385e5f0039a	yes		CLAIM-S3-011
1.16.2	2019-10-01	fiat	1.7.0-20190904130744	container-image	gcr.io/spinnaker-marketplace/fiat:1.7.0-20190904130744@sha256:2cc4f5913b288c54f5cd95e6ae0027584af6b70a917e48f4b834a52b8afb8e17	yes	8	CLAIM-S3-011
1.16.2	2019-10-01	rosco	0.14.0-20190904130744	container-image	gcr.io/spinnaker-marketplace/rosco:0.14.0-20190904130744@sha256:372cf7f0f59461cd1fcd1b6745897fc170a1b0e92c083db2ae7c13d0cb0d7a97	yes	8	CLAIM-S3-011
1.16.2	2019-10-01	kayenta	0.11.0-20190830172818	container-image	gcr.io/spinnaker-marketplace/kayenta:0.11.0-20190830172818@sha256:fb635ddd9bc437e99cd7917fea7bb55d413c19cb93dc4e5850cb71c619a0fb0b	yes	8	CLAIM-S3-011
1.16.2	2019-10-01	keel	-	not-pinned	-	n/a		CLAIM-S3-006
1.16.3	2019-10-14	gate	1.12.1-20190928075315	container-image	gcr.io/spinnaker-marketplace/gate:1.12.1-20190928075315@sha256:b8af7593a7e1abf9462259f369f7fc35ca65f8b9b93db95c7c0052c2a17e160b	yes		CLAIM-S3-011
1.16.3	2019-10-14	orca	2.10.2-20191012075315	container-image	gcr.io/spinnaker-marketplace/orca:2.10.2-20191012075315@sha256:39a15c89f646d3a6a518839b11c4e69ea394da62d6d7e226261efc5aa9b19a33	yes		CLAIM-S3-011
1.16.3	2019-10-14	clouddriver	6.3.2-20191005075315	container-image	gcr.io/spinnaker-marketplace/clouddriver:6.3.2-20191005075315@sha256:8d3f084ec8a13ee432637b159799591de4dbd83417b4b1ff1c593eaffab39c97	yes		CLAIM-S3-011
1.16.3	2019-10-14	front50	0.19.0-20190904130744	container-image	gcr.io/spinnaker-marketplace/front50:0.19.0-20190904130744@sha256:cdc33dc50ebe899f25b4c8ff9ee89a0dcf4a9ade4d8407f763107fbeda175d42	yes	8	CLAIM-S3-011
1.16.3	2019-10-14	echo	2.8.2-20191004075315	container-image	gcr.io/spinnaker-marketplace/echo:2.8.2-20191004075315@sha256:c718979b40da2cb9ffef751c6f6bf618f8aa1d237568a2d4a6582d73331dea8c	yes		CLAIM-S3-011
1.16.3	2019-10-14	igor	1.6.0-20190914075316	container-image	gcr.io/spinnaker-marketplace/igor:1.6.0-20190914075316@sha256:22cdd734d57c55e5e9c8e89d68ba6aece20dabdf780c08550300c385e5f0039a	yes		CLAIM-S3-011
1.16.3	2019-10-14	fiat	1.7.0-20190904130744	container-image	gcr.io/spinnaker-marketplace/fiat:1.7.0-20190904130744@sha256:2cc4f5913b288c54f5cd95e6ae0027584af6b70a917e48f4b834a52b8afb8e17	yes	8	CLAIM-S3-011
1.16.3	2019-10-14	rosco	0.14.1-20191014130426	container-image	gcr.io/spinnaker-marketplace/rosco:0.14.1-20191014130426@sha256:0ba690a3631a4161caa0ca6780c99d82171a65bd79324a0b379124a71908ec14	yes		CLAIM-S3-011
1.16.3	2019-10-14	kayenta	0.11.0-20190830172818	container-image	gcr.io/spinnaker-marketplace/kayenta:0.11.0-20190830172818@sha256:fb635ddd9bc437e99cd7917fea7bb55d413c19cb93dc4e5850cb71c619a0fb0b	yes	8	CLAIM-S3-011
1.16.3	2019-10-14	keel	-	not-pinned	-	n/a		CLAIM-S3-006
1.16.4	2019-10-18	gate	1.12.1-20190928075315	container-image	gcr.io/spinnaker-marketplace/gate:1.12.1-20190928075315@sha256:b8af7593a7e1abf9462259f369f7fc35ca65f8b9b93db95c7c0052c2a17e160b	yes		CLAIM-S3-011
1.16.4	2019-10-18	orca	2.10.2-20191012075315	container-image	gcr.io/spinnaker-marketplace/orca:2.10.2-20191012075315@sha256:39a15c89f646d3a6a518839b11c4e69ea394da62d6d7e226261efc5aa9b19a33	yes		CLAIM-S3-011
1.16.4	2019-10-18	clouddriver	6.3.3-20191018075315	container-image	gcr.io/spinnaker-marketplace/clouddriver:6.3.3-20191018075315@sha256:b12a93eec5bee6dc5354b81f0af9bb2f3a12638326c3d4db77e4cdec7e724095	yes		CLAIM-S3-011
1.16.4	2019-10-18	front50	0.19.0-20190904130744	container-image	gcr.io/spinnaker-marketplace/front50:0.19.0-20190904130744@sha256:cdc33dc50ebe899f25b4c8ff9ee89a0dcf4a9ade4d8407f763107fbeda175d42	yes	8	CLAIM-S3-011
1.16.4	2019-10-18	echo	2.8.2-20191004075315	container-image	gcr.io/spinnaker-marketplace/echo:2.8.2-20191004075315@sha256:c718979b40da2cb9ffef751c6f6bf618f8aa1d237568a2d4a6582d73331dea8c	yes		CLAIM-S3-011
1.16.4	2019-10-18	igor	1.6.0-20190914075316	container-image	gcr.io/spinnaker-marketplace/igor:1.6.0-20190914075316@sha256:22cdd734d57c55e5e9c8e89d68ba6aece20dabdf780c08550300c385e5f0039a	yes		CLAIM-S3-011
1.16.4	2019-10-18	fiat	1.7.0-20190904130744	container-image	gcr.io/spinnaker-marketplace/fiat:1.7.0-20190904130744@sha256:2cc4f5913b288c54f5cd95e6ae0027584af6b70a917e48f4b834a52b8afb8e17	yes	8	CLAIM-S3-011
1.16.4	2019-10-18	rosco	0.14.1-20191014130426	container-image	gcr.io/spinnaker-marketplace/rosco:0.14.1-20191014130426@sha256:0ba690a3631a4161caa0ca6780c99d82171a65bd79324a0b379124a71908ec14	yes		CLAIM-S3-011
1.16.4	2019-10-18	kayenta	0.11.0-20190830172818	container-image	gcr.io/spinnaker-marketplace/kayenta:0.11.0-20190830172818@sha256:fb635ddd9bc437e99cd7917fea7bb55d413c19cb93dc4e5850cb71c619a0fb0b	yes	8	CLAIM-S3-011
1.16.4	2019-10-18	keel	-	not-pinned	-	n/a		CLAIM-S3-006
1.16.5	2019-11-11	gate	1.12.1-20190928075315	container-image	gcr.io/spinnaker-marketplace/gate:1.12.1-20190928075315@sha256:b8af7593a7e1abf9462259f369f7fc35ca65f8b9b93db95c7c0052c2a17e160b	yes		CLAIM-S3-011
1.16.5	2019-11-11	orca	2.10.3-20191111125755	container-image	gcr.io/spinnaker-marketplace/orca:2.10.3-20191111125755@sha256:e96b887eac30e5025707664c10c5a2be6aae7c588a2bb44b1f6778412594788b	yes		CLAIM-S3-011
1.16.5	2019-11-11	clouddriver	6.3.3-20191018075315	container-image	gcr.io/spinnaker-marketplace/clouddriver:6.3.3-20191018075315@sha256:b12a93eec5bee6dc5354b81f0af9bb2f3a12638326c3d4db77e4cdec7e724095	yes		CLAIM-S3-011
1.16.5	2019-11-11	front50	0.19.0-20190904130744	container-image	gcr.io/spinnaker-marketplace/front50:0.19.0-20190904130744@sha256:cdc33dc50ebe899f25b4c8ff9ee89a0dcf4a9ade4d8407f763107fbeda175d42	yes	8	CLAIM-S3-011
1.16.5	2019-11-11	echo	2.8.2-20191004075315	container-image	gcr.io/spinnaker-marketplace/echo:2.8.2-20191004075315@sha256:c718979b40da2cb9ffef751c6f6bf618f8aa1d237568a2d4a6582d73331dea8c	yes		CLAIM-S3-011
1.16.5	2019-11-11	igor	1.6.1-20191024075315	container-image	gcr.io/spinnaker-marketplace/igor:1.6.1-20191024075315@sha256:f30783fff8fcedfb1c29769de8fc3447cb672ad85f3aeb390fb6adf63e5fbf48	yes		CLAIM-S3-011
1.16.5	2019-11-11	fiat	1.7.0-20190904130744	container-image	gcr.io/spinnaker-marketplace/fiat:1.7.0-20190904130744@sha256:2cc4f5913b288c54f5cd95e6ae0027584af6b70a917e48f4b834a52b8afb8e17	yes	8	CLAIM-S3-011
1.16.5	2019-11-11	rosco	0.14.1-20191014130426	container-image	gcr.io/spinnaker-marketplace/rosco:0.14.1-20191014130426@sha256:0ba690a3631a4161caa0ca6780c99d82171a65bd79324a0b379124a71908ec14	yes		CLAIM-S3-011
1.16.5	2019-11-11	kayenta	0.11.0-20190830172818	container-image	gcr.io/spinnaker-marketplace/kayenta:0.11.0-20190830172818@sha256:fb635ddd9bc437e99cd7917fea7bb55d413c19cb93dc4e5850cb71c619a0fb0b	yes	8	CLAIM-S3-011
1.16.5	2019-11-11	keel	-	not-pinned	-	n/a		CLAIM-S3-006
1.16.6	2019-12-03	gate	1.12.1-20190928075315	container-image	gcr.io/spinnaker-marketplace/gate:1.12.1-20190928075315@sha256:b8af7593a7e1abf9462259f369f7fc35ca65f8b9b93db95c7c0052c2a17e160b	yes		CLAIM-S3-011
1.16.6	2019-12-03	orca	2.10.3-20191111125755	container-image	gcr.io/spinnaker-marketplace/orca:2.10.3-20191111125755@sha256:e96b887eac30e5025707664c10c5a2be6aae7c588a2bb44b1f6778412594788b	yes		CLAIM-S3-011
1.16.6	2019-12-03	clouddriver	6.3.4-20191203075316	container-image	gcr.io/spinnaker-marketplace/clouddriver:6.3.4-20191203075316@sha256:8c1a7e9fd4677e3627c0301aac1e957a6804dc0b2756907e908fe593e82830f7	yes		CLAIM-S3-011
1.16.6	2019-12-03	front50	0.19.0-20190904130744	container-image	gcr.io/spinnaker-marketplace/front50:0.19.0-20190904130744@sha256:cdc33dc50ebe899f25b4c8ff9ee89a0dcf4a9ade4d8407f763107fbeda175d42	yes	8	CLAIM-S3-011
1.16.6	2019-12-03	echo	2.8.2-20191004075315	container-image	gcr.io/spinnaker-marketplace/echo:2.8.2-20191004075315@sha256:c718979b40da2cb9ffef751c6f6bf618f8aa1d237568a2d4a6582d73331dea8c	yes		CLAIM-S3-011
1.16.6	2019-12-03	igor	1.6.1-20191024075315	container-image	gcr.io/spinnaker-marketplace/igor:1.6.1-20191024075315@sha256:f30783fff8fcedfb1c29769de8fc3447cb672ad85f3aeb390fb6adf63e5fbf48	yes		CLAIM-S3-011
1.16.6	2019-12-03	fiat	1.7.0-20190904130744	container-image	gcr.io/spinnaker-marketplace/fiat:1.7.0-20190904130744@sha256:2cc4f5913b288c54f5cd95e6ae0027584af6b70a917e48f4b834a52b8afb8e17	yes	8	CLAIM-S3-011
1.16.6	2019-12-03	rosco	0.14.2-20191203092431	container-image	gcr.io/spinnaker-marketplace/rosco:0.14.2-20191203092431@sha256:5b0f883dc1b0d85a135bb2d0bf02dd2a3591b3d70419378250ec706823da58ab	yes		CLAIM-S3-011
1.16.6	2019-12-03	kayenta	0.11.0-20190830172818	container-image	gcr.io/spinnaker-marketplace/kayenta:0.11.0-20190830172818@sha256:fb635ddd9bc437e99cd7917fea7bb55d413c19cb93dc4e5850cb71c619a0fb0b	yes	8	CLAIM-S3-011
1.16.6	2019-12-03	keel	-	not-pinned	-	n/a		CLAIM-S3-006
1.16.7	2020-03-05	gate	1.12.1-20190928075315	container-image	gcr.io/spinnaker-marketplace/gate:1.12.1-20190928075315@sha256:b8af7593a7e1abf9462259f369f7fc35ca65f8b9b93db95c7c0052c2a17e160b	yes		CLAIM-S3-011
1.16.7	2020-03-05	orca	2.10.3-20191111125755	container-image	gcr.io/spinnaker-marketplace/orca:2.10.3-20191111125755@sha256:e96b887eac30e5025707664c10c5a2be6aae7c588a2bb44b1f6778412594788b	yes		CLAIM-S3-011
1.16.7	2020-03-05	clouddriver	6.3.5-20200304075318	container-image	gcr.io/spinnaker-marketplace/clouddriver:6.3.5-20200304075318@sha256:beb33c345b6366147b8f61863990fd98b095177c2b57a0a9121d5299c313a851	yes		CLAIM-S3-011
1.16.7	2020-03-05	front50	0.19.0-20190904130744	container-image	gcr.io/spinnaker-marketplace/front50:0.19.0-20190904130744@sha256:cdc33dc50ebe899f25b4c8ff9ee89a0dcf4a9ade4d8407f763107fbeda175d42	yes	8	CLAIM-S3-011
1.16.7	2020-03-05	echo	2.8.2-20191004075315	container-image	gcr.io/spinnaker-marketplace/echo:2.8.2-20191004075315@sha256:c718979b40da2cb9ffef751c6f6bf618f8aa1d237568a2d4a6582d73331dea8c	yes		CLAIM-S3-011
1.16.7	2020-03-05	igor	1.6.1-20191024075315	container-image	gcr.io/spinnaker-marketplace/igor:1.6.1-20191024075315@sha256:f30783fff8fcedfb1c29769de8fc3447cb672ad85f3aeb390fb6adf63e5fbf48	yes		CLAIM-S3-011
1.16.7	2020-03-05	fiat	1.7.0-20190904130744	container-image	gcr.io/spinnaker-marketplace/fiat:1.7.0-20190904130744@sha256:2cc4f5913b288c54f5cd95e6ae0027584af6b70a917e48f4b834a52b8afb8e17	yes	8	CLAIM-S3-011
1.16.7	2020-03-05	rosco	0.14.2-20191203092431	container-image	gcr.io/spinnaker-marketplace/rosco:0.14.2-20191203092431@sha256:5b0f883dc1b0d85a135bb2d0bf02dd2a3591b3d70419378250ec706823da58ab	yes		CLAIM-S3-011
1.16.7	2020-03-05	kayenta	0.11.0-20190830172818	container-image	gcr.io/spinnaker-marketplace/kayenta:0.11.0-20190830172818@sha256:fb635ddd9bc437e99cd7917fea7bb55d413c19cb93dc4e5850cb71c619a0fb0b	yes	8	CLAIM-S3-011
1.16.7	2020-03-05	keel	-	not-pinned	-	n/a		CLAIM-S3-006
1.17.0	2019-11-01	gate	1.13.0-20191029172246	container-image	gcr.io/spinnaker-marketplace/gate:1.13.0-20191029172246@sha256:56493e0152fa37797cb21a7b445e08d3bc8575ad8dab4c12ed7582aed6595aa4	yes	8	CLAIM-S3-011
1.17.0	2019-11-01	orca	2.11.0-20191029172246	container-image	gcr.io/spinnaker-marketplace/orca:2.11.0-20191029172246@sha256:ad731df1af81ac940ea8b93905ba9108838d416f2ccf0f4a4d3fdd077b0e1f58	yes	8	CLAIM-S3-011
1.17.0	2019-11-01	clouddriver	6.4.0-20191101034416	container-image	gcr.io/spinnaker-marketplace/clouddriver:6.4.0-20191101034416@sha256:ca073fa686a194867de0e9e420ed6265af0e61e8e18f5f2ccebfe26739281420	yes	8	CLAIM-S3-011
1.17.0	2019-11-01	front50	0.20.0-20191029172246	container-image	gcr.io/spinnaker-marketplace/front50:0.20.0-20191029172246@sha256:4da247be4a5d05e6f3006e175eec00f9080bf116efeb8de6575561d976d1388c	yes	8	CLAIM-S3-011
1.17.0	2019-11-01	echo	2.9.0-20191029172246	container-image	gcr.io/spinnaker-marketplace/echo:2.9.0-20191029172246@sha256:cb6b9c7d6a657ee4af141f85fdb96904bd8ba4b120f40747663941fa7e82b412	yes	8	CLAIM-S3-011
1.17.0	2019-11-01	igor	1.7.0-20191029183208	container-image	gcr.io/spinnaker-marketplace/igor:1.7.0-20191029183208@sha256:92d6a9dabf2b98ce791feefc7e90dc4bc08b4c98cf47c65a06c3ef35ebb33628	yes	8	CLAIM-S3-011
1.17.0	2019-11-01	fiat	1.8.0-20191029172246	container-image	gcr.io/spinnaker-marketplace/fiat:1.8.0-20191029172246@sha256:33cf3ff3dc94207a2fd17ed245bf659b71cc6831ab39d9dd3146934e4ad94cf9	yes	8	CLAIM-S3-011
1.17.0	2019-11-01	rosco	0.15.0-20191029140133	container-image	gcr.io/spinnaker-marketplace/rosco:0.15.0-20191029140133@sha256:db31f577b9dc2394494a605499b871795537dfd9f463f4a36acf39c7c5bd618e	yes	8	CLAIM-S3-011
1.17.0	2019-11-01	kayenta	0.12.0-20191023142816	container-image	gcr.io/spinnaker-marketplace/kayenta:0.12.0-20191023142816@sha256:2ea209a9008fc6ead1a4bbf53e80ea3960366e7640dd1e35ccc5cf81ee07e909	yes	8	CLAIM-S3-011
1.17.0	2019-11-01	keel	-	not-pinned	-	n/a		CLAIM-S3-006
1.17.1	2019-11-11	gate	1.13.0-20191029172246	container-image	gcr.io/spinnaker-marketplace/gate:1.13.0-20191029172246@sha256:56493e0152fa37797cb21a7b445e08d3bc8575ad8dab4c12ed7582aed6595aa4	yes	8	CLAIM-S3-011
1.17.1	2019-11-11	orca	2.11.1-20191111102213	container-image	gcr.io/spinnaker-marketplace/orca:2.11.1-20191111102213@sha256:b8fc72c11ca32b3f7a03c43903707b96a0c80dfef8896e389f8773e38e0658bb	yes		CLAIM-S3-011
1.17.1	2019-11-11	clouddriver	6.4.1-20191111102213	container-image	gcr.io/spinnaker-marketplace/clouddriver:6.4.1-20191111102213@sha256:333332345532e56189a462065a59a5debf1e19f3492e0951129a597b36f18dcb	yes		CLAIM-S3-011
1.17.1	2019-11-11	front50	0.20.1-20191107034416	container-image	gcr.io/spinnaker-marketplace/front50:0.20.1-20191107034416@sha256:5f8a2cd92223601398508365a1f01404eeb449e276330f83af42d9d027b8232c	yes		CLAIM-S3-011
1.17.1	2019-11-11	echo	2.9.0-20191029172246	container-image	gcr.io/spinnaker-marketplace/echo:2.9.0-20191029172246@sha256:cb6b9c7d6a657ee4af141f85fdb96904bd8ba4b120f40747663941fa7e82b412	yes	8	CLAIM-S3-011
1.17.1	2019-11-11	igor	1.7.0-20191029183208	container-image	gcr.io/spinnaker-marketplace/igor:1.7.0-20191029183208@sha256:92d6a9dabf2b98ce791feefc7e90dc4bc08b4c98cf47c65a06c3ef35ebb33628	yes	8	CLAIM-S3-011
1.17.1	2019-11-11	fiat	1.8.1-20191107034416	container-image	gcr.io/spinnaker-marketplace/fiat:1.8.1-20191107034416@sha256:5819716b1905422cb79e5b35a1d06a3a0b4976424973ad6fc5a2cef1e475a674	yes		CLAIM-S3-011
1.17.1	2019-11-11	rosco	0.15.0-20191029140133	container-image	gcr.io/spinnaker-marketplace/rosco:0.15.0-20191029140133@sha256:db31f577b9dc2394494a605499b871795537dfd9f463f4a36acf39c7c5bd618e	yes	8	CLAIM-S3-011
1.17.1	2019-11-11	kayenta	0.12.0-20191023142816	container-image	gcr.io/spinnaker-marketplace/kayenta:0.12.0-20191023142816@sha256:2ea209a9008fc6ead1a4bbf53e80ea3960366e7640dd1e35ccc5cf81ee07e909	yes	8	CLAIM-S3-011
1.17.1	2019-11-11	keel	-	not-pinned	-	n/a		CLAIM-S3-006
1.17.2	2019-11-19	gate	1.13.0-20191029172246	container-image	gcr.io/spinnaker-marketplace/gate:1.13.0-20191029172246@sha256:56493e0152fa37797cb21a7b445e08d3bc8575ad8dab4c12ed7582aed6595aa4	yes	8	CLAIM-S3-011
1.17.2	2019-11-19	orca	2.11.1-20191111102213	container-image	gcr.io/spinnaker-marketplace/orca:2.11.1-20191111102213@sha256:b8fc72c11ca32b3f7a03c43903707b96a0c80dfef8896e389f8773e38e0658bb	yes		CLAIM-S3-011
1.17.2	2019-11-19	clouddriver	6.4.1-20191111102213	container-image	gcr.io/spinnaker-marketplace/clouddriver:6.4.1-20191111102213@sha256:333332345532e56189a462065a59a5debf1e19f3492e0951129a597b36f18dcb	yes		CLAIM-S3-011
1.17.2	2019-11-19	front50	0.20.1-20191107034416	container-image	gcr.io/spinnaker-marketplace/front50:0.20.1-20191107034416@sha256:5f8a2cd92223601398508365a1f01404eeb449e276330f83af42d9d027b8232c	yes		CLAIM-S3-011
1.17.2	2019-11-19	echo	2.9.0-20191029172246	container-image	gcr.io/spinnaker-marketplace/echo:2.9.0-20191029172246@sha256:cb6b9c7d6a657ee4af141f85fdb96904bd8ba4b120f40747663941fa7e82b412	yes	8	CLAIM-S3-011
1.17.2	2019-11-19	igor	1.7.0-20191029183208	container-image	gcr.io/spinnaker-marketplace/igor:1.7.0-20191029183208@sha256:92d6a9dabf2b98ce791feefc7e90dc4bc08b4c98cf47c65a06c3ef35ebb33628	yes	8	CLAIM-S3-011
1.17.2	2019-11-19	fiat	1.8.2-20191119114057	container-image	gcr.io/spinnaker-marketplace/fiat:1.8.2-20191119114057@sha256:73600d1851d65b28b7ed81cef717ca29a22d1e2dcb5432504cae6fcd7081f2fd	yes		CLAIM-S3-011
1.17.2	2019-11-19	rosco	0.15.0-20191029140133	container-image	gcr.io/spinnaker-marketplace/rosco:0.15.0-20191029140133@sha256:db31f577b9dc2394494a605499b871795537dfd9f463f4a36acf39c7c5bd618e	yes	8	CLAIM-S3-011
1.17.2	2019-11-19	kayenta	0.12.0-20191023142816	container-image	gcr.io/spinnaker-marketplace/kayenta:0.12.0-20191023142816@sha256:2ea209a9008fc6ead1a4bbf53e80ea3960366e7640dd1e35ccc5cf81ee07e909	yes	8	CLAIM-S3-011
1.17.2	2019-11-19	keel	-	not-pinned	-	n/a		CLAIM-S3-006
1.17.3	2019-12-02	gate	1.13.0-20191029172246	container-image	gcr.io/spinnaker-marketplace/gate:1.13.0-20191029172246@sha256:56493e0152fa37797cb21a7b445e08d3bc8575ad8dab4c12ed7582aed6595aa4	yes	8	CLAIM-S3-011
1.17.3	2019-12-02	orca	2.11.1-20191111102213	container-image	gcr.io/spinnaker-marketplace/orca:2.11.1-20191111102213@sha256:b8fc72c11ca32b3f7a03c43903707b96a0c80dfef8896e389f8773e38e0658bb	yes		CLAIM-S3-011
1.17.3	2019-12-02	clouddriver	6.4.2-20191202102650	container-image	gcr.io/spinnaker-marketplace/clouddriver:6.4.2-20191202102650@sha256:c27e4978fa7d0b0a2887b78ef77f4e117fab2123b6558c75efea0a0056bfc6a4	yes		CLAIM-S3-011
1.17.3	2019-12-02	front50	0.20.1-20191107034416	container-image	gcr.io/spinnaker-marketplace/front50:0.20.1-20191107034416@sha256:5f8a2cd92223601398508365a1f01404eeb449e276330f83af42d9d027b8232c	yes		CLAIM-S3-011
1.17.3	2019-12-02	echo	2.9.0-20191029172246	container-image	gcr.io/spinnaker-marketplace/echo:2.9.0-20191029172246@sha256:cb6b9c7d6a657ee4af141f85fdb96904bd8ba4b120f40747663941fa7e82b412	yes	8	CLAIM-S3-011
1.17.3	2019-12-02	igor	1.7.0-20191029183208	container-image	gcr.io/spinnaker-marketplace/igor:1.7.0-20191029183208@sha256:92d6a9dabf2b98ce791feefc7e90dc4bc08b4c98cf47c65a06c3ef35ebb33628	yes	8	CLAIM-S3-011
1.17.3	2019-12-02	fiat	1.8.3-20191202102650	container-image	gcr.io/spinnaker-marketplace/fiat:1.8.3-20191202102650@sha256:b43cf7c18216864040e3c05f4494174569decd868359837902ac76294408a81c	yes		CLAIM-S3-011
1.17.3	2019-12-02	rosco	0.15.1-20191202163249	container-image	gcr.io/spinnaker-marketplace/rosco:0.15.1-20191202163249@sha256:225ab6ae0807b9af61ccdba880a3d3be44dd14a73e93db8d535a980921201035	yes		CLAIM-S3-011
1.17.3	2019-12-02	kayenta	0.12.0-20191023142816	container-image	gcr.io/spinnaker-marketplace/kayenta:0.12.0-20191023142816@sha256:2ea209a9008fc6ead1a4bbf53e80ea3960366e7640dd1e35ccc5cf81ee07e909	yes	8	CLAIM-S3-011
1.17.3	2019-12-02	keel	-	not-pinned	-	n/a		CLAIM-S3-006
1.17.4	2019-12-12	gate	1.13.0-20191029172246	container-image	gcr.io/spinnaker-marketplace/gate:1.13.0-20191029172246@sha256:56493e0152fa37797cb21a7b445e08d3bc8575ad8dab4c12ed7582aed6595aa4	yes	8	CLAIM-S3-011
1.17.4	2019-12-12	orca	2.11.2-20191212093351	container-image	gcr.io/spinnaker-marketplace/orca:2.11.2-20191212093351@sha256:7579fffcebc75bcc78dfa9420d2ea941eac83770660cde51042ffdcb9f6c13ab	yes		CLAIM-S3-011
1.17.4	2019-12-12	clouddriver	6.4.3-20191210131345	container-image	gcr.io/spinnaker-marketplace/clouddriver:6.4.3-20191210131345@sha256:760c1be1986a1cffc8ec3dfe7569129385b92723373fa109f68b8958733bcb99	yes		CLAIM-S3-011
1.17.4	2019-12-12	front50	0.20.1-20191107034416	container-image	gcr.io/spinnaker-marketplace/front50:0.20.1-20191107034416@sha256:5f8a2cd92223601398508365a1f01404eeb449e276330f83af42d9d027b8232c	yes		CLAIM-S3-011
1.17.4	2019-12-12	echo	2.9.0-20191029172246	container-image	gcr.io/spinnaker-marketplace/echo:2.9.0-20191029172246@sha256:cb6b9c7d6a657ee4af141f85fdb96904bd8ba4b120f40747663941fa7e82b412	yes	8	CLAIM-S3-011
1.17.4	2019-12-12	igor	1.7.0-20191029183208	container-image	gcr.io/spinnaker-marketplace/igor:1.7.0-20191029183208@sha256:92d6a9dabf2b98ce791feefc7e90dc4bc08b4c98cf47c65a06c3ef35ebb33628	yes	8	CLAIM-S3-011
1.17.4	2019-12-12	fiat	1.8.3-20191202102650	container-image	gcr.io/spinnaker-marketplace/fiat:1.8.3-20191202102650@sha256:b43cf7c18216864040e3c05f4494174569decd868359837902ac76294408a81c	yes		CLAIM-S3-011
1.17.4	2019-12-12	rosco	0.15.1-20191202163249	container-image	gcr.io/spinnaker-marketplace/rosco:0.15.1-20191202163249@sha256:225ab6ae0807b9af61ccdba880a3d3be44dd14a73e93db8d535a980921201035	yes		CLAIM-S3-011
1.17.4	2019-12-12	kayenta	0.12.0-20191023142816	container-image	gcr.io/spinnaker-marketplace/kayenta:0.12.0-20191023142816@sha256:2ea209a9008fc6ead1a4bbf53e80ea3960366e7640dd1e35ccc5cf81ee07e909	yes	8	CLAIM-S3-011
1.17.4	2019-12-12	keel	-	not-pinned	-	n/a		CLAIM-S3-006
1.17.5	2019-12-16	gate	1.13.0-20191029172246	container-image	gcr.io/spinnaker-marketplace/gate:1.13.0-20191029172246@sha256:56493e0152fa37797cb21a7b445e08d3bc8575ad8dab4c12ed7582aed6595aa4	yes	8	CLAIM-S3-011
1.17.5	2019-12-16	orca	2.11.2-20191212093351	container-image	gcr.io/spinnaker-marketplace/orca:2.11.2-20191212093351@sha256:7579fffcebc75bcc78dfa9420d2ea941eac83770660cde51042ffdcb9f6c13ab	yes		CLAIM-S3-011
1.17.5	2019-12-16	clouddriver	6.4.4-20191216151527	container-image	gcr.io/spinnaker-marketplace/clouddriver:6.4.4-20191216151527@sha256:c30208858909dd2d60de2e334cb26f1e6a04d5c07bdb859e659cf4f07144c7eb	yes		CLAIM-S3-011
1.17.5	2019-12-16	front50	0.20.1-20191107034416	container-image	gcr.io/spinnaker-marketplace/front50:0.20.1-20191107034416@sha256:5f8a2cd92223601398508365a1f01404eeb449e276330f83af42d9d027b8232c	yes		CLAIM-S3-011
1.17.5	2019-12-16	echo	2.9.1-20191216151527	container-image	gcr.io/spinnaker-marketplace/echo:2.9.1-20191216151527@sha256:1654d858b205027ec2f5c7ad6a1aae710c659cf4b15b2bdd05b9cf4d8d00d8ed	yes		CLAIM-S3-011
1.17.5	2019-12-16	igor	1.7.0-20191029183208	container-image	gcr.io/spinnaker-marketplace/igor:1.7.0-20191029183208@sha256:92d6a9dabf2b98ce791feefc7e90dc4bc08b4c98cf47c65a06c3ef35ebb33628	yes	8	CLAIM-S3-011
1.17.5	2019-12-16	fiat	1.8.3-20191202102650	container-image	gcr.io/spinnaker-marketplace/fiat:1.8.3-20191202102650@sha256:b43cf7c18216864040e3c05f4494174569decd868359837902ac76294408a81c	yes		CLAIM-S3-011
1.17.5	2019-12-16	rosco	0.15.1-20191202163249	container-image	gcr.io/spinnaker-marketplace/rosco:0.15.1-20191202163249@sha256:225ab6ae0807b9af61ccdba880a3d3be44dd14a73e93db8d535a980921201035	yes		CLAIM-S3-011
1.17.5	2019-12-16	kayenta	0.12.0-20191023142816	container-image	gcr.io/spinnaker-marketplace/kayenta:0.12.0-20191023142816@sha256:2ea209a9008fc6ead1a4bbf53e80ea3960366e7640dd1e35ccc5cf81ee07e909	yes	8	CLAIM-S3-011
1.17.5	2019-12-16	keel	-	not-pinned	-	n/a		CLAIM-S3-006
1.17.6	2020-01-14	gate	1.13.0-20191029172246	container-image	gcr.io/spinnaker-marketplace/gate:1.13.0-20191029172246@sha256:56493e0152fa37797cb21a7b445e08d3bc8575ad8dab4c12ed7582aed6595aa4	yes	8	CLAIM-S3-011
1.17.6	2020-01-14	orca	2.11.2-20191212093351	container-image	gcr.io/spinnaker-marketplace/orca:2.11.2-20191212093351@sha256:7579fffcebc75bcc78dfa9420d2ea941eac83770660cde51042ffdcb9f6c13ab	yes		CLAIM-S3-011
1.17.6	2020-01-14	clouddriver	6.4.5-20200114034416	container-image	gcr.io/spinnaker-marketplace/clouddriver:6.4.5-20200114034416@sha256:80ddb22e4c14bb165e0036532166d6af8292948f43c5454396460b302d33f99c	yes		CLAIM-S3-011
1.17.6	2020-01-14	front50	0.20.1-20191107034416	container-image	gcr.io/spinnaker-marketplace/front50:0.20.1-20191107034416@sha256:5f8a2cd92223601398508365a1f01404eeb449e276330f83af42d9d027b8232c	yes		CLAIM-S3-011
1.17.6	2020-01-14	echo	2.9.1-20191216151527	container-image	gcr.io/spinnaker-marketplace/echo:2.9.1-20191216151527@sha256:1654d858b205027ec2f5c7ad6a1aae710c659cf4b15b2bdd05b9cf4d8d00d8ed	yes		CLAIM-S3-011
1.17.6	2020-01-14	igor	1.7.0-20191029183208	container-image	gcr.io/spinnaker-marketplace/igor:1.7.0-20191029183208@sha256:92d6a9dabf2b98ce791feefc7e90dc4bc08b4c98cf47c65a06c3ef35ebb33628	yes	8	CLAIM-S3-011
1.17.6	2020-01-14	fiat	1.8.3-20191202102650	container-image	gcr.io/spinnaker-marketplace/fiat:1.8.3-20191202102650@sha256:b43cf7c18216864040e3c05f4494174569decd868359837902ac76294408a81c	yes		CLAIM-S3-011
1.17.6	2020-01-14	rosco	0.15.1-20191202163249	container-image	gcr.io/spinnaker-marketplace/rosco:0.15.1-20191202163249@sha256:225ab6ae0807b9af61ccdba880a3d3be44dd14a73e93db8d535a980921201035	yes		CLAIM-S3-011
1.17.6	2020-01-14	kayenta	0.12.0-20191023142816	container-image	gcr.io/spinnaker-marketplace/kayenta:0.12.0-20191023142816@sha256:2ea209a9008fc6ead1a4bbf53e80ea3960366e7640dd1e35ccc5cf81ee07e909	yes	8	CLAIM-S3-011
1.17.6	2020-01-14	keel	-	not-pinned	-	n/a		CLAIM-S3-006
1.17.7	2020-03-06	gate	1.13.0-20191029172246	container-image	gcr.io/spinnaker-marketplace/gate:1.13.0-20191029172246@sha256:56493e0152fa37797cb21a7b445e08d3bc8575ad8dab4c12ed7582aed6595aa4	yes	8	CLAIM-S3-011
1.17.7	2020-03-06	orca	2.11.3-20200306161140	container-image	gcr.io/spinnaker-marketplace/orca:2.11.3-20200306161140@sha256:2cf2d73ccceb23c320f6f6c76400f35d85e43cc99f21c205f3b1fa34ec86b079	yes		CLAIM-S3-011
1.17.7	2020-03-06	clouddriver	6.4.6-20200306161140	container-image	gcr.io/spinnaker-marketplace/clouddriver:6.4.6-20200306161140@sha256:c09ad42f942ea96a2ecd1fff356654296b5d27da6d76abbe7e53de0de9ae9ed9	yes		CLAIM-S3-011
1.17.7	2020-03-06	front50	0.20.1-20191107034416	container-image	gcr.io/spinnaker-marketplace/front50:0.20.1-20191107034416@sha256:5f8a2cd92223601398508365a1f01404eeb449e276330f83af42d9d027b8232c	yes		CLAIM-S3-011
1.17.7	2020-03-06	echo	2.9.1-20191216151527	container-image	gcr.io/spinnaker-marketplace/echo:2.9.1-20191216151527@sha256:1654d858b205027ec2f5c7ad6a1aae710c659cf4b15b2bdd05b9cf4d8d00d8ed	yes		CLAIM-S3-011
1.17.7	2020-03-06	igor	1.7.1-20200306161140	container-image	gcr.io/spinnaker-marketplace/igor:1.7.1-20200306161140@sha256:4d39b1258bd3e02de2f088e8d3dfb6051f9d1c235cff425c83348878a05bdc1e	yes		CLAIM-S3-011
1.17.7	2020-03-06	fiat	1.8.3-20191202102650	container-image	gcr.io/spinnaker-marketplace/fiat:1.8.3-20191202102650@sha256:b43cf7c18216864040e3c05f4494174569decd868359837902ac76294408a81c	yes		CLAIM-S3-011
1.17.7	2020-03-06	rosco	0.15.1-20191202163249	container-image	gcr.io/spinnaker-marketplace/rosco:0.15.1-20191202163249@sha256:225ab6ae0807b9af61ccdba880a3d3be44dd14a73e93db8d535a980921201035	yes		CLAIM-S3-011
1.17.7	2020-03-06	kayenta	0.12.0-20191023142816	container-image	gcr.io/spinnaker-marketplace/kayenta:0.12.0-20191023142816@sha256:2ea209a9008fc6ead1a4bbf53e80ea3960366e7640dd1e35ccc5cf81ee07e909	yes	8	CLAIM-S3-011
1.17.7	2020-03-06	keel	-	not-pinned	-	n/a		CLAIM-S3-006
1.17.8	2020-03-20	gate	1.13.0-20191029172246	container-image	gcr.io/spinnaker-marketplace/gate:1.13.0-20191029172246@sha256:56493e0152fa37797cb21a7b445e08d3bc8575ad8dab4c12ed7582aed6595aa4	yes	8	CLAIM-S3-011
1.17.8	2020-03-20	orca	2.11.3-20200306161140	container-image	gcr.io/spinnaker-marketplace/orca:2.11.3-20200306161140@sha256:2cf2d73ccceb23c320f6f6c76400f35d85e43cc99f21c205f3b1fa34ec86b079	yes		CLAIM-S3-011
1.17.8	2020-03-20	clouddriver	6.4.7-20200320132008	container-image	gcr.io/spinnaker-marketplace/clouddriver:6.4.7-20200320132008@sha256:1511c8d382f1f68a12afacc28f5bc881c3e91b5134a56b5fc701a203bbc90c58	yes		CLAIM-S3-011
1.17.8	2020-03-20	front50	0.20.1-20191107034416	container-image	gcr.io/spinnaker-marketplace/front50:0.20.1-20191107034416@sha256:5f8a2cd92223601398508365a1f01404eeb449e276330f83af42d9d027b8232c	yes		CLAIM-S3-011
1.17.8	2020-03-20	echo	2.9.1-20191216151527	container-image	gcr.io/spinnaker-marketplace/echo:2.9.1-20191216151527@sha256:1654d858b205027ec2f5c7ad6a1aae710c659cf4b15b2bdd05b9cf4d8d00d8ed	yes		CLAIM-S3-011
1.17.8	2020-03-20	igor	1.7.1-20200306161140	container-image	gcr.io/spinnaker-marketplace/igor:1.7.1-20200306161140@sha256:4d39b1258bd3e02de2f088e8d3dfb6051f9d1c235cff425c83348878a05bdc1e	yes		CLAIM-S3-011
1.17.8	2020-03-20	fiat	1.8.3-20191202102650	container-image	gcr.io/spinnaker-marketplace/fiat:1.8.3-20191202102650@sha256:b43cf7c18216864040e3c05f4494174569decd868359837902ac76294408a81c	yes		CLAIM-S3-011
1.17.8	2020-03-20	rosco	0.15.1-20191202163249	container-image	gcr.io/spinnaker-marketplace/rosco:0.15.1-20191202163249@sha256:225ab6ae0807b9af61ccdba880a3d3be44dd14a73e93db8d535a980921201035	yes		CLAIM-S3-011
1.17.8	2020-03-20	kayenta	0.12.0-20191023142816	container-image	gcr.io/spinnaker-marketplace/kayenta:0.12.0-20191023142816@sha256:2ea209a9008fc6ead1a4bbf53e80ea3960366e7640dd1e35ccc5cf81ee07e909	yes	8	CLAIM-S3-011
1.17.8	2020-03-20	keel	-	not-pinned	-	n/a		CLAIM-S3-006
1.17.9	2020-03-25	gate	1.13.0-20191029172246	container-image	gcr.io/spinnaker-marketplace/gate:1.13.0-20191029172246@sha256:56493e0152fa37797cb21a7b445e08d3bc8575ad8dab4c12ed7582aed6595aa4	yes	8	CLAIM-S3-011
1.17.9	2020-03-25	orca	2.11.3-20200306161140	container-image	gcr.io/spinnaker-marketplace/orca:2.11.3-20200306161140@sha256:2cf2d73ccceb23c320f6f6c76400f35d85e43cc99f21c205f3b1fa34ec86b079	yes		CLAIM-S3-011
1.17.9	2020-03-25	clouddriver	6.4.8-20200325020017	container-image	gcr.io/spinnaker-marketplace/clouddriver:6.4.8-20200325020017@sha256:a65bf745e506c0b61f5e33be25e2bfe18538ca5f82ff64665ddd40740cdd3b63	yes		CLAIM-S3-011
1.17.9	2020-03-25	front50	0.20.1-20191107034416	container-image	gcr.io/spinnaker-marketplace/front50:0.20.1-20191107034416@sha256:5f8a2cd92223601398508365a1f01404eeb449e276330f83af42d9d027b8232c	yes		CLAIM-S3-011
1.17.9	2020-03-25	echo	2.9.1-20191216151527	container-image	gcr.io/spinnaker-marketplace/echo:2.9.1-20191216151527@sha256:1654d858b205027ec2f5c7ad6a1aae710c659cf4b15b2bdd05b9cf4d8d00d8ed	yes		CLAIM-S3-011
1.17.9	2020-03-25	igor	1.7.1-20200306161140	container-image	gcr.io/spinnaker-marketplace/igor:1.7.1-20200306161140@sha256:4d39b1258bd3e02de2f088e8d3dfb6051f9d1c235cff425c83348878a05bdc1e	yes		CLAIM-S3-011
1.17.9	2020-03-25	fiat	1.8.3-20191202102650	container-image	gcr.io/spinnaker-marketplace/fiat:1.8.3-20191202102650@sha256:b43cf7c18216864040e3c05f4494174569decd868359837902ac76294408a81c	yes		CLAIM-S3-011
1.17.9	2020-03-25	rosco	0.15.1-20191202163249	container-image	gcr.io/spinnaker-marketplace/rosco:0.15.1-20191202163249@sha256:225ab6ae0807b9af61ccdba880a3d3be44dd14a73e93db8d535a980921201035	yes		CLAIM-S3-011
1.17.9	2020-03-25	kayenta	0.12.0-20191023142816	container-image	gcr.io/spinnaker-marketplace/kayenta:0.12.0-20191023142816@sha256:2ea209a9008fc6ead1a4bbf53e80ea3960366e7640dd1e35ccc5cf81ee07e909	yes	8	CLAIM-S3-011
1.17.9	2020-03-25	keel	-	not-pinned	-	n/a		CLAIM-S3-006
1.17.10	2020-04-02	gate	1.13.0-20191029172246	container-image	gcr.io/spinnaker-marketplace/gate:1.13.0-20191029172246@sha256:56493e0152fa37797cb21a7b445e08d3bc8575ad8dab4c12ed7582aed6595aa4	yes	8	CLAIM-S3-011
1.17.10	2020-04-02	orca	2.11.4-20200402020016	container-image	gcr.io/spinnaker-marketplace/orca:2.11.4-20200402020016@sha256:de32ca823892c337960648f4e1ad9fb7ad6015e198bd4da5bc6d7a31768c8c0e	yes		CLAIM-S3-011
1.17.10	2020-04-02	clouddriver	6.4.8-20200325020017	container-image	gcr.io/spinnaker-marketplace/clouddriver:6.4.8-20200325020017@sha256:a65bf745e506c0b61f5e33be25e2bfe18538ca5f82ff64665ddd40740cdd3b63	yes		CLAIM-S3-011
1.17.10	2020-04-02	front50	0.20.1-20191107034416	container-image	gcr.io/spinnaker-marketplace/front50:0.20.1-20191107034416@sha256:5f8a2cd92223601398508365a1f01404eeb449e276330f83af42d9d027b8232c	yes		CLAIM-S3-011
1.17.10	2020-04-02	echo	2.9.1-20191216151527	container-image	gcr.io/spinnaker-marketplace/echo:2.9.1-20191216151527@sha256:1654d858b205027ec2f5c7ad6a1aae710c659cf4b15b2bdd05b9cf4d8d00d8ed	yes		CLAIM-S3-011
1.17.10	2020-04-02	igor	1.7.1-20200306161140	container-image	gcr.io/spinnaker-marketplace/igor:1.7.1-20200306161140@sha256:4d39b1258bd3e02de2f088e8d3dfb6051f9d1c235cff425c83348878a05bdc1e	yes		CLAIM-S3-011
1.17.10	2020-04-02	fiat	1.8.3-20191202102650	container-image	gcr.io/spinnaker-marketplace/fiat:1.8.3-20191202102650@sha256:b43cf7c18216864040e3c05f4494174569decd868359837902ac76294408a81c	yes		CLAIM-S3-011
1.17.10	2020-04-02	rosco	0.15.1-20191202163249	container-image	gcr.io/spinnaker-marketplace/rosco:0.15.1-20191202163249@sha256:225ab6ae0807b9af61ccdba880a3d3be44dd14a73e93db8d535a980921201035	yes		CLAIM-S3-011
1.17.10	2020-04-02	kayenta	0.12.0-20191023142816	container-image	gcr.io/spinnaker-marketplace/kayenta:0.12.0-20191023142816@sha256:2ea209a9008fc6ead1a4bbf53e80ea3960366e7640dd1e35ccc5cf81ee07e909	yes	8	CLAIM-S3-011
1.17.10	2020-04-02	keel	-	not-pinned	-	n/a		CLAIM-S3-006
1.18.0	2020-01-21	gate	1.14.0-20200117051825	container-image	gcr.io/spinnaker-marketplace/gate:1.14.0-20200117051825@sha256:33f5961e2e414deb94ef1fe505acbd6d57904a13ced4cb56e1aff61a98665d35	yes	8	CLAIM-S3-011
1.18.0	2020-01-21	orca	2.12.0-20200117051825	container-image	gcr.io/spinnaker-marketplace/orca:2.12.0-20200117051825@sha256:26b836bc222f79cb8731b7a620745e07014c10353bf47134a80d5b85d71e898c	yes	8	CLAIM-S3-011
1.18.0	2020-01-21	clouddriver	6.5.0-20200121133956	container-image	gcr.io/spinnaker-marketplace/clouddriver:6.5.0-20200121133956@sha256:3a1e7758e5f24b1068bc6011ff5f1a31f0c24b20e489031add7bd3b7a528409e	yes	8	CLAIM-S3-011
1.18.0	2020-01-21	front50	0.21.0-20200117051825	container-image	gcr.io/spinnaker-marketplace/front50:0.21.0-20200117051825@sha256:6efdab650b22d70771cd1c81f5b95d53cc1de2e3ddaae5a8476400ad4e0fa34c	yes	11	CLAIM-S3-011
1.18.0	2020-01-21	echo	2.10.0-20200117051825	container-image	gcr.io/spinnaker-marketplace/echo:2.10.0-20200117051825@sha256:3598940cb9934fb8d8d81462ee610163904095781e9a9312151eac29e93d3744	yes	8	CLAIM-S3-011
1.18.0	2020-01-21	igor	1.8.0-20200117051825	container-image	gcr.io/spinnaker-marketplace/igor:1.8.0-20200117051825@sha256:4d535f88e59b06f8c9b803c67c07fcad929fb2b117e3920b99bb2cea6156aa7d	yes	11	CLAIM-S3-011
1.18.0	2020-01-21	fiat	1.9.0-20200117051825	container-image	gcr.io/spinnaker-marketplace/fiat:1.9.0-20200117051825@sha256:43b5a3804f186f388e30e5e4e92e754cc8da2b1862f30d332c016a2e8c80cf74	yes	8	CLAIM-S3-011
1.18.0	2020-01-21	rosco	0.16.0-20200117051825	container-image	gcr.io/spinnaker-marketplace/rosco:0.16.0-20200117051825@sha256:0e296c6c0ecebcb25eab650e82575187aed98faa005de02a61b9daed25ed7e88	yes	8	CLAIM-S3-011
1.18.0	2020-01-21	kayenta	0.13.0-20200121133956	container-image	gcr.io/spinnaker-marketplace/kayenta:0.13.0-20200121133956@sha256:1c1c33d40f36f250bb5ee1c20d2dda64d1a65bbfca66df02b18fffc86effbeb7	yes	8	CLAIM-S3-011
1.18.0	2020-01-21	keel	-	not-pinned	-	n/a		CLAIM-S3-006
1.18.1	2020-01-31	gate	1.14.0-20200117051825	container-image	gcr.io/spinnaker-marketplace/gate:1.14.0-20200117051825@sha256:33f5961e2e414deb94ef1fe505acbd6d57904a13ced4cb56e1aff61a98665d35	yes	8	CLAIM-S3-011
1.18.1	2020-01-31	orca	2.12.0-20200117051825	container-image	gcr.io/spinnaker-marketplace/orca:2.12.0-20200117051825@sha256:26b836bc222f79cb8731b7a620745e07014c10353bf47134a80d5b85d71e898c	yes	8	CLAIM-S3-011
1.18.1	2020-01-31	clouddriver	6.5.0-20200121133956	container-image	gcr.io/spinnaker-marketplace/clouddriver:6.5.0-20200121133956@sha256:3a1e7758e5f24b1068bc6011ff5f1a31f0c24b20e489031add7bd3b7a528409e	yes	8	CLAIM-S3-011
1.18.1	2020-01-31	front50	0.21.0-20200117051825	container-image	gcr.io/spinnaker-marketplace/front50:0.21.0-20200117051825@sha256:6efdab650b22d70771cd1c81f5b95d53cc1de2e3ddaae5a8476400ad4e0fa34c	yes	11	CLAIM-S3-011
1.18.1	2020-01-31	echo	2.10.0-20200117051825	container-image	gcr.io/spinnaker-marketplace/echo:2.10.0-20200117051825@sha256:3598940cb9934fb8d8d81462ee610163904095781e9a9312151eac29e93d3744	yes	8	CLAIM-S3-011
1.18.1	2020-01-31	igor	1.8.1-20200131073417	container-image	gcr.io/spinnaker-marketplace/igor:1.8.1-20200131073417@sha256:2633a795af0e15f991e3f47b2d28100b2335842496a2423f93eed5dad9a87eb4	yes		CLAIM-S3-011
1.18.1	2020-01-31	fiat	1.9.0-20200117051825	container-image	gcr.io/spinnaker-marketplace/fiat:1.9.0-20200117051825@sha256:43b5a3804f186f388e30e5e4e92e754cc8da2b1862f30d332c016a2e8c80cf74	yes	8	CLAIM-S3-011
1.18.1	2020-01-31	rosco	0.16.0-20200117051825	container-image	gcr.io/spinnaker-marketplace/rosco:0.16.0-20200117051825@sha256:0e296c6c0ecebcb25eab650e82575187aed98faa005de02a61b9daed25ed7e88	yes	8	CLAIM-S3-011
1.18.1	2020-01-31	kayenta	0.13.0-20200121133956	container-image	gcr.io/spinnaker-marketplace/kayenta:0.13.0-20200121133956@sha256:1c1c33d40f36f250bb5ee1c20d2dda64d1a65bbfca66df02b18fffc86effbeb7	yes	8	CLAIM-S3-011
1.18.1	2020-01-31	keel	-	not-pinned	-	n/a		CLAIM-S3-006
1.18.2	2020-02-03	gate	1.14.0-20200117051825	container-image	gcr.io/spinnaker-marketplace/gate:1.14.0-20200117051825@sha256:33f5961e2e414deb94ef1fe505acbd6d57904a13ced4cb56e1aff61a98665d35	yes	8	CLAIM-S3-011
1.18.2	2020-02-03	orca	2.12.0-20200117051825	container-image	gcr.io/spinnaker-marketplace/orca:2.12.0-20200117051825@sha256:26b836bc222f79cb8731b7a620745e07014c10353bf47134a80d5b85d71e898c	yes	8	CLAIM-S3-011
1.18.2	2020-02-03	clouddriver	6.5.1-20200203144953	container-image	gcr.io/spinnaker-marketplace/clouddriver:6.5.1-20200203144953@sha256:9de1c44aa2fc6e2b154e8efa7ea6396d30594b72c216095ffc855d4f5b9f6ba1	yes		CLAIM-S3-011
1.18.2	2020-02-03	front50	0.21.0-20200117051825	container-image	gcr.io/spinnaker-marketplace/front50:0.21.0-20200117051825@sha256:6efdab650b22d70771cd1c81f5b95d53cc1de2e3ddaae5a8476400ad4e0fa34c	yes	11	CLAIM-S3-011
1.18.2	2020-02-03	echo	2.10.0-20200117051825	container-image	gcr.io/spinnaker-marketplace/echo:2.10.0-20200117051825@sha256:3598940cb9934fb8d8d81462ee610163904095781e9a9312151eac29e93d3744	yes	8	CLAIM-S3-011
1.18.2	2020-02-03	igor	1.8.1-20200131073417	container-image	gcr.io/spinnaker-marketplace/igor:1.8.1-20200131073417@sha256:2633a795af0e15f991e3f47b2d28100b2335842496a2423f93eed5dad9a87eb4	yes		CLAIM-S3-011
1.18.2	2020-02-03	fiat	1.9.0-20200117051825	container-image	gcr.io/spinnaker-marketplace/fiat:1.9.0-20200117051825@sha256:43b5a3804f186f388e30e5e4e92e754cc8da2b1862f30d332c016a2e8c80cf74	yes	8	CLAIM-S3-011
1.18.2	2020-02-03	rosco	0.16.0-20200117051825	container-image	gcr.io/spinnaker-marketplace/rosco:0.16.0-20200117051825@sha256:0e296c6c0ecebcb25eab650e82575187aed98faa005de02a61b9daed25ed7e88	yes	8	CLAIM-S3-011
1.18.2	2020-02-03	kayenta	0.13.0-20200121133956	container-image	gcr.io/spinnaker-marketplace/kayenta:0.13.0-20200121133956@sha256:1c1c33d40f36f250bb5ee1c20d2dda64d1a65bbfca66df02b18fffc86effbeb7	yes	8	CLAIM-S3-011
1.18.2	2020-02-03	keel	-	not-pinned	-	n/a		CLAIM-S3-006
1.18.3	2020-02-19	gate	1.14.0-20200117051825	container-image	gcr.io/spinnaker-marketplace/gate:1.14.0-20200117051825@sha256:33f5961e2e414deb94ef1fe505acbd6d57904a13ced4cb56e1aff61a98665d35	yes	8	CLAIM-S3-011
1.18.3	2020-02-19	orca	2.12.1-20200214161433	container-image	gcr.io/spinnaker-marketplace/orca:2.12.1-20200214161433@sha256:86ea991c72d395d96aba2ac28b8a86b36555e7772b50213932c878deeb73d6f7	yes		CLAIM-S3-011
1.18.3	2020-02-19	clouddriver	6.5.2-20200213114207	container-image	gcr.io/spinnaker-marketplace/clouddriver:6.5.2-20200213114207@sha256:8c832ce50d86e44af3fec96cf6f75b2de32131411ffd3b78eb617c732f1e4244	yes		CLAIM-S3-011
1.18.3	2020-02-19	front50	0.21.0-20200117051825	container-image	gcr.io/spinnaker-marketplace/front50:0.21.0-20200117051825@sha256:6efdab650b22d70771cd1c81f5b95d53cc1de2e3ddaae5a8476400ad4e0fa34c	yes	11	CLAIM-S3-011
1.18.3	2020-02-19	echo	2.10.1-20200219152126	container-image	gcr.io/spinnaker-marketplace/echo:2.10.1-20200219152126@sha256:474f0f371d7ed9c2bfa298f296985c5f821a62a19b9b342ddcbae6237b95c4db	yes		CLAIM-S3-011
1.18.3	2020-02-19	igor	1.8.1-20200131073417	container-image	gcr.io/spinnaker-marketplace/igor:1.8.1-20200131073417@sha256:2633a795af0e15f991e3f47b2d28100b2335842496a2423f93eed5dad9a87eb4	yes		CLAIM-S3-011
1.18.3	2020-02-19	fiat	1.9.0-20200117051825	container-image	gcr.io/spinnaker-marketplace/fiat:1.9.0-20200117051825@sha256:43b5a3804f186f388e30e5e4e92e754cc8da2b1862f30d332c016a2e8c80cf74	yes	8	CLAIM-S3-011
1.18.3	2020-02-19	rosco	0.16.0-20200117051825	container-image	gcr.io/spinnaker-marketplace/rosco:0.16.0-20200117051825@sha256:0e296c6c0ecebcb25eab650e82575187aed98faa005de02a61b9daed25ed7e88	yes	8	CLAIM-S3-011
1.18.3	2020-02-19	kayenta	0.13.0-20200121133956	container-image	gcr.io/spinnaker-marketplace/kayenta:0.13.0-20200121133956@sha256:1c1c33d40f36f250bb5ee1c20d2dda64d1a65bbfca66df02b18fffc86effbeb7	yes	8	CLAIM-S3-011
1.18.3	2020-02-19	keel	-	not-pinned	-	n/a		CLAIM-S3-006
1.18.4	2020-02-25	gate	1.14.0-20200117051825	container-image	gcr.io/spinnaker-marketplace/gate:1.14.0-20200117051825@sha256:33f5961e2e414deb94ef1fe505acbd6d57904a13ced4cb56e1aff61a98665d35	yes	8	CLAIM-S3-011
1.18.4	2020-02-25	orca	2.12.1-20200214161433	container-image	gcr.io/spinnaker-marketplace/orca:2.12.1-20200214161433@sha256:86ea991c72d395d96aba2ac28b8a86b36555e7772b50213932c878deeb73d6f7	yes		CLAIM-S3-011
1.18.4	2020-02-25	clouddriver	6.5.3-20200225101423	container-image	gcr.io/spinnaker-marketplace/clouddriver:6.5.3-20200225101423@sha256:7a7de8de7ad8ab3eb1015cd8bec560443e71df5b9d2a3faae847826825260740	yes		CLAIM-S3-011
1.18.4	2020-02-25	front50	0.21.0-20200117051825	container-image	gcr.io/spinnaker-marketplace/front50:0.21.0-20200117051825@sha256:6efdab650b22d70771cd1c81f5b95d53cc1de2e3ddaae5a8476400ad4e0fa34c	yes	11	CLAIM-S3-011
1.18.4	2020-02-25	echo	2.10.1-20200219152126	container-image	gcr.io/spinnaker-marketplace/echo:2.10.1-20200219152126@sha256:474f0f371d7ed9c2bfa298f296985c5f821a62a19b9b342ddcbae6237b95c4db	yes		CLAIM-S3-011
1.18.4	2020-02-25	igor	1.8.1-20200131073417	container-image	gcr.io/spinnaker-marketplace/igor:1.8.1-20200131073417@sha256:2633a795af0e15f991e3f47b2d28100b2335842496a2423f93eed5dad9a87eb4	yes		CLAIM-S3-011
1.18.4	2020-02-25	fiat	1.9.0-20200117051825	container-image	gcr.io/spinnaker-marketplace/fiat:1.9.0-20200117051825@sha256:43b5a3804f186f388e30e5e4e92e754cc8da2b1862f30d332c016a2e8c80cf74	yes	8	CLAIM-S3-011
1.18.4	2020-02-25	rosco	0.16.0-20200117051825	container-image	gcr.io/spinnaker-marketplace/rosco:0.16.0-20200117051825@sha256:0e296c6c0ecebcb25eab650e82575187aed98faa005de02a61b9daed25ed7e88	yes	8	CLAIM-S3-011
1.18.4	2020-02-25	kayenta	0.13.0-20200121133956	container-image	gcr.io/spinnaker-marketplace/kayenta:0.13.0-20200121133956@sha256:1c1c33d40f36f250bb5ee1c20d2dda64d1a65bbfca66df02b18fffc86effbeb7	yes	8	CLAIM-S3-011
1.18.4	2020-02-25	keel	-	not-pinned	-	n/a		CLAIM-S3-006
1.18.5	2020-03-06	gate	1.14.0-20200117051825	container-image	gcr.io/spinnaker-marketplace/gate:1.14.0-20200117051825@sha256:33f5961e2e414deb94ef1fe505acbd6d57904a13ced4cb56e1aff61a98665d35	yes	8	CLAIM-S3-011
1.18.5	2020-03-06	orca	2.12.2-20200306142157	container-image	gcr.io/spinnaker-marketplace/orca:2.12.2-20200306142157@sha256:4cbbd1c5e12a0a8afffd5eab229f76c67133c6d108fe6924f7099b13a5188f10	yes		CLAIM-S3-011
1.18.5	2020-03-06	clouddriver	6.5.4-20200306112348	container-image	gcr.io/spinnaker-marketplace/clouddriver:6.5.4-20200306112348@sha256:72f490c0b66eef48726e4bf618d2b58440f8cdd4d7aba2e87474508ffff578b7	yes		CLAIM-S3-011
1.18.5	2020-03-06	front50	0.21.0-20200117051825	container-image	gcr.io/spinnaker-marketplace/front50:0.21.0-20200117051825@sha256:6efdab650b22d70771cd1c81f5b95d53cc1de2e3ddaae5a8476400ad4e0fa34c	yes	11	CLAIM-S3-011
1.18.5	2020-03-06	echo	2.10.1-20200219152126	container-image	gcr.io/spinnaker-marketplace/echo:2.10.1-20200219152126@sha256:474f0f371d7ed9c2bfa298f296985c5f821a62a19b9b342ddcbae6237b95c4db	yes		CLAIM-S3-011
1.18.5	2020-03-06	igor	1.8.2-20200306112348	container-image	gcr.io/spinnaker-marketplace/igor:1.8.2-20200306112348@sha256:392ca4e351892eb7b2a8fdfea0954606a222c47a0f489f7d173dfca76e64597e	yes		CLAIM-S3-011
1.18.5	2020-03-06	fiat	1.9.0-20200117051825	container-image	gcr.io/spinnaker-marketplace/fiat:1.9.0-20200117051825@sha256:43b5a3804f186f388e30e5e4e92e754cc8da2b1862f30d332c016a2e8c80cf74	yes	8	CLAIM-S3-011
1.18.5	2020-03-06	rosco	0.17.0-20200304204051	container-image	gcr.io/spinnaker-marketplace/rosco:0.17.0-20200304204051@sha256:29c4f930e0de011cd33588bbc6554499e58a93e03dfc80a9f5b244f41d1bd00a	yes		CLAIM-S3-011
1.18.5	2020-03-06	kayenta	0.13.0-20200121133956	container-image	gcr.io/spinnaker-marketplace/kayenta:0.13.0-20200121133956@sha256:1c1c33d40f36f250bb5ee1c20d2dda64d1a65bbfca66df02b18fffc86effbeb7	yes	8	CLAIM-S3-011
1.18.5	2020-03-06	keel	-	not-pinned	-	n/a		CLAIM-S3-006
1.18.6	2020-03-16	gate	1.14.0-20200117051825	container-image	gcr.io/spinnaker-marketplace/gate:1.14.0-20200117051825@sha256:33f5961e2e414deb94ef1fe505acbd6d57904a13ced4cb56e1aff61a98665d35	yes	8	CLAIM-S3-011
1.18.6	2020-03-16	orca	2.12.2-20200306142157	container-image	gcr.io/spinnaker-marketplace/orca:2.12.2-20200306142157@sha256:4cbbd1c5e12a0a8afffd5eab229f76c67133c6d108fe6924f7099b13a5188f10	yes		CLAIM-S3-011
1.18.6	2020-03-16	clouddriver	6.5.5-20200316164350	container-image	gcr.io/spinnaker-marketplace/clouddriver:6.5.5-20200316164350@sha256:cab2595fe66c44998f99daa88ccf4081631bdd27e9ea534be6e73d01f6cea8ae	yes		CLAIM-S3-011
1.18.6	2020-03-16	front50	0.21.1-20200311030016	container-image	gcr.io/spinnaker-marketplace/front50:0.21.1-20200311030016@sha256:e198fd27893ab521b1ed8478857e9242bd527b3ac872757ab2fb91a6517b0929	yes		CLAIM-S3-011
1.18.6	2020-03-16	echo	2.10.1-20200219152126	container-image	gcr.io/spinnaker-marketplace/echo:2.10.1-20200219152126@sha256:474f0f371d7ed9c2bfa298f296985c5f821a62a19b9b342ddcbae6237b95c4db	yes		CLAIM-S3-011
1.18.6	2020-03-16	igor	1.8.2-20200306112348	container-image	gcr.io/spinnaker-marketplace/igor:1.8.2-20200306112348@sha256:392ca4e351892eb7b2a8fdfea0954606a222c47a0f489f7d173dfca76e64597e	yes		CLAIM-S3-011
1.18.6	2020-03-16	fiat	1.9.0-20200117051825	container-image	gcr.io/spinnaker-marketplace/fiat:1.9.0-20200117051825@sha256:43b5a3804f186f388e30e5e4e92e754cc8da2b1862f30d332c016a2e8c80cf74	yes	8	CLAIM-S3-011
1.18.6	2020-03-16	rosco	0.17.0-20200304204051	container-image	gcr.io/spinnaker-marketplace/rosco:0.17.0-20200304204051@sha256:29c4f930e0de011cd33588bbc6554499e58a93e03dfc80a9f5b244f41d1bd00a	yes		CLAIM-S3-011
1.18.6	2020-03-16	kayenta	0.13.0-20200121133956	container-image	gcr.io/spinnaker-marketplace/kayenta:0.13.0-20200121133956@sha256:1c1c33d40f36f250bb5ee1c20d2dda64d1a65bbfca66df02b18fffc86effbeb7	yes	8	CLAIM-S3-011
1.18.6	2020-03-16	keel	-	not-pinned	-	n/a		CLAIM-S3-006
1.18.7	2020-03-30	gate	1.14.0-20200117051825	container-image	gcr.io/spinnaker-marketplace/gate:1.14.0-20200117051825@sha256:33f5961e2e414deb94ef1fe505acbd6d57904a13ced4cb56e1aff61a98665d35	yes	8	CLAIM-S3-011
1.18.7	2020-03-30	orca	2.12.2-20200306142157	container-image	gcr.io/spinnaker-marketplace/orca:2.12.2-20200306142157@sha256:4cbbd1c5e12a0a8afffd5eab229f76c67133c6d108fe6924f7099b13a5188f10	yes		CLAIM-S3-011
1.18.7	2020-03-30	clouddriver	6.5.6-20200330174549	container-image	gcr.io/spinnaker-marketplace/clouddriver:6.5.6-20200330174549@sha256:57513f773e86756af7f199aaa5acf8ac72e797ea4346f04ae26d8970ecea0c10	yes		CLAIM-S3-011
1.18.7	2020-03-30	front50	0.21.1-20200311030016	container-image	gcr.io/spinnaker-marketplace/front50:0.21.1-20200311030016@sha256:e198fd27893ab521b1ed8478857e9242bd527b3ac872757ab2fb91a6517b0929	yes		CLAIM-S3-011
1.18.7	2020-03-30	echo	2.10.2-20200330174549	container-image	gcr.io/spinnaker-marketplace/echo:2.10.2-20200330174549@sha256:0dab247dcccdd30b32ff075814fa67de79131d182d16c5b3bb76ee6505a98e65	yes		CLAIM-S3-011
1.18.7	2020-03-30	igor	1.8.2-20200306112348	container-image	gcr.io/spinnaker-marketplace/igor:1.8.2-20200306112348@sha256:392ca4e351892eb7b2a8fdfea0954606a222c47a0f489f7d173dfca76e64597e	yes		CLAIM-S3-011
1.18.7	2020-03-30	fiat	1.9.0-20200117051825	container-image	gcr.io/spinnaker-marketplace/fiat:1.9.0-20200117051825@sha256:43b5a3804f186f388e30e5e4e92e754cc8da2b1862f30d332c016a2e8c80cf74	yes	8	CLAIM-S3-011
1.18.7	2020-03-30	rosco	0.17.0-20200304204051	container-image	gcr.io/spinnaker-marketplace/rosco:0.17.0-20200304204051@sha256:29c4f930e0de011cd33588bbc6554499e58a93e03dfc80a9f5b244f41d1bd00a	yes		CLAIM-S3-011
1.18.7	2020-03-30	kayenta	0.13.0-20200121133956	container-image	gcr.io/spinnaker-marketplace/kayenta:0.13.0-20200121133956@sha256:1c1c33d40f36f250bb5ee1c20d2dda64d1a65bbfca66df02b18fffc86effbeb7	yes	8	CLAIM-S3-011
1.18.7	2020-03-30	keel	-	not-pinned	-	n/a		CLAIM-S3-006
1.18.8	2020-04-03	gate	1.14.1-20200403030016	container-image	gcr.io/spinnaker-marketplace/gate:1.14.1-20200403030016@sha256:a42bb3f47210bda3a41b1bf55e5590b29dc70b1fe3ed3a07ebe9c0c7ec8fe0f3	yes		CLAIM-S3-011
1.18.8	2020-04-03	orca	2.12.3-20200402030016	container-image	gcr.io/spinnaker-marketplace/orca:2.12.3-20200402030016@sha256:6d985bd5f15272b39af09c8060cc98111adda74478db5ff06c6e3c6086192d82	yes		CLAIM-S3-011
1.18.8	2020-04-03	clouddriver	6.5.6-20200330174549	container-image	gcr.io/spinnaker-marketplace/clouddriver:6.5.6-20200330174549@sha256:57513f773e86756af7f199aaa5acf8ac72e797ea4346f04ae26d8970ecea0c10	yes		CLAIM-S3-011
1.18.8	2020-04-03	front50	0.21.1-20200311030016	container-image	gcr.io/spinnaker-marketplace/front50:0.21.1-20200311030016@sha256:e198fd27893ab521b1ed8478857e9242bd527b3ac872757ab2fb91a6517b0929	yes		CLAIM-S3-011
1.18.8	2020-04-03	echo	2.10.2-20200330174549	container-image	gcr.io/spinnaker-marketplace/echo:2.10.2-20200330174549@sha256:0dab247dcccdd30b32ff075814fa67de79131d182d16c5b3bb76ee6505a98e65	yes		CLAIM-S3-011
1.18.8	2020-04-03	igor	1.8.2-20200306112348	container-image	gcr.io/spinnaker-marketplace/igor:1.8.2-20200306112348@sha256:392ca4e351892eb7b2a8fdfea0954606a222c47a0f489f7d173dfca76e64597e	yes		CLAIM-S3-011
1.18.8	2020-04-03	fiat	1.9.0-20200117051825	container-image	gcr.io/spinnaker-marketplace/fiat:1.9.0-20200117051825@sha256:43b5a3804f186f388e30e5e4e92e754cc8da2b1862f30d332c016a2e8c80cf74	yes	8	CLAIM-S3-011
1.18.8	2020-04-03	rosco	0.17.0-20200304204051	container-image	gcr.io/spinnaker-marketplace/rosco:0.17.0-20200304204051@sha256:29c4f930e0de011cd33588bbc6554499e58a93e03dfc80a9f5b244f41d1bd00a	yes		CLAIM-S3-011
1.18.8	2020-04-03	kayenta	0.13.0-20200121133956	container-image	gcr.io/spinnaker-marketplace/kayenta:0.13.0-20200121133956@sha256:1c1c33d40f36f250bb5ee1c20d2dda64d1a65bbfca66df02b18fffc86effbeb7	yes	8	CLAIM-S3-011
1.18.8	2020-04-03	keel	-	not-pinned	-	n/a		CLAIM-S3-006
1.18.9	2020-04-15	gate	1.14.2-20200415085609	container-image	gcr.io/spinnaker-marketplace/gate:1.14.2-20200415085609@sha256:a0e749bf0dd7e6143619a6ef91d0fc892a839eb21ac19674d04ee2bbbb6bcd5f	yes		CLAIM-S3-011
1.18.9	2020-04-15	orca	2.12.4-20200415085609	container-image	gcr.io/spinnaker-marketplace/orca:2.12.4-20200415085609@sha256:2b2037f95eb41d9f7d95cd7c203cb8279bf8a8faa1a54bec385323d926ec8a4d	yes		CLAIM-S3-011
1.18.9	2020-04-15	clouddriver	6.5.6-20200330174549	container-image	gcr.io/spinnaker-marketplace/clouddriver:6.5.6-20200330174549@sha256:57513f773e86756af7f199aaa5acf8ac72e797ea4346f04ae26d8970ecea0c10	yes		CLAIM-S3-011
1.18.9	2020-04-15	front50	0.21.1-20200311030016	container-image	gcr.io/spinnaker-marketplace/front50:0.21.1-20200311030016@sha256:e198fd27893ab521b1ed8478857e9242bd527b3ac872757ab2fb91a6517b0929	yes		CLAIM-S3-011
1.18.9	2020-04-15	echo	2.10.2-20200330174549	container-image	gcr.io/spinnaker-marketplace/echo:2.10.2-20200330174549@sha256:0dab247dcccdd30b32ff075814fa67de79131d182d16c5b3bb76ee6505a98e65	yes		CLAIM-S3-011
1.18.9	2020-04-15	igor	1.8.2-20200306112348	container-image	gcr.io/spinnaker-marketplace/igor:1.8.2-20200306112348@sha256:392ca4e351892eb7b2a8fdfea0954606a222c47a0f489f7d173dfca76e64597e	yes		CLAIM-S3-011
1.18.9	2020-04-15	fiat	1.9.0-20200117051825	container-image	gcr.io/spinnaker-marketplace/fiat:1.9.0-20200117051825@sha256:43b5a3804f186f388e30e5e4e92e754cc8da2b1862f30d332c016a2e8c80cf74	yes	8	CLAIM-S3-011
1.18.9	2020-04-15	rosco	0.17.0-20200304204051	container-image	gcr.io/spinnaker-marketplace/rosco:0.17.0-20200304204051@sha256:29c4f930e0de011cd33588bbc6554499e58a93e03dfc80a9f5b244f41d1bd00a	yes		CLAIM-S3-011
1.18.9	2020-04-15	kayenta	0.13.0-20200121133956	container-image	gcr.io/spinnaker-marketplace/kayenta:0.13.0-20200121133956@sha256:1c1c33d40f36f250bb5ee1c20d2dda64d1a65bbfca66df02b18fffc86effbeb7	yes	8	CLAIM-S3-011
1.18.9	2020-04-15	keel	-	not-pinned	-	n/a		CLAIM-S3-006
1.18.10	2020-05-01	gate	1.14.2-20200415085609	container-image	gcr.io/spinnaker-marketplace/gate:1.14.2-20200415085609@sha256:a0e749bf0dd7e6143619a6ef91d0fc892a839eb21ac19674d04ee2bbbb6bcd5f	yes		CLAIM-S3-011
1.18.10	2020-05-01	orca	2.12.4-20200415085609	container-image	gcr.io/spinnaker-marketplace/orca:2.12.4-20200415085609@sha256:2b2037f95eb41d9f7d95cd7c203cb8279bf8a8faa1a54bec385323d926ec8a4d	yes		CLAIM-S3-011
1.18.10	2020-05-01	clouddriver	6.5.6-20200330174549	container-image	gcr.io/spinnaker-marketplace/clouddriver:6.5.6-20200330174549@sha256:57513f773e86756af7f199aaa5acf8ac72e797ea4346f04ae26d8970ecea0c10	yes		CLAIM-S3-011
1.18.10	2020-05-01	front50	0.21.1-20200311030016	container-image	gcr.io/spinnaker-marketplace/front50:0.21.1-20200311030016@sha256:e198fd27893ab521b1ed8478857e9242bd527b3ac872757ab2fb91a6517b0929	yes		CLAIM-S3-011
1.18.10	2020-05-01	echo	2.10.2-20200330174549	container-image	gcr.io/spinnaker-marketplace/echo:2.10.2-20200330174549@sha256:0dab247dcccdd30b32ff075814fa67de79131d182d16c5b3bb76ee6505a98e65	yes		CLAIM-S3-011
1.18.10	2020-05-01	igor	1.8.2-20200306112348	container-image	gcr.io/spinnaker-marketplace/igor:1.8.2-20200306112348@sha256:392ca4e351892eb7b2a8fdfea0954606a222c47a0f489f7d173dfca76e64597e	yes		CLAIM-S3-011
1.18.10	2020-05-01	fiat	1.9.0-20200117051825	container-image	gcr.io/spinnaker-marketplace/fiat:1.9.0-20200117051825@sha256:43b5a3804f186f388e30e5e4e92e754cc8da2b1862f30d332c016a2e8c80cf74	yes	8	CLAIM-S3-011
1.18.10	2020-05-01	rosco	0.17.0-20200304204051	container-image	gcr.io/spinnaker-marketplace/rosco:0.17.0-20200304204051@sha256:29c4f930e0de011cd33588bbc6554499e58a93e03dfc80a9f5b244f41d1bd00a	yes		CLAIM-S3-011
1.18.10	2020-05-01	kayenta	0.13.1-20200501030017	container-image	gcr.io/spinnaker-marketplace/kayenta:0.13.1-20200501030017@sha256:1a06a6404d5241a52eeb8a3577d4864e422631ccfa2237a9f360d03beb52743e	yes		CLAIM-S3-011
1.18.10	2020-05-01	keel	-	not-pinned	-	n/a		CLAIM-S3-006
1.18.11	2020-05-09	gate	1.14.2-20200415085609	container-image	gcr.io/spinnaker-marketplace/gate:1.14.2-20200415085609@sha256:a0e749bf0dd7e6143619a6ef91d0fc892a839eb21ac19674d04ee2bbbb6bcd5f	yes		CLAIM-S3-011
1.18.11	2020-05-09	orca	2.12.4-20200415085609	container-image	gcr.io/spinnaker-marketplace/orca:2.12.4-20200415085609@sha256:2b2037f95eb41d9f7d95cd7c203cb8279bf8a8faa1a54bec385323d926ec8a4d	yes		CLAIM-S3-011
1.18.11	2020-05-09	clouddriver	6.5.6-20200330174549	container-image	gcr.io/spinnaker-marketplace/clouddriver:6.5.6-20200330174549@sha256:57513f773e86756af7f199aaa5acf8ac72e797ea4346f04ae26d8970ecea0c10	yes		CLAIM-S3-011
1.18.11	2020-05-09	front50	0.21.1-20200311030016	container-image	gcr.io/spinnaker-marketplace/front50:0.21.1-20200311030016@sha256:e198fd27893ab521b1ed8478857e9242bd527b3ac872757ab2fb91a6517b0929	yes		CLAIM-S3-011
1.18.11	2020-05-09	echo	2.10.2-20200330174549	container-image	gcr.io/spinnaker-marketplace/echo:2.10.2-20200330174549@sha256:0dab247dcccdd30b32ff075814fa67de79131d182d16c5b3bb76ee6505a98e65	yes		CLAIM-S3-011
1.18.11	2020-05-09	igor	1.8.2-20200306112348	container-image	gcr.io/spinnaker-marketplace/igor:1.8.2-20200306112348@sha256:392ca4e351892eb7b2a8fdfea0954606a222c47a0f489f7d173dfca76e64597e	yes		CLAIM-S3-011
1.18.11	2020-05-09	fiat	1.9.0-20200117051825	container-image	gcr.io/spinnaker-marketplace/fiat:1.9.0-20200117051825@sha256:43b5a3804f186f388e30e5e4e92e754cc8da2b1862f30d332c016a2e8c80cf74	yes	8	CLAIM-S3-011
1.18.11	2020-05-09	rosco	0.17.0-20200304204051	container-image	gcr.io/spinnaker-marketplace/rosco:0.17.0-20200304204051@sha256:29c4f930e0de011cd33588bbc6554499e58a93e03dfc80a9f5b244f41d1bd00a	yes		CLAIM-S3-011
1.18.11	2020-05-09	kayenta	0.13.2-20200509030017	container-image	gcr.io/spinnaker-marketplace/kayenta:0.13.2-20200509030017@sha256:55a3f9d9771f54df04bb134f88e756b5d4f12961b3f2df6444f17aa2f72c5039	yes		CLAIM-S3-011
1.18.11	2020-05-09	keel	-	not-pinned	-	n/a		CLAIM-S3-006
1.18.12	2020-05-25	gate	1.14.2-20200415085609	container-image	gcr.io/spinnaker-marketplace/gate:1.14.2-20200415085609@sha256:a0e749bf0dd7e6143619a6ef91d0fc892a839eb21ac19674d04ee2bbbb6bcd5f	yes		CLAIM-S3-011
1.18.12	2020-05-25	orca	2.12.4-20200415085609	container-image	gcr.io/spinnaker-marketplace/orca:2.12.4-20200415085609@sha256:2b2037f95eb41d9f7d95cd7c203cb8279bf8a8faa1a54bec385323d926ec8a4d	yes		CLAIM-S3-011
1.18.12	2020-05-25	clouddriver	6.5.7-20200525030017	container-image	gcr.io/spinnaker-marketplace/clouddriver:6.5.7-20200525030017@sha256:4616891c5e5f5f887f2b6f9d315d79b3daa12ed2bd78eda1da2c668f3227f0eb	yes		CLAIM-S3-011
1.18.12	2020-05-25	front50	0.21.1-20200311030016	container-image	gcr.io/spinnaker-marketplace/front50:0.21.1-20200311030016@sha256:e198fd27893ab521b1ed8478857e9242bd527b3ac872757ab2fb91a6517b0929	yes		CLAIM-S3-011
1.18.12	2020-05-25	echo	2.10.2-20200330174549	container-image	gcr.io/spinnaker-marketplace/echo:2.10.2-20200330174549@sha256:0dab247dcccdd30b32ff075814fa67de79131d182d16c5b3bb76ee6505a98e65	yes		CLAIM-S3-011
1.18.12	2020-05-25	igor	1.8.2-20200306112348	container-image	gcr.io/spinnaker-marketplace/igor:1.8.2-20200306112348@sha256:392ca4e351892eb7b2a8fdfea0954606a222c47a0f489f7d173dfca76e64597e	yes		CLAIM-S3-011
1.18.12	2020-05-25	fiat	1.9.0-20200117051825	container-image	gcr.io/spinnaker-marketplace/fiat:1.9.0-20200117051825@sha256:43b5a3804f186f388e30e5e4e92e754cc8da2b1862f30d332c016a2e8c80cf74	yes	8	CLAIM-S3-011
1.18.12	2020-05-25	rosco	0.17.0-20200304204051	container-image	gcr.io/spinnaker-marketplace/rosco:0.17.0-20200304204051@sha256:29c4f930e0de011cd33588bbc6554499e58a93e03dfc80a9f5b244f41d1bd00a	yes		CLAIM-S3-011
1.18.12	2020-05-25	kayenta	0.13.2-20200509030017	container-image	gcr.io/spinnaker-marketplace/kayenta:0.13.2-20200509030017@sha256:55a3f9d9771f54df04bb134f88e756b5d4f12961b3f2df6444f17aa2f72c5039	yes		CLAIM-S3-011
1.18.12	2020-05-25	keel	-	not-pinned	-	n/a		CLAIM-S3-006
1.19.0	2020-03-11	gate	1.15.0-20200307053027	container-image	gcr.io/spinnaker-marketplace/gate:1.15.0-20200307053027@sha256:001c8f81a88928e17793e36c7673e3b3f78cd4103020e7479a78de3719fc5c4c	yes	11	CLAIM-S3-011
1.19.0	2020-03-11	orca	2.13.0-20200311151827	container-image	gcr.io/spinnaker-marketplace/orca:2.13.0-20200311151827@sha256:e775ad393efd9b8f5d3fe3f39d5ce5a5a979025557e38650d4863dade530cf9e	yes	11	CLAIM-S3-011
1.19.0	2020-03-11	clouddriver	6.6.0-20200307053027	container-image	gcr.io/spinnaker-marketplace/clouddriver:6.6.0-20200307053027@sha256:61d1ece68024b694502cbf8cefa670f509f2e666c526dab39aad00d1a1fae65f	yes	11	CLAIM-S3-011
1.19.0	2020-03-11	front50	0.22.0-20200307053027	container-image	gcr.io/spinnaker-marketplace/front50:0.22.0-20200307053027@sha256:fbd4be5f90c80b6bfbfbf266bd54b3527ef7b95ab89069fc6426e0bd10251119	yes	11	CLAIM-S3-011
1.19.0	2020-03-11	echo	2.11.0-20200311151827	container-image	gcr.io/spinnaker-marketplace/echo:2.11.0-20200311151827@sha256:e1b1c83c1fdd9ded3f0dca9908d0ed447ee8e4226365e3056f4041326761107a	yes	11	CLAIM-S3-011
1.19.0	2020-03-11	igor	1.9.0-20200307053027	container-image	gcr.io/spinnaker-marketplace/igor:1.9.0-20200307053027@sha256:d61adb756bd00f37346a973337b0b03333371b76f9c8b9fdf7dc95f3e606b761	yes	11	CLAIM-S3-011
1.19.0	2020-03-11	fiat	1.10.0-20200307053027	container-image	gcr.io/spinnaker-marketplace/fiat:1.10.0-20200307053027@sha256:36812e9a843dec141e350d606e476e9fe63ccc2b1b0b95e177f04c7e2f1d0509	yes	11	CLAIM-S3-011
1.19.0	2020-03-11	rosco	0.18.0-20200310040016	container-image	gcr.io/spinnaker-marketplace/rosco:0.18.0-20200310040016@sha256:614cb40a29ab60525a777bbcf80993749e3af35ebe3356588edb75ef05e90b6e	yes	11	CLAIM-S3-011
1.19.0	2020-03-11	kayenta	0.14.0-20200304112817	container-image	gcr.io/spinnaker-marketplace/kayenta:0.14.0-20200304112817@sha256:32ab3449a5aacf3f25077746a0fbce86aeccc7d825866855b22e0a14099a7728	yes	11	CLAIM-S3-011
1.19.0	2020-03-11	keel	-	not-pinned	-	n/a		CLAIM-S3-006
1.19.1	2020-03-16	gate	1.15.0-20200307053027	container-image	gcr.io/spinnaker-marketplace/gate:1.15.0-20200307053027@sha256:001c8f81a88928e17793e36c7673e3b3f78cd4103020e7479a78de3719fc5c4c	yes	11	CLAIM-S3-011
1.19.1	2020-03-16	orca	2.13.0-20200311151827	container-image	gcr.io/spinnaker-marketplace/orca:2.13.0-20200311151827@sha256:e775ad393efd9b8f5d3fe3f39d5ce5a5a979025557e38650d4863dade530cf9e	yes	11	CLAIM-S3-011
1.19.1	2020-03-16	clouddriver	6.7.0-20200316162013	container-image	gcr.io/spinnaker-marketplace/clouddriver:6.7.0-20200316162013@sha256:9c4f86cf075b202fc7c7284557dcacbf9002497537d28cba2a1a4723082a25e9	yes		CLAIM-S3-011
1.19.1	2020-03-16	front50	0.22.0-20200307053027	container-image	gcr.io/spinnaker-marketplace/front50:0.22.0-20200307053027@sha256:fbd4be5f90c80b6bfbfbf266bd54b3527ef7b95ab89069fc6426e0bd10251119	yes	11	CLAIM-S3-011
1.19.1	2020-03-16	echo	2.11.0-20200311151827	container-image	gcr.io/spinnaker-marketplace/echo:2.11.0-20200311151827@sha256:e1b1c83c1fdd9ded3f0dca9908d0ed447ee8e4226365e3056f4041326761107a	yes	11	CLAIM-S3-011
1.19.1	2020-03-16	igor	1.9.0-20200307053027	container-image	gcr.io/spinnaker-marketplace/igor:1.9.0-20200307053027@sha256:d61adb756bd00f37346a973337b0b03333371b76f9c8b9fdf7dc95f3e606b761	yes	11	CLAIM-S3-011
1.19.1	2020-03-16	fiat	1.10.0-20200307053027	container-image	gcr.io/spinnaker-marketplace/fiat:1.10.0-20200307053027@sha256:36812e9a843dec141e350d606e476e9fe63ccc2b1b0b95e177f04c7e2f1d0509	yes	11	CLAIM-S3-011
1.19.1	2020-03-16	rosco	0.18.0-20200310040016	container-image	gcr.io/spinnaker-marketplace/rosco:0.18.0-20200310040016@sha256:614cb40a29ab60525a777bbcf80993749e3af35ebe3356588edb75ef05e90b6e	yes	11	CLAIM-S3-011
1.19.1	2020-03-16	kayenta	0.14.0-20200304112817	container-image	gcr.io/spinnaker-marketplace/kayenta:0.14.0-20200304112817@sha256:32ab3449a5aacf3f25077746a0fbce86aeccc7d825866855b22e0a14099a7728	yes	11	CLAIM-S3-011
1.19.1	2020-03-16	keel	-	not-pinned	-	n/a		CLAIM-S3-006
1.19.2	2020-03-20	gate	1.15.0-20200307053027	container-image	gcr.io/spinnaker-marketplace/gate:1.15.0-20200307053027@sha256:001c8f81a88928e17793e36c7673e3b3f78cd4103020e7479a78de3719fc5c4c	yes	11	CLAIM-S3-011
1.19.2	2020-03-20	orca	2.13.1-20200319040016	container-image	gcr.io/spinnaker-marketplace/orca:2.13.1-20200319040016@sha256:26d4d500b03578b358d188694fcd2355fc30e87a9bca9fa9d5eec981b132b2bb	yes		CLAIM-S3-011
1.19.2	2020-03-20	clouddriver	6.7.1-20200319123809	container-image	gcr.io/spinnaker-marketplace/clouddriver:6.7.1-20200319123809@sha256:83e2fcba7aae9836f3d7919f04e66402cc3dd6cac3e746f51d85ea11633073de	yes		CLAIM-S3-011
1.19.2	2020-03-20	front50	0.22.0-20200307053027	container-image	gcr.io/spinnaker-marketplace/front50:0.22.0-20200307053027@sha256:fbd4be5f90c80b6bfbfbf266bd54b3527ef7b95ab89069fc6426e0bd10251119	yes	11	CLAIM-S3-011
1.19.2	2020-03-20	echo	2.11.0-20200311151827	container-image	gcr.io/spinnaker-marketplace/echo:2.11.0-20200311151827@sha256:e1b1c83c1fdd9ded3f0dca9908d0ed447ee8e4226365e3056f4041326761107a	yes	11	CLAIM-S3-011
1.19.2	2020-03-20	igor	1.9.1-20200320162247	container-image	gcr.io/spinnaker-marketplace/igor:1.9.1-20200320162247@sha256:e7bcd56b35dad68127bec29db8fe2be52c71f62e0f6186bc468d91c505e051ba	yes		CLAIM-S3-011
1.19.2	2020-03-20	fiat	1.10.0-20200307053027	container-image	gcr.io/spinnaker-marketplace/fiat:1.10.0-20200307053027@sha256:36812e9a843dec141e350d606e476e9fe63ccc2b1b0b95e177f04c7e2f1d0509	yes	11	CLAIM-S3-011
1.19.2	2020-03-20	rosco	0.18.0-20200310040016	container-image	gcr.io/spinnaker-marketplace/rosco:0.18.0-20200310040016@sha256:614cb40a29ab60525a777bbcf80993749e3af35ebe3356588edb75ef05e90b6e	yes	11	CLAIM-S3-011
1.19.2	2020-03-20	kayenta	0.14.0-20200304112817	container-image	gcr.io/spinnaker-marketplace/kayenta:0.14.0-20200304112817@sha256:32ab3449a5aacf3f25077746a0fbce86aeccc7d825866855b22e0a14099a7728	yes	11	CLAIM-S3-011
1.19.2	2020-03-20	keel	-	not-pinned	-	n/a		CLAIM-S3-006
1.19.3	2020-03-25	gate	1.15.0-20200307053027	container-image	gcr.io/spinnaker-marketplace/gate:1.15.0-20200307053027@sha256:001c8f81a88928e17793e36c7673e3b3f78cd4103020e7479a78de3719fc5c4c	yes	11	CLAIM-S3-011
1.19.3	2020-03-25	orca	2.13.1-20200319040016	container-image	gcr.io/spinnaker-marketplace/orca:2.13.1-20200319040016@sha256:26d4d500b03578b358d188694fcd2355fc30e87a9bca9fa9d5eec981b132b2bb	yes		CLAIM-S3-011
1.19.3	2020-03-25	clouddriver	6.7.2-20200325040016	container-image	gcr.io/spinnaker-marketplace/clouddriver:6.7.2-20200325040016@sha256:faf8af80c5354b8c482d337226b8ba9888f39266acce6cc7949cac5160567797	yes		CLAIM-S3-011
1.19.3	2020-03-25	front50	0.22.0-20200307053027	container-image	gcr.io/spinnaker-marketplace/front50:0.22.0-20200307053027@sha256:fbd4be5f90c80b6bfbfbf266bd54b3527ef7b95ab89069fc6426e0bd10251119	yes	11	CLAIM-S3-011
1.19.3	2020-03-25	echo	2.11.1-20200325115402	container-image	gcr.io/spinnaker-marketplace/echo:2.11.1-20200325115402@sha256:200845c74430e44eb53a7f0e9efd6b9d5371ebdcf1c0f20f3b45b9d1017584f1	yes		CLAIM-S3-011
1.19.3	2020-03-25	igor	1.9.1-20200320162247	container-image	gcr.io/spinnaker-marketplace/igor:1.9.1-20200320162247@sha256:e7bcd56b35dad68127bec29db8fe2be52c71f62e0f6186bc468d91c505e051ba	yes		CLAIM-S3-011
1.19.3	2020-03-25	fiat	1.10.0-20200307053027	container-image	gcr.io/spinnaker-marketplace/fiat:1.10.0-20200307053027@sha256:36812e9a843dec141e350d606e476e9fe63ccc2b1b0b95e177f04c7e2f1d0509	yes	11	CLAIM-S3-011
1.19.3	2020-03-25	rosco	0.18.0-20200310040016	container-image	gcr.io/spinnaker-marketplace/rosco:0.18.0-20200310040016@sha256:614cb40a29ab60525a777bbcf80993749e3af35ebe3356588edb75ef05e90b6e	yes	11	CLAIM-S3-011
1.19.3	2020-03-25	kayenta	0.14.0-20200304112817	container-image	gcr.io/spinnaker-marketplace/kayenta:0.14.0-20200304112817@sha256:32ab3449a5aacf3f25077746a0fbce86aeccc7d825866855b22e0a14099a7728	yes	11	CLAIM-S3-011
1.19.3	2020-03-25	keel	-	not-pinned	-	n/a		CLAIM-S3-006
1.19.4	2020-04-03	gate	1.15.1-20200403040016	container-image	gcr.io/spinnaker-marketplace/gate:1.15.1-20200403040016@sha256:606d0160e09008259ec0493907a8c4d081627dbd0e98f0bfa72b6423e0b174b2	yes		CLAIM-S3-011
1.19.4	2020-04-03	orca	2.13.2-20200401144746	container-image	gcr.io/spinnaker-marketplace/orca:2.13.2-20200401144746@sha256:1787f45750764723b05f14eaf0b729f6fddc3abb19b9070c7c8778dc84a29cf8	yes		CLAIM-S3-011
1.19.4	2020-04-03	clouddriver	6.7.3-20200401190525	container-image	gcr.io/spinnaker-marketplace/clouddriver:6.7.3-20200401190525@sha256:73695d1366425576adcb9a4cd844ef39d880b48f00aa86a9e1c8b692c3fde888	yes		CLAIM-S3-011
1.19.4	2020-04-03	front50	0.22.1-20200401121252	container-image	gcr.io/spinnaker-marketplace/front50:0.22.1-20200401121252@sha256:0dc01e9094cd443e36a0ad8c41bca388a6d20a8bae5da1fb15f72a560f000424	yes		CLAIM-S3-011
1.19.4	2020-04-03	echo	2.11.2-20200401121252	container-image	gcr.io/spinnaker-marketplace/echo:2.11.2-20200401121252@sha256:4112d77f18a0e6ab401eac123dddb5ef136ca1bf888cdbfdda41981c65b1b945	yes		CLAIM-S3-011
1.19.4	2020-04-03	igor	1.9.2-20200401121252	container-image	gcr.io/spinnaker-marketplace/igor:1.9.2-20200401121252@sha256:20c264fcc7debf2b933c83de8f754b90ce1843ba64825cd6c68b7f09d7edd52f	yes		CLAIM-S3-011
1.19.4	2020-04-03	fiat	1.10.1-20200401121252	container-image	gcr.io/spinnaker-marketplace/fiat:1.10.1-20200401121252@sha256:d3b57ff03b5883e4bc65c6f915fd013b30a9bc106a377120659f22abd5abdf92	yes		CLAIM-S3-011
1.19.4	2020-04-03	rosco	0.18.1-20200401121252	container-image	gcr.io/spinnaker-marketplace/rosco:0.18.1-20200401121252@sha256:613c8346942b8bbeab21ac447f13f987e2267522a9afee40007d3ebbfaec72e7	yes		CLAIM-S3-011
1.19.4	2020-04-03	kayenta	0.14.0-20200304112817	container-image	gcr.io/spinnaker-marketplace/kayenta:0.14.0-20200304112817@sha256:32ab3449a5aacf3f25077746a0fbce86aeccc7d825866855b22e0a14099a7728	yes	11	CLAIM-S3-011
1.19.4	2020-04-03	keel	-	not-pinned	-	n/a		CLAIM-S3-006
1.19.5	2020-04-15	gate	1.15.2-20200415095112	container-image	gcr.io/spinnaker-marketplace/gate:1.15.2-20200415095112@sha256:295a8e6276114f7d0f193fc0cd5afeb5c6783d3402a1816cb69f22d95c3be2e3	yes		CLAIM-S3-011
1.19.5	2020-04-15	orca	2.13.3-20200415105406	container-image	gcr.io/spinnaker-marketplace/orca:2.13.3-20200415105406@sha256:8205834f56f6d1d98604137b8b8cab51a02460a109ec3ad8bb6b0b5168caefdb	yes		CLAIM-S3-011
1.19.5	2020-04-15	clouddriver	6.7.3-20200401190525	container-image	gcr.io/spinnaker-marketplace/clouddriver:6.7.3-20200401190525@sha256:73695d1366425576adcb9a4cd844ef39d880b48f00aa86a9e1c8b692c3fde888	yes		CLAIM-S3-011
1.19.5	2020-04-15	front50	0.22.1-20200401121252	container-image	gcr.io/spinnaker-marketplace/front50:0.22.1-20200401121252@sha256:0dc01e9094cd443e36a0ad8c41bca388a6d20a8bae5da1fb15f72a560f000424	yes		CLAIM-S3-011
1.19.5	2020-04-15	echo	2.11.2-20200401121252	container-image	gcr.io/spinnaker-marketplace/echo:2.11.2-20200401121252@sha256:4112d77f18a0e6ab401eac123dddb5ef136ca1bf888cdbfdda41981c65b1b945	yes		CLAIM-S3-011
1.19.5	2020-04-15	igor	1.9.2-20200401121252	container-image	gcr.io/spinnaker-marketplace/igor:1.9.2-20200401121252@sha256:20c264fcc7debf2b933c83de8f754b90ce1843ba64825cd6c68b7f09d7edd52f	yes		CLAIM-S3-011
1.19.5	2020-04-15	fiat	1.10.2-20200407040016	container-image	gcr.io/spinnaker-marketplace/fiat:1.10.2-20200407040016@sha256:a996fe238d3078a0c3ab84763d315f11d4d93806298e2115e04cec897cda890e	yes		CLAIM-S3-011
1.19.5	2020-04-15	rosco	0.18.1-20200401121252	container-image	gcr.io/spinnaker-marketplace/rosco:0.18.1-20200401121252@sha256:613c8346942b8bbeab21ac447f13f987e2267522a9afee40007d3ebbfaec72e7	yes		CLAIM-S3-011
1.19.5	2020-04-15	kayenta	0.14.0-20200304112817	container-image	gcr.io/spinnaker-marketplace/kayenta:0.14.0-20200304112817@sha256:32ab3449a5aacf3f25077746a0fbce86aeccc7d825866855b22e0a14099a7728	yes	11	CLAIM-S3-011
1.19.5	2020-04-15	keel	-	not-pinned	-	n/a		CLAIM-S3-006
1.19.6	2020-04-21	gate	1.15.2-20200415095112	container-image	gcr.io/spinnaker-marketplace/gate:1.15.2-20200415095112@sha256:295a8e6276114f7d0f193fc0cd5afeb5c6783d3402a1816cb69f22d95c3be2e3	yes		CLAIM-S3-011
1.19.6	2020-04-21	orca	2.13.4-20200416040016	container-image	gcr.io/spinnaker-marketplace/orca:2.13.4-20200416040016@sha256:46b9d27ae145c68c27defc0a37cda4d2985529e0ef624a17c33dab5bdd24856c	yes		CLAIM-S3-011
1.19.6	2020-04-21	clouddriver	6.7.3-20200401190525	container-image	gcr.io/spinnaker-marketplace/clouddriver:6.7.3-20200401190525@sha256:73695d1366425576adcb9a4cd844ef39d880b48f00aa86a9e1c8b692c3fde888	yes		CLAIM-S3-011
1.19.6	2020-04-21	front50	0.22.1-20200401121252	container-image	gcr.io/spinnaker-marketplace/front50:0.22.1-20200401121252@sha256:0dc01e9094cd443e36a0ad8c41bca388a6d20a8bae5da1fb15f72a560f000424	yes		CLAIM-S3-011
1.19.6	2020-04-21	echo	2.11.3-20200421040016	container-image	gcr.io/spinnaker-marketplace/echo:2.11.3-20200421040016@sha256:4ba9f6b8d6db7687ff4c27059017c9bc773fe93a1c50c5d98bfc73b1617126a5	yes		CLAIM-S3-011
1.19.6	2020-04-21	igor	1.9.2-20200401121252	container-image	gcr.io/spinnaker-marketplace/igor:1.9.2-20200401121252@sha256:20c264fcc7debf2b933c83de8f754b90ce1843ba64825cd6c68b7f09d7edd52f	yes		CLAIM-S3-011
1.19.6	2020-04-21	fiat	1.10.3-20200421040016	container-image	gcr.io/spinnaker-marketplace/fiat:1.10.3-20200421040016@sha256:c3ff76268d97445a066b6ff1396e62f1cc553b9afb546b33042c574942f1d198	yes		CLAIM-S3-011
1.19.6	2020-04-21	rosco	0.18.1-20200401121252	container-image	gcr.io/spinnaker-marketplace/rosco:0.18.1-20200401121252@sha256:613c8346942b8bbeab21ac447f13f987e2267522a9afee40007d3ebbfaec72e7	yes		CLAIM-S3-011
1.19.6	2020-04-21	kayenta	0.14.0-20200304112817	container-image	gcr.io/spinnaker-marketplace/kayenta:0.14.0-20200304112817@sha256:32ab3449a5aacf3f25077746a0fbce86aeccc7d825866855b22e0a14099a7728	yes	11	CLAIM-S3-011
1.19.6	2020-04-21	keel	-	not-pinned	-	n/a		CLAIM-S3-006
1.19.7	2020-05-05	gate	1.15.2-20200415095112	container-image	gcr.io/spinnaker-marketplace/gate:1.15.2-20200415095112@sha256:295a8e6276114f7d0f193fc0cd5afeb5c6783d3402a1816cb69f22d95c3be2e3	yes		CLAIM-S3-011
1.19.7	2020-05-05	orca	2.13.5-20200505065831	container-image	gcr.io/spinnaker-marketplace/orca:2.13.5-20200505065831@sha256:0d299e30ff3b105a7901649070d0d2c1d7e4b03d036a08885fd2a974ff5c5d0e	yes		CLAIM-S3-011
1.19.7	2020-05-05	clouddriver	6.7.4-20200502040017	container-image	gcr.io/spinnaker-marketplace/clouddriver:6.7.4-20200502040017@sha256:a3fb1903174ff583facc0196d52ceef3856d53b38b481ace7d32808937237913	yes		CLAIM-S3-011
1.19.7	2020-05-05	front50	0.22.1-20200401121252	container-image	gcr.io/spinnaker-marketplace/front50:0.22.1-20200401121252@sha256:0dc01e9094cd443e36a0ad8c41bca388a6d20a8bae5da1fb15f72a560f000424	yes		CLAIM-S3-011
1.19.7	2020-05-05	echo	2.11.4-20200502040017	container-image	gcr.io/spinnaker-marketplace/echo:2.11.4-20200502040017@sha256:c7a0321b2e9b61d979cd86d083ec5392b04111fad3c35085bae9265f46049bba	yes		CLAIM-S3-011
1.19.7	2020-05-05	igor	1.9.2-20200401121252	container-image	gcr.io/spinnaker-marketplace/igor:1.9.2-20200401121252@sha256:20c264fcc7debf2b933c83de8f754b90ce1843ba64825cd6c68b7f09d7edd52f	yes		CLAIM-S3-011
1.19.7	2020-05-05	fiat	1.10.3-20200421040016	container-image	gcr.io/spinnaker-marketplace/fiat:1.10.3-20200421040016@sha256:c3ff76268d97445a066b6ff1396e62f1cc553b9afb546b33042c574942f1d198	yes		CLAIM-S3-011
1.19.7	2020-05-05	rosco	0.18.1-20200401121252	container-image	gcr.io/spinnaker-marketplace/rosco:0.18.1-20200401121252@sha256:613c8346942b8bbeab21ac447f13f987e2267522a9afee40007d3ebbfaec72e7	yes		CLAIM-S3-011
1.19.7	2020-05-05	kayenta	0.14.1-20200501040017	container-image	gcr.io/spinnaker-marketplace/kayenta:0.14.1-20200501040017@sha256:ea4eef39013a427690203d8eb8663898d11130409f07f1e28f68652026375f9a	yes		CLAIM-S3-011
1.19.7	2020-05-05	keel	-	not-pinned	-	n/a		CLAIM-S3-006
1.19.8	2020-05-09	gate	1.15.2-20200415095112	container-image	gcr.io/spinnaker-marketplace/gate:1.15.2-20200415095112@sha256:295a8e6276114f7d0f193fc0cd5afeb5c6783d3402a1816cb69f22d95c3be2e3	yes		CLAIM-S3-011
1.19.8	2020-05-09	orca	2.13.5-20200505065831	container-image	gcr.io/spinnaker-marketplace/orca:2.13.5-20200505065831@sha256:0d299e30ff3b105a7901649070d0d2c1d7e4b03d036a08885fd2a974ff5c5d0e	yes		CLAIM-S3-011
1.19.8	2020-05-09	clouddriver	6.7.4-20200502040017	container-image	gcr.io/spinnaker-marketplace/clouddriver:6.7.4-20200502040017@sha256:a3fb1903174ff583facc0196d52ceef3856d53b38b481ace7d32808937237913	yes		CLAIM-S3-011
1.19.8	2020-05-09	front50	0.22.1-20200401121252	container-image	gcr.io/spinnaker-marketplace/front50:0.22.1-20200401121252@sha256:0dc01e9094cd443e36a0ad8c41bca388a6d20a8bae5da1fb15f72a560f000424	yes		CLAIM-S3-011
1.19.8	2020-05-09	echo	2.11.4-20200502040017	container-image	gcr.io/spinnaker-marketplace/echo:2.11.4-20200502040017@sha256:c7a0321b2e9b61d979cd86d083ec5392b04111fad3c35085bae9265f46049bba	yes		CLAIM-S3-011
1.19.8	2020-05-09	igor	1.9.2-20200401121252	container-image	gcr.io/spinnaker-marketplace/igor:1.9.2-20200401121252@sha256:20c264fcc7debf2b933c83de8f754b90ce1843ba64825cd6c68b7f09d7edd52f	yes		CLAIM-S3-011
1.19.8	2020-05-09	fiat	1.10.3-20200421040016	container-image	gcr.io/spinnaker-marketplace/fiat:1.10.3-20200421040016@sha256:c3ff76268d97445a066b6ff1396e62f1cc553b9afb546b33042c574942f1d198	yes		CLAIM-S3-011
1.19.8	2020-05-09	rosco	0.18.1-20200401121252	container-image	gcr.io/spinnaker-marketplace/rosco:0.18.1-20200401121252@sha256:613c8346942b8bbeab21ac447f13f987e2267522a9afee40007d3ebbfaec72e7	yes		CLAIM-S3-011
1.19.8	2020-05-09	kayenta	0.14.2-20200509040016	container-image	gcr.io/spinnaker-marketplace/kayenta:0.14.2-20200509040016@sha256:e3567071eef9ecc71bbd9fd1b0bb86d68dffcfe2e0996c789184896bf16bb3dd	yes		CLAIM-S3-011
1.19.8	2020-05-09	keel	-	not-pinned	-	n/a		CLAIM-S3-006
1.19.9	2020-05-18	gate	1.15.2-20200415095112	container-image	gcr.io/spinnaker-marketplace/gate:1.15.2-20200415095112@sha256:295a8e6276114f7d0f193fc0cd5afeb5c6783d3402a1816cb69f22d95c3be2e3	yes		CLAIM-S3-011
1.19.9	2020-05-18	orca	2.13.5-20200505065831	container-image	gcr.io/spinnaker-marketplace/orca:2.13.5-20200505065831@sha256:0d299e30ff3b105a7901649070d0d2c1d7e4b03d036a08885fd2a974ff5c5d0e	yes		CLAIM-S3-011
1.19.9	2020-05-18	clouddriver	6.7.5-20200515161121	container-image	gcr.io/spinnaker-marketplace/clouddriver:6.7.5-20200515161121@sha256:fac39bb3baf3fd758429a33b78eb0aed74e6bbe015d95d8121a9097eff2e1ebc	yes		CLAIM-S3-011
1.19.9	2020-05-18	front50	0.22.1-20200401121252	container-image	gcr.io/spinnaker-marketplace/front50:0.22.1-20200401121252@sha256:0dc01e9094cd443e36a0ad8c41bca388a6d20a8bae5da1fb15f72a560f000424	yes		CLAIM-S3-011
1.19.9	2020-05-18	echo	2.11.4-20200502040017	container-image	gcr.io/spinnaker-marketplace/echo:2.11.4-20200502040017@sha256:c7a0321b2e9b61d979cd86d083ec5392b04111fad3c35085bae9265f46049bba	yes		CLAIM-S3-011
1.19.9	2020-05-18	igor	1.9.2-20200401121252	container-image	gcr.io/spinnaker-marketplace/igor:1.9.2-20200401121252@sha256:20c264fcc7debf2b933c83de8f754b90ce1843ba64825cd6c68b7f09d7edd52f	yes		CLAIM-S3-011
1.19.9	2020-05-18	fiat	1.10.3-20200421040016	container-image	gcr.io/spinnaker-marketplace/fiat:1.10.3-20200421040016@sha256:c3ff76268d97445a066b6ff1396e62f1cc553b9afb546b33042c574942f1d198	yes		CLAIM-S3-011
1.19.9	2020-05-18	rosco	0.18.2-20200514040017	container-image	gcr.io/spinnaker-marketplace/rosco:0.18.2-20200514040017@sha256:b6a225038ba4042c5452c58fadc9823b626621cffea3048d1c405d41b88ea16e	yes		CLAIM-S3-011
1.19.9	2020-05-18	kayenta	0.14.2-20200509040016	container-image	gcr.io/spinnaker-marketplace/kayenta:0.14.2-20200509040016@sha256:e3567071eef9ecc71bbd9fd1b0bb86d68dffcfe2e0996c789184896bf16bb3dd	yes		CLAIM-S3-011
1.19.9	2020-05-18	keel	-	not-pinned	-	n/a		CLAIM-S3-006
1.19.10	2020-05-25	gate	1.15.3-20200521154245	container-image	gcr.io/spinnaker-marketplace/gate:1.15.3-20200521154245@sha256:cb2a26778f8414d90ce9645a3ae702b7f50712435f81c048e6d0aec87803279d	yes		CLAIM-S3-011
1.19.10	2020-05-25	orca	2.13.5-20200505065831	container-image	gcr.io/spinnaker-marketplace/orca:2.13.5-20200505065831@sha256:0d299e30ff3b105a7901649070d0d2c1d7e4b03d036a08885fd2a974ff5c5d0e	yes		CLAIM-S3-011
1.19.10	2020-05-25	clouddriver	6.7.6-20200525040017	container-image	gcr.io/spinnaker-marketplace/clouddriver:6.7.6-20200525040017@sha256:96b5cc36379b63cdbaf7cae6ec9bb1da4d50c964804f4f34c9d8775f136e321e	yes		CLAIM-S3-011
1.19.10	2020-05-25	front50	0.22.1-20200401121252	container-image	gcr.io/spinnaker-marketplace/front50:0.22.1-20200401121252@sha256:0dc01e9094cd443e36a0ad8c41bca388a6d20a8bae5da1fb15f72a560f000424	yes		CLAIM-S3-011
1.19.10	2020-05-25	echo	2.11.4-20200502040017	container-image	gcr.io/spinnaker-marketplace/echo:2.11.4-20200502040017@sha256:c7a0321b2e9b61d979cd86d083ec5392b04111fad3c35085bae9265f46049bba	yes		CLAIM-S3-011
1.19.10	2020-05-25	igor	1.9.2-20200401121252	container-image	gcr.io/spinnaker-marketplace/igor:1.9.2-20200401121252@sha256:20c264fcc7debf2b933c83de8f754b90ce1843ba64825cd6c68b7f09d7edd52f	yes		CLAIM-S3-011
1.19.10	2020-05-25	fiat	1.10.3-20200421040016	container-image	gcr.io/spinnaker-marketplace/fiat:1.10.3-20200421040016@sha256:c3ff76268d97445a066b6ff1396e62f1cc553b9afb546b33042c574942f1d198	yes		CLAIM-S3-011
1.19.10	2020-05-25	rosco	0.18.2-20200514040017	container-image	gcr.io/spinnaker-marketplace/rosco:0.18.2-20200514040017@sha256:b6a225038ba4042c5452c58fadc9823b626621cffea3048d1c405d41b88ea16e	yes		CLAIM-S3-011
1.19.10	2020-05-25	kayenta	0.14.2-20200509040016	container-image	gcr.io/spinnaker-marketplace/kayenta:0.14.2-20200509040016@sha256:e3567071eef9ecc71bbd9fd1b0bb86d68dffcfe2e0996c789184896bf16bb3dd	yes		CLAIM-S3-011
1.19.10	2020-05-25	keel	-	not-pinned	-	n/a		CLAIM-S3-006
1.19.11	2020-06-01	gate	1.15.3-20200521154245	container-image	gcr.io/spinnaker-marketplace/gate:1.15.3-20200521154245@sha256:cb2a26778f8414d90ce9645a3ae702b7f50712435f81c048e6d0aec87803279d	yes		CLAIM-S3-011
1.19.11	2020-06-01	orca	2.13.5-20200505065831	container-image	gcr.io/spinnaker-marketplace/orca:2.13.5-20200505065831@sha256:0d299e30ff3b105a7901649070d0d2c1d7e4b03d036a08885fd2a974ff5c5d0e	yes		CLAIM-S3-011
1.19.11	2020-06-01	clouddriver	6.7.7-20200529092055	container-image	gcr.io/spinnaker-marketplace/clouddriver:6.7.7-20200529092055@sha256:c1dd661b7ce4c777f339b0edd4a054fbee61ae18afc59768fce046dcac9df98c	yes		CLAIM-S3-011
1.19.11	2020-06-01	front50	0.22.1-20200401121252	container-image	gcr.io/spinnaker-marketplace/front50:0.22.1-20200401121252@sha256:0dc01e9094cd443e36a0ad8c41bca388a6d20a8bae5da1fb15f72a560f000424	yes		CLAIM-S3-011
1.19.11	2020-06-01	echo	2.11.4-20200502040017	container-image	gcr.io/spinnaker-marketplace/echo:2.11.4-20200502040017@sha256:c7a0321b2e9b61d979cd86d083ec5392b04111fad3c35085bae9265f46049bba	yes		CLAIM-S3-011
1.19.11	2020-06-01	igor	1.9.2-20200401121252	container-image	gcr.io/spinnaker-marketplace/igor:1.9.2-20200401121252@sha256:20c264fcc7debf2b933c83de8f754b90ce1843ba64825cd6c68b7f09d7edd52f	yes		CLAIM-S3-011
1.19.11	2020-06-01	fiat	1.10.3-20200421040016	container-image	gcr.io/spinnaker-marketplace/fiat:1.10.3-20200421040016@sha256:c3ff76268d97445a066b6ff1396e62f1cc553b9afb546b33042c574942f1d198	yes		CLAIM-S3-011
1.19.11	2020-06-01	rosco	0.18.2-20200514040017	container-image	gcr.io/spinnaker-marketplace/rosco:0.18.2-20200514040017@sha256:b6a225038ba4042c5452c58fadc9823b626621cffea3048d1c405d41b88ea16e	yes		CLAIM-S3-011
1.19.11	2020-06-01	kayenta	0.14.2-20200509040016	container-image	gcr.io/spinnaker-marketplace/kayenta:0.14.2-20200509040016@sha256:e3567071eef9ecc71bbd9fd1b0bb86d68dffcfe2e0996c789184896bf16bb3dd	yes		CLAIM-S3-011
1.19.11	2020-06-01	keel	-	not-pinned	-	n/a		CLAIM-S3-006
1.19.12	2020-06-26	gate	1.15.3-20200521154245	container-image	gcr.io/spinnaker-marketplace/gate:1.15.3-20200521154245@sha256:cb2a26778f8414d90ce9645a3ae702b7f50712435f81c048e6d0aec87803279d	yes		CLAIM-S3-011
1.19.12	2020-06-26	orca	2.13.6-20200626040017	container-image	gcr.io/spinnaker-marketplace/orca:2.13.6-20200626040017@sha256:03fae302333996f4ba9726ff0d09a2b18afcb84da007cbebfb91e9539f473a04	yes		CLAIM-S3-011
1.19.12	2020-06-26	clouddriver	6.7.7-20200529092055	container-image	gcr.io/spinnaker-marketplace/clouddriver:6.7.7-20200529092055@sha256:c1dd661b7ce4c777f339b0edd4a054fbee61ae18afc59768fce046dcac9df98c	yes		CLAIM-S3-011
1.19.12	2020-06-26	front50	0.22.1-20200401121252	container-image	gcr.io/spinnaker-marketplace/front50:0.22.1-20200401121252@sha256:0dc01e9094cd443e36a0ad8c41bca388a6d20a8bae5da1fb15f72a560f000424	yes		CLAIM-S3-011
1.19.12	2020-06-26	echo	2.11.4-20200502040017	container-image	gcr.io/spinnaker-marketplace/echo:2.11.4-20200502040017@sha256:c7a0321b2e9b61d979cd86d083ec5392b04111fad3c35085bae9265f46049bba	yes		CLAIM-S3-011
1.19.12	2020-06-26	igor	1.9.2-20200401121252	container-image	gcr.io/spinnaker-marketplace/igor:1.9.2-20200401121252@sha256:20c264fcc7debf2b933c83de8f754b90ce1843ba64825cd6c68b7f09d7edd52f	yes		CLAIM-S3-011
1.19.12	2020-06-26	fiat	1.10.3-20200421040016	container-image	gcr.io/spinnaker-marketplace/fiat:1.10.3-20200421040016@sha256:c3ff76268d97445a066b6ff1396e62f1cc553b9afb546b33042c574942f1d198	yes		CLAIM-S3-011
1.19.12	2020-06-26	rosco	0.18.2-20200514040017	container-image	gcr.io/spinnaker-marketplace/rosco:0.18.2-20200514040017@sha256:b6a225038ba4042c5452c58fadc9823b626621cffea3048d1c405d41b88ea16e	yes		CLAIM-S3-011
1.19.12	2020-06-26	kayenta	0.14.2-20200509040016	container-image	gcr.io/spinnaker-marketplace/kayenta:0.14.2-20200509040016@sha256:e3567071eef9ecc71bbd9fd1b0bb86d68dffcfe2e0996c789184896bf16bb3dd	yes		CLAIM-S3-011
1.19.12	2020-06-26	keel	-	not-pinned	-	n/a		CLAIM-S3-006
1.19.13	2020-06-26	gate	1.15.3-20200521154245	container-image	gcr.io/spinnaker-marketplace/gate:1.15.3-20200521154245@sha256:cb2a26778f8414d90ce9645a3ae702b7f50712435f81c048e6d0aec87803279d	yes		CLAIM-S3-011
1.19.13	2020-06-26	orca	2.13.6-20200626040017	container-image	gcr.io/spinnaker-marketplace/orca:2.13.6-20200626040017@sha256:03fae302333996f4ba9726ff0d09a2b18afcb84da007cbebfb91e9539f473a04	yes		CLAIM-S3-011
1.19.13	2020-06-26	clouddriver	6.7.7-20200529092055	container-image	gcr.io/spinnaker-marketplace/clouddriver:6.7.7-20200529092055@sha256:c1dd661b7ce4c777f339b0edd4a054fbee61ae18afc59768fce046dcac9df98c	yes		CLAIM-S3-011
1.19.13	2020-06-26	front50	0.22.1-20200401121252	container-image	gcr.io/spinnaker-marketplace/front50:0.22.1-20200401121252@sha256:0dc01e9094cd443e36a0ad8c41bca388a6d20a8bae5da1fb15f72a560f000424	yes		CLAIM-S3-011
1.19.13	2020-06-26	echo	2.11.4-20200502040017	container-image	gcr.io/spinnaker-marketplace/echo:2.11.4-20200502040017@sha256:c7a0321b2e9b61d979cd86d083ec5392b04111fad3c35085bae9265f46049bba	yes		CLAIM-S3-011
1.19.13	2020-06-26	igor	1.9.2-20200401121252	container-image	gcr.io/spinnaker-marketplace/igor:1.9.2-20200401121252@sha256:20c264fcc7debf2b933c83de8f754b90ce1843ba64825cd6c68b7f09d7edd52f	yes		CLAIM-S3-011
1.19.13	2020-06-26	fiat	1.10.3-20200421040016	container-image	gcr.io/spinnaker-marketplace/fiat:1.10.3-20200421040016@sha256:c3ff76268d97445a066b6ff1396e62f1cc553b9afb546b33042c574942f1d198	yes		CLAIM-S3-011
1.19.13	2020-06-26	rosco	0.18.2-20200514040017	container-image	gcr.io/spinnaker-marketplace/rosco:0.18.2-20200514040017@sha256:b6a225038ba4042c5452c58fadc9823b626621cffea3048d1c405d41b88ea16e	yes		CLAIM-S3-011
1.19.13	2020-06-26	kayenta	0.14.2-20200509040016	container-image	gcr.io/spinnaker-marketplace/kayenta:0.14.2-20200509040016@sha256:e3567071eef9ecc71bbd9fd1b0bb86d68dffcfe2e0996c789184896bf16bb3dd	yes		CLAIM-S3-011
1.19.13	2020-06-26	keel	-	not-pinned	-	n/a		CLAIM-S3-006
1.19.14	2020-07-28	gate	1.15.3-20200521154245	container-image	gcr.io/spinnaker-marketplace/gate:1.15.3-20200521154245@sha256:cb2a26778f8414d90ce9645a3ae702b7f50712435f81c048e6d0aec87803279d	yes		CLAIM-S3-011
1.19.14	2020-07-28	orca	2.13.6-20200626040017	container-image	gcr.io/spinnaker-marketplace/orca:2.13.6-20200626040017@sha256:03fae302333996f4ba9726ff0d09a2b18afcb84da007cbebfb91e9539f473a04	yes		CLAIM-S3-011
1.19.14	2020-07-28	clouddriver	6.7.7-20200529092055	container-image	gcr.io/spinnaker-marketplace/clouddriver:6.7.7-20200529092055@sha256:c1dd661b7ce4c777f339b0edd4a054fbee61ae18afc59768fce046dcac9df98c	yes		CLAIM-S3-011
1.19.14	2020-07-28	front50	0.22.2-20200727201001	container-image	gcr.io/spinnaker-marketplace/front50:0.22.2-20200727201001@sha256:9d2cc711eb472dbf18d578a05da6fabb7203b129d87b7f793072da309aa6832d	yes		CLAIM-S3-011
1.19.14	2020-07-28	echo	2.11.4-20200502040017	container-image	gcr.io/spinnaker-marketplace/echo:2.11.4-20200502040017@sha256:c7a0321b2e9b61d979cd86d083ec5392b04111fad3c35085bae9265f46049bba	yes		CLAIM-S3-011
1.19.14	2020-07-28	igor	1.9.2-20200401121252	container-image	gcr.io/spinnaker-marketplace/igor:1.9.2-20200401121252@sha256:20c264fcc7debf2b933c83de8f754b90ce1843ba64825cd6c68b7f09d7edd52f	yes		CLAIM-S3-011
1.19.14	2020-07-28	fiat	1.10.3-20200421040016	container-image	gcr.io/spinnaker-marketplace/fiat:1.10.3-20200421040016@sha256:c3ff76268d97445a066b6ff1396e62f1cc553b9afb546b33042c574942f1d198	yes		CLAIM-S3-011
1.19.14	2020-07-28	rosco	0.18.2-20200514040017	container-image	gcr.io/spinnaker-marketplace/rosco:0.18.2-20200514040017@sha256:b6a225038ba4042c5452c58fadc9823b626621cffea3048d1c405d41b88ea16e	yes		CLAIM-S3-011
1.19.14	2020-07-28	kayenta	0.14.2-20200509040016	container-image	gcr.io/spinnaker-marketplace/kayenta:0.14.2-20200509040016@sha256:e3567071eef9ecc71bbd9fd1b0bb86d68dffcfe2e0996c789184896bf16bb3dd	yes		CLAIM-S3-011
1.19.14	2020-07-28	keel	-	not-pinned	-	n/a		CLAIM-S3-006
1.20.0	2020-05-02	gate	1.16.0-20200501020017	container-image	gcr.io/spinnaker-marketplace/gate:1.16.0-20200501020017@sha256:768b2e31097056d70bbb69d690485144d97b75681086f6f3becd069171a0b00c	yes	11	CLAIM-S3-011
1.20.0	2020-05-02	orca	2.14.0-20200502020017	container-image	gcr.io/spinnaker-marketplace/orca:2.14.0-20200502020017@sha256:74c8a5a671f3d28af192998f5fb0e44f43d736dca7e2744c265c94d38eeee081	yes	11	CLAIM-S3-011
1.20.0	2020-05-02	clouddriver	6.8.0-20200502020017	container-image	gcr.io/spinnaker-marketplace/clouddriver:6.8.0-20200502020017@sha256:f6e9255a11b72b46b63b492b38ea9dbdef2ea7910730d7e8b0648fd477043c76	yes	11	CLAIM-S3-011
1.20.0	2020-05-02	front50	0.23.0-20200428230017	container-image	gcr.io/spinnaker-marketplace/front50:0.23.0-20200428230017@sha256:cb358da5e9f6de174c4aec44c441865b658ae6d8a970f18c9794567c340190b0	yes	11	CLAIM-S3-011
1.20.0	2020-05-02	echo	2.12.0-20200428200017	container-image	gcr.io/spinnaker-marketplace/echo:2.12.0-20200428200017@sha256:7463068c18fc325b21fada62ec5c6030836616a5760e4c4cf0a8dd1b67dabf7d	yes	11	CLAIM-S3-011
1.20.0	2020-05-02	igor	1.10.0-20200428134356	container-image	gcr.io/spinnaker-marketplace/igor:1.10.0-20200428134356@sha256:bb125f922a64894e0afcdd66ee36ec62d01315b684ecacfe54710038a1580b9e	yes	11	CLAIM-S3-011
1.20.0	2020-05-02	fiat	1.11.0-20200428134356	container-image	gcr.io/spinnaker-marketplace/fiat:1.11.0-20200428134356@sha256:da31b49ffb42ce9d351ea71e7a2535ba51de499f122f27c376a3f0ee19942f87	yes	11	CLAIM-S3-011
1.20.0	2020-05-02	rosco	0.19.0-20200428134356	container-image	gcr.io/spinnaker-marketplace/rosco:0.19.0-20200428134356@sha256:355153a7f2986b465f3e7d501782f685db7eabc40fb83514432731345a911d10	yes	11	CLAIM-S3-011
1.20.0	2020-05-02	kayenta	0.15.0-20200429104313	container-image	gcr.io/spinnaker-marketplace/kayenta:0.15.0-20200429104313@sha256:4ab72fef757c6f2c06472b414baacd3ed11edb46aef7ac0f9c9e28a4faab45ba	yes	11	CLAIM-S3-011
1.20.0	2020-05-02	keel	-	not-pinned	-	n/a		CLAIM-S3-006
1.20.1	2020-05-09	gate	1.16.0-20200501020017	container-image	gcr.io/spinnaker-marketplace/gate:1.16.0-20200501020017@sha256:768b2e31097056d70bbb69d690485144d97b75681086f6f3becd069171a0b00c	yes	11	CLAIM-S3-011
1.20.1	2020-05-09	orca	2.14.0-20200502020017	container-image	gcr.io/spinnaker-marketplace/orca:2.14.0-20200502020017@sha256:74c8a5a671f3d28af192998f5fb0e44f43d736dca7e2744c265c94d38eeee081	yes	11	CLAIM-S3-011
1.20.1	2020-05-09	clouddriver	6.8.1-20200509020016	container-image	gcr.io/spinnaker-marketplace/clouddriver:6.8.1-20200509020016@sha256:45c0c804925056a1bf7dd594b7976c2732359fc130459b6fc765a2dd5154a0a2	yes		CLAIM-S3-011
1.20.1	2020-05-09	front50	0.23.1-20200509020016	container-image	gcr.io/spinnaker-marketplace/front50:0.23.1-20200509020016@sha256:c8dffdb0be753658e96ea259cadb3f18517d13eeeb2c39018de82e33c2e7b28e	yes		CLAIM-S3-011
1.20.1	2020-05-09	echo	2.12.1-20200507020017	container-image	gcr.io/spinnaker-marketplace/echo:2.12.1-20200507020017@sha256:7e489a3228445c09bcf36a59cc5e6170e5b559f66e57c38f45fc015c71c8e7c0	yes		CLAIM-S3-011
1.20.1	2020-05-09	igor	1.10.0-20200428134356	container-image	gcr.io/spinnaker-marketplace/igor:1.10.0-20200428134356@sha256:bb125f922a64894e0afcdd66ee36ec62d01315b684ecacfe54710038a1580b9e	yes	11	CLAIM-S3-011
1.20.1	2020-05-09	fiat	1.11.0-20200428134356	container-image	gcr.io/spinnaker-marketplace/fiat:1.11.0-20200428134356@sha256:da31b49ffb42ce9d351ea71e7a2535ba51de499f122f27c376a3f0ee19942f87	yes	11	CLAIM-S3-011
1.20.1	2020-05-09	rosco	0.19.0-20200428134356	container-image	gcr.io/spinnaker-marketplace/rosco:0.19.0-20200428134356@sha256:355153a7f2986b465f3e7d501782f685db7eabc40fb83514432731345a911d10	yes	11	CLAIM-S3-011
1.20.1	2020-05-09	kayenta	0.15.1-20200509020016	container-image	gcr.io/spinnaker-marketplace/kayenta:0.15.1-20200509020016@sha256:0f3a770bf614c56c60968aed424ede13d26e54018c660d17426a1df056fe2084	yes		CLAIM-S3-011
1.20.1	2020-05-09	keel	-	not-pinned	-	n/a		CLAIM-S3-006
1.20.2	2020-05-18	gate	1.16.0-20200501020017	container-image	gcr.io/spinnaker-marketplace/gate:1.16.0-20200501020017@sha256:768b2e31097056d70bbb69d690485144d97b75681086f6f3becd069171a0b00c	yes	11	CLAIM-S3-011
1.20.2	2020-05-18	orca	2.14.0-20200502020017	container-image	gcr.io/spinnaker-marketplace/orca:2.14.0-20200502020017@sha256:74c8a5a671f3d28af192998f5fb0e44f43d736dca7e2744c265c94d38eeee081	yes	11	CLAIM-S3-011
1.20.2	2020-05-18	clouddriver	6.8.2-20200518071229	container-image	gcr.io/spinnaker-marketplace/clouddriver:6.8.2-20200518071229@sha256:843c1cb448e64dc4c2fb887383d897683177a4d84fc640880978985f1e2efb91	yes		CLAIM-S3-011
1.20.2	2020-05-18	front50	0.23.1-20200509020016	container-image	gcr.io/spinnaker-marketplace/front50:0.23.1-20200509020016@sha256:c8dffdb0be753658e96ea259cadb3f18517d13eeeb2c39018de82e33c2e7b28e	yes		CLAIM-S3-011
1.20.2	2020-05-18	echo	2.12.1-20200507020017	container-image	gcr.io/spinnaker-marketplace/echo:2.12.1-20200507020017@sha256:7e489a3228445c09bcf36a59cc5e6170e5b559f66e57c38f45fc015c71c8e7c0	yes		CLAIM-S3-011
1.20.2	2020-05-18	igor	1.10.0-20200428134356	container-image	gcr.io/spinnaker-marketplace/igor:1.10.0-20200428134356@sha256:bb125f922a64894e0afcdd66ee36ec62d01315b684ecacfe54710038a1580b9e	yes	11	CLAIM-S3-011
1.20.2	2020-05-18	fiat	1.11.0-20200428134356	container-image	gcr.io/spinnaker-marketplace/fiat:1.11.0-20200428134356@sha256:da31b49ffb42ce9d351ea71e7a2535ba51de499f122f27c376a3f0ee19942f87	yes	11	CLAIM-S3-011
1.20.2	2020-05-18	rosco	0.19.0-20200428134356	container-image	gcr.io/spinnaker-marketplace/rosco:0.19.0-20200428134356@sha256:355153a7f2986b465f3e7d501782f685db7eabc40fb83514432731345a911d10	yes	11	CLAIM-S3-011
1.20.2	2020-05-18	kayenta	0.15.1-20200509020016	container-image	gcr.io/spinnaker-marketplace/kayenta:0.15.1-20200509020016@sha256:0f3a770bf614c56c60968aed424ede13d26e54018c660d17426a1df056fe2084	yes		CLAIM-S3-011
1.20.2	2020-05-18	keel	-	not-pinned	-	n/a		CLAIM-S3-006
1.20.3	2020-05-26	gate	1.16.1-20200522020017	container-image	gcr.io/spinnaker-marketplace/gate:1.16.1-20200522020017@sha256:f7ed047953bd58e5d4dc38ae3b5f3822b592b47e2be3feb50faae15f783abfa2	yes		CLAIM-S3-011
1.20.3	2020-05-26	orca	2.14.1-20200526092311	container-image	gcr.io/spinnaker-marketplace/orca:2.14.1-20200526092311@sha256:555539642a3cb88bd7d50560376e1edafd1acf4a0156ed91f04b905607ee5edb	yes		CLAIM-S3-011
1.20.3	2020-05-26	clouddriver	6.9.0-20200526092311	container-image	gcr.io/spinnaker-marketplace/clouddriver:6.9.0-20200526092311@sha256:0bc6a5582e388ac1960dfadd7b59803b3942b8329104aa4baa15b4487b4cabed	yes		CLAIM-S3-011
1.20.3	2020-05-26	front50	0.23.1-20200509020016	container-image	gcr.io/spinnaker-marketplace/front50:0.23.1-20200509020016@sha256:c8dffdb0be753658e96ea259cadb3f18517d13eeeb2c39018de82e33c2e7b28e	yes		CLAIM-S3-011
1.20.3	2020-05-26	echo	2.12.1-20200507020017	container-image	gcr.io/spinnaker-marketplace/echo:2.12.1-20200507020017@sha256:7e489a3228445c09bcf36a59cc5e6170e5b559f66e57c38f45fc015c71c8e7c0	yes		CLAIM-S3-011
1.20.3	2020-05-26	igor	1.10.0-20200428134356	container-image	gcr.io/spinnaker-marketplace/igor:1.10.0-20200428134356@sha256:bb125f922a64894e0afcdd66ee36ec62d01315b684ecacfe54710038a1580b9e	yes	11	CLAIM-S3-011
1.20.3	2020-05-26	fiat	1.11.0-20200428134356	container-image	gcr.io/spinnaker-marketplace/fiat:1.11.0-20200428134356@sha256:da31b49ffb42ce9d351ea71e7a2535ba51de499f122f27c376a3f0ee19942f87	yes	11	CLAIM-S3-011
1.20.3	2020-05-26	rosco	0.19.0-20200428134356	container-image	gcr.io/spinnaker-marketplace/rosco:0.19.0-20200428134356@sha256:355153a7f2986b465f3e7d501782f685db7eabc40fb83514432731345a911d10	yes	11	CLAIM-S3-011
1.20.3	2020-05-26	kayenta	0.15.1-20200509020016	container-image	gcr.io/spinnaker-marketplace/kayenta:0.15.1-20200509020016@sha256:0f3a770bf614c56c60968aed424ede13d26e54018c660d17426a1df056fe2084	yes		CLAIM-S3-011
1.20.3	2020-05-26	keel	-	not-pinned	-	n/a		CLAIM-S3-006
1.20.4	2020-06-01	gate	1.16.1-20200522020017	container-image	gcr.io/spinnaker-marketplace/gate:1.16.1-20200522020017@sha256:f7ed047953bd58e5d4dc38ae3b5f3822b592b47e2be3feb50faae15f783abfa2	yes		CLAIM-S3-011
1.20.4	2020-06-01	orca	2.14.2-20200601092739	container-image	gcr.io/spinnaker-marketplace/orca:2.14.2-20200601092739@sha256:efbc9d040c7892958f011ef25afc6ed331f6c2ab40039c338db470b0bfcf7f5b	yes		CLAIM-S3-011
1.20.4	2020-06-01	clouddriver	6.9.1-20200529095701	container-image	gcr.io/spinnaker-marketplace/clouddriver:6.9.1-20200529095701@sha256:2a3e4b8a222ec0a83df013c874ba3e269ed08eeb6b2bf1a33b380f56d00579ed	yes		CLAIM-S3-011
1.20.4	2020-06-01	front50	0.23.1-20200509020016	container-image	gcr.io/spinnaker-marketplace/front50:0.23.1-20200509020016@sha256:c8dffdb0be753658e96ea259cadb3f18517d13eeeb2c39018de82e33c2e7b28e	yes		CLAIM-S3-011
1.20.4	2020-06-01	echo	2.12.1-20200507020017	container-image	gcr.io/spinnaker-marketplace/echo:2.12.1-20200507020017@sha256:7e489a3228445c09bcf36a59cc5e6170e5b559f66e57c38f45fc015c71c8e7c0	yes		CLAIM-S3-011
1.20.4	2020-06-01	igor	1.10.0-20200428134356	container-image	gcr.io/spinnaker-marketplace/igor:1.10.0-20200428134356@sha256:bb125f922a64894e0afcdd66ee36ec62d01315b684ecacfe54710038a1580b9e	yes	11	CLAIM-S3-011
1.20.4	2020-06-01	fiat	1.11.0-20200428134356	container-image	gcr.io/spinnaker-marketplace/fiat:1.11.0-20200428134356@sha256:da31b49ffb42ce9d351ea71e7a2535ba51de499f122f27c376a3f0ee19942f87	yes	11	CLAIM-S3-011
1.20.4	2020-06-01	rosco	0.19.0-20200428134356	container-image	gcr.io/spinnaker-marketplace/rosco:0.19.0-20200428134356@sha256:355153a7f2986b465f3e7d501782f685db7eabc40fb83514432731345a911d10	yes	11	CLAIM-S3-011
1.20.4	2020-06-01	kayenta	0.15.1-20200509020016	container-image	gcr.io/spinnaker-marketplace/kayenta:0.15.1-20200509020016@sha256:0f3a770bf614c56c60968aed424ede13d26e54018c660d17426a1df056fe2084	yes		CLAIM-S3-011
1.20.4	2020-06-01	keel	-	not-pinned	-	n/a		CLAIM-S3-006
1.20.5	2020-06-06	gate	1.16.1-20200522020017	container-image	gcr.io/spinnaker-marketplace/gate:1.16.1-20200522020017@sha256:f7ed047953bd58e5d4dc38ae3b5f3822b592b47e2be3feb50faae15f783abfa2	yes		CLAIM-S3-011
1.20.5	2020-06-06	orca	2.14.2-20200601092739	container-image	gcr.io/spinnaker-marketplace/orca:2.14.2-20200601092739@sha256:efbc9d040c7892958f011ef25afc6ed331f6c2ab40039c338db470b0bfcf7f5b	yes		CLAIM-S3-011
1.20.5	2020-06-06	clouddriver	6.9.2-20200606020017	container-image	gcr.io/spinnaker-marketplace/clouddriver:6.9.2-20200606020017@sha256:385d3a87c0bc6c549dff9b556107bebc60c5c8ef94ef708b8c3df0b2b3fb117c	yes		CLAIM-S3-011
1.20.5	2020-06-06	front50	0.23.1-20200509020016	container-image	gcr.io/spinnaker-marketplace/front50:0.23.1-20200509020016@sha256:c8dffdb0be753658e96ea259cadb3f18517d13eeeb2c39018de82e33c2e7b28e	yes		CLAIM-S3-011
1.20.5	2020-06-06	echo	2.12.1-20200507020017	container-image	gcr.io/spinnaker-marketplace/echo:2.12.1-20200507020017@sha256:7e489a3228445c09bcf36a59cc5e6170e5b559f66e57c38f45fc015c71c8e7c0	yes		CLAIM-S3-011
1.20.5	2020-06-06	igor	1.10.0-20200428134356	container-image	gcr.io/spinnaker-marketplace/igor:1.10.0-20200428134356@sha256:bb125f922a64894e0afcdd66ee36ec62d01315b684ecacfe54710038a1580b9e	yes	11	CLAIM-S3-011
1.20.5	2020-06-06	fiat	1.11.0-20200428134356	container-image	gcr.io/spinnaker-marketplace/fiat:1.11.0-20200428134356@sha256:da31b49ffb42ce9d351ea71e7a2535ba51de499f122f27c376a3f0ee19942f87	yes	11	CLAIM-S3-011
1.20.5	2020-06-06	rosco	0.19.0-20200428134356	container-image	gcr.io/spinnaker-marketplace/rosco:0.19.0-20200428134356@sha256:355153a7f2986b465f3e7d501782f685db7eabc40fb83514432731345a911d10	yes	11	CLAIM-S3-011
1.20.5	2020-06-06	kayenta	0.15.1-20200509020016	container-image	gcr.io/spinnaker-marketplace/kayenta:0.15.1-20200509020016@sha256:0f3a770bf614c56c60968aed424ede13d26e54018c660d17426a1df056fe2084	yes		CLAIM-S3-011
1.20.5	2020-06-06	keel	-	not-pinned	-	n/a		CLAIM-S3-006
1.20.6	2020-06-25	gate	1.16.1-20200522020017	container-image	gcr.io/spinnaker-marketplace/gate:1.16.1-20200522020017@sha256:f7ed047953bd58e5d4dc38ae3b5f3822b592b47e2be3feb50faae15f783abfa2	yes		CLAIM-S3-011
1.20.6	2020-06-25	orca	2.14.3-20200625020222	container-image	gcr.io/spinnaker-marketplace/orca:2.14.3-20200625020222@sha256:d29867b774f78e2166164267a654271bbb27e5569cb60cccec6dbf168d4b677c	yes		CLAIM-S3-011
1.20.6	2020-06-25	clouddriver	6.9.3-20200624125711	container-image	gcr.io/spinnaker-marketplace/clouddriver:6.9.3-20200624125711@sha256:3bff675b3d5f35ebfed1c81530440a418dea41b743ec7472c10232c93801dd72	yes		CLAIM-S3-011
1.20.6	2020-06-25	front50	0.23.2-20200617020018	container-image	gcr.io/spinnaker-marketplace/front50:0.23.2-20200617020018@sha256:fe46152c860e3486cc4c947885277a924c09806c35346652c839913e54fe8d84	yes		CLAIM-S3-011
1.20.6	2020-06-25	echo	2.12.1-20200507020017	container-image	gcr.io/spinnaker-marketplace/echo:2.12.1-20200507020017@sha256:7e489a3228445c09bcf36a59cc5e6170e5b559f66e57c38f45fc015c71c8e7c0	yes		CLAIM-S3-011
1.20.6	2020-06-25	igor	1.10.0-20200428134356	container-image	gcr.io/spinnaker-marketplace/igor:1.10.0-20200428134356@sha256:bb125f922a64894e0afcdd66ee36ec62d01315b684ecacfe54710038a1580b9e	yes	11	CLAIM-S3-011
1.20.6	2020-06-25	fiat	1.11.0-20200428134356	container-image	gcr.io/spinnaker-marketplace/fiat:1.11.0-20200428134356@sha256:da31b49ffb42ce9d351ea71e7a2535ba51de499f122f27c376a3f0ee19942f87	yes	11	CLAIM-S3-011
1.20.6	2020-06-25	rosco	0.19.0-20200428134356	container-image	gcr.io/spinnaker-marketplace/rosco:0.19.0-20200428134356@sha256:355153a7f2986b465f3e7d501782f685db7eabc40fb83514432731345a911d10	yes	11	CLAIM-S3-011
1.20.6	2020-06-25	kayenta	0.15.1-20200509020016	container-image	gcr.io/spinnaker-marketplace/kayenta:0.15.1-20200509020016@sha256:0f3a770bf614c56c60968aed424ede13d26e54018c660d17426a1df056fe2084	yes		CLAIM-S3-011
1.20.6	2020-06-25	keel	-	not-pinned	-	n/a		CLAIM-S3-006
1.20.7	2020-07-22	gate	1.16.1-20200522020017	container-image	gcr.io/spinnaker-marketplace/gate:1.16.1-20200522020017@sha256:f7ed047953bd58e5d4dc38ae3b5f3822b592b47e2be3feb50faae15f783abfa2	yes		CLAIM-S3-011
1.20.7	2020-07-22	orca	2.14.3-20200625020222	container-image	gcr.io/spinnaker-marketplace/orca:2.14.3-20200625020222@sha256:d29867b774f78e2166164267a654271bbb27e5569cb60cccec6dbf168d4b677c	yes		CLAIM-S3-011
1.20.7	2020-07-22	clouddriver	6.9.3-20200624125711	container-image	gcr.io/spinnaker-marketplace/clouddriver:6.9.3-20200624125711@sha256:3bff675b3d5f35ebfed1c81530440a418dea41b743ec7472c10232c93801dd72	yes		CLAIM-S3-011
1.20.7	2020-07-22	front50	0.23.2-20200617020018	container-image	gcr.io/spinnaker-marketplace/front50:0.23.2-20200617020018@sha256:fe46152c860e3486cc4c947885277a924c09806c35346652c839913e54fe8d84	yes		CLAIM-S3-011
1.20.7	2020-07-22	echo	2.12.1-20200507020017	container-image	gcr.io/spinnaker-marketplace/echo:2.12.1-20200507020017@sha256:7e489a3228445c09bcf36a59cc5e6170e5b559f66e57c38f45fc015c71c8e7c0	yes		CLAIM-S3-011
1.20.7	2020-07-22	igor	1.10.1-20200722161347	container-image	gcr.io/spinnaker-marketplace/igor:1.10.1-20200722161347@sha256:7779f8b699bfd06e069b4e405905f087bc3dfddfce7fe3d91d41f6ebc0706304	yes		CLAIM-S3-011
1.20.7	2020-07-22	fiat	1.11.0-20200428134356	container-image	gcr.io/spinnaker-marketplace/fiat:1.11.0-20200428134356@sha256:da31b49ffb42ce9d351ea71e7a2535ba51de499f122f27c376a3f0ee19942f87	yes	11	CLAIM-S3-011
1.20.7	2020-07-22	rosco	0.19.0-20200428134356	container-image	gcr.io/spinnaker-marketplace/rosco:0.19.0-20200428134356@sha256:355153a7f2986b465f3e7d501782f685db7eabc40fb83514432731345a911d10	yes	11	CLAIM-S3-011
1.20.7	2020-07-22	kayenta	0.15.1-20200509020016	container-image	gcr.io/spinnaker-marketplace/kayenta:0.15.1-20200509020016@sha256:0f3a770bf614c56c60968aed424ede13d26e54018c660d17426a1df056fe2084	yes		CLAIM-S3-011
1.20.7	2020-07-22	keel	-	not-pinned	-	n/a		CLAIM-S3-006
1.20.8	2020-08-11	gate	1.16.1-20200522020017	container-image	gcr.io/spinnaker-marketplace/gate:1.16.1-20200522020017@sha256:f7ed047953bd58e5d4dc38ae3b5f3822b592b47e2be3feb50faae15f783abfa2	yes		CLAIM-S3-011
1.20.8	2020-08-11	orca	2.14.3-20200625020222	container-image	gcr.io/spinnaker-marketplace/orca:2.14.3-20200625020222@sha256:d29867b774f78e2166164267a654271bbb27e5569cb60cccec6dbf168d4b677c	yes		CLAIM-S3-011
1.20.8	2020-08-11	clouddriver	6.9.3-20200624125711	container-image	gcr.io/spinnaker-marketplace/clouddriver:6.9.3-20200624125711@sha256:3bff675b3d5f35ebfed1c81530440a418dea41b743ec7472c10232c93801dd72	yes		CLAIM-S3-011
1.20.8	2020-08-11	front50	0.23.3-20200810231112	container-image	gcr.io/spinnaker-marketplace/front50:0.23.3-20200810231112@sha256:f03488f1ad54ab5ea08655167977fe6f3218580ec0b8201a82e4916fc8a602c0	yes		CLAIM-S3-011
1.20.8	2020-08-11	echo	2.12.1-20200507020017	container-image	gcr.io/spinnaker-marketplace/echo:2.12.1-20200507020017@sha256:7e489a3228445c09bcf36a59cc5e6170e5b559f66e57c38f45fc015c71c8e7c0	yes		CLAIM-S3-011
1.20.8	2020-08-11	igor	1.10.1-20200722161347	container-image	gcr.io/spinnaker-marketplace/igor:1.10.1-20200722161347@sha256:7779f8b699bfd06e069b4e405905f087bc3dfddfce7fe3d91d41f6ebc0706304	yes		CLAIM-S3-011
1.20.8	2020-08-11	fiat	1.11.0-20200428134356	container-image	gcr.io/spinnaker-marketplace/fiat:1.11.0-20200428134356@sha256:da31b49ffb42ce9d351ea71e7a2535ba51de499f122f27c376a3f0ee19942f87	yes	11	CLAIM-S3-011
1.20.8	2020-08-11	rosco	0.19.0-20200428134356	container-image	gcr.io/spinnaker-marketplace/rosco:0.19.0-20200428134356@sha256:355153a7f2986b465f3e7d501782f685db7eabc40fb83514432731345a911d10	yes	11	CLAIM-S3-011
1.20.8	2020-08-11	kayenta	0.15.1-20200509020016	container-image	gcr.io/spinnaker-marketplace/kayenta:0.15.1-20200509020016@sha256:0f3a770bf614c56c60968aed424ede13d26e54018c660d17426a1df056fe2084	yes		CLAIM-S3-011
1.20.8	2020-08-11	keel	-	not-pinned	-	n/a		CLAIM-S3-006
1.21.0	2020-06-25	gate	1.17.0-20200625140019	container-image	gcr.io/spinnaker-marketplace/gate:1.17.0-20200625140019@sha256:93a523cde3cf4d66433e0c4371d725be6fb7e439b38a8466acd264e395bbe348	yes	11	CLAIM-S3-011
1.21.0	2020-06-25	orca	2.15.0-20200625152925	container-image	gcr.io/spinnaker-marketplace/orca:2.15.0-20200625152925@sha256:23a073a187cb31981c188b47231cd5cfc2eb625f6e78262508934b0014300b46	yes	11	CLAIM-S3-011
1.21.0	2020-06-25	clouddriver	6.10.0-20200625140019	container-image	gcr.io/spinnaker-marketplace/clouddriver:6.10.0-20200625140019@sha256:56b156fd6f71d81725785a50ba546c733a1bf73bc904a54da1d29e54c4ad2d6c	yes	11	CLAIM-S3-011
1.21.0	2020-06-25	front50	0.24.0-20200625140019	container-image	gcr.io/spinnaker-marketplace/front50:0.24.0-20200625140019@sha256:d51bd8fad4abfd27877a74205da64c46c3399486c08d0a7bc653b01e0cc8470a	yes	11	CLAIM-S3-011
1.21.0	2020-06-25	echo	2.13.0-20200625152925	container-image	gcr.io/spinnaker-marketplace/echo:2.13.0-20200625152925@sha256:ab13fb063bad9ced0f16cb26bbb2911483dde471ee6fed8ecce2e7e4a9e73e6d	yes	11	CLAIM-S3-011
1.21.0	2020-06-25	igor	1.11.0-20200625140019	container-image	gcr.io/spinnaker-marketplace/igor:1.11.0-20200625140019@sha256:75c08509031b5bcfd1c9710466e7cf49d22720fb68b56e3da312f004fdf9614c	yes	11	CLAIM-S3-011
1.21.0	2020-06-25	fiat	1.12.0-20200625140019	container-image	gcr.io/spinnaker-marketplace/fiat:1.12.0-20200625140019@sha256:06bedf9f4d1ce7188700b017cd5989de5b0369eb3872c90efce146112ea8800a	yes	11	CLAIM-S3-011
1.21.0	2020-06-25	rosco	0.20.0-20200625014618	container-image	gcr.io/spinnaker-marketplace/rosco:0.20.0-20200625014618@sha256:220a4c89c58fba715ce67d1b52dcd53c51aa7dc90559b649d80ca66841108fcc	yes	11	CLAIM-S3-011
1.21.0	2020-06-25	kayenta	0.16.0-20200625140019	container-image	gcr.io/spinnaker-marketplace/kayenta:0.16.0-20200625140019@sha256:29976115f7c4b5a82847063f74cd2164c147a6736ce24ab88c98624e6a82c404	yes	11	CLAIM-S3-011
1.21.0	2020-06-25	keel	-	not-pinned	-	n/a		CLAIM-S3-006
1.21.1	2020-07-22	gate	1.17.0-20200625140019	container-image	gcr.io/spinnaker-marketplace/gate:1.17.0-20200625140019@sha256:93a523cde3cf4d66433e0c4371d725be6fb7e439b38a8466acd264e395bbe348	yes	11	CLAIM-S3-011
1.21.1	2020-07-22	orca	2.15.0-20200625152925	container-image	gcr.io/spinnaker-marketplace/orca:2.15.0-20200625152925@sha256:23a073a187cb31981c188b47231cd5cfc2eb625f6e78262508934b0014300b46	yes	11	CLAIM-S3-011
1.21.1	2020-07-22	clouddriver	6.10.0-20200625140019	container-image	gcr.io/spinnaker-marketplace/clouddriver:6.10.0-20200625140019@sha256:56b156fd6f71d81725785a50ba546c733a1bf73bc904a54da1d29e54c4ad2d6c	yes	11	CLAIM-S3-011
1.21.1	2020-07-22	front50	0.24.0-20200625140019	container-image	gcr.io/spinnaker-marketplace/front50:0.24.0-20200625140019@sha256:d51bd8fad4abfd27877a74205da64c46c3399486c08d0a7bc653b01e0cc8470a	yes	11	CLAIM-S3-011
1.21.1	2020-07-22	echo	2.13.0-20200625152925	container-image	gcr.io/spinnaker-marketplace/echo:2.13.0-20200625152925@sha256:ab13fb063bad9ced0f16cb26bbb2911483dde471ee6fed8ecce2e7e4a9e73e6d	yes	11	CLAIM-S3-011
1.21.1	2020-07-22	igor	1.11.1-20200721201355	container-image	gcr.io/spinnaker-marketplace/igor:1.11.1-20200721201355@sha256:744c7ddb977bf7aa79ad7648a461361f9cebf332980e19f175b70443d61658bb	yes		CLAIM-S3-011
1.21.1	2020-07-22	fiat	1.12.0-20200625140019	container-image	gcr.io/spinnaker-marketplace/fiat:1.12.0-20200625140019@sha256:06bedf9f4d1ce7188700b017cd5989de5b0369eb3872c90efce146112ea8800a	yes	11	CLAIM-S3-011
1.21.1	2020-07-22	rosco	0.20.0-20200625014618	container-image	gcr.io/spinnaker-marketplace/rosco:0.20.0-20200625014618@sha256:220a4c89c58fba715ce67d1b52dcd53c51aa7dc90559b649d80ca66841108fcc	yes	11	CLAIM-S3-011
1.21.1	2020-07-22	kayenta	0.16.0-20200625140019	container-image	gcr.io/spinnaker-marketplace/kayenta:0.16.0-20200625140019@sha256:29976115f7c4b5a82847063f74cd2164c147a6736ce24ab88c98624e6a82c404	yes	11	CLAIM-S3-011
1.21.1	2020-07-22	keel	-	not-pinned	-	n/a		CLAIM-S3-006
1.21.2	2020-07-23	gate	1.17.0-20200625140019	container-image	gcr.io/spinnaker-marketplace/gate:1.17.0-20200625140019@sha256:93a523cde3cf4d66433e0c4371d725be6fb7e439b38a8466acd264e395bbe348	yes	11	CLAIM-S3-011
1.21.2	2020-07-23	orca	2.15.1-20200723183642	container-image	gcr.io/spinnaker-marketplace/orca:2.15.1-20200723183642@sha256:1380e0ef57864bb2885248c8b0ab02151b5dd80814fab7176d1d0c7a8ccc93a1	yes		CLAIM-S3-011
1.21.2	2020-07-23	clouddriver	6.10.0-20200625140019	container-image	gcr.io/spinnaker-marketplace/clouddriver:6.10.0-20200625140019@sha256:56b156fd6f71d81725785a50ba546c733a1bf73bc904a54da1d29e54c4ad2d6c	yes	11	CLAIM-S3-011
1.21.2	2020-07-23	front50	0.24.0-20200625140019	container-image	gcr.io/spinnaker-marketplace/front50:0.24.0-20200625140019@sha256:d51bd8fad4abfd27877a74205da64c46c3399486c08d0a7bc653b01e0cc8470a	yes	11	CLAIM-S3-011
1.21.2	2020-07-23	echo	2.13.0-20200625152925	container-image	gcr.io/spinnaker-marketplace/echo:2.13.0-20200625152925@sha256:ab13fb063bad9ced0f16cb26bbb2911483dde471ee6fed8ecce2e7e4a9e73e6d	yes	11	CLAIM-S3-011
1.21.2	2020-07-23	igor	1.11.1-20200721201355	container-image	gcr.io/spinnaker-marketplace/igor:1.11.1-20200721201355@sha256:744c7ddb977bf7aa79ad7648a461361f9cebf332980e19f175b70443d61658bb	yes		CLAIM-S3-011
1.21.2	2020-07-23	fiat	1.12.0-20200625140019	container-image	gcr.io/spinnaker-marketplace/fiat:1.12.0-20200625140019@sha256:06bedf9f4d1ce7188700b017cd5989de5b0369eb3872c90efce146112ea8800a	yes	11	CLAIM-S3-011
1.21.2	2020-07-23	rosco	0.20.0-20200625014618	container-image	gcr.io/spinnaker-marketplace/rosco:0.20.0-20200625014618@sha256:220a4c89c58fba715ce67d1b52dcd53c51aa7dc90559b649d80ca66841108fcc	yes	11	CLAIM-S3-011
1.21.2	2020-07-23	kayenta	0.16.0-20200625140019	container-image	gcr.io/spinnaker-marketplace/kayenta:0.16.0-20200625140019@sha256:29976115f7c4b5a82847063f74cd2164c147a6736ce24ab88c98624e6a82c404	yes	11	CLAIM-S3-011
1.21.2	2020-07-23	keel	-	not-pinned	-	n/a		CLAIM-S3-006
1.21.3	2020-08-06	gate	1.17.0-20200625140019	container-image	gcr.io/spinnaker-marketplace/gate:1.17.0-20200625140019@sha256:93a523cde3cf4d66433e0c4371d725be6fb7e439b38a8466acd264e395bbe348	yes	11	CLAIM-S3-011
1.21.3	2020-08-06	orca	2.15.2-20200806164929	container-image	gcr.io/spinnaker-marketplace/orca:2.15.2-20200806164929@sha256:27e5307ab0a9b19d531e8871b71d70ec79377cc85a06939a013640cb2971e11e	yes		CLAIM-S3-011
1.21.3	2020-08-06	clouddriver	6.10.0-20200625140019	container-image	gcr.io/spinnaker-marketplace/clouddriver:6.10.0-20200625140019@sha256:56b156fd6f71d81725785a50ba546c733a1bf73bc904a54da1d29e54c4ad2d6c	yes	11	CLAIM-S3-011
1.21.3	2020-08-06	front50	0.24.0-20200625140019	container-image	gcr.io/spinnaker-marketplace/front50:0.24.0-20200625140019@sha256:d51bd8fad4abfd27877a74205da64c46c3399486c08d0a7bc653b01e0cc8470a	yes	11	CLAIM-S3-011
1.21.3	2020-08-06	echo	2.13.0-20200625152925	container-image	gcr.io/spinnaker-marketplace/echo:2.13.0-20200625152925@sha256:ab13fb063bad9ced0f16cb26bbb2911483dde471ee6fed8ecce2e7e4a9e73e6d	yes	11	CLAIM-S3-011
1.21.3	2020-08-06	igor	1.11.1-20200721201355	container-image	gcr.io/spinnaker-marketplace/igor:1.11.1-20200721201355@sha256:744c7ddb977bf7aa79ad7648a461361f9cebf332980e19f175b70443d61658bb	yes		CLAIM-S3-011
1.21.3	2020-08-06	fiat	1.12.0-20200625140019	container-image	gcr.io/spinnaker-marketplace/fiat:1.12.0-20200625140019@sha256:06bedf9f4d1ce7188700b017cd5989de5b0369eb3872c90efce146112ea8800a	yes	11	CLAIM-S3-011
1.21.3	2020-08-06	rosco	0.20.0-20200625014618	container-image	gcr.io/spinnaker-marketplace/rosco:0.20.0-20200625014618@sha256:220a4c89c58fba715ce67d1b52dcd53c51aa7dc90559b649d80ca66841108fcc	yes	11	CLAIM-S3-011
1.21.3	2020-08-06	kayenta	0.16.0-20200625140019	container-image	gcr.io/spinnaker-marketplace/kayenta:0.16.0-20200625140019@sha256:29976115f7c4b5a82847063f74cd2164c147a6736ce24ab88c98624e6a82c404	yes	11	CLAIM-S3-011
1.21.3	2020-08-06	keel	-	not-pinned	-	n/a		CLAIM-S3-006
1.21.4	2020-08-11	gate	1.17.0-20200625140019	container-image	gcr.io/spinnaker-marketplace/gate:1.17.0-20200625140019@sha256:93a523cde3cf4d66433e0c4371d725be6fb7e439b38a8466acd264e395bbe348	yes	11	CLAIM-S3-011
1.21.4	2020-08-11	orca	2.15.2-20200806164929	container-image	gcr.io/spinnaker-marketplace/orca:2.15.2-20200806164929@sha256:27e5307ab0a9b19d531e8871b71d70ec79377cc85a06939a013640cb2971e11e	yes		CLAIM-S3-011
1.21.4	2020-08-11	clouddriver	6.10.0-20200625140019	container-image	gcr.io/spinnaker-marketplace/clouddriver:6.10.0-20200625140019@sha256:56b156fd6f71d81725785a50ba546c733a1bf73bc904a54da1d29e54c4ad2d6c	yes	11	CLAIM-S3-011
1.21.4	2020-08-11	front50	0.24.1-20200811030017	container-image	gcr.io/spinnaker-marketplace/front50:0.24.1-20200811030017@sha256:4f1b3dde0304e5142934ac3b5890602d5704c722a3db6c26a56a402b603c12cf	yes		CLAIM-S3-011
1.21.4	2020-08-11	echo	2.13.0-20200625152925	container-image	gcr.io/spinnaker-marketplace/echo:2.13.0-20200625152925@sha256:ab13fb063bad9ced0f16cb26bbb2911483dde471ee6fed8ecce2e7e4a9e73e6d	yes	11	CLAIM-S3-011
1.21.4	2020-08-11	igor	1.11.1-20200721201355	container-image	gcr.io/spinnaker-marketplace/igor:1.11.1-20200721201355@sha256:744c7ddb977bf7aa79ad7648a461361f9cebf332980e19f175b70443d61658bb	yes		CLAIM-S3-011
1.21.4	2020-08-11	fiat	1.12.0-20200625140019	container-image	gcr.io/spinnaker-marketplace/fiat:1.12.0-20200625140019@sha256:06bedf9f4d1ce7188700b017cd5989de5b0369eb3872c90efce146112ea8800a	yes	11	CLAIM-S3-011
1.21.4	2020-08-11	rosco	0.20.0-20200625014618	container-image	gcr.io/spinnaker-marketplace/rosco:0.20.0-20200625014618@sha256:220a4c89c58fba715ce67d1b52dcd53c51aa7dc90559b649d80ca66841108fcc	yes	11	CLAIM-S3-011
1.21.4	2020-08-11	kayenta	0.16.0-20200625140019	container-image	gcr.io/spinnaker-marketplace/kayenta:0.16.0-20200625140019@sha256:29976115f7c4b5a82847063f74cd2164c147a6736ce24ab88c98624e6a82c404	yes	11	CLAIM-S3-011
1.21.4	2020-08-11	keel	-	not-pinned	-	n/a		CLAIM-S3-006
1.21.5	2020-12-07	gate	1.17.0-20200625140019	container-image	gcr.io/spinnaker-marketplace/gate:1.17.0-20200625140019@sha256:93a523cde3cf4d66433e0c4371d725be6fb7e439b38a8466acd264e395bbe348	yes	11	CLAIM-S3-011
1.21.5	2020-12-07	orca	2.15.3-20201207160121	container-image	gcr.io/spinnaker-marketplace/orca:2.15.3-20201207160121@sha256:e0c28a628639e04387bb6ca2043ec5560beba822e57cafa3dcd7b7dd0e72eea4	yes		CLAIM-S3-011
1.21.5	2020-12-07	clouddriver	6.10.1-20201107030017	container-image	gcr.io/spinnaker-marketplace/clouddriver:6.10.1-20201107030017@sha256:d91bc1269719bb8eb5d57abd9a00fc1398e3300ee5024df5645ba132b9dbaa26	yes		CLAIM-S3-011
1.21.5	2020-12-07	front50	0.24.1-20200811030017	container-image	gcr.io/spinnaker-marketplace/front50:0.24.1-20200811030017@sha256:4f1b3dde0304e5142934ac3b5890602d5704c722a3db6c26a56a402b603c12cf	yes		CLAIM-S3-011
1.21.5	2020-12-07	echo	2.13.0-20200625152925	container-image	gcr.io/spinnaker-marketplace/echo:2.13.0-20200625152925@sha256:ab13fb063bad9ced0f16cb26bbb2911483dde471ee6fed8ecce2e7e4a9e73e6d	yes	11	CLAIM-S3-011
1.21.5	2020-12-07	igor	1.11.1-20200721201355	container-image	gcr.io/spinnaker-marketplace/igor:1.11.1-20200721201355@sha256:744c7ddb977bf7aa79ad7648a461361f9cebf332980e19f175b70443d61658bb	yes		CLAIM-S3-011
1.21.5	2020-12-07	fiat	1.12.0-20200625140019	container-image	gcr.io/spinnaker-marketplace/fiat:1.12.0-20200625140019@sha256:06bedf9f4d1ce7188700b017cd5989de5b0369eb3872c90efce146112ea8800a	yes	11	CLAIM-S3-011
1.21.5	2020-12-07	rosco	0.20.0-20200625014618	container-image	gcr.io/spinnaker-marketplace/rosco:0.20.0-20200625014618@sha256:220a4c89c58fba715ce67d1b52dcd53c51aa7dc90559b649d80ca66841108fcc	yes	11	CLAIM-S3-011
1.21.5	2020-12-07	kayenta	0.16.0-20200625140019	container-image	gcr.io/spinnaker-marketplace/kayenta:0.16.0-20200625140019@sha256:29976115f7c4b5a82847063f74cd2164c147a6736ce24ab88c98624e6a82c404	yes	11	CLAIM-S3-011
1.21.5	2020-12-07	keel	-	not-pinned	-	n/a		CLAIM-S3-006
1.22.0	2020-08-18	gate	1.18.0-20200818110019	container-image	gcr.io/spinnaker-marketplace/gate:1.18.0-20200818110019@sha256:b65ce9aeabfbb5dc72318115c4c21e74779cdab8fd15f3a63341d18258cc9a98	yes	11	CLAIM-S3-011
1.22.0	2020-08-18	orca	2.16.0-20200817170018	container-image	gcr.io/spinnaker-marketplace/orca:2.16.0-20200817170018@sha256:fdf245774798593d31ffc8cf0f06ece1778c25a687b8d25aa37a75c0d3ba29a4	yes	11	CLAIM-S3-011
1.22.0	2020-08-18	clouddriver	6.11.0-20200818115831	container-image	gcr.io/spinnaker-marketplace/clouddriver:6.11.0-20200818115831@sha256:399c09d9d3eba922320bf9089ae86f5c853abdbd2d994aa302803529bba49472	yes	11	CLAIM-S3-011
1.22.0	2020-08-18	front50	0.25.0-20200817170018	container-image	gcr.io/spinnaker-marketplace/front50:0.25.0-20200817170018@sha256:0be7fd6ac977a81a15e36e3c42b95a5cd0492f7878999b3e724e66c4b3877bf6	yes	11	CLAIM-S3-011
1.22.0	2020-08-18	echo	2.14.0-20200817170018	container-image	gcr.io/spinnaker-marketplace/echo:2.14.0-20200817170018@sha256:4437db7c006a60a25c99e4ac5f1b5fbd83b5b549dbd431c97400fc1d168ad39c	yes	11	CLAIM-S3-011
1.22.0	2020-08-18	igor	1.12.0-20200817200018	container-image	gcr.io/spinnaker-marketplace/igor:1.12.0-20200817200018@sha256:53236873874619cfd7835a1716287f8f92c9dc5b85dca9da60f720e3a69c05ed	yes	11	CLAIM-S3-011
1.22.0	2020-08-18	fiat	1.13.0-20200817170018	container-image	gcr.io/spinnaker-marketplace/fiat:1.13.0-20200817170018@sha256:1561ced51708c85dc4ff1305a656204d065659a1afda410dcc005bcf71340dbf	yes	11	CLAIM-S3-011
1.22.0	2020-08-18	rosco	0.21.0-20200817170018	container-image	gcr.io/spinnaker-marketplace/rosco:0.21.0-20200817170018@sha256:a23902c98f31504e9e16ef52ed93acc39d470945e7aa9b5678e785f027871304	yes	11	CLAIM-S3-011
1.22.0	2020-08-18	kayenta	0.17.0-20200817170018	container-image	gcr.io/spinnaker-marketplace/kayenta:0.17.0-20200817170018@sha256:d2bf9d465ec772dd8631984ffe87a326856251ebb01572e7169f23276172f42b	yes	11	CLAIM-S3-011
1.22.0	2020-08-18	keel	-	not-pinned	-	n/a		CLAIM-S3-006
1.22.1	2020-08-31	gate	1.18.1-20200825122721	container-image	gcr.io/spinnaker-marketplace/gate:1.18.1-20200825122721@sha256:641a905d02f7d6aa31c6816885fd700b1f2f959e01594c9ec44f2cdbbc14bd3f	yes		CLAIM-S3-011
1.22.1	2020-08-31	orca	2.16.0-20200817170018	container-image	gcr.io/spinnaker-marketplace/orca:2.16.0-20200817170018@sha256:fdf245774798593d31ffc8cf0f06ece1778c25a687b8d25aa37a75c0d3ba29a4	yes	11	CLAIM-S3-011
1.22.1	2020-08-31	clouddriver	6.11.0-20200818115831	container-image	gcr.io/spinnaker-marketplace/clouddriver:6.11.0-20200818115831@sha256:399c09d9d3eba922320bf9089ae86f5c853abdbd2d994aa302803529bba49472	yes	11	CLAIM-S3-011
1.22.1	2020-08-31	front50	0.25.1-20200831095512	container-image	gcr.io/spinnaker-marketplace/front50:0.25.1-20200831095512@sha256:931c1c39066713d8f7e644fde67c8a28dab5355a88b88e5e7faa91dc77798928	yes		CLAIM-S3-011
1.22.1	2020-08-31	echo	2.14.0-20200817170018	container-image	gcr.io/spinnaker-marketplace/echo:2.14.0-20200817170018@sha256:4437db7c006a60a25c99e4ac5f1b5fbd83b5b549dbd431c97400fc1d168ad39c	yes	11	CLAIM-S3-011
1.22.1	2020-08-31	igor	1.12.0-20200817200018	container-image	gcr.io/spinnaker-marketplace/igor:1.12.0-20200817200018@sha256:53236873874619cfd7835a1716287f8f92c9dc5b85dca9da60f720e3a69c05ed	yes	11	CLAIM-S3-011
1.22.1	2020-08-31	fiat	1.13.0-20200817170018	container-image	gcr.io/spinnaker-marketplace/fiat:1.13.0-20200817170018@sha256:1561ced51708c85dc4ff1305a656204d065659a1afda410dcc005bcf71340dbf	yes	11	CLAIM-S3-011
1.22.1	2020-08-31	rosco	0.21.1-20200827112228	container-image	gcr.io/spinnaker-marketplace/rosco:0.21.1-20200827112228@sha256:8d5ffeb4a718d5d14da96cd477f69b12f2010d01140c6ccecd8a8283e721946d	yes		CLAIM-S3-011
1.22.1	2020-08-31	kayenta	0.17.0-20200817170018	container-image	gcr.io/spinnaker-marketplace/kayenta:0.17.0-20200817170018@sha256:d2bf9d465ec772dd8631984ffe87a326856251ebb01572e7169f23276172f42b	yes	11	CLAIM-S3-011
1.22.1	2020-08-31	keel	-	not-pinned	-	n/a		CLAIM-S3-006
1.22.2	2020-10-12	gate	1.18.1-20200825122721	container-image	gcr.io/spinnaker-marketplace/gate:1.18.1-20200825122721@sha256:641a905d02f7d6aa31c6816885fd700b1f2f959e01594c9ec44f2cdbbc14bd3f	yes		CLAIM-S3-011
1.22.2	2020-10-12	orca	2.16.0-20200817170018	container-image	gcr.io/spinnaker-marketplace/orca:2.16.0-20200817170018@sha256:fdf245774798593d31ffc8cf0f06ece1778c25a687b8d25aa37a75c0d3ba29a4	yes	11	CLAIM-S3-011
1.22.2	2020-10-12	clouddriver	6.11.1-20201012160101	container-image	gcr.io/spinnaker-marketplace/clouddriver:6.11.1-20201012160101@sha256:9c459aab0881e262bbf5855f16dceb3653543469cceb53e7a392f0b8f56ea398	yes		CLAIM-S3-011
1.22.2	2020-10-12	front50	0.25.1-20200831095512	container-image	gcr.io/spinnaker-marketplace/front50:0.25.1-20200831095512@sha256:931c1c39066713d8f7e644fde67c8a28dab5355a88b88e5e7faa91dc77798928	yes		CLAIM-S3-011
1.22.2	2020-10-12	echo	2.14.0-20200817170018	container-image	gcr.io/spinnaker-marketplace/echo:2.14.0-20200817170018@sha256:4437db7c006a60a25c99e4ac5f1b5fbd83b5b549dbd431c97400fc1d168ad39c	yes	11	CLAIM-S3-011
1.22.2	2020-10-12	igor	1.12.0-20200817200018	container-image	gcr.io/spinnaker-marketplace/igor:1.12.0-20200817200018@sha256:53236873874619cfd7835a1716287f8f92c9dc5b85dca9da60f720e3a69c05ed	yes	11	CLAIM-S3-011
1.22.2	2020-10-12	fiat	1.13.0-20200817170018	container-image	gcr.io/spinnaker-marketplace/fiat:1.13.0-20200817170018@sha256:1561ced51708c85dc4ff1305a656204d065659a1afda410dcc005bcf71340dbf	yes	11	CLAIM-S3-011
1.22.2	2020-10-12	rosco	0.21.1-20200827112228	container-image	gcr.io/spinnaker-marketplace/rosco:0.21.1-20200827112228@sha256:8d5ffeb4a718d5d14da96cd477f69b12f2010d01140c6ccecd8a8283e721946d	yes		CLAIM-S3-011
1.22.2	2020-10-12	kayenta	0.17.0-20200817170018	container-image	gcr.io/spinnaker-marketplace/kayenta:0.17.0-20200817170018@sha256:d2bf9d465ec772dd8631984ffe87a326856251ebb01572e7169f23276172f42b	yes	11	CLAIM-S3-011
1.22.2	2020-10-12	keel	-	not-pinned	-	n/a		CLAIM-S3-006
1.22.3	2020-12-01	gate	1.18.1-20200825122721	container-image	gcr.io/spinnaker-marketplace/gate:1.18.1-20200825122721@sha256:641a905d02f7d6aa31c6816885fd700b1f2f959e01594c9ec44f2cdbbc14bd3f	yes		CLAIM-S3-011
1.22.3	2020-12-01	orca	2.16.0-20200817170018	container-image	gcr.io/spinnaker-marketplace/orca:2.16.0-20200817170018@sha256:fdf245774798593d31ffc8cf0f06ece1778c25a687b8d25aa37a75c0d3ba29a4	yes	11	CLAIM-S3-011
1.22.3	2020-12-01	clouddriver	6.11.2-20201201112312	container-image	gcr.io/spinnaker-marketplace/clouddriver:6.11.2-20201201112312@sha256:91d86c1b337a50cfa69f2a1d9571b1d7f2054e124e0e27f81eab270f7c8ec506	yes		CLAIM-S3-011
1.22.3	2020-12-01	front50	0.25.1-20200831095512	container-image	gcr.io/spinnaker-marketplace/front50:0.25.1-20200831095512@sha256:931c1c39066713d8f7e644fde67c8a28dab5355a88b88e5e7faa91dc77798928	yes		CLAIM-S3-011
1.22.3	2020-12-01	echo	2.14.0-20200817170018	container-image	gcr.io/spinnaker-marketplace/echo:2.14.0-20200817170018@sha256:4437db7c006a60a25c99e4ac5f1b5fbd83b5b549dbd431c97400fc1d168ad39c	yes	11	CLAIM-S3-011
1.22.3	2020-12-01	igor	1.12.0-20200817200018	container-image	gcr.io/spinnaker-marketplace/igor:1.12.0-20200817200018@sha256:53236873874619cfd7835a1716287f8f92c9dc5b85dca9da60f720e3a69c05ed	yes	11	CLAIM-S3-011
1.22.3	2020-12-01	fiat	1.13.0-20200817170018	container-image	gcr.io/spinnaker-marketplace/fiat:1.13.0-20200817170018@sha256:1561ced51708c85dc4ff1305a656204d065659a1afda410dcc005bcf71340dbf	yes	11	CLAIM-S3-011
1.22.3	2020-12-01	rosco	0.21.1-20200827112228	container-image	gcr.io/spinnaker-marketplace/rosco:0.21.1-20200827112228@sha256:8d5ffeb4a718d5d14da96cd477f69b12f2010d01140c6ccecd8a8283e721946d	yes		CLAIM-S3-011
1.22.3	2020-12-01	kayenta	0.17.0-20200817170018	container-image	gcr.io/spinnaker-marketplace/kayenta:0.17.0-20200817170018@sha256:d2bf9d465ec772dd8631984ffe87a326856251ebb01572e7169f23276172f42b	yes	11	CLAIM-S3-011
1.22.3	2020-12-01	keel	-	not-pinned	-	n/a		CLAIM-S3-006
1.22.4	2020-12-08	gate	1.18.1-20200825122721	container-image	gcr.io/spinnaker-marketplace/gate:1.18.1-20200825122721@sha256:641a905d02f7d6aa31c6816885fd700b1f2f959e01594c9ec44f2cdbbc14bd3f	yes		CLAIM-S3-011
1.22.4	2020-12-08	orca	2.16.1-20201208040018	container-image	gcr.io/spinnaker-marketplace/orca:2.16.1-20201208040018@sha256:83153f628a093afc114f912b7c401f6f9a1a1432c6477bb369ac3a60331af53f	yes		CLAIM-S3-011
1.22.4	2020-12-08	clouddriver	6.11.2-20201201112312	container-image	gcr.io/spinnaker-marketplace/clouddriver:6.11.2-20201201112312@sha256:91d86c1b337a50cfa69f2a1d9571b1d7f2054e124e0e27f81eab270f7c8ec506	yes		CLAIM-S3-011
1.22.4	2020-12-08	front50	0.25.1-20200831095512	container-image	gcr.io/spinnaker-marketplace/front50:0.25.1-20200831095512@sha256:931c1c39066713d8f7e644fde67c8a28dab5355a88b88e5e7faa91dc77798928	yes		CLAIM-S3-011
1.22.4	2020-12-08	echo	2.14.0-20200817170018	container-image	gcr.io/spinnaker-marketplace/echo:2.14.0-20200817170018@sha256:4437db7c006a60a25c99e4ac5f1b5fbd83b5b549dbd431c97400fc1d168ad39c	yes	11	CLAIM-S3-011
1.22.4	2020-12-08	igor	1.12.0-20200817200018	container-image	gcr.io/spinnaker-marketplace/igor:1.12.0-20200817200018@sha256:53236873874619cfd7835a1716287f8f92c9dc5b85dca9da60f720e3a69c05ed	yes	11	CLAIM-S3-011
1.22.4	2020-12-08	fiat	1.13.0-20200817170018	container-image	gcr.io/spinnaker-marketplace/fiat:1.13.0-20200817170018@sha256:1561ced51708c85dc4ff1305a656204d065659a1afda410dcc005bcf71340dbf	yes	11	CLAIM-S3-011
1.22.4	2020-12-08	rosco	0.21.1-20200827112228	container-image	gcr.io/spinnaker-marketplace/rosco:0.21.1-20200827112228@sha256:8d5ffeb4a718d5d14da96cd477f69b12f2010d01140c6ccecd8a8283e721946d	yes		CLAIM-S3-011
1.22.4	2020-12-08	kayenta	0.17.0-20200817170018	container-image	gcr.io/spinnaker-marketplace/kayenta:0.17.0-20200817170018@sha256:d2bf9d465ec772dd8631984ffe87a326856251ebb01572e7169f23276172f42b	yes	11	CLAIM-S3-011
1.22.4	2020-12-08	keel	-	not-pinned	-	n/a		CLAIM-S3-006
1.22.5	2020-12-08	gate	1.18.1-20200825122721	container-image	gcr.io/spinnaker-marketplace/gate:1.18.1-20200825122721@sha256:641a905d02f7d6aa31c6816885fd700b1f2f959e01594c9ec44f2cdbbc14bd3f	yes		CLAIM-S3-011
1.22.5	2020-12-08	orca	2.16.1-20201208040018	container-image	gcr.io/spinnaker-marketplace/orca:2.16.1-20201208040018@sha256:83153f628a093afc114f912b7c401f6f9a1a1432c6477bb369ac3a60331af53f	yes		CLAIM-S3-011
1.22.5	2020-12-08	clouddriver	6.11.2-20201201112312	container-image	gcr.io/spinnaker-marketplace/clouddriver:6.11.2-20201201112312@sha256:91d86c1b337a50cfa69f2a1d9571b1d7f2054e124e0e27f81eab270f7c8ec506	yes		CLAIM-S3-011
1.22.5	2020-12-08	front50	0.25.1-20200831095512	container-image	gcr.io/spinnaker-marketplace/front50:0.25.1-20200831095512@sha256:931c1c39066713d8f7e644fde67c8a28dab5355a88b88e5e7faa91dc77798928	yes		CLAIM-S3-011
1.22.5	2020-12-08	echo	2.14.0-20200817170018	container-image	gcr.io/spinnaker-marketplace/echo:2.14.0-20200817170018@sha256:4437db7c006a60a25c99e4ac5f1b5fbd83b5b549dbd431c97400fc1d168ad39c	yes	11	CLAIM-S3-011
1.22.5	2020-12-08	igor	1.12.0-20200817200018	container-image	gcr.io/spinnaker-marketplace/igor:1.12.0-20200817200018@sha256:53236873874619cfd7835a1716287f8f92c9dc5b85dca9da60f720e3a69c05ed	yes	11	CLAIM-S3-011
1.22.5	2020-12-08	fiat	1.13.0-20200817170018	container-image	gcr.io/spinnaker-marketplace/fiat:1.13.0-20200817170018@sha256:1561ced51708c85dc4ff1305a656204d065659a1afda410dcc005bcf71340dbf	yes	11	CLAIM-S3-011
1.22.5	2020-12-08	rosco	0.21.1-20200827112228	container-image	gcr.io/spinnaker-marketplace/rosco:0.21.1-20200827112228@sha256:8d5ffeb4a718d5d14da96cd477f69b12f2010d01140c6ccecd8a8283e721946d	yes		CLAIM-S3-011
1.22.5	2020-12-08	kayenta	0.17.0-20200817170018	container-image	gcr.io/spinnaker-marketplace/kayenta:0.17.0-20200817170018@sha256:d2bf9d465ec772dd8631984ffe87a326856251ebb01572e7169f23276172f42b	yes	11	CLAIM-S3-011
1.22.5	2020-12-08	keel	-	not-pinned	-	n/a		CLAIM-S3-006
1.22.6	2021-01-27	gate	1.18.1-20200825122721	container-image	gcr.io/spinnaker-marketplace/gate:1.18.1-20200825122721@sha256:641a905d02f7d6aa31c6816885fd700b1f2f959e01594c9ec44f2cdbbc14bd3f	yes		CLAIM-S3-011
1.22.6	2021-01-27	orca	2.16.2-20210127164935	container-image	gcr.io/spinnaker-marketplace/orca:2.16.2-20210127164935@sha256:9fce664c0891956f1dae0b578ed7bf92506bc11e6459eeba933b007047740941	yes		CLAIM-S3-011
1.22.6	2021-01-27	clouddriver	6.11.2-20201201112312	container-image	gcr.io/spinnaker-marketplace/clouddriver:6.11.2-20201201112312@sha256:91d86c1b337a50cfa69f2a1d9571b1d7f2054e124e0e27f81eab270f7c8ec506	yes		CLAIM-S3-011
1.22.6	2021-01-27	front50	0.25.1-20200831095512	container-image	gcr.io/spinnaker-marketplace/front50:0.25.1-20200831095512@sha256:931c1c39066713d8f7e644fde67c8a28dab5355a88b88e5e7faa91dc77798928	yes		CLAIM-S3-011
1.22.6	2021-01-27	echo	2.14.0-20200817170018	container-image	gcr.io/spinnaker-marketplace/echo:2.14.0-20200817170018@sha256:4437db7c006a60a25c99e4ac5f1b5fbd83b5b549dbd431c97400fc1d168ad39c	yes	11	CLAIM-S3-011
1.22.6	2021-01-27	igor	1.12.0-20200817200018	container-image	gcr.io/spinnaker-marketplace/igor:1.12.0-20200817200018@sha256:53236873874619cfd7835a1716287f8f92c9dc5b85dca9da60f720e3a69c05ed	yes	11	CLAIM-S3-011
1.22.6	2021-01-27	fiat	1.13.0-20200817170018	container-image	gcr.io/spinnaker-marketplace/fiat:1.13.0-20200817170018@sha256:1561ced51708c85dc4ff1305a656204d065659a1afda410dcc005bcf71340dbf	yes	11	CLAIM-S3-011
1.22.6	2021-01-27	rosco	0.21.1-20200827112228	container-image	gcr.io/spinnaker-marketplace/rosco:0.21.1-20200827112228@sha256:8d5ffeb4a718d5d14da96cd477f69b12f2010d01140c6ccecd8a8283e721946d	yes		CLAIM-S3-011
1.22.6	2021-01-27	kayenta	0.17.0-20200817170018	container-image	gcr.io/spinnaker-marketplace/kayenta:0.17.0-20200817170018@sha256:d2bf9d465ec772dd8631984ffe87a326856251ebb01572e7169f23276172f42b	yes	11	CLAIM-S3-011
1.22.6	2021-01-27	keel	-	not-pinned	-	n/a		CLAIM-S3-006
1.23.0	2020-10-14	gate	1.19.0-20201012200017	container-image	gcr.io/spinnaker-marketplace/gate:1.19.0-20201012200017@sha256:31fdb568e0b687dd45da245705cc9414aa51aa6d770b149ea3ce246842416635	yes	11	CLAIM-S3-011
1.23.0	2020-10-14	orca	2.17.0-20201014010017	container-image	gcr.io/spinnaker-marketplace/orca:2.17.0-20201014010017@sha256:556b707e0ac46b9b16b199044b11e59fd9f5914ea83b20aa572accea5f17df04	yes	11	CLAIM-S3-011
1.23.0	2020-10-14	clouddriver	7.0.0-20201014125147	container-image	gcr.io/spinnaker-marketplace/clouddriver:7.0.0-20201014125147@sha256:c9a4b8edd928265cca730105a588adc49ef57ea8e9384789a5cffa9e59785710	yes	11	CLAIM-S3-011
1.23.0	2020-10-14	front50	0.26.0-20201013163321	container-image	gcr.io/spinnaker-marketplace/front50:0.26.0-20201013163321@sha256:8a89c176718d26b6b85af67e13f9e71b866246b21123ac7e173a07bdb3b87496	yes	11	CLAIM-S3-011
1.23.0	2020-10-14	echo	2.15.0-20201009170017	container-image	gcr.io/spinnaker-marketplace/echo:2.15.0-20201009170017@sha256:6765ce1cdaf16733cf61550d0f7067fb6bc2830e56c6decd90f6499a7f19bdcd	yes	11	CLAIM-S3-011
1.23.0	2020-10-14	igor	1.13.0-20201009170017	container-image	gcr.io/spinnaker-marketplace/igor:1.13.0-20201009170017@sha256:f6167f86999fc7d736b37d79ec1ea3f71fbbb2c6f8b3fea0f77ed3e47dacd7b2	yes	11	CLAIM-S3-011
1.23.0	2020-10-14	fiat	1.14.0-20201009170017	container-image	gcr.io/spinnaker-marketplace/fiat:1.14.0-20201009170017@sha256:53b688b541e55f074c7f77ac0f3e6e345c16fc341805c86c505704fa01395f0d	yes	11	CLAIM-S3-011
1.23.0	2020-10-14	rosco	0.22.0-20201009170017	container-image	gcr.io/spinnaker-marketplace/rosco:0.22.0-20201009170017@sha256:ce33c5b07286bdd8a70638be2ea58b0fc9adab8cc8e7381738a3e8f8da57b083	yes	11	CLAIM-S3-011
1.23.0	2020-10-14	kayenta	0.18.0-20201009200017	container-image	gcr.io/spinnaker-marketplace/kayenta:0.18.0-20201009200017@sha256:262a133ed029cd350c96e94f9501a79cc8c380afd89f4a03a6679504a801ec5a	yes	11	CLAIM-S3-011
1.23.0	2020-10-14	keel	-	not-pinned	-	n/a		CLAIM-S3-006
1.23.1	2020-11-03	gate	1.19.0-20201012200017	container-image	gcr.io/spinnaker-marketplace/gate:1.19.0-20201012200017@sha256:31fdb568e0b687dd45da245705cc9414aa51aa6d770b149ea3ce246842416635	yes	11	CLAIM-S3-011
1.23.1	2020-11-03	orca	2.17.0-20201014010017	container-image	gcr.io/spinnaker-marketplace/orca:2.17.0-20201014010017@sha256:556b707e0ac46b9b16b199044b11e59fd9f5914ea83b20aa572accea5f17df04	yes	11	CLAIM-S3-011
1.23.1	2020-11-03	clouddriver	7.0.1-20201102202004	container-image	gcr.io/spinnaker-marketplace/clouddriver:7.0.1-20201102202004@sha256:406fa0c3dda183fbc2734526b31be52bf67444dc28bc4bef9b23a3c9ea2d4fd1	yes		CLAIM-S3-011
1.23.1	2020-11-03	front50	0.26.0-20201013163321	container-image	gcr.io/spinnaker-marketplace/front50:0.26.0-20201013163321@sha256:8a89c176718d26b6b85af67e13f9e71b866246b21123ac7e173a07bdb3b87496	yes	11	CLAIM-S3-011
1.23.1	2020-11-03	echo	2.15.0-20201009170017	container-image	gcr.io/spinnaker-marketplace/echo:2.15.0-20201009170017@sha256:6765ce1cdaf16733cf61550d0f7067fb6bc2830e56c6decd90f6499a7f19bdcd	yes	11	CLAIM-S3-011
1.23.1	2020-11-03	igor	1.13.0-20201009170017	container-image	gcr.io/spinnaker-marketplace/igor:1.13.0-20201009170017@sha256:f6167f86999fc7d736b37d79ec1ea3f71fbbb2c6f8b3fea0f77ed3e47dacd7b2	yes	11	CLAIM-S3-011
1.23.1	2020-11-03	fiat	1.14.0-20201009170017	container-image	gcr.io/spinnaker-marketplace/fiat:1.14.0-20201009170017@sha256:53b688b541e55f074c7f77ac0f3e6e345c16fc341805c86c505704fa01395f0d	yes	11	CLAIM-S3-011
1.23.1	2020-11-03	rosco	0.22.0-20201009170017	container-image	gcr.io/spinnaker-marketplace/rosco:0.22.0-20201009170017@sha256:ce33c5b07286bdd8a70638be2ea58b0fc9adab8cc8e7381738a3e8f8da57b083	yes	11	CLAIM-S3-011
1.23.1	2020-11-03	kayenta	0.18.0-20201009200017	container-image	gcr.io/spinnaker-marketplace/kayenta:0.18.0-20201009200017@sha256:262a133ed029cd350c96e94f9501a79cc8c380afd89f4a03a6679504a801ec5a	yes	11	CLAIM-S3-011
1.23.1	2020-11-03	keel	-	not-pinned	-	n/a		CLAIM-S3-006
1.23.2	2020-11-16	gate	1.19.0-20201012200017	container-image	gcr.io/spinnaker-marketplace/gate:1.19.0-20201012200017@sha256:31fdb568e0b687dd45da245705cc9414aa51aa6d770b149ea3ce246842416635	yes	11	CLAIM-S3-011
1.23.2	2020-11-16	orca	2.17.0-20201014010017	container-image	gcr.io/spinnaker-marketplace/orca:2.17.0-20201014010017@sha256:556b707e0ac46b9b16b199044b11e59fd9f5914ea83b20aa572accea5f17df04	yes	11	CLAIM-S3-011
1.23.2	2020-11-16	clouddriver	7.0.2-20201116113324	container-image	gcr.io/spinnaker-marketplace/clouddriver:7.0.2-20201116113324@sha256:72d62b43e00e0025c76afc112a3fc04ba4f0ef085284d80c55e834dde8f4d2d9	yes		CLAIM-S3-011
1.23.2	2020-11-16	front50	0.26.0-20201013163321	container-image	gcr.io/spinnaker-marketplace/front50:0.26.0-20201013163321@sha256:8a89c176718d26b6b85af67e13f9e71b866246b21123ac7e173a07bdb3b87496	yes	11	CLAIM-S3-011
1.23.2	2020-11-16	echo	2.15.0-20201009170017	container-image	gcr.io/spinnaker-marketplace/echo:2.15.0-20201009170017@sha256:6765ce1cdaf16733cf61550d0f7067fb6bc2830e56c6decd90f6499a7f19bdcd	yes	11	CLAIM-S3-011
1.23.2	2020-11-16	igor	1.13.0-20201009170017	container-image	gcr.io/spinnaker-marketplace/igor:1.13.0-20201009170017@sha256:f6167f86999fc7d736b37d79ec1ea3f71fbbb2c6f8b3fea0f77ed3e47dacd7b2	yes	11	CLAIM-S3-011
1.23.2	2020-11-16	fiat	1.14.0-20201009170017	container-image	gcr.io/spinnaker-marketplace/fiat:1.14.0-20201009170017@sha256:53b688b541e55f074c7f77ac0f3e6e345c16fc341805c86c505704fa01395f0d	yes	11	CLAIM-S3-011
1.23.2	2020-11-16	rosco	0.22.0-20201009170017	container-image	gcr.io/spinnaker-marketplace/rosco:0.22.0-20201009170017@sha256:ce33c5b07286bdd8a70638be2ea58b0fc9adab8cc8e7381738a3e8f8da57b083	yes	11	CLAIM-S3-011
1.23.2	2020-11-16	kayenta	0.18.0-20201009200017	container-image	gcr.io/spinnaker-marketplace/kayenta:0.18.0-20201009200017@sha256:262a133ed029cd350c96e94f9501a79cc8c380afd89f4a03a6679504a801ec5a	yes	11	CLAIM-S3-011
1.23.2	2020-11-16	keel	-	not-pinned	-	n/a		CLAIM-S3-006
1.23.3	2020-12-01	gate	1.19.0-20201012200017	container-image	gcr.io/spinnaker-marketplace/gate:1.19.0-20201012200017@sha256:31fdb568e0b687dd45da245705cc9414aa51aa6d770b149ea3ce246842416635	yes	11	CLAIM-S3-011
1.23.3	2020-12-01	orca	2.17.0-20201014010017	container-image	gcr.io/spinnaker-marketplace/orca:2.17.0-20201014010017@sha256:556b707e0ac46b9b16b199044b11e59fd9f5914ea83b20aa572accea5f17df04	yes	11	CLAIM-S3-011
1.23.3	2020-12-01	clouddriver	7.0.3-20201201114456	container-image	gcr.io/spinnaker-marketplace/clouddriver:7.0.3-20201201114456@sha256:81c5575758002ff4a00fe20ec7f92cbfb362c01a883838f87a5b5e46492abde9	yes		CLAIM-S3-011
1.23.3	2020-12-01	front50	0.26.0-20201013163321	container-image	gcr.io/spinnaker-marketplace/front50:0.26.0-20201013163321@sha256:8a89c176718d26b6b85af67e13f9e71b866246b21123ac7e173a07bdb3b87496	yes	11	CLAIM-S3-011
1.23.3	2020-12-01	echo	2.15.0-20201009170017	container-image	gcr.io/spinnaker-marketplace/echo:2.15.0-20201009170017@sha256:6765ce1cdaf16733cf61550d0f7067fb6bc2830e56c6decd90f6499a7f19bdcd	yes	11	CLAIM-S3-011
1.23.3	2020-12-01	igor	1.13.0-20201009170017	container-image	gcr.io/spinnaker-marketplace/igor:1.13.0-20201009170017@sha256:f6167f86999fc7d736b37d79ec1ea3f71fbbb2c6f8b3fea0f77ed3e47dacd7b2	yes	11	CLAIM-S3-011
1.23.3	2020-12-01	fiat	1.14.0-20201009170017	container-image	gcr.io/spinnaker-marketplace/fiat:1.14.0-20201009170017@sha256:53b688b541e55f074c7f77ac0f3e6e345c16fc341805c86c505704fa01395f0d	yes	11	CLAIM-S3-011
1.23.3	2020-12-01	rosco	0.22.0-20201009170017	container-image	gcr.io/spinnaker-marketplace/rosco:0.22.0-20201009170017@sha256:ce33c5b07286bdd8a70638be2ea58b0fc9adab8cc8e7381738a3e8f8da57b083	yes	11	CLAIM-S3-011
1.23.3	2020-12-01	kayenta	0.18.0-20201009200017	container-image	gcr.io/spinnaker-marketplace/kayenta:0.18.0-20201009200017@sha256:262a133ed029cd350c96e94f9501a79cc8c380afd89f4a03a6679504a801ec5a	yes	11	CLAIM-S3-011
1.23.3	2020-12-01	keel	-	not-pinned	-	n/a		CLAIM-S3-006
1.23.4	2020-12-08	gate	1.19.0-20201012200017	container-image	gcr.io/spinnaker-marketplace/gate:1.19.0-20201012200017@sha256:31fdb568e0b687dd45da245705cc9414aa51aa6d770b149ea3ce246842416635	yes	11	CLAIM-S3-011
1.23.4	2020-12-08	orca	2.17.1-20201208101954	container-image	gcr.io/spinnaker-marketplace/orca:2.17.1-20201208101954@sha256:686814e0d2884646dc4d16dd3b06d5a9bd070467df3bc72f5520a7a1b227977c	yes		CLAIM-S3-011
1.23.4	2020-12-08	clouddriver	7.0.3-20201201114456	container-image	gcr.io/spinnaker-marketplace/clouddriver:7.0.3-20201201114456@sha256:81c5575758002ff4a00fe20ec7f92cbfb362c01a883838f87a5b5e46492abde9	yes		CLAIM-S3-011
1.23.4	2020-12-08	front50	0.26.0-20201013163321	container-image	gcr.io/spinnaker-marketplace/front50:0.26.0-20201013163321@sha256:8a89c176718d26b6b85af67e13f9e71b866246b21123ac7e173a07bdb3b87496	yes	11	CLAIM-S3-011
1.23.4	2020-12-08	echo	2.15.0-20201009170017	container-image	gcr.io/spinnaker-marketplace/echo:2.15.0-20201009170017@sha256:6765ce1cdaf16733cf61550d0f7067fb6bc2830e56c6decd90f6499a7f19bdcd	yes	11	CLAIM-S3-011
1.23.4	2020-12-08	igor	1.13.0-20201009170017	container-image	gcr.io/spinnaker-marketplace/igor:1.13.0-20201009170017@sha256:f6167f86999fc7d736b37d79ec1ea3f71fbbb2c6f8b3fea0f77ed3e47dacd7b2	yes	11	CLAIM-S3-011
1.23.4	2020-12-08	fiat	1.14.0-20201009170017	container-image	gcr.io/spinnaker-marketplace/fiat:1.14.0-20201009170017@sha256:53b688b541e55f074c7f77ac0f3e6e345c16fc341805c86c505704fa01395f0d	yes	11	CLAIM-S3-011
1.23.4	2020-12-08	rosco	0.22.0-20201009170017	container-image	gcr.io/spinnaker-marketplace/rosco:0.22.0-20201009170017@sha256:ce33c5b07286bdd8a70638be2ea58b0fc9adab8cc8e7381738a3e8f8da57b083	yes	11	CLAIM-S3-011
1.23.4	2020-12-08	kayenta	0.18.0-20201009200017	container-image	gcr.io/spinnaker-marketplace/kayenta:0.18.0-20201009200017@sha256:262a133ed029cd350c96e94f9501a79cc8c380afd89f4a03a6679504a801ec5a	yes	11	CLAIM-S3-011
1.23.4	2020-12-08	keel	-	not-pinned	-	n/a		CLAIM-S3-006
1.23.5	2020-12-12	gate	1.19.0-20201012200017	container-image	gcr.io/spinnaker-marketplace/gate:1.19.0-20201012200017@sha256:31fdb568e0b687dd45da245705cc9414aa51aa6d770b149ea3ce246842416635	yes	11	CLAIM-S3-011
1.23.5	2020-12-12	orca	2.17.1-20201208101954	container-image	gcr.io/spinnaker-marketplace/orca:2.17.1-20201208101954@sha256:686814e0d2884646dc4d16dd3b06d5a9bd070467df3bc72f5520a7a1b227977c	yes		CLAIM-S3-011
1.23.5	2020-12-12	clouddriver	7.1.0-20201212020017	container-image	gcr.io/spinnaker-marketplace/clouddriver:7.1.0-20201212020017@sha256:eb8e94381473a9f5d07a103cbf5b82ca280f1464c2792392c7cd7bef7af16352	yes		CLAIM-S3-011
1.23.5	2020-12-12	front50	0.26.0-20201013163321	container-image	gcr.io/spinnaker-marketplace/front50:0.26.0-20201013163321@sha256:8a89c176718d26b6b85af67e13f9e71b866246b21123ac7e173a07bdb3b87496	yes	11	CLAIM-S3-011
1.23.5	2020-12-12	echo	2.15.0-20201009170017	container-image	gcr.io/spinnaker-marketplace/echo:2.15.0-20201009170017@sha256:6765ce1cdaf16733cf61550d0f7067fb6bc2830e56c6decd90f6499a7f19bdcd	yes	11	CLAIM-S3-011
1.23.5	2020-12-12	igor	1.13.0-20201009170017	container-image	gcr.io/spinnaker-marketplace/igor:1.13.0-20201009170017@sha256:f6167f86999fc7d736b37d79ec1ea3f71fbbb2c6f8b3fea0f77ed3e47dacd7b2	yes	11	CLAIM-S3-011
1.23.5	2020-12-12	fiat	1.14.0-20201009170017	container-image	gcr.io/spinnaker-marketplace/fiat:1.14.0-20201009170017@sha256:53b688b541e55f074c7f77ac0f3e6e345c16fc341805c86c505704fa01395f0d	yes	11	CLAIM-S3-011
1.23.5	2020-12-12	rosco	0.22.0-20201009170017	container-image	gcr.io/spinnaker-marketplace/rosco:0.22.0-20201009170017@sha256:ce33c5b07286bdd8a70638be2ea58b0fc9adab8cc8e7381738a3e8f8da57b083	yes	11	CLAIM-S3-011
1.23.5	2020-12-12	kayenta	0.18.0-20201009200017	container-image	gcr.io/spinnaker-marketplace/kayenta:0.18.0-20201009200017@sha256:262a133ed029cd350c96e94f9501a79cc8c380afd89f4a03a6679504a801ec5a	yes	11	CLAIM-S3-011
1.23.5	2020-12-12	keel	-	not-pinned	-	n/a		CLAIM-S3-006
1.23.6	2021-01-28	gate	1.19.0-20201012200017	container-image	gcr.io/spinnaker-marketplace/gate:1.19.0-20201012200017@sha256:31fdb568e0b687dd45da245705cc9414aa51aa6d770b149ea3ce246842416635	yes	11	CLAIM-S3-011
1.23.6	2021-01-28	orca	2.17.2-20210127223623	container-image	gcr.io/spinnaker-marketplace/orca:2.17.2-20210127223623@sha256:822ca2f6d7a99d0ce2288521e2114fa769d56f088aac2bd9732560abba5d53a2	yes		CLAIM-S3-011
1.23.6	2021-01-28	clouddriver	7.1.1-20210125194745	container-image	gcr.io/spinnaker-marketplace/clouddriver:7.1.1-20210125194745@sha256:a40ac45403ae430ed97c6c308eb4740cb91769bf96f84c50494cef6b746166ca	yes		CLAIM-S3-011
1.23.6	2021-01-28	front50	0.26.0-20201013163321	container-image	gcr.io/spinnaker-marketplace/front50:0.26.0-20201013163321@sha256:8a89c176718d26b6b85af67e13f9e71b866246b21123ac7e173a07bdb3b87496	yes	11	CLAIM-S3-011
1.23.6	2021-01-28	echo	2.15.0-20201009170017	container-image	gcr.io/spinnaker-marketplace/echo:2.15.0-20201009170017@sha256:6765ce1cdaf16733cf61550d0f7067fb6bc2830e56c6decd90f6499a7f19bdcd	yes	11	CLAIM-S3-011
1.23.6	2021-01-28	igor	1.13.0-20201009170017	container-image	gcr.io/spinnaker-marketplace/igor:1.13.0-20201009170017@sha256:f6167f86999fc7d736b37d79ec1ea3f71fbbb2c6f8b3fea0f77ed3e47dacd7b2	yes	11	CLAIM-S3-011
1.23.6	2021-01-28	fiat	1.14.0-20201009170017	container-image	gcr.io/spinnaker-marketplace/fiat:1.14.0-20201009170017@sha256:53b688b541e55f074c7f77ac0f3e6e345c16fc341805c86c505704fa01395f0d	yes	11	CLAIM-S3-011
1.23.6	2021-01-28	rosco	0.22.0-20201009170017	container-image	gcr.io/spinnaker-marketplace/rosco:0.22.0-20201009170017@sha256:ce33c5b07286bdd8a70638be2ea58b0fc9adab8cc8e7381738a3e8f8da57b083	yes	11	CLAIM-S3-011
1.23.6	2021-01-28	kayenta	0.18.0-20201009200017	container-image	gcr.io/spinnaker-marketplace/kayenta:0.18.0-20201009200017@sha256:262a133ed029cd350c96e94f9501a79cc8c380afd89f4a03a6679504a801ec5a	yes	11	CLAIM-S3-011
1.23.6	2021-01-28	keel	-	not-pinned	-	n/a		CLAIM-S3-006
1.23.7	2021-02-18	gate	1.19.0-20201012200017	container-image	gcr.io/spinnaker-marketplace/gate:1.19.0-20201012200017@sha256:31fdb568e0b687dd45da245705cc9414aa51aa6d770b149ea3ce246842416635	yes	11	CLAIM-S3-011
1.23.7	2021-02-18	orca	2.17.2-20210127223623	container-image	gcr.io/spinnaker-marketplace/orca:2.17.2-20210127223623@sha256:822ca2f6d7a99d0ce2288521e2114fa769d56f088aac2bd9732560abba5d53a2	yes		CLAIM-S3-011
1.23.7	2021-02-18	clouddriver	7.1.2-20210215174234	container-image	gcr.io/spinnaker-marketplace/clouddriver:7.1.2-20210215174234@sha256:7021c2cf01a8ef95aab5130ce29bd36c13ef0947870c25acfcaca22ab5a6be0c	yes		CLAIM-S3-011
1.23.7	2021-02-18	front50	0.26.0-20201013163321	container-image	gcr.io/spinnaker-marketplace/front50:0.26.0-20201013163321@sha256:8a89c176718d26b6b85af67e13f9e71b866246b21123ac7e173a07bdb3b87496	yes	11	CLAIM-S3-011
1.23.7	2021-02-18	echo	2.15.0-20201009170017	container-image	gcr.io/spinnaker-marketplace/echo:2.15.0-20201009170017@sha256:6765ce1cdaf16733cf61550d0f7067fb6bc2830e56c6decd90f6499a7f19bdcd	yes	11	CLAIM-S3-011
1.23.7	2021-02-18	igor	1.13.0-20201009170017	container-image	gcr.io/spinnaker-marketplace/igor:1.13.0-20201009170017@sha256:f6167f86999fc7d736b37d79ec1ea3f71fbbb2c6f8b3fea0f77ed3e47dacd7b2	yes	11	CLAIM-S3-011
1.23.7	2021-02-18	fiat	1.14.0-20201009170017	container-image	gcr.io/spinnaker-marketplace/fiat:1.14.0-20201009170017@sha256:53b688b541e55f074c7f77ac0f3e6e345c16fc341805c86c505704fa01395f0d	yes	11	CLAIM-S3-011
1.23.7	2021-02-18	rosco	0.22.0-20201009170017	container-image	gcr.io/spinnaker-marketplace/rosco:0.22.0-20201009170017@sha256:ce33c5b07286bdd8a70638be2ea58b0fc9adab8cc8e7381738a3e8f8da57b083	yes	11	CLAIM-S3-011
1.23.7	2021-02-18	kayenta	0.18.0-20201009200017	container-image	gcr.io/spinnaker-marketplace/kayenta:0.18.0-20201009200017@sha256:262a133ed029cd350c96e94f9501a79cc8c380afd89f4a03a6679504a801ec5a	yes	11	CLAIM-S3-011
1.23.7	2021-02-18	keel	-	not-pinned	-	n/a		CLAIM-S3-006
1.24.0	2020-12-12	gate	1.20.0-20201208200018	none	us-docker.pkg.dev/spinnaker-community/docker/gate:1.20.0-20201208200018 | gcr.io/spinnaker-marketplace/gate:1.20.0-20201208200018 | ghcr.io/spinnaker/gate:1.20.0-20201208200018 | repo1.maven.org/maven2/io/spinnaker/gate/gate-web/1.20.0-20201208200018/	no		CLAIM-S3-015
1.24.0	2020-12-12	orca	2.18.0-20201208200018	none	us-docker.pkg.dev/spinnaker-community/docker/orca:2.18.0-20201208200018 | gcr.io/spinnaker-marketplace/orca:2.18.0-20201208200018 | ghcr.io/spinnaker/orca:2.18.0-20201208200018 | repo1.maven.org/maven2/io/spinnaker/orca/orca-web/2.18.0-20201208200018/	no		CLAIM-S3-015
1.24.0	2020-12-12	clouddriver	7.1.0-20201212030017	none	us-docker.pkg.dev/spinnaker-community/docker/clouddriver:7.1.0-20201212030017 | gcr.io/spinnaker-marketplace/clouddriver:7.1.0-20201212030017 | ghcr.io/spinnaker/clouddriver:7.1.0-20201212030017 | repo1.maven.org/maven2/io/spinnaker/clouddriver/clouddriver-web/7.1.0-20201212030017/	no		CLAIM-S3-015
1.24.0	2020-12-12	front50	0.26.1-20201208200018	none	us-docker.pkg.dev/spinnaker-community/docker/front50:0.26.1-20201208200018 | gcr.io/spinnaker-marketplace/front50:0.26.1-20201208200018 | ghcr.io/spinnaker/front50:0.26.1-20201208200018 | repo1.maven.org/maven2/io/spinnaker/front50/front50-web/0.26.1-20201208200018/	no		CLAIM-S3-015
1.24.0	2020-12-12	echo	2.15.1-20201208200018	none	us-docker.pkg.dev/spinnaker-community/docker/echo:2.15.1-20201208200018 | gcr.io/spinnaker-marketplace/echo:2.15.1-20201208200018 | ghcr.io/spinnaker/echo:2.15.1-20201208200018 | repo1.maven.org/maven2/io/spinnaker/echo/echo-web/2.15.1-20201208200018/	no		CLAIM-S3-015
1.24.0	2020-12-12	igor	1.14.0-20201208200018	none	us-docker.pkg.dev/spinnaker-community/docker/igor:1.14.0-20201208200018 | gcr.io/spinnaker-marketplace/igor:1.14.0-20201208200018 | ghcr.io/spinnaker/igor:1.14.0-20201208200018 | repo1.maven.org/maven2/io/spinnaker/igor/igor-web/1.14.0-20201208200018/	no		CLAIM-S3-015
1.24.0	2020-12-12	fiat	1.14.1-20201208200018	none	us-docker.pkg.dev/spinnaker-community/docker/fiat:1.14.1-20201208200018 | gcr.io/spinnaker-marketplace/fiat:1.14.1-20201208200018 | ghcr.io/spinnaker/fiat:1.14.1-20201208200018 | repo1.maven.org/maven2/io/spinnaker/fiat/fiat-web/1.14.1-20201208200018/	no		CLAIM-S3-015
1.24.0	2020-12-12	rosco	0.23.0-20201208200018	none	us-docker.pkg.dev/spinnaker-community/docker/rosco:0.23.0-20201208200018 | gcr.io/spinnaker-marketplace/rosco:0.23.0-20201208200018 | ghcr.io/spinnaker/rosco:0.23.0-20201208200018 | repo1.maven.org/maven2/io/spinnaker/rosco/rosco-web/0.23.0-20201208200018/	no		CLAIM-S3-015
1.24.0	2020-12-12	kayenta	0.19.0-20201207200017	none	us-docker.pkg.dev/spinnaker-community/docker/kayenta:0.19.0-20201207200017 | gcr.io/spinnaker-marketplace/kayenta:0.19.0-20201207200017 | ghcr.io/spinnaker/kayenta:0.19.0-20201207200017 | repo1.maven.org/maven2/io/spinnaker/kayenta/kayenta-web/0.19.0-20201207200017/	no		CLAIM-S3-015
1.24.0	2020-12-12	keel	-	not-pinned	-	n/a		CLAIM-S3-006
1.24.1	2020-12-21	gate	1.20.0-20201208200018	none	us-docker.pkg.dev/spinnaker-community/docker/gate:1.20.0-20201208200018 | gcr.io/spinnaker-marketplace/gate:1.20.0-20201208200018 | ghcr.io/spinnaker/gate:1.20.0-20201208200018 | repo1.maven.org/maven2/io/spinnaker/gate/gate-web/1.20.0-20201208200018/	no		CLAIM-S3-015
1.24.1	2020-12-21	orca	2.18.0-20201208200018	none	us-docker.pkg.dev/spinnaker-community/docker/orca:2.18.0-20201208200018 | gcr.io/spinnaker-marketplace/orca:2.18.0-20201208200018 | ghcr.io/spinnaker/orca:2.18.0-20201208200018 | repo1.maven.org/maven2/io/spinnaker/orca/orca-web/2.18.0-20201208200018/	no		CLAIM-S3-015
1.24.1	2020-12-21	clouddriver	7.2.0-20201221174548	none	us-docker.pkg.dev/spinnaker-community/docker/clouddriver:7.2.0-20201221174548 | gcr.io/spinnaker-marketplace/clouddriver:7.2.0-20201221174548 | ghcr.io/spinnaker/clouddriver:7.2.0-20201221174548 | repo1.maven.org/maven2/io/spinnaker/clouddriver/clouddriver-web/7.2.0-20201221174548/	no		CLAIM-S3-015
1.24.1	2020-12-21	front50	0.26.1-20201208200018	none	us-docker.pkg.dev/spinnaker-community/docker/front50:0.26.1-20201208200018 | gcr.io/spinnaker-marketplace/front50:0.26.1-20201208200018 | ghcr.io/spinnaker/front50:0.26.1-20201208200018 | repo1.maven.org/maven2/io/spinnaker/front50/front50-web/0.26.1-20201208200018/	no		CLAIM-S3-015
1.24.1	2020-12-21	echo	2.15.2-20201216030017	none	us-docker.pkg.dev/spinnaker-community/docker/echo:2.15.2-20201216030017 | gcr.io/spinnaker-marketplace/echo:2.15.2-20201216030017 | ghcr.io/spinnaker/echo:2.15.2-20201216030017 | repo1.maven.org/maven2/io/spinnaker/echo/echo-web/2.15.2-20201216030017/	no		CLAIM-S3-015
1.24.1	2020-12-21	igor	1.14.0-20201208200018	none	us-docker.pkg.dev/spinnaker-community/docker/igor:1.14.0-20201208200018 | gcr.io/spinnaker-marketplace/igor:1.14.0-20201208200018 | ghcr.io/spinnaker/igor:1.14.0-20201208200018 | repo1.maven.org/maven2/io/spinnaker/igor/igor-web/1.14.0-20201208200018/	no		CLAIM-S3-015
1.24.1	2020-12-21	fiat	1.14.1-20201208200018	none	us-docker.pkg.dev/spinnaker-community/docker/fiat:1.14.1-20201208200018 | gcr.io/spinnaker-marketplace/fiat:1.14.1-20201208200018 | ghcr.io/spinnaker/fiat:1.14.1-20201208200018 | repo1.maven.org/maven2/io/spinnaker/fiat/fiat-web/1.14.1-20201208200018/	no		CLAIM-S3-015
1.24.1	2020-12-21	rosco	0.23.0-20201208200018	none	us-docker.pkg.dev/spinnaker-community/docker/rosco:0.23.0-20201208200018 | gcr.io/spinnaker-marketplace/rosco:0.23.0-20201208200018 | ghcr.io/spinnaker/rosco:0.23.0-20201208200018 | repo1.maven.org/maven2/io/spinnaker/rosco/rosco-web/0.23.0-20201208200018/	no		CLAIM-S3-015
1.24.1	2020-12-21	kayenta	0.19.0-20201207200017	none	us-docker.pkg.dev/spinnaker-community/docker/kayenta:0.19.0-20201207200017 | gcr.io/spinnaker-marketplace/kayenta:0.19.0-20201207200017 | ghcr.io/spinnaker/kayenta:0.19.0-20201207200017 | repo1.maven.org/maven2/io/spinnaker/kayenta/kayenta-web/0.19.0-20201207200017/	no		CLAIM-S3-015
1.24.1	2020-12-21	keel	-	not-pinned	-	n/a		CLAIM-S3-006
1.24.2	2021-01-05	gate	1.20.0-20201208200018	none	us-docker.pkg.dev/spinnaker-community/docker/gate:1.20.0-20201208200018 | gcr.io/spinnaker-marketplace/gate:1.20.0-20201208200018 | ghcr.io/spinnaker/gate:1.20.0-20201208200018 | repo1.maven.org/maven2/io/spinnaker/gate/gate-web/1.20.0-20201208200018/	no		CLAIM-S3-015
1.24.2	2021-01-05	orca	2.18.0-20201208200018	none	us-docker.pkg.dev/spinnaker-community/docker/orca:2.18.0-20201208200018 | gcr.io/spinnaker-marketplace/orca:2.18.0-20201208200018 | ghcr.io/spinnaker/orca:2.18.0-20201208200018 | repo1.maven.org/maven2/io/spinnaker/orca/orca-web/2.18.0-20201208200018/	no		CLAIM-S3-015
1.24.2	2021-01-05	clouddriver	7.2.1-20210105155350	none	us-docker.pkg.dev/spinnaker-community/docker/clouddriver:7.2.1-20210105155350 | gcr.io/spinnaker-marketplace/clouddriver:7.2.1-20210105155350 | ghcr.io/spinnaker/clouddriver:7.2.1-20210105155350 | repo1.maven.org/maven2/io/spinnaker/clouddriver/clouddriver-web/7.2.1-20210105155350/	no		CLAIM-S3-015
1.24.2	2021-01-05	front50	0.26.1-20201208200018	none	us-docker.pkg.dev/spinnaker-community/docker/front50:0.26.1-20201208200018 | gcr.io/spinnaker-marketplace/front50:0.26.1-20201208200018 | ghcr.io/spinnaker/front50:0.26.1-20201208200018 | repo1.maven.org/maven2/io/spinnaker/front50/front50-web/0.26.1-20201208200018/	no		CLAIM-S3-015
1.24.2	2021-01-05	echo	2.15.2-20201216030017	none	us-docker.pkg.dev/spinnaker-community/docker/echo:2.15.2-20201216030017 | gcr.io/spinnaker-marketplace/echo:2.15.2-20201216030017 | ghcr.io/spinnaker/echo:2.15.2-20201216030017 | repo1.maven.org/maven2/io/spinnaker/echo/echo-web/2.15.2-20201216030017/	no		CLAIM-S3-015
1.24.2	2021-01-05	igor	1.14.0-20201208200018	none	us-docker.pkg.dev/spinnaker-community/docker/igor:1.14.0-20201208200018 | gcr.io/spinnaker-marketplace/igor:1.14.0-20201208200018 | ghcr.io/spinnaker/igor:1.14.0-20201208200018 | repo1.maven.org/maven2/io/spinnaker/igor/igor-web/1.14.0-20201208200018/	no		CLAIM-S3-015
1.24.2	2021-01-05	fiat	1.14.1-20201208200018	none	us-docker.pkg.dev/spinnaker-community/docker/fiat:1.14.1-20201208200018 | gcr.io/spinnaker-marketplace/fiat:1.14.1-20201208200018 | ghcr.io/spinnaker/fiat:1.14.1-20201208200018 | repo1.maven.org/maven2/io/spinnaker/fiat/fiat-web/1.14.1-20201208200018/	no		CLAIM-S3-015
1.24.2	2021-01-05	rosco	0.23.0-20201208200018	none	us-docker.pkg.dev/spinnaker-community/docker/rosco:0.23.0-20201208200018 | gcr.io/spinnaker-marketplace/rosco:0.23.0-20201208200018 | ghcr.io/spinnaker/rosco:0.23.0-20201208200018 | repo1.maven.org/maven2/io/spinnaker/rosco/rosco-web/0.23.0-20201208200018/	no		CLAIM-S3-015
1.24.2	2021-01-05	kayenta	0.19.0-20201207200017	none	us-docker.pkg.dev/spinnaker-community/docker/kayenta:0.19.0-20201207200017 | gcr.io/spinnaker-marketplace/kayenta:0.19.0-20201207200017 | ghcr.io/spinnaker/kayenta:0.19.0-20201207200017 | repo1.maven.org/maven2/io/spinnaker/kayenta/kayenta-web/0.19.0-20201207200017/	no		CLAIM-S3-015
1.24.2	2021-01-05	keel	-	not-pinned	-	n/a		CLAIM-S3-006
1.24.3	2021-01-05	gate	1.20.0-20201208200018	none	us-docker.pkg.dev/spinnaker-community/docker/gate:1.20.0-20201208200018 | gcr.io/spinnaker-marketplace/gate:1.20.0-20201208200018 | ghcr.io/spinnaker/gate:1.20.0-20201208200018 | repo1.maven.org/maven2/io/spinnaker/gate/gate-web/1.20.0-20201208200018/	no		CLAIM-S3-015
1.24.3	2021-01-05	orca	2.18.0-20201208200018	none	us-docker.pkg.dev/spinnaker-community/docker/orca:2.18.0-20201208200018 | gcr.io/spinnaker-marketplace/orca:2.18.0-20201208200018 | ghcr.io/spinnaker/orca:2.18.0-20201208200018 | repo1.maven.org/maven2/io/spinnaker/orca/orca-web/2.18.0-20201208200018/	no		CLAIM-S3-015
1.24.3	2021-01-05	clouddriver	7.2.1-20210105155350	none	us-docker.pkg.dev/spinnaker-community/docker/clouddriver:7.2.1-20210105155350 | gcr.io/spinnaker-marketplace/clouddriver:7.2.1-20210105155350 | ghcr.io/spinnaker/clouddriver:7.2.1-20210105155350 | repo1.maven.org/maven2/io/spinnaker/clouddriver/clouddriver-web/7.2.1-20210105155350/	no		CLAIM-S3-015
1.24.3	2021-01-05	front50	0.26.1-20201208200018	none	us-docker.pkg.dev/spinnaker-community/docker/front50:0.26.1-20201208200018 | gcr.io/spinnaker-marketplace/front50:0.26.1-20201208200018 | ghcr.io/spinnaker/front50:0.26.1-20201208200018 | repo1.maven.org/maven2/io/spinnaker/front50/front50-web/0.26.1-20201208200018/	no		CLAIM-S3-015
1.24.3	2021-01-05	echo	2.15.2-20201216030017	none	us-docker.pkg.dev/spinnaker-community/docker/echo:2.15.2-20201216030017 | gcr.io/spinnaker-marketplace/echo:2.15.2-20201216030017 | ghcr.io/spinnaker/echo:2.15.2-20201216030017 | repo1.maven.org/maven2/io/spinnaker/echo/echo-web/2.15.2-20201216030017/	no		CLAIM-S3-015
1.24.3	2021-01-05	igor	1.14.0-20201208200018	none	us-docker.pkg.dev/spinnaker-community/docker/igor:1.14.0-20201208200018 | gcr.io/spinnaker-marketplace/igor:1.14.0-20201208200018 | ghcr.io/spinnaker/igor:1.14.0-20201208200018 | repo1.maven.org/maven2/io/spinnaker/igor/igor-web/1.14.0-20201208200018/	no		CLAIM-S3-015
1.24.3	2021-01-05	fiat	1.14.1-20201208200018	none	us-docker.pkg.dev/spinnaker-community/docker/fiat:1.14.1-20201208200018 | gcr.io/spinnaker-marketplace/fiat:1.14.1-20201208200018 | ghcr.io/spinnaker/fiat:1.14.1-20201208200018 | repo1.maven.org/maven2/io/spinnaker/fiat/fiat-web/1.14.1-20201208200018/	no		CLAIM-S3-015
1.24.3	2021-01-05	rosco	0.23.0-20201208200018	none	us-docker.pkg.dev/spinnaker-community/docker/rosco:0.23.0-20201208200018 | gcr.io/spinnaker-marketplace/rosco:0.23.0-20201208200018 | ghcr.io/spinnaker/rosco:0.23.0-20201208200018 | repo1.maven.org/maven2/io/spinnaker/rosco/rosco-web/0.23.0-20201208200018/	no		CLAIM-S3-015
1.24.3	2021-01-05	kayenta	0.19.0-20201207200017	none	us-docker.pkg.dev/spinnaker-community/docker/kayenta:0.19.0-20201207200017 | gcr.io/spinnaker-marketplace/kayenta:0.19.0-20201207200017 | ghcr.io/spinnaker/kayenta:0.19.0-20201207200017 | repo1.maven.org/maven2/io/spinnaker/kayenta/kayenta-web/0.19.0-20201207200017/	no		CLAIM-S3-015
1.24.3	2021-01-05	keel	-	not-pinned	-	n/a		CLAIM-S3-006
1.24.4	2021-01-28	gate	1.20.0-20201208200018	none	us-docker.pkg.dev/spinnaker-community/docker/gate:1.20.0-20201208200018 | gcr.io/spinnaker-marketplace/gate:1.20.0-20201208200018 | ghcr.io/spinnaker/gate:1.20.0-20201208200018 | repo1.maven.org/maven2/io/spinnaker/gate/gate-web/1.20.0-20201208200018/	no		CLAIM-S3-015
1.24.4	2021-01-28	orca	2.18.1-20210128030017	none	us-docker.pkg.dev/spinnaker-community/docker/orca:2.18.1-20210128030017 | gcr.io/spinnaker-marketplace/orca:2.18.1-20210128030017 | ghcr.io/spinnaker/orca:2.18.1-20210128030017 | repo1.maven.org/maven2/io/spinnaker/orca/orca-web/2.18.1-20210128030017/	no		CLAIM-S3-015
1.24.4	2021-01-28	clouddriver	7.2.2-20210125200730	none	us-docker.pkg.dev/spinnaker-community/docker/clouddriver:7.2.2-20210125200730 | gcr.io/spinnaker-marketplace/clouddriver:7.2.2-20210125200730 | ghcr.io/spinnaker/clouddriver:7.2.2-20210125200730 | repo1.maven.org/maven2/io/spinnaker/clouddriver/clouddriver-web/7.2.2-20210125200730/	no		CLAIM-S3-015
1.24.4	2021-01-28	front50	0.26.1-20201208200018	none	us-docker.pkg.dev/spinnaker-community/docker/front50:0.26.1-20201208200018 | gcr.io/spinnaker-marketplace/front50:0.26.1-20201208200018 | ghcr.io/spinnaker/front50:0.26.1-20201208200018 | repo1.maven.org/maven2/io/spinnaker/front50/front50-web/0.26.1-20201208200018/	no		CLAIM-S3-015
1.24.4	2021-01-28	echo	2.15.2-20201216030017	none	us-docker.pkg.dev/spinnaker-community/docker/echo:2.15.2-20201216030017 | gcr.io/spinnaker-marketplace/echo:2.15.2-20201216030017 | ghcr.io/spinnaker/echo:2.15.2-20201216030017 | repo1.maven.org/maven2/io/spinnaker/echo/echo-web/2.15.2-20201216030017/	no		CLAIM-S3-015
1.24.4	2021-01-28	igor	1.14.0-20201208200018	none	us-docker.pkg.dev/spinnaker-community/docker/igor:1.14.0-20201208200018 | gcr.io/spinnaker-marketplace/igor:1.14.0-20201208200018 | ghcr.io/spinnaker/igor:1.14.0-20201208200018 | repo1.maven.org/maven2/io/spinnaker/igor/igor-web/1.14.0-20201208200018/	no		CLAIM-S3-015
1.24.4	2021-01-28	fiat	1.14.1-20201208200018	none	us-docker.pkg.dev/spinnaker-community/docker/fiat:1.14.1-20201208200018 | gcr.io/spinnaker-marketplace/fiat:1.14.1-20201208200018 | ghcr.io/spinnaker/fiat:1.14.1-20201208200018 | repo1.maven.org/maven2/io/spinnaker/fiat/fiat-web/1.14.1-20201208200018/	no		CLAIM-S3-015
1.24.4	2021-01-28	rosco	0.23.0-20201208200018	none	us-docker.pkg.dev/spinnaker-community/docker/rosco:0.23.0-20201208200018 | gcr.io/spinnaker-marketplace/rosco:0.23.0-20201208200018 | ghcr.io/spinnaker/rosco:0.23.0-20201208200018 | repo1.maven.org/maven2/io/spinnaker/rosco/rosco-web/0.23.0-20201208200018/	no		CLAIM-S3-015
1.24.4	2021-01-28	kayenta	0.19.0-20201207200017	none	us-docker.pkg.dev/spinnaker-community/docker/kayenta:0.19.0-20201207200017 | gcr.io/spinnaker-marketplace/kayenta:0.19.0-20201207200017 | ghcr.io/spinnaker/kayenta:0.19.0-20201207200017 | repo1.maven.org/maven2/io/spinnaker/kayenta/kayenta-web/0.19.0-20201207200017/	no		CLAIM-S3-015
1.24.4	2021-01-28	keel	-	not-pinned	-	n/a		CLAIM-S3-006
1.24.5	2021-05-26	gate	1.20.0-20201208200018	none	us-docker.pkg.dev/spinnaker-community/docker/gate:1.20.0-20201208200018 | gcr.io/spinnaker-marketplace/gate:1.20.0-20201208200018 | ghcr.io/spinnaker/gate:1.20.0-20201208200018 | repo1.maven.org/maven2/io/spinnaker/gate/gate-web/1.20.0-20201208200018/	no		CLAIM-S3-015
1.24.5	2021-05-26	orca	2.18.2-20210526010735	none	us-docker.pkg.dev/spinnaker-community/docker/orca:2.18.2-20210526010735 | gcr.io/spinnaker-marketplace/orca:2.18.2-20210526010735 | ghcr.io/spinnaker/orca:2.18.2-20210526010735 | repo1.maven.org/maven2/io/spinnaker/orca/orca-web/2.18.2-20210526010735/	no		CLAIM-S3-015
1.24.5	2021-05-26	clouddriver	7.2.2-20210125200730	none	us-docker.pkg.dev/spinnaker-community/docker/clouddriver:7.2.2-20210125200730 | gcr.io/spinnaker-marketplace/clouddriver:7.2.2-20210125200730 | ghcr.io/spinnaker/clouddriver:7.2.2-20210125200730 | repo1.maven.org/maven2/io/spinnaker/clouddriver/clouddriver-web/7.2.2-20210125200730/	no		CLAIM-S3-015
1.24.5	2021-05-26	front50	0.26.1-20201208200018	none	us-docker.pkg.dev/spinnaker-community/docker/front50:0.26.1-20201208200018 | gcr.io/spinnaker-marketplace/front50:0.26.1-20201208200018 | ghcr.io/spinnaker/front50:0.26.1-20201208200018 | repo1.maven.org/maven2/io/spinnaker/front50/front50-web/0.26.1-20201208200018/	no		CLAIM-S3-015
1.24.5	2021-05-26	echo	2.15.2-20201216030017	none	us-docker.pkg.dev/spinnaker-community/docker/echo:2.15.2-20201216030017 | gcr.io/spinnaker-marketplace/echo:2.15.2-20201216030017 | ghcr.io/spinnaker/echo:2.15.2-20201216030017 | repo1.maven.org/maven2/io/spinnaker/echo/echo-web/2.15.2-20201216030017/	no		CLAIM-S3-015
1.24.5	2021-05-26	igor	1.14.0-20201208200018	none	us-docker.pkg.dev/spinnaker-community/docker/igor:1.14.0-20201208200018 | gcr.io/spinnaker-marketplace/igor:1.14.0-20201208200018 | ghcr.io/spinnaker/igor:1.14.0-20201208200018 | repo1.maven.org/maven2/io/spinnaker/igor/igor-web/1.14.0-20201208200018/	no		CLAIM-S3-015
1.24.5	2021-05-26	fiat	1.14.2-20210526010735	none	us-docker.pkg.dev/spinnaker-community/docker/fiat:1.14.2-20210526010735 | gcr.io/spinnaker-marketplace/fiat:1.14.2-20210526010735 | ghcr.io/spinnaker/fiat:1.14.2-20210526010735 | repo1.maven.org/maven2/io/spinnaker/fiat/fiat-web/1.14.2-20210526010735/	no		CLAIM-S3-015
1.24.5	2021-05-26	rosco	0.23.1-20210526024707	none	us-docker.pkg.dev/spinnaker-community/docker/rosco:0.23.1-20210526024707 | gcr.io/spinnaker-marketplace/rosco:0.23.1-20210526024707 | ghcr.io/spinnaker/rosco:0.23.1-20210526024707 | repo1.maven.org/maven2/io/spinnaker/rosco/rosco-web/0.23.1-20210526024707/	no		CLAIM-S3-015
1.24.5	2021-05-26	kayenta	0.19.0-20201207200017	none	us-docker.pkg.dev/spinnaker-community/docker/kayenta:0.19.0-20201207200017 | gcr.io/spinnaker-marketplace/kayenta:0.19.0-20201207200017 | ghcr.io/spinnaker/kayenta:0.19.0-20201207200017 | repo1.maven.org/maven2/io/spinnaker/kayenta/kayenta-web/0.19.0-20201207200017/	no		CLAIM-S3-015
1.24.5	2021-05-26	keel	-	not-pinned	-	n/a		CLAIM-S3-006
1.24.6	2021-06-26	gate	1.20.0-20201208200018	none	us-docker.pkg.dev/spinnaker-community/docker/gate:1.20.0-20201208200018 | gcr.io/spinnaker-marketplace/gate:1.20.0-20201208200018 | ghcr.io/spinnaker/gate:1.20.0-20201208200018 | repo1.maven.org/maven2/io/spinnaker/gate/gate-web/1.20.0-20201208200018/	no		CLAIM-S3-015
1.24.6	2021-06-26	orca	2.18.2-20210526010735	none	us-docker.pkg.dev/spinnaker-community/docker/orca:2.18.2-20210526010735 | gcr.io/spinnaker-marketplace/orca:2.18.2-20210526010735 | ghcr.io/spinnaker/orca:2.18.2-20210526010735 | repo1.maven.org/maven2/io/spinnaker/orca/orca-web/2.18.2-20210526010735/	no		CLAIM-S3-015
1.24.6	2021-06-26	clouddriver	7.2.3-20210626030020	none	us-docker.pkg.dev/spinnaker-community/docker/clouddriver:7.2.3-20210626030020 | gcr.io/spinnaker-marketplace/clouddriver:7.2.3-20210626030020 | ghcr.io/spinnaker/clouddriver:7.2.3-20210626030020 | repo1.maven.org/maven2/io/spinnaker/clouddriver/clouddriver-web/7.2.3-20210626030020/	no		CLAIM-S3-015
1.24.6	2021-06-26	front50	0.26.1-20201208200018	none	us-docker.pkg.dev/spinnaker-community/docker/front50:0.26.1-20201208200018 | gcr.io/spinnaker-marketplace/front50:0.26.1-20201208200018 | ghcr.io/spinnaker/front50:0.26.1-20201208200018 | repo1.maven.org/maven2/io/spinnaker/front50/front50-web/0.26.1-20201208200018/	no		CLAIM-S3-015
1.24.6	2021-06-26	echo	2.15.2-20201216030017	none	us-docker.pkg.dev/spinnaker-community/docker/echo:2.15.2-20201216030017 | gcr.io/spinnaker-marketplace/echo:2.15.2-20201216030017 | ghcr.io/spinnaker/echo:2.15.2-20201216030017 | repo1.maven.org/maven2/io/spinnaker/echo/echo-web/2.15.2-20201216030017/	no		CLAIM-S3-015
1.24.6	2021-06-26	igor	1.14.0-20201208200018	none	us-docker.pkg.dev/spinnaker-community/docker/igor:1.14.0-20201208200018 | gcr.io/spinnaker-marketplace/igor:1.14.0-20201208200018 | ghcr.io/spinnaker/igor:1.14.0-20201208200018 | repo1.maven.org/maven2/io/spinnaker/igor/igor-web/1.14.0-20201208200018/	no		CLAIM-S3-015
1.24.6	2021-06-26	fiat	1.14.2-20210526010735	none	us-docker.pkg.dev/spinnaker-community/docker/fiat:1.14.2-20210526010735 | gcr.io/spinnaker-marketplace/fiat:1.14.2-20210526010735 | ghcr.io/spinnaker/fiat:1.14.2-20210526010735 | repo1.maven.org/maven2/io/spinnaker/fiat/fiat-web/1.14.2-20210526010735/	no		CLAIM-S3-015
1.24.6	2021-06-26	rosco	0.23.1-20210526024707	none	us-docker.pkg.dev/spinnaker-community/docker/rosco:0.23.1-20210526024707 | gcr.io/spinnaker-marketplace/rosco:0.23.1-20210526024707 | ghcr.io/spinnaker/rosco:0.23.1-20210526024707 | repo1.maven.org/maven2/io/spinnaker/rosco/rosco-web/0.23.1-20210526024707/	no		CLAIM-S3-015
1.24.6	2021-06-26	kayenta	0.19.0-20201207200017	none	us-docker.pkg.dev/spinnaker-community/docker/kayenta:0.19.0-20201207200017 | gcr.io/spinnaker-marketplace/kayenta:0.19.0-20201207200017 | ghcr.io/spinnaker/kayenta:0.19.0-20201207200017 | repo1.maven.org/maven2/io/spinnaker/kayenta/kayenta-web/0.19.0-20201207200017/	no		CLAIM-S3-015
1.24.6	2021-06-26	keel	-	not-pinned	-	n/a		CLAIM-S3-006
1.25.0	2021-02-17	gate	1.21.0-20210215200018	none	us-docker.pkg.dev/spinnaker-community/docker/gate:1.21.0-20210215200018 | gcr.io/spinnaker-marketplace/gate:1.21.0-20210215200018 | ghcr.io/spinnaker/gate:1.21.0-20210215200018 | repo1.maven.org/maven2/io/spinnaker/gate/gate-web/1.21.0-20210215200018/	no		CLAIM-S3-015
1.25.0	2021-02-17	orca	2.19.0-20210209140018	none	us-docker.pkg.dev/spinnaker-community/docker/orca:2.19.0-20210209140018 | gcr.io/spinnaker-marketplace/orca:2.19.0-20210209140018 | ghcr.io/spinnaker/orca:2.19.0-20210209140018 | repo1.maven.org/maven2/io/spinnaker/orca/orca-web/2.19.0-20210209140018/	no		CLAIM-S3-015
1.25.0	2021-02-17	clouddriver	7.3.0-20210216170018	none	us-docker.pkg.dev/spinnaker-community/docker/clouddriver:7.3.0-20210216170018 | gcr.io/spinnaker-marketplace/clouddriver:7.3.0-20210216170018 | ghcr.io/spinnaker/clouddriver:7.3.0-20210216170018 | repo1.maven.org/maven2/io/spinnaker/clouddriver/clouddriver-web/7.3.0-20210216170018/	no		CLAIM-S3-015
1.25.0	2021-02-17	front50	0.26.2-20210216140019	none	us-docker.pkg.dev/spinnaker-community/docker/front50:0.26.2-20210216140019 | gcr.io/spinnaker-marketplace/front50:0.26.2-20210216140019 | ghcr.io/spinnaker/front50:0.26.2-20210216140019 | repo1.maven.org/maven2/io/spinnaker/front50/front50-web/0.26.2-20210216140019/	no		CLAIM-S3-015
1.25.0	2021-02-17	echo	2.16.0-20210208200018	none	us-docker.pkg.dev/spinnaker-community/docker/echo:2.16.0-20210208200018 | gcr.io/spinnaker-marketplace/echo:2.16.0-20210208200018 | ghcr.io/spinnaker/echo:2.16.0-20210208200018 | repo1.maven.org/maven2/io/spinnaker/echo/echo-web/2.16.0-20210208200018/	no		CLAIM-S3-015
1.25.0	2021-02-17	igor	1.15.0-20210208200018	none	us-docker.pkg.dev/spinnaker-community/docker/igor:1.15.0-20210208200018 | gcr.io/spinnaker-marketplace/igor:1.15.0-20210208200018 | ghcr.io/spinnaker/igor:1.15.0-20210208200018 | repo1.maven.org/maven2/io/spinnaker/igor/igor-web/1.15.0-20210208200018/	no		CLAIM-S3-015
1.25.0	2021-02-17	fiat	1.15.0-20210211170021	none	us-docker.pkg.dev/spinnaker-community/docker/fiat:1.15.0-20210211170021 | gcr.io/spinnaker-marketplace/fiat:1.15.0-20210211170021 | ghcr.io/spinnaker/fiat:1.15.0-20210211170021 | repo1.maven.org/maven2/io/spinnaker/fiat/fiat-web/1.15.0-20210211170021/	no		CLAIM-S3-015
1.25.0	2021-02-17	rosco	0.24.0-20210210110018	none	us-docker.pkg.dev/spinnaker-community/docker/rosco:0.24.0-20210210110018 | gcr.io/spinnaker-marketplace/rosco:0.24.0-20210210110018 | ghcr.io/spinnaker/rosco:0.24.0-20210210110018 | repo1.maven.org/maven2/io/spinnaker/rosco/rosco-web/0.24.0-20210210110018/	no		CLAIM-S3-015
1.25.0	2021-02-17	kayenta	0.20.0-20210203140017	none	us-docker.pkg.dev/spinnaker-community/docker/kayenta:0.20.0-20210203140017 | gcr.io/spinnaker-marketplace/kayenta:0.20.0-20210203140017 | ghcr.io/spinnaker/kayenta:0.20.0-20210203140017 | repo1.maven.org/maven2/io/spinnaker/kayenta/kayenta-web/0.20.0-20210203140017/	no		CLAIM-S3-015
1.25.0	2021-02-17	keel	-	not-pinned	-	n/a		CLAIM-S3-006
1.25.1	2021-03-02	gate	1.21.0-20210215200018	none	us-docker.pkg.dev/spinnaker-community/docker/gate:1.21.0-20210215200018 | gcr.io/spinnaker-marketplace/gate:1.21.0-20210215200018 | ghcr.io/spinnaker/gate:1.21.0-20210215200018 | repo1.maven.org/maven2/io/spinnaker/gate/gate-web/1.21.0-20210215200018/	no		CLAIM-S3-015
1.25.1	2021-03-02	orca	2.19.0-20210209140018	none	us-docker.pkg.dev/spinnaker-community/docker/orca:2.19.0-20210209140018 | gcr.io/spinnaker-marketplace/orca:2.19.0-20210209140018 | ghcr.io/spinnaker/orca:2.19.0-20210209140018 | repo1.maven.org/maven2/io/spinnaker/orca/orca-web/2.19.0-20210209140018/	no		CLAIM-S3-015
1.25.1	2021-03-02	clouddriver	7.3.1-20210302010157	none	us-docker.pkg.dev/spinnaker-community/docker/clouddriver:7.3.1-20210302010157 | gcr.io/spinnaker-marketplace/clouddriver:7.3.1-20210302010157 | ghcr.io/spinnaker/clouddriver:7.3.1-20210302010157 | repo1.maven.org/maven2/io/spinnaker/clouddriver/clouddriver-web/7.3.1-20210302010157/	no		CLAIM-S3-015
1.25.1	2021-03-02	front50	0.26.2-20210216140019	none	us-docker.pkg.dev/spinnaker-community/docker/front50:0.26.2-20210216140019 | gcr.io/spinnaker-marketplace/front50:0.26.2-20210216140019 | ghcr.io/spinnaker/front50:0.26.2-20210216140019 | repo1.maven.org/maven2/io/spinnaker/front50/front50-web/0.26.2-20210216140019/	no		CLAIM-S3-015
1.25.1	2021-03-02	echo	2.16.0-20210208200018	none	us-docker.pkg.dev/spinnaker-community/docker/echo:2.16.0-20210208200018 | gcr.io/spinnaker-marketplace/echo:2.16.0-20210208200018 | ghcr.io/spinnaker/echo:2.16.0-20210208200018 | repo1.maven.org/maven2/io/spinnaker/echo/echo-web/2.16.0-20210208200018/	no		CLAIM-S3-015
1.25.1	2021-03-02	igor	1.15.0-20210208200018	none	us-docker.pkg.dev/spinnaker-community/docker/igor:1.15.0-20210208200018 | gcr.io/spinnaker-marketplace/igor:1.15.0-20210208200018 | ghcr.io/spinnaker/igor:1.15.0-20210208200018 | repo1.maven.org/maven2/io/spinnaker/igor/igor-web/1.15.0-20210208200018/	no		CLAIM-S3-015
1.25.1	2021-03-02	fiat	1.15.0-20210211170021	none	us-docker.pkg.dev/spinnaker-community/docker/fiat:1.15.0-20210211170021 | gcr.io/spinnaker-marketplace/fiat:1.15.0-20210211170021 | ghcr.io/spinnaker/fiat:1.15.0-20210211170021 | repo1.maven.org/maven2/io/spinnaker/fiat/fiat-web/1.15.0-20210211170021/	no		CLAIM-S3-015
1.25.1	2021-03-02	rosco	0.24.0-20210210110018	none	us-docker.pkg.dev/spinnaker-community/docker/rosco:0.24.0-20210210110018 | gcr.io/spinnaker-marketplace/rosco:0.24.0-20210210110018 | ghcr.io/spinnaker/rosco:0.24.0-20210210110018 | repo1.maven.org/maven2/io/spinnaker/rosco/rosco-web/0.24.0-20210210110018/	no		CLAIM-S3-015
1.25.1	2021-03-02	kayenta	0.20.0-20210203140017	none	us-docker.pkg.dev/spinnaker-community/docker/kayenta:0.20.0-20210203140017 | gcr.io/spinnaker-marketplace/kayenta:0.20.0-20210203140017 | ghcr.io/spinnaker/kayenta:0.20.0-20210203140017 | repo1.maven.org/maven2/io/spinnaker/kayenta/kayenta-web/0.20.0-20210203140017/	no		CLAIM-S3-015
1.25.1	2021-03-02	keel	-	not-pinned	-	n/a		CLAIM-S3-006
1.25.2	2021-03-09	gate	1.21.0-20210215200018	none	us-docker.pkg.dev/spinnaker-community/docker/gate:1.21.0-20210215200018 | gcr.io/spinnaker-marketplace/gate:1.21.0-20210215200018 | ghcr.io/spinnaker/gate:1.21.0-20210215200018 | repo1.maven.org/maven2/io/spinnaker/gate/gate-web/1.21.0-20210215200018/	no		CLAIM-S3-015
1.25.2	2021-03-09	orca	2.19.0-20210209140018	none	us-docker.pkg.dev/spinnaker-community/docker/orca:2.19.0-20210209140018 | gcr.io/spinnaker-marketplace/orca:2.19.0-20210209140018 | ghcr.io/spinnaker/orca:2.19.0-20210209140018 | repo1.maven.org/maven2/io/spinnaker/orca/orca-web/2.19.0-20210209140018/	no		CLAIM-S3-015
1.25.2	2021-03-09	clouddriver	7.3.2-20210309014831	none	us-docker.pkg.dev/spinnaker-community/docker/clouddriver:7.3.2-20210309014831 | gcr.io/spinnaker-marketplace/clouddriver:7.3.2-20210309014831 | ghcr.io/spinnaker/clouddriver:7.3.2-20210309014831 | repo1.maven.org/maven2/io/spinnaker/clouddriver/clouddriver-web/7.3.2-20210309014831/	no		CLAIM-S3-015
1.25.2	2021-03-09	front50	0.26.2-20210216140019	none	us-docker.pkg.dev/spinnaker-community/docker/front50:0.26.2-20210216140019 | gcr.io/spinnaker-marketplace/front50:0.26.2-20210216140019 | ghcr.io/spinnaker/front50:0.26.2-20210216140019 | repo1.maven.org/maven2/io/spinnaker/front50/front50-web/0.26.2-20210216140019/	no		CLAIM-S3-015
1.25.2	2021-03-09	echo	2.16.0-20210208200018	none	us-docker.pkg.dev/spinnaker-community/docker/echo:2.16.0-20210208200018 | gcr.io/spinnaker-marketplace/echo:2.16.0-20210208200018 | ghcr.io/spinnaker/echo:2.16.0-20210208200018 | repo1.maven.org/maven2/io/spinnaker/echo/echo-web/2.16.0-20210208200018/	no		CLAIM-S3-015
1.25.2	2021-03-09	igor	1.15.0-20210208200018	none	us-docker.pkg.dev/spinnaker-community/docker/igor:1.15.0-20210208200018 | gcr.io/spinnaker-marketplace/igor:1.15.0-20210208200018 | ghcr.io/spinnaker/igor:1.15.0-20210208200018 | repo1.maven.org/maven2/io/spinnaker/igor/igor-web/1.15.0-20210208200018/	no		CLAIM-S3-015
1.25.2	2021-03-09	fiat	1.15.0-20210211170021	none	us-docker.pkg.dev/spinnaker-community/docker/fiat:1.15.0-20210211170021 | gcr.io/spinnaker-marketplace/fiat:1.15.0-20210211170021 | ghcr.io/spinnaker/fiat:1.15.0-20210211170021 | repo1.maven.org/maven2/io/spinnaker/fiat/fiat-web/1.15.0-20210211170021/	no		CLAIM-S3-015
1.25.2	2021-03-09	rosco	0.24.0-20210210110018	none	us-docker.pkg.dev/spinnaker-community/docker/rosco:0.24.0-20210210110018 | gcr.io/spinnaker-marketplace/rosco:0.24.0-20210210110018 | ghcr.io/spinnaker/rosco:0.24.0-20210210110018 | repo1.maven.org/maven2/io/spinnaker/rosco/rosco-web/0.24.0-20210210110018/	no		CLAIM-S3-015
1.25.2	2021-03-09	kayenta	0.20.0-20210203140017	none	us-docker.pkg.dev/spinnaker-community/docker/kayenta:0.20.0-20210203140017 | gcr.io/spinnaker-marketplace/kayenta:0.20.0-20210203140017 | ghcr.io/spinnaker/kayenta:0.20.0-20210203140017 | repo1.maven.org/maven2/io/spinnaker/kayenta/kayenta-web/0.20.0-20210203140017/	no		CLAIM-S3-015
1.25.2	2021-03-09	keel	-	not-pinned	-	n/a		CLAIM-S3-006
1.25.3	2021-03-22	gate	1.21.0-20210215200018	none	us-docker.pkg.dev/spinnaker-community/docker/gate:1.21.0-20210215200018 | gcr.io/spinnaker-marketplace/gate:1.21.0-20210215200018 | ghcr.io/spinnaker/gate:1.21.0-20210215200018 | repo1.maven.org/maven2/io/spinnaker/gate/gate-web/1.21.0-20210215200018/	no		CLAIM-S3-015
1.25.3	2021-03-22	orca	2.19.0-20210209140018	none	us-docker.pkg.dev/spinnaker-community/docker/orca:2.19.0-20210209140018 | gcr.io/spinnaker-marketplace/orca:2.19.0-20210209140018 | ghcr.io/spinnaker/orca:2.19.0-20210209140018 | repo1.maven.org/maven2/io/spinnaker/orca/orca-web/2.19.0-20210209140018/	no		CLAIM-S3-015
1.25.3	2021-03-22	clouddriver	7.3.3-20210322155326	none	us-docker.pkg.dev/spinnaker-community/docker/clouddriver:7.3.3-20210322155326 | gcr.io/spinnaker-marketplace/clouddriver:7.3.3-20210322155326 | ghcr.io/spinnaker/clouddriver:7.3.3-20210322155326 | repo1.maven.org/maven2/io/spinnaker/clouddriver/clouddriver-web/7.3.3-20210322155326/	no		CLAIM-S3-015
1.25.3	2021-03-22	front50	0.26.2-20210216140019	none	us-docker.pkg.dev/spinnaker-community/docker/front50:0.26.2-20210216140019 | gcr.io/spinnaker-marketplace/front50:0.26.2-20210216140019 | ghcr.io/spinnaker/front50:0.26.2-20210216140019 | repo1.maven.org/maven2/io/spinnaker/front50/front50-web/0.26.2-20210216140019/	no		CLAIM-S3-015
1.25.3	2021-03-22	echo	2.16.0-20210208200018	none	us-docker.pkg.dev/spinnaker-community/docker/echo:2.16.0-20210208200018 | gcr.io/spinnaker-marketplace/echo:2.16.0-20210208200018 | ghcr.io/spinnaker/echo:2.16.0-20210208200018 | repo1.maven.org/maven2/io/spinnaker/echo/echo-web/2.16.0-20210208200018/	no		CLAIM-S3-015
1.25.3	2021-03-22	igor	1.15.0-20210208200018	none	us-docker.pkg.dev/spinnaker-community/docker/igor:1.15.0-20210208200018 | gcr.io/spinnaker-marketplace/igor:1.15.0-20210208200018 | ghcr.io/spinnaker/igor:1.15.0-20210208200018 | repo1.maven.org/maven2/io/spinnaker/igor/igor-web/1.15.0-20210208200018/	no		CLAIM-S3-015
1.25.3	2021-03-22	fiat	1.15.0-20210211170021	none	us-docker.pkg.dev/spinnaker-community/docker/fiat:1.15.0-20210211170021 | gcr.io/spinnaker-marketplace/fiat:1.15.0-20210211170021 | ghcr.io/spinnaker/fiat:1.15.0-20210211170021 | repo1.maven.org/maven2/io/spinnaker/fiat/fiat-web/1.15.0-20210211170021/	no		CLAIM-S3-015
1.25.3	2021-03-22	rosco	0.24.0-20210210110018	none	us-docker.pkg.dev/spinnaker-community/docker/rosco:0.24.0-20210210110018 | gcr.io/spinnaker-marketplace/rosco:0.24.0-20210210110018 | ghcr.io/spinnaker/rosco:0.24.0-20210210110018 | repo1.maven.org/maven2/io/spinnaker/rosco/rosco-web/0.24.0-20210210110018/	no		CLAIM-S3-015
1.25.3	2021-03-22	kayenta	0.20.0-20210203140017	none	us-docker.pkg.dev/spinnaker-community/docker/kayenta:0.20.0-20210203140017 | gcr.io/spinnaker-marketplace/kayenta:0.20.0-20210203140017 | ghcr.io/spinnaker/kayenta:0.20.0-20210203140017 | repo1.maven.org/maven2/io/spinnaker/kayenta/kayenta-web/0.20.0-20210203140017/	no		CLAIM-S3-015
1.25.3	2021-03-22	keel	-	not-pinned	-	n/a		CLAIM-S3-006
1.25.4	2021-03-30	gate	1.21.0-20210215200018	none	us-docker.pkg.dev/spinnaker-community/docker/gate:1.21.0-20210215200018 | gcr.io/spinnaker-marketplace/gate:1.21.0-20210215200018 | ghcr.io/spinnaker/gate:1.21.0-20210215200018 | repo1.maven.org/maven2/io/spinnaker/gate/gate-web/1.21.0-20210215200018/	no		CLAIM-S3-015
1.25.4	2021-03-30	orca	2.19.0-20210209140018	none	us-docker.pkg.dev/spinnaker-community/docker/orca:2.19.0-20210209140018 | gcr.io/spinnaker-marketplace/orca:2.19.0-20210209140018 | ghcr.io/spinnaker/orca:2.19.0-20210209140018 | repo1.maven.org/maven2/io/spinnaker/orca/orca-web/2.19.0-20210209140018/	no		CLAIM-S3-015
1.25.4	2021-03-30	clouddriver	7.3.3-20210322155326	none	us-docker.pkg.dev/spinnaker-community/docker/clouddriver:7.3.3-20210322155326 | gcr.io/spinnaker-marketplace/clouddriver:7.3.3-20210322155326 | ghcr.io/spinnaker/clouddriver:7.3.3-20210322155326 | repo1.maven.org/maven2/io/spinnaker/clouddriver/clouddriver-web/7.3.3-20210322155326/	no		CLAIM-S3-015
1.25.4	2021-03-30	front50	0.26.2-20210216140019	none	us-docker.pkg.dev/spinnaker-community/docker/front50:0.26.2-20210216140019 | gcr.io/spinnaker-marketplace/front50:0.26.2-20210216140019 | ghcr.io/spinnaker/front50:0.26.2-20210216140019 | repo1.maven.org/maven2/io/spinnaker/front50/front50-web/0.26.2-20210216140019/	no		CLAIM-S3-015
1.25.4	2021-03-30	echo	2.16.0-20210208200018	none	us-docker.pkg.dev/spinnaker-community/docker/echo:2.16.0-20210208200018 | gcr.io/spinnaker-marketplace/echo:2.16.0-20210208200018 | ghcr.io/spinnaker/echo:2.16.0-20210208200018 | repo1.maven.org/maven2/io/spinnaker/echo/echo-web/2.16.0-20210208200018/	no		CLAIM-S3-015
1.25.4	2021-03-30	igor	1.15.0-20210208200018	none	us-docker.pkg.dev/spinnaker-community/docker/igor:1.15.0-20210208200018 | gcr.io/spinnaker-marketplace/igor:1.15.0-20210208200018 | ghcr.io/spinnaker/igor:1.15.0-20210208200018 | repo1.maven.org/maven2/io/spinnaker/igor/igor-web/1.15.0-20210208200018/	no		CLAIM-S3-015
1.25.4	2021-03-30	fiat	1.15.0-20210211170021	none	us-docker.pkg.dev/spinnaker-community/docker/fiat:1.15.0-20210211170021 | gcr.io/spinnaker-marketplace/fiat:1.15.0-20210211170021 | ghcr.io/spinnaker/fiat:1.15.0-20210211170021 | repo1.maven.org/maven2/io/spinnaker/fiat/fiat-web/1.15.0-20210211170021/	no		CLAIM-S3-015
1.25.4	2021-03-30	rosco	0.24.0-20210210110018	none	us-docker.pkg.dev/spinnaker-community/docker/rosco:0.24.0-20210210110018 | gcr.io/spinnaker-marketplace/rosco:0.24.0-20210210110018 | ghcr.io/spinnaker/rosco:0.24.0-20210210110018 | repo1.maven.org/maven2/io/spinnaker/rosco/rosco-web/0.24.0-20210210110018/	no		CLAIM-S3-015
1.25.4	2021-03-30	kayenta	0.20.0-20210203140017	none	us-docker.pkg.dev/spinnaker-community/docker/kayenta:0.20.0-20210203140017 | gcr.io/spinnaker-marketplace/kayenta:0.20.0-20210203140017 | ghcr.io/spinnaker/kayenta:0.20.0-20210203140017 | repo1.maven.org/maven2/io/spinnaker/kayenta/kayenta-web/0.20.0-20210203140017/	no		CLAIM-S3-015
1.25.4	2021-03-30	keel	-	not-pinned	-	n/a		CLAIM-S3-006
1.25.5	2021-05-26	gate	1.21.0-20210215200018	none	us-docker.pkg.dev/spinnaker-community/docker/gate:1.21.0-20210215200018 | gcr.io/spinnaker-marketplace/gate:1.21.0-20210215200018 | ghcr.io/spinnaker/gate:1.21.0-20210215200018 | repo1.maven.org/maven2/io/spinnaker/gate/gate-web/1.21.0-20210215200018/	no		CLAIM-S3-015
1.25.5	2021-05-26	orca	2.19.1-20210526040021	none	us-docker.pkg.dev/spinnaker-community/docker/orca:2.19.1-20210526040021 | gcr.io/spinnaker-marketplace/orca:2.19.1-20210526040021 | ghcr.io/spinnaker/orca:2.19.1-20210526040021 | repo1.maven.org/maven2/io/spinnaker/orca/orca-web/2.19.1-20210526040021/	no		CLAIM-S3-015
1.25.5	2021-05-26	clouddriver	7.3.3-20210322155326	none	us-docker.pkg.dev/spinnaker-community/docker/clouddriver:7.3.3-20210322155326 | gcr.io/spinnaker-marketplace/clouddriver:7.3.3-20210322155326 | ghcr.io/spinnaker/clouddriver:7.3.3-20210322155326 | repo1.maven.org/maven2/io/spinnaker/clouddriver/clouddriver-web/7.3.3-20210322155326/	no		CLAIM-S3-015
1.25.5	2021-05-26	front50	0.26.2-20210216140019	none	us-docker.pkg.dev/spinnaker-community/docker/front50:0.26.2-20210216140019 | gcr.io/spinnaker-marketplace/front50:0.26.2-20210216140019 | ghcr.io/spinnaker/front50:0.26.2-20210216140019 | repo1.maven.org/maven2/io/spinnaker/front50/front50-web/0.26.2-20210216140019/	no		CLAIM-S3-015
1.25.5	2021-05-26	echo	2.16.0-20210208200018	none	us-docker.pkg.dev/spinnaker-community/docker/echo:2.16.0-20210208200018 | gcr.io/spinnaker-marketplace/echo:2.16.0-20210208200018 | ghcr.io/spinnaker/echo:2.16.0-20210208200018 | repo1.maven.org/maven2/io/spinnaker/echo/echo-web/2.16.0-20210208200018/	no		CLAIM-S3-015
1.25.5	2021-05-26	igor	1.15.0-20210208200018	none	us-docker.pkg.dev/spinnaker-community/docker/igor:1.15.0-20210208200018 | gcr.io/spinnaker-marketplace/igor:1.15.0-20210208200018 | ghcr.io/spinnaker/igor:1.15.0-20210208200018 | repo1.maven.org/maven2/io/spinnaker/igor/igor-web/1.15.0-20210208200018/	no		CLAIM-S3-015
1.25.5	2021-05-26	fiat	1.15.0-20210211170021	none	us-docker.pkg.dev/spinnaker-community/docker/fiat:1.15.0-20210211170021 | gcr.io/spinnaker-marketplace/fiat:1.15.0-20210211170021 | ghcr.io/spinnaker/fiat:1.15.0-20210211170021 | repo1.maven.org/maven2/io/spinnaker/fiat/fiat-web/1.15.0-20210211170021/	no		CLAIM-S3-015
1.25.5	2021-05-26	rosco	0.24.1-20210526040021	none	us-docker.pkg.dev/spinnaker-community/docker/rosco:0.24.1-20210526040021 | gcr.io/spinnaker-marketplace/rosco:0.24.1-20210526040021 | ghcr.io/spinnaker/rosco:0.24.1-20210526040021 | repo1.maven.org/maven2/io/spinnaker/rosco/rosco-web/0.24.1-20210526040021/	no		CLAIM-S3-015
1.25.5	2021-05-26	kayenta	0.20.0-20210203140017	none	us-docker.pkg.dev/spinnaker-community/docker/kayenta:0.20.0-20210203140017 | gcr.io/spinnaker-marketplace/kayenta:0.20.0-20210203140017 | ghcr.io/spinnaker/kayenta:0.20.0-20210203140017 | repo1.maven.org/maven2/io/spinnaker/kayenta/kayenta-web/0.20.0-20210203140017/	no		CLAIM-S3-015
1.25.5	2021-05-26	keel	-	not-pinned	-	n/a		CLAIM-S3-006
1.25.6	2021-06-14	gate	1.21.0-20210215200018	none	us-docker.pkg.dev/spinnaker-community/docker/gate:1.21.0-20210215200018 | gcr.io/spinnaker-marketplace/gate:1.21.0-20210215200018 | ghcr.io/spinnaker/gate:1.21.0-20210215200018 | repo1.maven.org/maven2/io/spinnaker/gate/gate-web/1.21.0-20210215200018/	no		CLAIM-S3-015
1.25.6	2021-06-14	orca	2.19.1-20210526040021	none	us-docker.pkg.dev/spinnaker-community/docker/orca:2.19.1-20210526040021 | gcr.io/spinnaker-marketplace/orca:2.19.1-20210526040021 | ghcr.io/spinnaker/orca:2.19.1-20210526040021 | repo1.maven.org/maven2/io/spinnaker/orca/orca-web/2.19.1-20210526040021/	no		CLAIM-S3-015
1.25.6	2021-06-14	clouddriver	7.3.4-20210613221539	none	us-docker.pkg.dev/spinnaker-community/docker/clouddriver:7.3.4-20210613221539 | gcr.io/spinnaker-marketplace/clouddriver:7.3.4-20210613221539 | ghcr.io/spinnaker/clouddriver:7.3.4-20210613221539 | repo1.maven.org/maven2/io/spinnaker/clouddriver/clouddriver-web/7.3.4-20210613221539/	no		CLAIM-S3-015
1.25.6	2021-06-14	front50	0.26.2-20210216140019	none	us-docker.pkg.dev/spinnaker-community/docker/front50:0.26.2-20210216140019 | gcr.io/spinnaker-marketplace/front50:0.26.2-20210216140019 | ghcr.io/spinnaker/front50:0.26.2-20210216140019 | repo1.maven.org/maven2/io/spinnaker/front50/front50-web/0.26.2-20210216140019/	no		CLAIM-S3-015
1.25.6	2021-06-14	echo	2.16.0-20210208200018	none	us-docker.pkg.dev/spinnaker-community/docker/echo:2.16.0-20210208200018 | gcr.io/spinnaker-marketplace/echo:2.16.0-20210208200018 | ghcr.io/spinnaker/echo:2.16.0-20210208200018 | repo1.maven.org/maven2/io/spinnaker/echo/echo-web/2.16.0-20210208200018/	no		CLAIM-S3-015
1.25.6	2021-06-14	igor	1.15.0-20210208200018	none	us-docker.pkg.dev/spinnaker-community/docker/igor:1.15.0-20210208200018 | gcr.io/spinnaker-marketplace/igor:1.15.0-20210208200018 | ghcr.io/spinnaker/igor:1.15.0-20210208200018 | repo1.maven.org/maven2/io/spinnaker/igor/igor-web/1.15.0-20210208200018/	no		CLAIM-S3-015
1.25.6	2021-06-14	fiat	1.15.0-20210211170021	none	us-docker.pkg.dev/spinnaker-community/docker/fiat:1.15.0-20210211170021 | gcr.io/spinnaker-marketplace/fiat:1.15.0-20210211170021 | ghcr.io/spinnaker/fiat:1.15.0-20210211170021 | repo1.maven.org/maven2/io/spinnaker/fiat/fiat-web/1.15.0-20210211170021/	no		CLAIM-S3-015
1.25.6	2021-06-14	rosco	0.24.1-20210526040021	none	us-docker.pkg.dev/spinnaker-community/docker/rosco:0.24.1-20210526040021 | gcr.io/spinnaker-marketplace/rosco:0.24.1-20210526040021 | ghcr.io/spinnaker/rosco:0.24.1-20210526040021 | repo1.maven.org/maven2/io/spinnaker/rosco/rosco-web/0.24.1-20210526040021/	no		CLAIM-S3-015
1.25.6	2021-06-14	kayenta	0.20.0-20210203140017	none	us-docker.pkg.dev/spinnaker-community/docker/kayenta:0.20.0-20210203140017 | gcr.io/spinnaker-marketplace/kayenta:0.20.0-20210203140017 | ghcr.io/spinnaker/kayenta:0.20.0-20210203140017 | repo1.maven.org/maven2/io/spinnaker/kayenta/kayenta-web/0.20.0-20210203140017/	no		CLAIM-S3-015
1.25.6	2021-06-14	keel	-	not-pinned	-	n/a		CLAIM-S3-006
1.25.7	2021-06-26	gate	1.21.0-20210215200018	none	us-docker.pkg.dev/spinnaker-community/docker/gate:1.21.0-20210215200018 | gcr.io/spinnaker-marketplace/gate:1.21.0-20210215200018 | ghcr.io/spinnaker/gate:1.21.0-20210215200018 | repo1.maven.org/maven2/io/spinnaker/gate/gate-web/1.21.0-20210215200018/	no		CLAIM-S3-015
1.25.7	2021-06-26	orca	2.19.1-20210526040021	none	us-docker.pkg.dev/spinnaker-community/docker/orca:2.19.1-20210526040021 | gcr.io/spinnaker-marketplace/orca:2.19.1-20210526040021 | ghcr.io/spinnaker/orca:2.19.1-20210526040021 | repo1.maven.org/maven2/io/spinnaker/orca/orca-web/2.19.1-20210526040021/	no		CLAIM-S3-015
1.25.7	2021-06-26	clouddriver	7.3.5-20210626040020	none	us-docker.pkg.dev/spinnaker-community/docker/clouddriver:7.3.5-20210626040020 | gcr.io/spinnaker-marketplace/clouddriver:7.3.5-20210626040020 | ghcr.io/spinnaker/clouddriver:7.3.5-20210626040020 | repo1.maven.org/maven2/io/spinnaker/clouddriver/clouddriver-web/7.3.5-20210626040020/	no		CLAIM-S3-015
1.25.7	2021-06-26	front50	0.26.2-20210216140019	none	us-docker.pkg.dev/spinnaker-community/docker/front50:0.26.2-20210216140019 | gcr.io/spinnaker-marketplace/front50:0.26.2-20210216140019 | ghcr.io/spinnaker/front50:0.26.2-20210216140019 | repo1.maven.org/maven2/io/spinnaker/front50/front50-web/0.26.2-20210216140019/	no		CLAIM-S3-015
1.25.7	2021-06-26	echo	2.16.0-20210208200018	none	us-docker.pkg.dev/spinnaker-community/docker/echo:2.16.0-20210208200018 | gcr.io/spinnaker-marketplace/echo:2.16.0-20210208200018 | ghcr.io/spinnaker/echo:2.16.0-20210208200018 | repo1.maven.org/maven2/io/spinnaker/echo/echo-web/2.16.0-20210208200018/	no		CLAIM-S3-015
1.25.7	2021-06-26	igor	1.15.0-20210208200018	none	us-docker.pkg.dev/spinnaker-community/docker/igor:1.15.0-20210208200018 | gcr.io/spinnaker-marketplace/igor:1.15.0-20210208200018 | ghcr.io/spinnaker/igor:1.15.0-20210208200018 | repo1.maven.org/maven2/io/spinnaker/igor/igor-web/1.15.0-20210208200018/	no		CLAIM-S3-015
1.25.7	2021-06-26	fiat	1.15.0-20210211170021	none	us-docker.pkg.dev/spinnaker-community/docker/fiat:1.15.0-20210211170021 | gcr.io/spinnaker-marketplace/fiat:1.15.0-20210211170021 | ghcr.io/spinnaker/fiat:1.15.0-20210211170021 | repo1.maven.org/maven2/io/spinnaker/fiat/fiat-web/1.15.0-20210211170021/	no		CLAIM-S3-015
1.25.7	2021-06-26	rosco	0.24.1-20210526040021	none	us-docker.pkg.dev/spinnaker-community/docker/rosco:0.24.1-20210526040021 | gcr.io/spinnaker-marketplace/rosco:0.24.1-20210526040021 | ghcr.io/spinnaker/rosco:0.24.1-20210526040021 | repo1.maven.org/maven2/io/spinnaker/rosco/rosco-web/0.24.1-20210526040021/	no		CLAIM-S3-015
1.25.7	2021-06-26	kayenta	0.20.0-20210203140017	none	us-docker.pkg.dev/spinnaker-community/docker/kayenta:0.20.0-20210203140017 | gcr.io/spinnaker-marketplace/kayenta:0.20.0-20210203140017 | ghcr.io/spinnaker/kayenta:0.20.0-20210203140017 | repo1.maven.org/maven2/io/spinnaker/kayenta/kayenta-web/0.20.0-20210203140017/	no		CLAIM-S3-015
1.25.7	2021-06-26	keel	-	not-pinned	-	n/a		CLAIM-S3-006
1.25.8	2021-12-15	gate	1.21.1-20211214191852	none	us-docker.pkg.dev/spinnaker-community/docker/gate:1.21.1-20211214191852 | gcr.io/spinnaker-marketplace/gate:1.21.1-20211214191852 | ghcr.io/spinnaker/gate:1.21.1-20211214191852 | repo1.maven.org/maven2/io/spinnaker/gate/gate-web/1.21.1-20211214191852/	no		CLAIM-S3-015
1.25.8	2021-12-15	orca	2.19.1-20210526040021	none	us-docker.pkg.dev/spinnaker-community/docker/orca:2.19.1-20210526040021 | gcr.io/spinnaker-marketplace/orca:2.19.1-20210526040021 | ghcr.io/spinnaker/orca:2.19.1-20210526040021 | repo1.maven.org/maven2/io/spinnaker/orca/orca-web/2.19.1-20210526040021/	no		CLAIM-S3-015
1.25.8	2021-12-15	clouddriver	7.3.5-20210626040020	none	us-docker.pkg.dev/spinnaker-community/docker/clouddriver:7.3.5-20210626040020 | gcr.io/spinnaker-marketplace/clouddriver:7.3.5-20210626040020 | ghcr.io/spinnaker/clouddriver:7.3.5-20210626040020 | repo1.maven.org/maven2/io/spinnaker/clouddriver/clouddriver-web/7.3.5-20210626040020/	no		CLAIM-S3-015
1.25.8	2021-12-15	front50	0.26.2-20210216140019	none	us-docker.pkg.dev/spinnaker-community/docker/front50:0.26.2-20210216140019 | gcr.io/spinnaker-marketplace/front50:0.26.2-20210216140019 | ghcr.io/spinnaker/front50:0.26.2-20210216140019 | repo1.maven.org/maven2/io/spinnaker/front50/front50-web/0.26.2-20210216140019/	no		CLAIM-S3-015
1.25.8	2021-12-15	echo	2.16.0-20210208200018	none	us-docker.pkg.dev/spinnaker-community/docker/echo:2.16.0-20210208200018 | gcr.io/spinnaker-marketplace/echo:2.16.0-20210208200018 | ghcr.io/spinnaker/echo:2.16.0-20210208200018 | repo1.maven.org/maven2/io/spinnaker/echo/echo-web/2.16.0-20210208200018/	no		CLAIM-S3-015
1.25.8	2021-12-15	igor	1.15.0-20210208200018	none	us-docker.pkg.dev/spinnaker-community/docker/igor:1.15.0-20210208200018 | gcr.io/spinnaker-marketplace/igor:1.15.0-20210208200018 | ghcr.io/spinnaker/igor:1.15.0-20210208200018 | repo1.maven.org/maven2/io/spinnaker/igor/igor-web/1.15.0-20210208200018/	no		CLAIM-S3-015
1.25.8	2021-12-15	fiat	1.15.0-20210211170021	none	us-docker.pkg.dev/spinnaker-community/docker/fiat:1.15.0-20210211170021 | gcr.io/spinnaker-marketplace/fiat:1.15.0-20210211170021 | ghcr.io/spinnaker/fiat:1.15.0-20210211170021 | repo1.maven.org/maven2/io/spinnaker/fiat/fiat-web/1.15.0-20210211170021/	no		CLAIM-S3-015
1.25.8	2021-12-15	rosco	0.24.1-20210526040021	none	us-docker.pkg.dev/spinnaker-community/docker/rosco:0.24.1-20210526040021 | gcr.io/spinnaker-marketplace/rosco:0.24.1-20210526040021 | ghcr.io/spinnaker/rosco:0.24.1-20210526040021 | repo1.maven.org/maven2/io/spinnaker/rosco/rosco-web/0.24.1-20210526040021/	no		CLAIM-S3-015
1.25.8	2021-12-15	kayenta	0.20.0-20210203140017	none	us-docker.pkg.dev/spinnaker-community/docker/kayenta:0.20.0-20210203140017 | gcr.io/spinnaker-marketplace/kayenta:0.20.0-20210203140017 | ghcr.io/spinnaker/kayenta:0.20.0-20210203140017 | repo1.maven.org/maven2/io/spinnaker/kayenta/kayenta-web/0.20.0-20210203140017/	no		CLAIM-S3-015
1.25.8	2021-12-15	keel	-	not-pinned	-	n/a		CLAIM-S3-006
1.26.0	2021-04-23	gate	1.22.0-20210422230020	none	us-docker.pkg.dev/spinnaker-community/docker/gate:1.22.0-20210422230020 | gcr.io/spinnaker-marketplace/gate:1.22.0-20210422230020 | ghcr.io/spinnaker/gate:1.22.0-20210422230020 | repo1.maven.org/maven2/io/spinnaker/gate/gate-web/1.22.0-20210422230020/	no		CLAIM-S3-015
1.26.0	2021-04-23	orca	2.20.0-20210422230020	none	us-docker.pkg.dev/spinnaker-community/docker/orca:2.20.0-20210422230020 | gcr.io/spinnaker-marketplace/orca:2.20.0-20210422230020 | ghcr.io/spinnaker/orca:2.20.0-20210422230020 | repo1.maven.org/maven2/io/spinnaker/orca/orca-web/2.20.0-20210422230020/	no		CLAIM-S3-015
1.26.0	2021-04-23	clouddriver	8.0.0-20210422230020	none	us-docker.pkg.dev/spinnaker-community/docker/clouddriver:8.0.0-20210422230020 | gcr.io/spinnaker-marketplace/clouddriver:8.0.0-20210422230020 | ghcr.io/spinnaker/clouddriver:8.0.0-20210422230020 | repo1.maven.org/maven2/io/spinnaker/clouddriver/clouddriver-web/8.0.0-20210422230020/	no		CLAIM-S3-015
1.26.0	2021-04-23	front50	0.27.0-20210422230020	none	us-docker.pkg.dev/spinnaker-community/docker/front50:0.27.0-20210422230020 | gcr.io/spinnaker-marketplace/front50:0.27.0-20210422230020 | ghcr.io/spinnaker/front50:0.27.0-20210422230020 | repo1.maven.org/maven2/io/spinnaker/front50/front50-web/0.27.0-20210422230020/	no		CLAIM-S3-015
1.26.0	2021-04-23	echo	2.17.0-20210422230020	none	us-docker.pkg.dev/spinnaker-community/docker/echo:2.17.0-20210422230020 | gcr.io/spinnaker-marketplace/echo:2.17.0-20210422230020 | ghcr.io/spinnaker/echo:2.17.0-20210422230020 | repo1.maven.org/maven2/io/spinnaker/echo/echo-web/2.17.0-20210422230020/	no		CLAIM-S3-015
1.26.0	2021-04-23	igor	1.16.0-20210422230020	none	us-docker.pkg.dev/spinnaker-community/docker/igor:1.16.0-20210422230020 | gcr.io/spinnaker-marketplace/igor:1.16.0-20210422230020 | ghcr.io/spinnaker/igor:1.16.0-20210422230020 | repo1.maven.org/maven2/io/spinnaker/igor/igor-web/1.16.0-20210422230020/	no		CLAIM-S3-015
1.26.0	2021-04-23	fiat	1.16.0-20210422230020	none	us-docker.pkg.dev/spinnaker-community/docker/fiat:1.16.0-20210422230020 | gcr.io/spinnaker-marketplace/fiat:1.16.0-20210422230020 | ghcr.io/spinnaker/fiat:1.16.0-20210422230020 | repo1.maven.org/maven2/io/spinnaker/fiat/fiat-web/1.16.0-20210422230020/	no		CLAIM-S3-015
1.26.0	2021-04-23	rosco	0.25.0-20210422230020	none	us-docker.pkg.dev/spinnaker-community/docker/rosco:0.25.0-20210422230020 | gcr.io/spinnaker-marketplace/rosco:0.25.0-20210422230020 | ghcr.io/spinnaker/rosco:0.25.0-20210422230020 | repo1.maven.org/maven2/io/spinnaker/rosco/rosco-web/0.25.0-20210422230020/	no		CLAIM-S3-015
1.26.0	2021-04-23	kayenta	0.21.0-20210322140019	none	us-docker.pkg.dev/spinnaker-community/docker/kayenta:0.21.0-20210322140019 | gcr.io/spinnaker-marketplace/kayenta:0.21.0-20210322140019 | ghcr.io/spinnaker/kayenta:0.21.0-20210322140019 | repo1.maven.org/maven2/io/spinnaker/kayenta/kayenta-web/0.21.0-20210322140019/	no		CLAIM-S3-015
1.26.0	2021-04-23	keel	-	not-pinned	-	n/a		CLAIM-S3-006
1.26.1	2021-04-29	gate	1.22.0-20210422230020	none	us-docker.pkg.dev/spinnaker-community/docker/gate:1.22.0-20210422230020 | gcr.io/spinnaker-marketplace/gate:1.22.0-20210422230020 | ghcr.io/spinnaker/gate:1.22.0-20210422230020 | repo1.maven.org/maven2/io/spinnaker/gate/gate-web/1.22.0-20210422230020/	no		CLAIM-S3-015
1.26.1	2021-04-29	orca	2.20.0-20210422230020	none	us-docker.pkg.dev/spinnaker-community/docker/orca:2.20.0-20210422230020 | gcr.io/spinnaker-marketplace/orca:2.20.0-20210422230020 | ghcr.io/spinnaker/orca:2.20.0-20210422230020 | repo1.maven.org/maven2/io/spinnaker/orca/orca-web/2.20.0-20210422230020/	no		CLAIM-S3-015
1.26.1	2021-04-29	clouddriver	8.0.0-20210422230020	none	us-docker.pkg.dev/spinnaker-community/docker/clouddriver:8.0.0-20210422230020 | gcr.io/spinnaker-marketplace/clouddriver:8.0.0-20210422230020 | ghcr.io/spinnaker/clouddriver:8.0.0-20210422230020 | repo1.maven.org/maven2/io/spinnaker/clouddriver/clouddriver-web/8.0.0-20210422230020/	no		CLAIM-S3-015
1.26.1	2021-04-29	front50	0.27.0-20210422230020	none	us-docker.pkg.dev/spinnaker-community/docker/front50:0.27.0-20210422230020 | gcr.io/spinnaker-marketplace/front50:0.27.0-20210422230020 | ghcr.io/spinnaker/front50:0.27.0-20210422230020 | repo1.maven.org/maven2/io/spinnaker/front50/front50-web/0.27.0-20210422230020/	no		CLAIM-S3-015
1.26.1	2021-04-29	echo	2.17.1-20210429125836	none	us-docker.pkg.dev/spinnaker-community/docker/echo:2.17.1-20210429125836 | gcr.io/spinnaker-marketplace/echo:2.17.1-20210429125836 | ghcr.io/spinnaker/echo:2.17.1-20210429125836 | repo1.maven.org/maven2/io/spinnaker/echo/echo-web/2.17.1-20210429125836/	no		CLAIM-S3-015
1.26.1	2021-04-29	igor	1.16.0-20210422230020	none	us-docker.pkg.dev/spinnaker-community/docker/igor:1.16.0-20210422230020 | gcr.io/spinnaker-marketplace/igor:1.16.0-20210422230020 | ghcr.io/spinnaker/igor:1.16.0-20210422230020 | repo1.maven.org/maven2/io/spinnaker/igor/igor-web/1.16.0-20210422230020/	no		CLAIM-S3-015
1.26.1	2021-04-29	fiat	1.16.0-20210422230020	none	us-docker.pkg.dev/spinnaker-community/docker/fiat:1.16.0-20210422230020 | gcr.io/spinnaker-marketplace/fiat:1.16.0-20210422230020 | ghcr.io/spinnaker/fiat:1.16.0-20210422230020 | repo1.maven.org/maven2/io/spinnaker/fiat/fiat-web/1.16.0-20210422230020/	no		CLAIM-S3-015
1.26.1	2021-04-29	rosco	0.25.0-20210422230020	none	us-docker.pkg.dev/spinnaker-community/docker/rosco:0.25.0-20210422230020 | gcr.io/spinnaker-marketplace/rosco:0.25.0-20210422230020 | ghcr.io/spinnaker/rosco:0.25.0-20210422230020 | repo1.maven.org/maven2/io/spinnaker/rosco/rosco-web/0.25.0-20210422230020/	no		CLAIM-S3-015
1.26.1	2021-04-29	kayenta	0.21.0-20210322140019	none	us-docker.pkg.dev/spinnaker-community/docker/kayenta:0.21.0-20210322140019 | gcr.io/spinnaker-marketplace/kayenta:0.21.0-20210322140019 | ghcr.io/spinnaker/kayenta:0.21.0-20210322140019 | repo1.maven.org/maven2/io/spinnaker/kayenta/kayenta-web/0.21.0-20210322140019/	no		CLAIM-S3-015
1.26.1	2021-04-29	keel	-	not-pinned	-	n/a		CLAIM-S3-006
1.26.2	2021-05-03	gate	1.22.0-20210422230020	none	us-docker.pkg.dev/spinnaker-community/docker/gate:1.22.0-20210422230020 | gcr.io/spinnaker-marketplace/gate:1.22.0-20210422230020 | ghcr.io/spinnaker/gate:1.22.0-20210422230020 | repo1.maven.org/maven2/io/spinnaker/gate/gate-web/1.22.0-20210422230020/	no		CLAIM-S3-015
1.26.2	2021-05-03	orca	2.20.0-20210422230020	none	us-docker.pkg.dev/spinnaker-community/docker/orca:2.20.0-20210422230020 | gcr.io/spinnaker-marketplace/orca:2.20.0-20210422230020 | ghcr.io/spinnaker/orca:2.20.0-20210422230020 | repo1.maven.org/maven2/io/spinnaker/orca/orca-web/2.20.0-20210422230020/	no		CLAIM-S3-015
1.26.2	2021-05-03	clouddriver	8.0.1-20210503180817	none	us-docker.pkg.dev/spinnaker-community/docker/clouddriver:8.0.1-20210503180817 | gcr.io/spinnaker-marketplace/clouddriver:8.0.1-20210503180817 | ghcr.io/spinnaker/clouddriver:8.0.1-20210503180817 | repo1.maven.org/maven2/io/spinnaker/clouddriver/clouddriver-web/8.0.1-20210503180817/	no		CLAIM-S3-015
1.26.2	2021-05-03	front50	0.27.0-20210422230020	none	us-docker.pkg.dev/spinnaker-community/docker/front50:0.27.0-20210422230020 | gcr.io/spinnaker-marketplace/front50:0.27.0-20210422230020 | ghcr.io/spinnaker/front50:0.27.0-20210422230020 | repo1.maven.org/maven2/io/spinnaker/front50/front50-web/0.27.0-20210422230020/	no		CLAIM-S3-015
1.26.2	2021-05-03	echo	2.17.1-20210429125836	none	us-docker.pkg.dev/spinnaker-community/docker/echo:2.17.1-20210429125836 | gcr.io/spinnaker-marketplace/echo:2.17.1-20210429125836 | ghcr.io/spinnaker/echo:2.17.1-20210429125836 | repo1.maven.org/maven2/io/spinnaker/echo/echo-web/2.17.1-20210429125836/	no		CLAIM-S3-015
1.26.2	2021-05-03	igor	1.16.0-20210422230020	none	us-docker.pkg.dev/spinnaker-community/docker/igor:1.16.0-20210422230020 | gcr.io/spinnaker-marketplace/igor:1.16.0-20210422230020 | ghcr.io/spinnaker/igor:1.16.0-20210422230020 | repo1.maven.org/maven2/io/spinnaker/igor/igor-web/1.16.0-20210422230020/	no		CLAIM-S3-015
1.26.2	2021-05-03	fiat	1.16.0-20210422230020	none	us-docker.pkg.dev/spinnaker-community/docker/fiat:1.16.0-20210422230020 | gcr.io/spinnaker-marketplace/fiat:1.16.0-20210422230020 | ghcr.io/spinnaker/fiat:1.16.0-20210422230020 | repo1.maven.org/maven2/io/spinnaker/fiat/fiat-web/1.16.0-20210422230020/	no		CLAIM-S3-015
1.26.2	2021-05-03	rosco	0.25.0-20210422230020	none	us-docker.pkg.dev/spinnaker-community/docker/rosco:0.25.0-20210422230020 | gcr.io/spinnaker-marketplace/rosco:0.25.0-20210422230020 | ghcr.io/spinnaker/rosco:0.25.0-20210422230020 | repo1.maven.org/maven2/io/spinnaker/rosco/rosco-web/0.25.0-20210422230020/	no		CLAIM-S3-015
1.26.2	2021-05-03	kayenta	0.21.0-20210322140019	none	us-docker.pkg.dev/spinnaker-community/docker/kayenta:0.21.0-20210322140019 | gcr.io/spinnaker-marketplace/kayenta:0.21.0-20210322140019 | ghcr.io/spinnaker/kayenta:0.21.0-20210322140019 | repo1.maven.org/maven2/io/spinnaker/kayenta/kayenta-web/0.21.0-20210322140019/	no		CLAIM-S3-015
1.26.2	2021-05-03	keel	-	not-pinned	-	n/a		CLAIM-S3-006
1.26.3	2021-05-13	gate	1.22.0-20210422230020	none	us-docker.pkg.dev/spinnaker-community/docker/gate:1.22.0-20210422230020 | gcr.io/spinnaker-marketplace/gate:1.22.0-20210422230020 | ghcr.io/spinnaker/gate:1.22.0-20210422230020 | repo1.maven.org/maven2/io/spinnaker/gate/gate-web/1.22.0-20210422230020/	no		CLAIM-S3-015
1.26.3	2021-05-13	orca	2.20.1-20210508020019	none	us-docker.pkg.dev/spinnaker-community/docker/orca:2.20.1-20210508020019 | gcr.io/spinnaker-marketplace/orca:2.20.1-20210508020019 | ghcr.io/spinnaker/orca:2.20.1-20210508020019 | repo1.maven.org/maven2/io/spinnaker/orca/orca-web/2.20.1-20210508020019/	no		CLAIM-S3-015
1.26.3	2021-05-13	clouddriver	8.0.2-20210512020020	none	us-docker.pkg.dev/spinnaker-community/docker/clouddriver:8.0.2-20210512020020 | gcr.io/spinnaker-marketplace/clouddriver:8.0.2-20210512020020 | ghcr.io/spinnaker/clouddriver:8.0.2-20210512020020 | repo1.maven.org/maven2/io/spinnaker/clouddriver/clouddriver-web/8.0.2-20210512020020/	no		CLAIM-S3-015
1.26.3	2021-05-13	front50	0.27.0-20210422230020	none	us-docker.pkg.dev/spinnaker-community/docker/front50:0.27.0-20210422230020 | gcr.io/spinnaker-marketplace/front50:0.27.0-20210422230020 | ghcr.io/spinnaker/front50:0.27.0-20210422230020 | repo1.maven.org/maven2/io/spinnaker/front50/front50-web/0.27.0-20210422230020/	no		CLAIM-S3-015
1.26.3	2021-05-13	echo	2.17.1-20210429125836	none	us-docker.pkg.dev/spinnaker-community/docker/echo:2.17.1-20210429125836 | gcr.io/spinnaker-marketplace/echo:2.17.1-20210429125836 | ghcr.io/spinnaker/echo:2.17.1-20210429125836 | repo1.maven.org/maven2/io/spinnaker/echo/echo-web/2.17.1-20210429125836/	no		CLAIM-S3-015
1.26.3	2021-05-13	igor	1.16.0-20210422230020	none	us-docker.pkg.dev/spinnaker-community/docker/igor:1.16.0-20210422230020 | gcr.io/spinnaker-marketplace/igor:1.16.0-20210422230020 | ghcr.io/spinnaker/igor:1.16.0-20210422230020 | repo1.maven.org/maven2/io/spinnaker/igor/igor-web/1.16.0-20210422230020/	no		CLAIM-S3-015
1.26.3	2021-05-13	fiat	1.16.0-20210422230020	none	us-docker.pkg.dev/spinnaker-community/docker/fiat:1.16.0-20210422230020 | gcr.io/spinnaker-marketplace/fiat:1.16.0-20210422230020 | ghcr.io/spinnaker/fiat:1.16.0-20210422230020 | repo1.maven.org/maven2/io/spinnaker/fiat/fiat-web/1.16.0-20210422230020/	no		CLAIM-S3-015
1.26.3	2021-05-13	rosco	0.25.0-20210422230020	none	us-docker.pkg.dev/spinnaker-community/docker/rosco:0.25.0-20210422230020 | gcr.io/spinnaker-marketplace/rosco:0.25.0-20210422230020 | ghcr.io/spinnaker/rosco:0.25.0-20210422230020 | repo1.maven.org/maven2/io/spinnaker/rosco/rosco-web/0.25.0-20210422230020/	no		CLAIM-S3-015
1.26.3	2021-05-13	kayenta	0.21.0-20210322140019	none	us-docker.pkg.dev/spinnaker-community/docker/kayenta:0.21.0-20210322140019 | gcr.io/spinnaker-marketplace/kayenta:0.21.0-20210322140019 | ghcr.io/spinnaker/kayenta:0.21.0-20210322140019 | repo1.maven.org/maven2/io/spinnaker/kayenta/kayenta-web/0.21.0-20210322140019/	no		CLAIM-S3-015
1.26.3	2021-05-13	keel	-	not-pinned	-	n/a		CLAIM-S3-006
1.26.4	2021-06-14	gate	1.22.1-20210603020019	none	us-docker.pkg.dev/spinnaker-community/docker/gate:1.22.1-20210603020019 | gcr.io/spinnaker-marketplace/gate:1.22.1-20210603020019 | ghcr.io/spinnaker/gate:1.22.1-20210603020019 | repo1.maven.org/maven2/io/spinnaker/gate/gate-web/1.22.1-20210603020019/	no		CLAIM-S3-015
1.26.4	2021-06-14	orca	2.20.2-20210526020021	none	us-docker.pkg.dev/spinnaker-community/docker/orca:2.20.2-20210526020021 | gcr.io/spinnaker-marketplace/orca:2.20.2-20210526020021 | ghcr.io/spinnaker/orca:2.20.2-20210526020021 | repo1.maven.org/maven2/io/spinnaker/orca/orca-web/2.20.2-20210526020021/	no		CLAIM-S3-015
1.26.4	2021-06-14	clouddriver	8.0.3-20210614020020	none	us-docker.pkg.dev/spinnaker-community/docker/clouddriver:8.0.3-20210614020020 | gcr.io/spinnaker-marketplace/clouddriver:8.0.3-20210614020020 | ghcr.io/spinnaker/clouddriver:8.0.3-20210614020020 | repo1.maven.org/maven2/io/spinnaker/clouddriver/clouddriver-web/8.0.3-20210614020020/	no		CLAIM-S3-015
1.26.4	2021-06-14	front50	0.27.0-20210422230020	none	us-docker.pkg.dev/spinnaker-community/docker/front50:0.27.0-20210422230020 | gcr.io/spinnaker-marketplace/front50:0.27.0-20210422230020 | ghcr.io/spinnaker/front50:0.27.0-20210422230020 | repo1.maven.org/maven2/io/spinnaker/front50/front50-web/0.27.0-20210422230020/	no		CLAIM-S3-015
1.26.4	2021-06-14	echo	2.17.1-20210429125836	none	us-docker.pkg.dev/spinnaker-community/docker/echo:2.17.1-20210429125836 | gcr.io/spinnaker-marketplace/echo:2.17.1-20210429125836 | ghcr.io/spinnaker/echo:2.17.1-20210429125836 | repo1.maven.org/maven2/io/spinnaker/echo/echo-web/2.17.1-20210429125836/	no		CLAIM-S3-015
1.26.4	2021-06-14	igor	1.16.0-20210422230020	none	us-docker.pkg.dev/spinnaker-community/docker/igor:1.16.0-20210422230020 | gcr.io/spinnaker-marketplace/igor:1.16.0-20210422230020 | ghcr.io/spinnaker/igor:1.16.0-20210422230020 | repo1.maven.org/maven2/io/spinnaker/igor/igor-web/1.16.0-20210422230020/	no		CLAIM-S3-015
1.26.4	2021-06-14	fiat	1.16.0-20210422230020	none	us-docker.pkg.dev/spinnaker-community/docker/fiat:1.16.0-20210422230020 | gcr.io/spinnaker-marketplace/fiat:1.16.0-20210422230020 | ghcr.io/spinnaker/fiat:1.16.0-20210422230020 | repo1.maven.org/maven2/io/spinnaker/fiat/fiat-web/1.16.0-20210422230020/	no		CLAIM-S3-015
1.26.4	2021-06-14	rosco	0.25.0-20210422230020	none	us-docker.pkg.dev/spinnaker-community/docker/rosco:0.25.0-20210422230020 | gcr.io/spinnaker-marketplace/rosco:0.25.0-20210422230020 | ghcr.io/spinnaker/rosco:0.25.0-20210422230020 | repo1.maven.org/maven2/io/spinnaker/rosco/rosco-web/0.25.0-20210422230020/	no		CLAIM-S3-015
1.26.4	2021-06-14	kayenta	0.21.0-20210322140019	none	us-docker.pkg.dev/spinnaker-community/docker/kayenta:0.21.0-20210322140019 | gcr.io/spinnaker-marketplace/kayenta:0.21.0-20210322140019 | ghcr.io/spinnaker/kayenta:0.21.0-20210322140019 | repo1.maven.org/maven2/io/spinnaker/kayenta/kayenta-web/0.21.0-20210322140019/	no		CLAIM-S3-015
1.26.4	2021-06-14	keel	-	not-pinned	-	n/a		CLAIM-S3-006
1.26.5	2021-06-30	gate	1.22.1-20210603020019	none	us-docker.pkg.dev/spinnaker-community/docker/gate:1.22.1-20210603020019 | gcr.io/spinnaker-marketplace/gate:1.22.1-20210603020019 | ghcr.io/spinnaker/gate:1.22.1-20210603020019 | repo1.maven.org/maven2/io/spinnaker/gate/gate-web/1.22.1-20210603020019/	no		CLAIM-S3-015
1.26.5	2021-06-30	orca	2.20.3-20210630022216	none	us-docker.pkg.dev/spinnaker-community/docker/orca:2.20.3-20210630022216 | gcr.io/spinnaker-marketplace/orca:2.20.3-20210630022216 | ghcr.io/spinnaker/orca:2.20.3-20210630022216 | repo1.maven.org/maven2/io/spinnaker/orca/orca-web/2.20.3-20210630022216/	no		CLAIM-S3-015
1.26.5	2021-06-30	clouddriver	8.0.4-20210625060028	none	us-docker.pkg.dev/spinnaker-community/docker/clouddriver:8.0.4-20210625060028 | gcr.io/spinnaker-marketplace/clouddriver:8.0.4-20210625060028 | ghcr.io/spinnaker/clouddriver:8.0.4-20210625060028 | repo1.maven.org/maven2/io/spinnaker/clouddriver/clouddriver-web/8.0.4-20210625060028/	no		CLAIM-S3-015
1.26.5	2021-06-30	front50	0.27.1-20210625161956	none	us-docker.pkg.dev/spinnaker-community/docker/front50:0.27.1-20210625161956 | gcr.io/spinnaker-marketplace/front50:0.27.1-20210625161956 | ghcr.io/spinnaker/front50:0.27.1-20210625161956 | repo1.maven.org/maven2/io/spinnaker/front50/front50-web/0.27.1-20210625161956/	no		CLAIM-S3-015
1.26.5	2021-06-30	echo	2.17.1-20210429125836	none	us-docker.pkg.dev/spinnaker-community/docker/echo:2.17.1-20210429125836 | gcr.io/spinnaker-marketplace/echo:2.17.1-20210429125836 | ghcr.io/spinnaker/echo:2.17.1-20210429125836 | repo1.maven.org/maven2/io/spinnaker/echo/echo-web/2.17.1-20210429125836/	no		CLAIM-S3-015
1.26.5	2021-06-30	igor	1.16.0-20210422230020	none	us-docker.pkg.dev/spinnaker-community/docker/igor:1.16.0-20210422230020 | gcr.io/spinnaker-marketplace/igor:1.16.0-20210422230020 | ghcr.io/spinnaker/igor:1.16.0-20210422230020 | repo1.maven.org/maven2/io/spinnaker/igor/igor-web/1.16.0-20210422230020/	no		CLAIM-S3-015
1.26.5	2021-06-30	fiat	1.16.0-20210422230020	none	us-docker.pkg.dev/spinnaker-community/docker/fiat:1.16.0-20210422230020 | gcr.io/spinnaker-marketplace/fiat:1.16.0-20210422230020 | ghcr.io/spinnaker/fiat:1.16.0-20210422230020 | repo1.maven.org/maven2/io/spinnaker/fiat/fiat-web/1.16.0-20210422230020/	no		CLAIM-S3-015
1.26.5	2021-06-30	rosco	0.25.0-20210422230020	none	us-docker.pkg.dev/spinnaker-community/docker/rosco:0.25.0-20210422230020 | gcr.io/spinnaker-marketplace/rosco:0.25.0-20210422230020 | ghcr.io/spinnaker/rosco:0.25.0-20210422230020 | repo1.maven.org/maven2/io/spinnaker/rosco/rosco-web/0.25.0-20210422230020/	no		CLAIM-S3-015
1.26.5	2021-06-30	kayenta	0.21.0-20210322140019	none	us-docker.pkg.dev/spinnaker-community/docker/kayenta:0.21.0-20210322140019 | gcr.io/spinnaker-marketplace/kayenta:0.21.0-20210322140019 | ghcr.io/spinnaker/kayenta:0.21.0-20210322140019 | repo1.maven.org/maven2/io/spinnaker/kayenta/kayenta-web/0.21.0-20210322140019/	no		CLAIM-S3-015
1.26.5	2021-06-30	keel	-	not-pinned	-	n/a		CLAIM-S3-006
1.26.6	2021-06-30	gate	1.22.1-20210603020019	none	us-docker.pkg.dev/spinnaker-community/docker/gate:1.22.1-20210603020019 | gcr.io/spinnaker-marketplace/gate:1.22.1-20210603020019 | ghcr.io/spinnaker/gate:1.22.1-20210603020019 | repo1.maven.org/maven2/io/spinnaker/gate/gate-web/1.22.1-20210603020019/	no		CLAIM-S3-015
1.26.6	2021-06-30	orca	2.20.3-20210630022216	none	us-docker.pkg.dev/spinnaker-community/docker/orca:2.20.3-20210630022216 | gcr.io/spinnaker-marketplace/orca:2.20.3-20210630022216 | ghcr.io/spinnaker/orca:2.20.3-20210630022216 | repo1.maven.org/maven2/io/spinnaker/orca/orca-web/2.20.3-20210630022216/	no		CLAIM-S3-015
1.26.6	2021-06-30	clouddriver	8.0.4-20210625060028	none	us-docker.pkg.dev/spinnaker-community/docker/clouddriver:8.0.4-20210625060028 | gcr.io/spinnaker-marketplace/clouddriver:8.0.4-20210625060028 | ghcr.io/spinnaker/clouddriver:8.0.4-20210625060028 | repo1.maven.org/maven2/io/spinnaker/clouddriver/clouddriver-web/8.0.4-20210625060028/	no		CLAIM-S3-015
1.26.6	2021-06-30	front50	0.27.1-20210625161956	none	us-docker.pkg.dev/spinnaker-community/docker/front50:0.27.1-20210625161956 | gcr.io/spinnaker-marketplace/front50:0.27.1-20210625161956 | ghcr.io/spinnaker/front50:0.27.1-20210625161956 | repo1.maven.org/maven2/io/spinnaker/front50/front50-web/0.27.1-20210625161956/	no		CLAIM-S3-015
1.26.6	2021-06-30	echo	2.17.1-20210429125836	none	us-docker.pkg.dev/spinnaker-community/docker/echo:2.17.1-20210429125836 | gcr.io/spinnaker-marketplace/echo:2.17.1-20210429125836 | ghcr.io/spinnaker/echo:2.17.1-20210429125836 | repo1.maven.org/maven2/io/spinnaker/echo/echo-web/2.17.1-20210429125836/	no		CLAIM-S3-015
1.26.6	2021-06-30	igor	1.16.0-20210422230020	none	us-docker.pkg.dev/spinnaker-community/docker/igor:1.16.0-20210422230020 | gcr.io/spinnaker-marketplace/igor:1.16.0-20210422230020 | ghcr.io/spinnaker/igor:1.16.0-20210422230020 | repo1.maven.org/maven2/io/spinnaker/igor/igor-web/1.16.0-20210422230020/	no		CLAIM-S3-015
1.26.6	2021-06-30	fiat	1.16.0-20210422230020	none	us-docker.pkg.dev/spinnaker-community/docker/fiat:1.16.0-20210422230020 | gcr.io/spinnaker-marketplace/fiat:1.16.0-20210422230020 | ghcr.io/spinnaker/fiat:1.16.0-20210422230020 | repo1.maven.org/maven2/io/spinnaker/fiat/fiat-web/1.16.0-20210422230020/	no		CLAIM-S3-015
1.26.6	2021-06-30	rosco	0.25.0-20210422230020	none	us-docker.pkg.dev/spinnaker-community/docker/rosco:0.25.0-20210422230020 | gcr.io/spinnaker-marketplace/rosco:0.25.0-20210422230020 | ghcr.io/spinnaker/rosco:0.25.0-20210422230020 | repo1.maven.org/maven2/io/spinnaker/rosco/rosco-web/0.25.0-20210422230020/	no		CLAIM-S3-015
1.26.6	2021-06-30	kayenta	0.21.0-20210322140019	none	us-docker.pkg.dev/spinnaker-community/docker/kayenta:0.21.0-20210322140019 | gcr.io/spinnaker-marketplace/kayenta:0.21.0-20210322140019 | ghcr.io/spinnaker/kayenta:0.21.0-20210322140019 | repo1.maven.org/maven2/io/spinnaker/kayenta/kayenta-web/0.21.0-20210322140019/	no		CLAIM-S3-015
1.26.6	2021-06-30	keel	-	not-pinned	-	n/a		CLAIM-S3-006
1.26.7	2021-12-15	gate	1.22.2-20211214195244	none	us-docker.pkg.dev/spinnaker-community/docker/gate:1.22.2-20211214195244 | gcr.io/spinnaker-marketplace/gate:1.22.2-20211214195244 | ghcr.io/spinnaker/gate:1.22.2-20211214195244 | repo1.maven.org/maven2/io/spinnaker/gate/gate-web/1.22.2-20211214195244/	no		CLAIM-S3-015
1.26.7	2021-12-15	orca	2.20.3-20210630022216	none	us-docker.pkg.dev/spinnaker-community/docker/orca:2.20.3-20210630022216 | gcr.io/spinnaker-marketplace/orca:2.20.3-20210630022216 | ghcr.io/spinnaker/orca:2.20.3-20210630022216 | repo1.maven.org/maven2/io/spinnaker/orca/orca-web/2.20.3-20210630022216/	no		CLAIM-S3-015
1.26.7	2021-12-15	clouddriver	8.0.4-20210625060028	none	us-docker.pkg.dev/spinnaker-community/docker/clouddriver:8.0.4-20210625060028 | gcr.io/spinnaker-marketplace/clouddriver:8.0.4-20210625060028 | ghcr.io/spinnaker/clouddriver:8.0.4-20210625060028 | repo1.maven.org/maven2/io/spinnaker/clouddriver/clouddriver-web/8.0.4-20210625060028/	no		CLAIM-S3-015
1.26.7	2021-12-15	front50	0.27.1-20210625161956	none	us-docker.pkg.dev/spinnaker-community/docker/front50:0.27.1-20210625161956 | gcr.io/spinnaker-marketplace/front50:0.27.1-20210625161956 | ghcr.io/spinnaker/front50:0.27.1-20210625161956 | repo1.maven.org/maven2/io/spinnaker/front50/front50-web/0.27.1-20210625161956/	no		CLAIM-S3-015
1.26.7	2021-12-15	echo	2.17.1-20210429125836	none	us-docker.pkg.dev/spinnaker-community/docker/echo:2.17.1-20210429125836 | gcr.io/spinnaker-marketplace/echo:2.17.1-20210429125836 | ghcr.io/spinnaker/echo:2.17.1-20210429125836 | repo1.maven.org/maven2/io/spinnaker/echo/echo-web/2.17.1-20210429125836/	no		CLAIM-S3-015
1.26.7	2021-12-15	igor	1.16.0-20210422230020	none	us-docker.pkg.dev/spinnaker-community/docker/igor:1.16.0-20210422230020 | gcr.io/spinnaker-marketplace/igor:1.16.0-20210422230020 | ghcr.io/spinnaker/igor:1.16.0-20210422230020 | repo1.maven.org/maven2/io/spinnaker/igor/igor-web/1.16.0-20210422230020/	no		CLAIM-S3-015
1.26.7	2021-12-15	fiat	1.16.0-20210422230020	none	us-docker.pkg.dev/spinnaker-community/docker/fiat:1.16.0-20210422230020 | gcr.io/spinnaker-marketplace/fiat:1.16.0-20210422230020 | ghcr.io/spinnaker/fiat:1.16.0-20210422230020 | repo1.maven.org/maven2/io/spinnaker/fiat/fiat-web/1.16.0-20210422230020/	no		CLAIM-S3-015
1.26.7	2021-12-15	rosco	0.25.0-20210422230020	none	us-docker.pkg.dev/spinnaker-community/docker/rosco:0.25.0-20210422230020 | gcr.io/spinnaker-marketplace/rosco:0.25.0-20210422230020 | ghcr.io/spinnaker/rosco:0.25.0-20210422230020 | repo1.maven.org/maven2/io/spinnaker/rosco/rosco-web/0.25.0-20210422230020/	no		CLAIM-S3-015
1.26.7	2021-12-15	kayenta	0.21.0-20210322140019	none	us-docker.pkg.dev/spinnaker-community/docker/kayenta:0.21.0-20210322140019 | gcr.io/spinnaker-marketplace/kayenta:0.21.0-20210322140019 | ghcr.io/spinnaker/kayenta:0.21.0-20210322140019 | repo1.maven.org/maven2/io/spinnaker/kayenta/kayenta-web/0.21.0-20210322140019/	no		CLAIM-S3-015
1.26.7	2021-12-15	keel	-	not-pinned	-	n/a		CLAIM-S3-006
1.27.0	2022-04-29	gate	6.54.2	maven-jar	https://repo1.maven.org/maven2/io/spinnaker/gate/gate-web/6.54.2/gate-web-6.54.2.jar	yes		CLAIM-S3-014
1.27.0	2022-04-29	orca	8.18.4	maven-jar	https://repo1.maven.org/maven2/io/spinnaker/orca/orca-web/8.18.4/orca-web-8.18.4.jar	yes		CLAIM-S3-014
1.27.0	2022-04-29	clouddriver	5.74.3	maven-jar	https://repo1.maven.org/maven2/io/spinnaker/clouddriver/clouddriver-web/5.74.3/clouddriver-web-5.74.3.jar	yes		CLAIM-S3-014
1.27.0	2022-04-29	front50	2.23.3	maven-jar	https://repo1.maven.org/maven2/io/spinnaker/front50/front50-web/2.23.3/front50-web-2.23.3.jar	yes		CLAIM-S3-014
1.27.0	2022-04-29	echo	2.32.3	maven-jar	https://repo1.maven.org/maven2/io/spinnaker/echo/echo-web/2.32.3/echo-web-2.32.3.jar	yes		CLAIM-S3-014
1.27.0	2022-04-29	igor	4.6.4	maven-jar	https://repo1.maven.org/maven2/io/spinnaker/igor/igor-web/4.6.4/igor-web-4.6.4.jar	yes		CLAIM-S3-014
1.27.0	2022-04-29	fiat	1.28.4	maven-jar	https://repo1.maven.org/maven2/io/spinnaker/fiat/fiat-web/1.28.4/fiat-web-1.28.4.jar	yes		CLAIM-S3-014
1.27.0	2022-04-29	rosco	1.7.4	maven-jar	https://repo1.maven.org/maven2/io/spinnaker/rosco/rosco-web/1.7.4/rosco-web-1.7.4.jar	yes		CLAIM-S3-014
1.27.0	2022-04-29	kayenta	2.31.2	maven-jar	https://repo1.maven.org/maven2/io/spinnaker/kayenta/kayenta-web/2.31.2/kayenta-web-2.31.2.jar	yes		CLAIM-S3-014
1.27.0	2022-04-29	keel	-	not-pinned	-	n/a		CLAIM-S3-006
1.27.1	2022-08-18	gate	6.54.3	maven-jar	https://repo1.maven.org/maven2/io/spinnaker/gate/gate-web/6.54.3/gate-web-6.54.3.jar	yes		CLAIM-S3-014
1.27.1	2022-08-18	orca	8.18.5	maven-jar	https://repo1.maven.org/maven2/io/spinnaker/orca/orca-web/8.18.5/orca-web-8.18.5.jar	yes		CLAIM-S3-014
1.27.1	2022-08-18	clouddriver	5.74.4	maven-jar	https://repo1.maven.org/maven2/io/spinnaker/clouddriver/clouddriver-web/5.74.4/clouddriver-web-5.74.4.jar	yes		CLAIM-S3-014
1.27.1	2022-08-18	front50	2.23.4	maven-jar	https://repo1.maven.org/maven2/io/spinnaker/front50/front50-web/2.23.4/front50-web-2.23.4.jar	yes		CLAIM-S3-014
1.27.1	2022-08-18	echo	2.32.4	maven-jar	https://repo1.maven.org/maven2/io/spinnaker/echo/echo-web/2.32.4/echo-web-2.32.4.jar	yes		CLAIM-S3-014
1.27.1	2022-08-18	igor	4.6.5	maven-jar	https://repo1.maven.org/maven2/io/spinnaker/igor/igor-web/4.6.5/igor-web-4.6.5.jar	yes		CLAIM-S3-014
1.27.1	2022-08-18	fiat	1.28.5	maven-jar	https://repo1.maven.org/maven2/io/spinnaker/fiat/fiat-web/1.28.5/fiat-web-1.28.5.jar	yes		CLAIM-S3-014
1.27.1	2022-08-18	rosco	1.7.5	maven-jar	https://repo1.maven.org/maven2/io/spinnaker/rosco/rosco-web/1.7.5/rosco-web-1.7.5.jar	yes		CLAIM-S3-014
1.27.1	2022-08-18	kayenta	2.31.3	maven-jar	https://repo1.maven.org/maven2/io/spinnaker/kayenta/kayenta-web/2.31.3/kayenta-web-2.31.3.jar	yes		CLAIM-S3-014
1.27.1	2022-08-18	keel	-	not-pinned	-	n/a		CLAIM-S3-006
1.27.2	2022-12-02	gate	6.54.6	maven-jar	https://repo1.maven.org/maven2/io/spinnaker/gate/gate-web/6.54.6/gate-web-6.54.6.jar	yes		CLAIM-S3-014
1.27.2	2022-12-02	orca	8.18.8	maven-jar	https://repo1.maven.org/maven2/io/spinnaker/orca/orca-web/8.18.8/orca-web-8.18.8.jar	yes		CLAIM-S3-014
1.27.2	2022-12-02	clouddriver	5.74.5	maven-jar	https://repo1.maven.org/maven2/io/spinnaker/clouddriver/clouddriver-web/5.74.5/clouddriver-web-5.74.5.jar	yes		CLAIM-S3-014
1.27.2	2022-12-02	front50	2.23.8	maven-jar	https://repo1.maven.org/maven2/io/spinnaker/front50/front50-web/2.23.8/front50-web-2.23.8.jar	yes		CLAIM-S3-014
1.27.2	2022-12-02	echo	2.32.5	maven-jar	https://repo1.maven.org/maven2/io/spinnaker/echo/echo-web/2.32.5/echo-web-2.32.5.jar	yes		CLAIM-S3-014
1.27.2	2022-12-02	igor	4.6.6	maven-jar	https://repo1.maven.org/maven2/io/spinnaker/igor/igor-web/4.6.6/igor-web-4.6.6.jar	yes		CLAIM-S3-014
1.27.2	2022-12-02	fiat	1.28.11	maven-jar	https://repo1.maven.org/maven2/io/spinnaker/fiat/fiat-web/1.28.11/fiat-web-1.28.11.jar	yes		CLAIM-S3-014
1.27.2	2022-12-02	rosco	1.7.6	maven-jar	https://repo1.maven.org/maven2/io/spinnaker/rosco/rosco-web/1.7.6/rosco-web-1.7.6.jar	yes		CLAIM-S3-014
1.27.2	2022-12-02	kayenta	2.31.4	maven-jar	https://repo1.maven.org/maven2/io/spinnaker/kayenta/kayenta-web/2.31.4/kayenta-web-2.31.4.jar	yes		CLAIM-S3-014
1.27.2	2022-12-02	keel	-	not-pinned	-	n/a		CLAIM-S3-006
1.27.3	2022-12-08	gate	6.54.6	maven-jar	https://repo1.maven.org/maven2/io/spinnaker/gate/gate-web/6.54.6/gate-web-6.54.6.jar	yes		CLAIM-S3-014
1.27.3	2022-12-08	orca	8.18.8	maven-jar	https://repo1.maven.org/maven2/io/spinnaker/orca/orca-web/8.18.8/orca-web-8.18.8.jar	yes		CLAIM-S3-014
1.27.3	2022-12-08	clouddriver	5.74.5	maven-jar	https://repo1.maven.org/maven2/io/spinnaker/clouddriver/clouddriver-web/5.74.5/clouddriver-web-5.74.5.jar	yes		CLAIM-S3-014
1.27.3	2022-12-08	front50	2.23.8	maven-jar	https://repo1.maven.org/maven2/io/spinnaker/front50/front50-web/2.23.8/front50-web-2.23.8.jar	yes		CLAIM-S3-014
1.27.3	2022-12-08	echo	2.32.5	maven-jar	https://repo1.maven.org/maven2/io/spinnaker/echo/echo-web/2.32.5/echo-web-2.32.5.jar	yes		CLAIM-S3-014
1.27.3	2022-12-08	igor	4.6.6	maven-jar	https://repo1.maven.org/maven2/io/spinnaker/igor/igor-web/4.6.6/igor-web-4.6.6.jar	yes		CLAIM-S3-014
1.27.3	2022-12-08	fiat	1.28.11	maven-jar	https://repo1.maven.org/maven2/io/spinnaker/fiat/fiat-web/1.28.11/fiat-web-1.28.11.jar	yes		CLAIM-S3-014
1.27.3	2022-12-08	rosco	1.7.7	maven-jar	https://repo1.maven.org/maven2/io/spinnaker/rosco/rosco-web/1.7.7/rosco-web-1.7.7.jar	yes		CLAIM-S3-014
1.27.3	2022-12-08	kayenta	2.31.4	maven-jar	https://repo1.maven.org/maven2/io/spinnaker/kayenta/kayenta-web/2.31.4/kayenta-web-2.31.4.jar	yes		CLAIM-S3-014
1.27.3	2022-12-08	keel	-	not-pinned	-	n/a		CLAIM-S3-006
1.27.4	2023-03-01	gate	6.54.7	maven-jar	https://repo1.maven.org/maven2/io/spinnaker/gate/gate-web/6.54.7/gate-web-6.54.7.jar	yes		CLAIM-S3-014
1.27.4	2023-03-01	orca	8.18.9	maven-jar	https://repo1.maven.org/maven2/io/spinnaker/orca/orca-web/8.18.9/orca-web-8.18.9.jar	yes		CLAIM-S3-014
1.27.4	2023-03-01	clouddriver	5.74.6	maven-jar	https://repo1.maven.org/maven2/io/spinnaker/clouddriver/clouddriver-web/5.74.6/clouddriver-web-5.74.6.jar	yes		CLAIM-S3-014
1.27.4	2023-03-01	front50	2.23.9	maven-jar	https://repo1.maven.org/maven2/io/spinnaker/front50/front50-web/2.23.9/front50-web-2.23.9.jar	yes		CLAIM-S3-014
1.27.4	2023-03-01	echo	2.32.6	container-image	us-docker.pkg.dev/spinnaker-community/docker/echo:2.32.6@sha256:41d58027bdec9b27112c046f687fca026ce09aff5a9b2e2cbc749bd56e01a9ff	yes		CLAIM-S3-011
1.27.4	2023-03-01	igor	4.6.7	maven-jar	https://repo1.maven.org/maven2/io/spinnaker/igor/igor-web/4.6.7/igor-web-4.6.7.jar	yes		CLAIM-S3-014
1.27.4	2023-03-01	fiat	1.28.12	maven-jar	https://repo1.maven.org/maven2/io/spinnaker/fiat/fiat-web/1.28.12/fiat-web-1.28.12.jar	yes		CLAIM-S3-014
1.27.4	2023-03-01	rosco	1.7.8	maven-jar	https://repo1.maven.org/maven2/io/spinnaker/rosco/rosco-web/1.7.8/rosco-web-1.7.8.jar	yes		CLAIM-S3-014
1.27.4	2023-03-01	kayenta	2.31.5	maven-jar	https://repo1.maven.org/maven2/io/spinnaker/kayenta/kayenta-web/2.31.5/kayenta-web-2.31.5.jar	yes		CLAIM-S3-014
1.27.4	2023-03-01	keel	-	not-pinned	-	n/a		CLAIM-S3-006
1.27.5	2023-03-28	gate	6.54.8	maven-jar	https://repo1.maven.org/maven2/io/spinnaker/gate/gate-web/6.54.8/gate-web-6.54.8.jar	yes		CLAIM-S3-014
1.27.5	2023-03-28	orca	8.18.10	maven-jar	https://repo1.maven.org/maven2/io/spinnaker/orca/orca-web/8.18.10/orca-web-8.18.10.jar	yes		CLAIM-S3-014
1.27.5	2023-03-28	clouddriver	5.74.7	maven-jar	https://repo1.maven.org/maven2/io/spinnaker/clouddriver/clouddriver-web/5.74.7/clouddriver-web-5.74.7.jar	yes		CLAIM-S3-014
1.27.5	2023-03-28	front50	2.23.10	maven-jar	https://repo1.maven.org/maven2/io/spinnaker/front50/front50-web/2.23.10/front50-web-2.23.10.jar	yes		CLAIM-S3-014
1.27.5	2023-03-28	echo	2.32.7	maven-jar	https://repo1.maven.org/maven2/io/spinnaker/echo/echo-web/2.32.7/echo-web-2.32.7.jar	yes		CLAIM-S3-014
1.27.5	2023-03-28	igor	4.6.8	maven-jar	https://repo1.maven.org/maven2/io/spinnaker/igor/igor-web/4.6.8/igor-web-4.6.8.jar	yes		CLAIM-S3-014
1.27.5	2023-03-28	fiat	1.28.13	maven-jar	https://repo1.maven.org/maven2/io/spinnaker/fiat/fiat-web/1.28.13/fiat-web-1.28.13.jar	yes		CLAIM-S3-014
1.27.5	2023-03-28	rosco	1.7.8	maven-jar	https://repo1.maven.org/maven2/io/spinnaker/rosco/rosco-web/1.7.8/rosco-web-1.7.8.jar	yes		CLAIM-S3-014
1.27.5	2023-03-28	kayenta	2.31.6	maven-jar	https://repo1.maven.org/maven2/io/spinnaker/kayenta/kayenta-web/2.31.6/kayenta-web-2.31.6.jar	yes		CLAIM-S3-014
1.27.5	2023-03-28	keel	-	not-pinned	-	n/a		CLAIM-S3-006
1.27.6	2023-06-01	gate	6.54.8	maven-jar	https://repo1.maven.org/maven2/io/spinnaker/gate/gate-web/6.54.8/gate-web-6.54.8.jar	yes		CLAIM-S3-014
1.27.6	2023-06-01	orca	8.18.11	maven-jar	https://repo1.maven.org/maven2/io/spinnaker/orca/orca-web/8.18.11/orca-web-8.18.11.jar	yes		CLAIM-S3-014
1.27.6	2023-06-01	clouddriver	5.74.8	maven-jar	https://repo1.maven.org/maven2/io/spinnaker/clouddriver/clouddriver-web/5.74.8/clouddriver-web-5.74.8.jar	yes		CLAIM-S3-014
1.27.6	2023-06-01	front50	2.23.10	maven-jar	https://repo1.maven.org/maven2/io/spinnaker/front50/front50-web/2.23.10/front50-web-2.23.10.jar	yes		CLAIM-S3-014
1.27.6	2023-06-01	echo	2.32.7	maven-jar	https://repo1.maven.org/maven2/io/spinnaker/echo/echo-web/2.32.7/echo-web-2.32.7.jar	yes		CLAIM-S3-014
1.27.6	2023-06-01	igor	4.6.8	maven-jar	https://repo1.maven.org/maven2/io/spinnaker/igor/igor-web/4.6.8/igor-web-4.6.8.jar	yes		CLAIM-S3-014
1.27.6	2023-06-01	fiat	1.28.13	maven-jar	https://repo1.maven.org/maven2/io/spinnaker/fiat/fiat-web/1.28.13/fiat-web-1.28.13.jar	yes		CLAIM-S3-014
1.27.6	2023-06-01	rosco	1.7.8	maven-jar	https://repo1.maven.org/maven2/io/spinnaker/rosco/rosco-web/1.7.8/rosco-web-1.7.8.jar	yes		CLAIM-S3-014
1.27.6	2023-06-01	kayenta	2.31.7	maven-jar	https://repo1.maven.org/maven2/io/spinnaker/kayenta/kayenta-web/2.31.7/kayenta-web-2.31.7.jar	yes		CLAIM-S3-014
1.27.6	2023-06-01	keel	-	not-pinned	-	n/a		CLAIM-S3-006
1.28.0	2022-08-23	gate	6.55.2	maven-jar	https://repo1.maven.org/maven2/io/spinnaker/gate/gate-web/6.55.2/gate-web-6.55.2.jar	yes		CLAIM-S3-014
1.28.0	2022-08-23	orca	8.24.2	maven-jar	https://repo1.maven.org/maven2/io/spinnaker/orca/orca-web/8.24.2/orca-web-8.24.2.jar	yes		CLAIM-S3-014
1.28.0	2022-08-23	clouddriver	5.76.2	maven-jar	https://repo1.maven.org/maven2/io/spinnaker/clouddriver/clouddriver-web/5.76.2/clouddriver-web-5.76.2.jar	yes		CLAIM-S3-014
1.28.0	2022-08-23	front50	2.25.2	maven-jar	https://repo1.maven.org/maven2/io/spinnaker/front50/front50-web/2.25.2/front50-web-2.25.2.jar	yes		CLAIM-S3-014
1.28.0	2022-08-23	echo	2.34.2	maven-jar	https://repo1.maven.org/maven2/io/spinnaker/echo/echo-web/2.34.2/echo-web-2.34.2.jar	yes		CLAIM-S3-014
1.28.0	2022-08-23	igor	4.7.2	maven-jar	https://repo1.maven.org/maven2/io/spinnaker/igor/igor-web/4.7.2/igor-web-4.7.2.jar	yes		CLAIM-S3-014
1.28.0	2022-08-23	fiat	1.31.2	maven-jar	https://repo1.maven.org/maven2/io/spinnaker/fiat/fiat-web/1.31.2/fiat-web-1.31.2.jar	yes		CLAIM-S3-014
1.28.0	2022-08-23	rosco	1.8.2	maven-jar	https://repo1.maven.org/maven2/io/spinnaker/rosco/rosco-web/1.8.2/rosco-web-1.8.2.jar	yes		CLAIM-S3-014
1.28.0	2022-08-23	kayenta	2.32.2	maven-jar	https://repo1.maven.org/maven2/io/spinnaker/kayenta/kayenta-web/2.32.2/kayenta-web-2.32.2.jar	yes		CLAIM-S3-014
1.28.0	2022-08-23	keel	-	not-pinned	-	n/a		CLAIM-S3-006
1.28.1	2022-08-23	gate	6.55.2	maven-jar	https://repo1.maven.org/maven2/io/spinnaker/gate/gate-web/6.55.2/gate-web-6.55.2.jar	yes		CLAIM-S3-014
1.28.1	2022-08-23	orca	8.24.2	maven-jar	https://repo1.maven.org/maven2/io/spinnaker/orca/orca-web/8.24.2/orca-web-8.24.2.jar	yes		CLAIM-S3-014
1.28.1	2022-08-23	clouddriver	5.76.2	maven-jar	https://repo1.maven.org/maven2/io/spinnaker/clouddriver/clouddriver-web/5.76.2/clouddriver-web-5.76.2.jar	yes		CLAIM-S3-014
1.28.1	2022-08-23	front50	2.25.2	maven-jar	https://repo1.maven.org/maven2/io/spinnaker/front50/front50-web/2.25.2/front50-web-2.25.2.jar	yes		CLAIM-S3-014
1.28.1	2022-08-23	echo	2.34.2	maven-jar	https://repo1.maven.org/maven2/io/spinnaker/echo/echo-web/2.34.2/echo-web-2.34.2.jar	yes		CLAIM-S3-014
1.28.1	2022-08-23	igor	4.7.2	maven-jar	https://repo1.maven.org/maven2/io/spinnaker/igor/igor-web/4.7.2/igor-web-4.7.2.jar	yes		CLAIM-S3-014
1.28.1	2022-08-23	fiat	1.31.2	maven-jar	https://repo1.maven.org/maven2/io/spinnaker/fiat/fiat-web/1.31.2/fiat-web-1.31.2.jar	yes		CLAIM-S3-014
1.28.1	2022-08-23	rosco	1.8.3	maven-jar	https://repo1.maven.org/maven2/io/spinnaker/rosco/rosco-web/1.8.3/rosco-web-1.8.3.jar	yes		CLAIM-S3-014
1.28.1	2022-08-23	kayenta	2.32.2	maven-jar	https://repo1.maven.org/maven2/io/spinnaker/kayenta/kayenta-web/2.32.2/kayenta-web-2.32.2.jar	yes		CLAIM-S3-014
1.28.1	2022-08-23	keel	-	not-pinned	-	n/a		CLAIM-S3-006
1.28.2	2022-12-06	gate	6.55.3	maven-jar	https://repo1.maven.org/maven2/io/spinnaker/gate/gate-web/6.55.3/gate-web-6.55.3.jar	yes		CLAIM-S3-014
1.28.2	2022-12-06	orca	8.24.4	maven-jar	https://repo1.maven.org/maven2/io/spinnaker/orca/orca-web/8.24.4/orca-web-8.24.4.jar	yes		CLAIM-S3-014
1.28.2	2022-12-06	clouddriver	5.76.3	maven-jar	https://repo1.maven.org/maven2/io/spinnaker/clouddriver/clouddriver-web/5.76.3/clouddriver-web-5.76.3.jar	yes		CLAIM-S3-014
1.28.2	2022-12-06	front50	2.25.3	maven-jar	https://repo1.maven.org/maven2/io/spinnaker/front50/front50-web/2.25.3/front50-web-2.25.3.jar	yes		CLAIM-S3-014
1.28.2	2022-12-06	echo	2.34.3	maven-jar	https://repo1.maven.org/maven2/io/spinnaker/echo/echo-web/2.34.3/echo-web-2.34.3.jar	yes		CLAIM-S3-014
1.28.2	2022-12-06	igor	4.7.3	maven-jar	https://repo1.maven.org/maven2/io/spinnaker/igor/igor-web/4.7.3/igor-web-4.7.3.jar	yes		CLAIM-S3-014
1.28.2	2022-12-06	fiat	1.31.3	maven-jar	https://repo1.maven.org/maven2/io/spinnaker/fiat/fiat-web/1.31.3/fiat-web-1.31.3.jar	yes		CLAIM-S3-014
1.28.2	2022-12-06	rosco	1.8.4	maven-jar	https://repo1.maven.org/maven2/io/spinnaker/rosco/rosco-web/1.8.4/rosco-web-1.8.4.jar	yes		CLAIM-S3-014
1.28.2	2022-12-06	kayenta	2.32.3	maven-jar	https://repo1.maven.org/maven2/io/spinnaker/kayenta/kayenta-web/2.32.3/kayenta-web-2.32.3.jar	yes		CLAIM-S3-014
1.28.2	2022-12-06	keel	-	not-pinned	-	n/a		CLAIM-S3-006
1.28.3	2022-12-06	gate	6.55.3	maven-jar	https://repo1.maven.org/maven2/io/spinnaker/gate/gate-web/6.55.3/gate-web-6.55.3.jar	yes		CLAIM-S3-014
1.28.3	2022-12-06	orca	8.24.4	maven-jar	https://repo1.maven.org/maven2/io/spinnaker/orca/orca-web/8.24.4/orca-web-8.24.4.jar	yes		CLAIM-S3-014
1.28.3	2022-12-06	clouddriver	5.76.3	maven-jar	https://repo1.maven.org/maven2/io/spinnaker/clouddriver/clouddriver-web/5.76.3/clouddriver-web-5.76.3.jar	yes		CLAIM-S3-014
1.28.3	2022-12-06	front50	2.25.3	maven-jar	https://repo1.maven.org/maven2/io/spinnaker/front50/front50-web/2.25.3/front50-web-2.25.3.jar	yes		CLAIM-S3-014
1.28.3	2022-12-06	echo	2.34.4	maven-jar	https://repo1.maven.org/maven2/io/spinnaker/echo/echo-web/2.34.4/echo-web-2.34.4.jar	yes		CLAIM-S3-014
1.28.3	2022-12-06	igor	4.7.3	maven-jar	https://repo1.maven.org/maven2/io/spinnaker/igor/igor-web/4.7.3/igor-web-4.7.3.jar	yes		CLAIM-S3-014
1.28.3	2022-12-06	fiat	1.31.3	maven-jar	https://repo1.maven.org/maven2/io/spinnaker/fiat/fiat-web/1.31.3/fiat-web-1.31.3.jar	yes		CLAIM-S3-014
1.28.3	2022-12-06	rosco	1.8.4	maven-jar	https://repo1.maven.org/maven2/io/spinnaker/rosco/rosco-web/1.8.4/rosco-web-1.8.4.jar	yes		CLAIM-S3-014
1.28.3	2022-12-06	kayenta	2.32.3	maven-jar	https://repo1.maven.org/maven2/io/spinnaker/kayenta/kayenta-web/2.32.3/kayenta-web-2.32.3.jar	yes		CLAIM-S3-014
1.28.3	2022-12-06	keel	-	not-pinned	-	n/a		CLAIM-S3-006
1.28.4	2022-12-08	gate	6.55.3	maven-jar	https://repo1.maven.org/maven2/io/spinnaker/gate/gate-web/6.55.3/gate-web-6.55.3.jar	yes		CLAIM-S3-014
1.28.4	2022-12-08	orca	8.24.4	maven-jar	https://repo1.maven.org/maven2/io/spinnaker/orca/orca-web/8.24.4/orca-web-8.24.4.jar	yes		CLAIM-S3-014
1.28.4	2022-12-08	clouddriver	5.76.3	maven-jar	https://repo1.maven.org/maven2/io/spinnaker/clouddriver/clouddriver-web/5.76.3/clouddriver-web-5.76.3.jar	yes		CLAIM-S3-014
1.28.4	2022-12-08	front50	2.25.3	maven-jar	https://repo1.maven.org/maven2/io/spinnaker/front50/front50-web/2.25.3/front50-web-2.25.3.jar	yes		CLAIM-S3-014
1.28.4	2022-12-08	echo	2.34.4	maven-jar	https://repo1.maven.org/maven2/io/spinnaker/echo/echo-web/2.34.4/echo-web-2.34.4.jar	yes		CLAIM-S3-014
1.28.4	2022-12-08	igor	4.7.3	maven-jar	https://repo1.maven.org/maven2/io/spinnaker/igor/igor-web/4.7.3/igor-web-4.7.3.jar	yes		CLAIM-S3-014
1.28.4	2022-12-08	fiat	1.31.3	maven-jar	https://repo1.maven.org/maven2/io/spinnaker/fiat/fiat-web/1.31.3/fiat-web-1.31.3.jar	yes		CLAIM-S3-014
1.28.4	2022-12-08	rosco	1.8.5	maven-jar	https://repo1.maven.org/maven2/io/spinnaker/rosco/rosco-web/1.8.5/rosco-web-1.8.5.jar	yes		CLAIM-S3-014
1.28.4	2022-12-08	kayenta	2.32.3	maven-jar	https://repo1.maven.org/maven2/io/spinnaker/kayenta/kayenta-web/2.32.3/kayenta-web-2.32.3.jar	yes		CLAIM-S3-014
1.28.4	2022-12-08	keel	-	not-pinned	-	n/a		CLAIM-S3-006
1.28.5	2023-03-03	gate	6.55.4	maven-jar	https://repo1.maven.org/maven2/io/spinnaker/gate/gate-web/6.55.4/gate-web-6.55.4.jar	yes		CLAIM-S3-014
1.28.5	2023-03-03	orca	8.24.5	maven-jar	https://repo1.maven.org/maven2/io/spinnaker/orca/orca-web/8.24.5/orca-web-8.24.5.jar	yes		CLAIM-S3-014
1.28.5	2023-03-03	clouddriver	5.76.4	maven-jar	https://repo1.maven.org/maven2/io/spinnaker/clouddriver/clouddriver-web/5.76.4/clouddriver-web-5.76.4.jar	yes		CLAIM-S3-014
1.28.5	2023-03-03	front50	2.25.4	maven-jar	https://repo1.maven.org/maven2/io/spinnaker/front50/front50-web/2.25.4/front50-web-2.25.4.jar	yes		CLAIM-S3-014
1.28.5	2023-03-03	echo	2.34.5	maven-jar	https://repo1.maven.org/maven2/io/spinnaker/echo/echo-web/2.34.5/echo-web-2.34.5.jar	yes		CLAIM-S3-014
1.28.5	2023-03-03	igor	4.7.4	maven-jar	https://repo1.maven.org/maven2/io/spinnaker/igor/igor-web/4.7.4/igor-web-4.7.4.jar	yes		CLAIM-S3-014
1.28.5	2023-03-03	fiat	1.31.4	maven-jar	https://repo1.maven.org/maven2/io/spinnaker/fiat/fiat-web/1.31.4/fiat-web-1.31.4.jar	yes		CLAIM-S3-014
1.28.5	2023-03-03	rosco	1.8.6	container-image	us-docker.pkg.dev/spinnaker-community/docker/rosco:1.8.6@sha256:a614a62e1fd176912836a51d910caa771152adde1e21f66e71f7531cc95a6218	yes		CLAIM-S3-011
1.28.5	2023-03-03	kayenta	2.32.4	maven-jar	https://repo1.maven.org/maven2/io/spinnaker/kayenta/kayenta-web/2.32.4/kayenta-web-2.32.4.jar	yes		CLAIM-S3-014
1.28.5	2023-03-03	keel	-	not-pinned	-	n/a		CLAIM-S3-006
1.28.6	2023-03-28	gate	6.55.5	container-image	us-docker.pkg.dev/spinnaker-community/docker/gate:6.55.5@sha256:a37e7ade95db58c0ad5dda8f68fd8cf9e9282b605c6fa901071f2034880033fe	yes		CLAIM-S3-011
1.28.6	2023-03-28	orca	8.24.6	maven-jar	https://repo1.maven.org/maven2/io/spinnaker/orca/orca-web/8.24.6/orca-web-8.24.6.jar	yes		CLAIM-S3-014
1.28.6	2023-03-28	clouddriver	5.76.5	maven-jar	https://repo1.maven.org/maven2/io/spinnaker/clouddriver/clouddriver-web/5.76.5/clouddriver-web-5.76.5.jar	yes		CLAIM-S3-014
1.28.6	2023-03-28	front50	2.25.5	container-image	us-docker.pkg.dev/spinnaker-community/docker/front50:2.25.5@sha256:445c9b7e7c631bad31dbf2803f38d54ed7a152c49599d86306acd293cbc2b11d	yes		CLAIM-S3-011
1.28.6	2023-03-28	echo	2.34.6	container-image	us-docker.pkg.dev/spinnaker-community/docker/echo:2.34.6@sha256:dd16ee2f82082e78738b3f1e9246fb26f9e6c6ccc1ee58b20ec2eaa11c7ad58c	yes		CLAIM-S3-011
1.28.6	2023-03-28	igor	4.7.5	container-image	us-docker.pkg.dev/spinnaker-community/docker/igor:4.7.5@sha256:35a3d9e6587f4c558776e96e80a9c8c4ccf8d15c71332ce8704b3620e6baccb0	yes		CLAIM-S3-011
1.28.6	2023-03-28	fiat	1.31.5	maven-jar	https://repo1.maven.org/maven2/io/spinnaker/fiat/fiat-web/1.31.5/fiat-web-1.31.5.jar	yes		CLAIM-S3-014
1.28.6	2023-03-28	rosco	1.8.6	container-image	us-docker.pkg.dev/spinnaker-community/docker/rosco:1.8.6@sha256:a614a62e1fd176912836a51d910caa771152adde1e21f66e71f7531cc95a6218	yes		CLAIM-S3-011
1.28.6	2023-03-28	kayenta	2.32.5	maven-jar	https://repo1.maven.org/maven2/io/spinnaker/kayenta/kayenta-web/2.32.5/kayenta-web-2.32.5.jar	yes		CLAIM-S3-014
1.28.6	2023-03-28	keel	-	not-pinned	-	n/a		CLAIM-S3-006
1.28.7	2023-06-01	gate	6.55.5	container-image	us-docker.pkg.dev/spinnaker-community/docker/gate:6.55.5@sha256:a37e7ade95db58c0ad5dda8f68fd8cf9e9282b605c6fa901071f2034880033fe	yes		CLAIM-S3-011
1.28.7	2023-06-01	orca	8.24.7	container-image	us-docker.pkg.dev/spinnaker-community/docker/orca:8.24.7@sha256:1ec5cadabeee7a9bc60d3b0790c9db105fa2f148866d7462651b64b755b242de	yes		CLAIM-S3-011
1.28.7	2023-06-01	clouddriver	5.76.6	container-image	us-docker.pkg.dev/spinnaker-community/docker/clouddriver:5.76.6@sha256:fa43c7523833fd4b1a218b7948f0215fc3d578f3c260e6eaa2e424e82307e48c	yes		CLAIM-S3-011
1.28.7	2023-06-01	front50	2.25.5	container-image	us-docker.pkg.dev/spinnaker-community/docker/front50:2.25.5@sha256:445c9b7e7c631bad31dbf2803f38d54ed7a152c49599d86306acd293cbc2b11d	yes		CLAIM-S3-011
1.28.7	2023-06-01	echo	2.34.6	container-image	us-docker.pkg.dev/spinnaker-community/docker/echo:2.34.6@sha256:dd16ee2f82082e78738b3f1e9246fb26f9e6c6ccc1ee58b20ec2eaa11c7ad58c	yes		CLAIM-S3-011
1.28.7	2023-06-01	igor	4.7.5	container-image	us-docker.pkg.dev/spinnaker-community/docker/igor:4.7.5@sha256:35a3d9e6587f4c558776e96e80a9c8c4ccf8d15c71332ce8704b3620e6baccb0	yes		CLAIM-S3-011
1.28.7	2023-06-01	fiat	1.31.5	maven-jar	https://repo1.maven.org/maven2/io/spinnaker/fiat/fiat-web/1.31.5/fiat-web-1.31.5.jar	yes		CLAIM-S3-014
1.28.7	2023-06-01	rosco	1.8.6	container-image	us-docker.pkg.dev/spinnaker-community/docker/rosco:1.8.6@sha256:a614a62e1fd176912836a51d910caa771152adde1e21f66e71f7531cc95a6218	yes		CLAIM-S3-011
1.28.7	2023-06-01	kayenta	2.32.6	container-image	us-docker.pkg.dev/spinnaker-community/docker/kayenta:2.32.6@sha256:c6729ecc76404bb224405efd9d3a0fe338c22472eb3d9cdaa76c252066e53618	yes		CLAIM-S3-011
1.28.7	2023-06-01	keel	-	not-pinned	-	n/a		CLAIM-S3-006
1.28.8	2024-02-02	gate	6.55.6	maven-jar	https://repo1.maven.org/maven2/io/spinnaker/gate/gate-web/6.55.6/gate-web-6.55.6.jar	yes		CLAIM-S3-014
1.28.8	2024-02-02	orca	8.24.8	maven-jar	https://repo1.maven.org/maven2/io/spinnaker/orca/orca-web/8.24.8/orca-web-8.24.8.jar	yes		CLAIM-S3-014
1.28.8	2024-02-02	clouddriver	5.76.7	maven-jar	https://repo1.maven.org/maven2/io/spinnaker/clouddriver/clouddriver-web/5.76.7/clouddriver-web-5.76.7.jar	yes		CLAIM-S3-014
1.28.8	2024-02-02	front50	2.25.6	maven-jar	https://repo1.maven.org/maven2/io/spinnaker/front50/front50-web/2.25.6/front50-web-2.25.6.jar	yes		CLAIM-S3-014
1.28.8	2024-02-02	echo	2.34.7	maven-jar	https://repo1.maven.org/maven2/io/spinnaker/echo/echo-web/2.34.7/echo-web-2.34.7.jar	yes		CLAIM-S3-014
1.28.8	2024-02-02	igor	4.7.6	maven-jar	https://repo1.maven.org/maven2/io/spinnaker/igor/igor-web/4.7.6/igor-web-4.7.6.jar	yes		CLAIM-S3-014
1.28.8	2024-02-02	fiat	1.31.6	maven-jar	https://repo1.maven.org/maven2/io/spinnaker/fiat/fiat-web/1.31.6/fiat-web-1.31.6.jar	yes		CLAIM-S3-014
1.28.8	2024-02-02	rosco	1.8.7	maven-jar	https://repo1.maven.org/maven2/io/spinnaker/rosco/rosco-web/1.8.7/rosco-web-1.8.7.jar	yes		CLAIM-S3-014
1.28.8	2024-02-02	kayenta	2.32.7	maven-jar	https://repo1.maven.org/maven2/io/spinnaker/kayenta/kayenta-web/2.32.7/kayenta-web-2.32.7.jar	yes		CLAIM-S3-014
1.28.8	2024-02-02	keel	-	not-pinned	-	n/a		CLAIM-S3-006
1.28.9	2024-05-08	gate	6.55.6	maven-jar	https://repo1.maven.org/maven2/io/spinnaker/gate/gate-web/6.55.6/gate-web-6.55.6.jar	yes		CLAIM-S3-014
1.28.9	2024-05-08	orca	8.24.9	maven-jar	https://repo1.maven.org/maven2/io/spinnaker/orca/orca-web/8.24.9/orca-web-8.24.9.jar	yes		CLAIM-S3-014
1.28.9	2024-05-08	clouddriver	5.76.8	maven-jar	https://repo1.maven.org/maven2/io/spinnaker/clouddriver/clouddriver-web/5.76.8/clouddriver-web-5.76.8.jar	yes		CLAIM-S3-014
1.28.9	2024-05-08	front50	2.25.6	maven-jar	https://repo1.maven.org/maven2/io/spinnaker/front50/front50-web/2.25.6/front50-web-2.25.6.jar	yes		CLAIM-S3-014
1.28.9	2024-05-08	echo	2.34.7	maven-jar	https://repo1.maven.org/maven2/io/spinnaker/echo/echo-web/2.34.7/echo-web-2.34.7.jar	yes		CLAIM-S3-014
1.28.9	2024-05-08	igor	4.7.6	maven-jar	https://repo1.maven.org/maven2/io/spinnaker/igor/igor-web/4.7.6/igor-web-4.7.6.jar	yes		CLAIM-S3-014
1.28.9	2024-05-08	fiat	1.31.6	maven-jar	https://repo1.maven.org/maven2/io/spinnaker/fiat/fiat-web/1.31.6/fiat-web-1.31.6.jar	yes		CLAIM-S3-014
1.28.9	2024-05-08	rosco	1.8.7	maven-jar	https://repo1.maven.org/maven2/io/spinnaker/rosco/rosco-web/1.8.7/rosco-web-1.8.7.jar	yes		CLAIM-S3-014
1.28.9	2024-05-08	kayenta	2.32.8	maven-jar	https://repo1.maven.org/maven2/io/spinnaker/kayenta/kayenta-web/2.32.8/kayenta-web-2.32.8.jar	yes		CLAIM-S3-014
1.28.9	2024-05-08	keel	-	not-pinned	-	n/a		CLAIM-S3-006
1.28.10	2024-08-09	gate	6.55.6	maven-jar	https://repo1.maven.org/maven2/io/spinnaker/gate/gate-web/6.55.6/gate-web-6.55.6.jar	yes		CLAIM-S3-014
1.28.10	2024-08-09	orca	8.24.9	maven-jar	https://repo1.maven.org/maven2/io/spinnaker/orca/orca-web/8.24.9/orca-web-8.24.9.jar	yes		CLAIM-S3-014
1.28.10	2024-08-09	clouddriver	5.76.9	maven-jar	https://repo1.maven.org/maven2/io/spinnaker/clouddriver/clouddriver-web/5.76.9/clouddriver-web-5.76.9.jar	yes		CLAIM-S3-014
1.28.10	2024-08-09	front50	2.25.6	maven-jar	https://repo1.maven.org/maven2/io/spinnaker/front50/front50-web/2.25.6/front50-web-2.25.6.jar	yes		CLAIM-S3-014
1.28.10	2024-08-09	echo	2.34.7	maven-jar	https://repo1.maven.org/maven2/io/spinnaker/echo/echo-web/2.34.7/echo-web-2.34.7.jar	yes		CLAIM-S3-014
1.28.10	2024-08-09	igor	4.7.6	maven-jar	https://repo1.maven.org/maven2/io/spinnaker/igor/igor-web/4.7.6/igor-web-4.7.6.jar	yes		CLAIM-S3-014
1.28.10	2024-08-09	fiat	1.31.6	maven-jar	https://repo1.maven.org/maven2/io/spinnaker/fiat/fiat-web/1.31.6/fiat-web-1.31.6.jar	yes		CLAIM-S3-014
1.28.10	2024-08-09	rosco	1.8.7	maven-jar	https://repo1.maven.org/maven2/io/spinnaker/rosco/rosco-web/1.8.7/rosco-web-1.8.7.jar	yes		CLAIM-S3-014
1.28.10	2024-08-09	kayenta	2.32.9	maven-jar	https://repo1.maven.org/maven2/io/spinnaker/kayenta/kayenta-web/2.32.9/kayenta-web-2.32.9.jar	yes		CLAIM-S3-014
1.28.10	2024-08-09	keel	-	not-pinned	-	n/a		CLAIM-S3-006
1.29.0	2022-10-04	gate	6.57.0	maven-jar	https://repo1.maven.org/maven2/io/spinnaker/gate/gate-web/6.57.0/gate-web-6.57.0.jar	yes		CLAIM-S3-014
1.29.0	2022-10-04	orca	8.27.0	maven-jar	https://repo1.maven.org/maven2/io/spinnaker/orca/orca-web/8.27.0/orca-web-8.27.0.jar	yes		CLAIM-S3-014
1.29.0	2022-10-04	clouddriver	5.78.0	maven-jar	https://repo1.maven.org/maven2/io/spinnaker/clouddriver/clouddriver-web/5.78.0/clouddriver-web-5.78.0.jar	yes		CLAIM-S3-014
1.29.0	2022-10-04	front50	2.27.0	maven-jar	https://repo1.maven.org/maven2/io/spinnaker/front50/front50-web/2.27.0/front50-web-2.27.0.jar	yes		CLAIM-S3-014
1.29.0	2022-10-04	echo	2.36.0	maven-jar	https://repo1.maven.org/maven2/io/spinnaker/echo/echo-web/2.36.0/echo-web-2.36.0.jar	yes		CLAIM-S3-014
1.29.0	2022-10-04	igor	4.10.0	maven-jar	https://repo1.maven.org/maven2/io/spinnaker/igor/igor-web/4.10.0/igor-web-4.10.0.jar	yes		CLAIM-S3-014
1.29.0	2022-10-04	fiat	1.36.0	maven-jar	https://repo1.maven.org/maven2/io/spinnaker/fiat/fiat-web/1.36.0/fiat-web-1.36.0.jar	yes		CLAIM-S3-014
1.29.0	2022-10-04	rosco	1.12.0	maven-jar	https://repo1.maven.org/maven2/io/spinnaker/rosco/rosco-web/1.12.0/rosco-web-1.12.0.jar	yes		CLAIM-S3-014
1.29.0	2022-10-04	kayenta	2.35.0	maven-jar	https://repo1.maven.org/maven2/io/spinnaker/kayenta/kayenta-web/2.35.0/kayenta-web-2.35.0.jar	yes		CLAIM-S3-014
1.29.0	2022-10-04	keel	-	not-pinned	-	n/a		CLAIM-S3-006
1.29.1	2022-12-06	gate	6.57.1	maven-jar	https://repo1.maven.org/maven2/io/spinnaker/gate/gate-web/6.57.1/gate-web-6.57.1.jar	yes		CLAIM-S3-014
1.29.1	2022-12-06	orca	8.27.1	maven-jar	https://repo1.maven.org/maven2/io/spinnaker/orca/orca-web/8.27.1/orca-web-8.27.1.jar	yes		CLAIM-S3-014
1.29.1	2022-12-06	clouddriver	5.78.3	maven-jar	https://repo1.maven.org/maven2/io/spinnaker/clouddriver/clouddriver-web/5.78.3/clouddriver-web-5.78.3.jar	yes		CLAIM-S3-014
1.29.1	2022-12-06	front50	2.27.1	maven-jar	https://repo1.maven.org/maven2/io/spinnaker/front50/front50-web/2.27.1/front50-web-2.27.1.jar	yes		CLAIM-S3-014
1.29.1	2022-12-06	echo	2.36.1	maven-jar	https://repo1.maven.org/maven2/io/spinnaker/echo/echo-web/2.36.1/echo-web-2.36.1.jar	yes		CLAIM-S3-014
1.29.1	2022-12-06	igor	4.10.1	maven-jar	https://repo1.maven.org/maven2/io/spinnaker/igor/igor-web/4.10.1/igor-web-4.10.1.jar	yes		CLAIM-S3-014
1.29.1	2022-12-06	fiat	1.36.1	maven-jar	https://repo1.maven.org/maven2/io/spinnaker/fiat/fiat-web/1.36.1/fiat-web-1.36.1.jar	yes		CLAIM-S3-014
1.29.1	2022-12-06	rosco	1.12.1	maven-jar	https://repo1.maven.org/maven2/io/spinnaker/rosco/rosco-web/1.12.1/rosco-web-1.12.1.jar	yes		CLAIM-S3-014
1.29.1	2022-12-06	kayenta	2.35.1	maven-jar	https://repo1.maven.org/maven2/io/spinnaker/kayenta/kayenta-web/2.35.1/kayenta-web-2.35.1.jar	yes		CLAIM-S3-014
1.29.1	2022-12-06	keel	-	not-pinned	-	n/a		CLAIM-S3-006
1.29.2	2022-12-09	gate	6.57.1	maven-jar	https://repo1.maven.org/maven2/io/spinnaker/gate/gate-web/6.57.1/gate-web-6.57.1.jar	yes		CLAIM-S3-014
1.29.2	2022-12-09	orca	8.27.1	maven-jar	https://repo1.maven.org/maven2/io/spinnaker/orca/orca-web/8.27.1/orca-web-8.27.1.jar	yes		CLAIM-S3-014
1.29.2	2022-12-09	clouddriver	5.78.3	maven-jar	https://repo1.maven.org/maven2/io/spinnaker/clouddriver/clouddriver-web/5.78.3/clouddriver-web-5.78.3.jar	yes		CLAIM-S3-014
1.29.2	2022-12-09	front50	2.27.1	maven-jar	https://repo1.maven.org/maven2/io/spinnaker/front50/front50-web/2.27.1/front50-web-2.27.1.jar	yes		CLAIM-S3-014
1.29.2	2022-12-09	echo	2.36.1	maven-jar	https://repo1.maven.org/maven2/io/spinnaker/echo/echo-web/2.36.1/echo-web-2.36.1.jar	yes		CLAIM-S3-014
1.29.2	2022-12-09	igor	4.10.1	maven-jar	https://repo1.maven.org/maven2/io/spinnaker/igor/igor-web/4.10.1/igor-web-4.10.1.jar	yes		CLAIM-S3-014
1.29.2	2022-12-09	fiat	1.36.1	maven-jar	https://repo1.maven.org/maven2/io/spinnaker/fiat/fiat-web/1.36.1/fiat-web-1.36.1.jar	yes		CLAIM-S3-014
1.29.2	2022-12-09	rosco	1.12.2	maven-jar	https://repo1.maven.org/maven2/io/spinnaker/rosco/rosco-web/1.12.2/rosco-web-1.12.2.jar	yes		CLAIM-S3-014
1.29.2	2022-12-09	kayenta	2.35.1	maven-jar	https://repo1.maven.org/maven2/io/spinnaker/kayenta/kayenta-web/2.35.1/kayenta-web-2.35.1.jar	yes		CLAIM-S3-014
1.29.2	2022-12-09	keel	-	not-pinned	-	n/a		CLAIM-S3-006
1.29.3	2023-03-07	gate	6.57.2	maven-jar	https://repo1.maven.org/maven2/io/spinnaker/gate/gate-web/6.57.2/gate-web-6.57.2.jar	yes		CLAIM-S3-014
1.29.3	2023-03-07	orca	8.27.2	maven-jar	https://repo1.maven.org/maven2/io/spinnaker/orca/orca-web/8.27.2/orca-web-8.27.2.jar	yes		CLAIM-S3-014
1.29.3	2023-03-07	clouddriver	5.78.4	maven-jar	https://repo1.maven.org/maven2/io/spinnaker/clouddriver/clouddriver-web/5.78.4/clouddriver-web-5.78.4.jar	yes		CLAIM-S3-014
1.29.3	2023-03-07	front50	2.27.2	maven-jar	https://repo1.maven.org/maven2/io/spinnaker/front50/front50-web/2.27.2/front50-web-2.27.2.jar	yes		CLAIM-S3-014
1.29.3	2023-03-07	echo	2.36.2	maven-jar	https://repo1.maven.org/maven2/io/spinnaker/echo/echo-web/2.36.2/echo-web-2.36.2.jar	yes		CLAIM-S3-014
1.29.3	2023-03-07	igor	4.10.2	maven-jar	https://repo1.maven.org/maven2/io/spinnaker/igor/igor-web/4.10.2/igor-web-4.10.2.jar	yes		CLAIM-S3-014
1.29.3	2023-03-07	fiat	1.36.2	maven-jar	https://repo1.maven.org/maven2/io/spinnaker/fiat/fiat-web/1.36.2/fiat-web-1.36.2.jar	yes		CLAIM-S3-014
1.29.3	2023-03-07	rosco	1.12.3	maven-jar	https://repo1.maven.org/maven2/io/spinnaker/rosco/rosco-web/1.12.3/rosco-web-1.12.3.jar	yes		CLAIM-S3-014
1.29.3	2023-03-07	kayenta	2.35.2	maven-jar	https://repo1.maven.org/maven2/io/spinnaker/kayenta/kayenta-web/2.35.2/kayenta-web-2.35.2.jar	yes		CLAIM-S3-014
1.29.3	2023-03-07	keel	-	not-pinned	-	n/a		CLAIM-S3-006
1.29.4	2023-03-28	gate	6.57.3	maven-jar	https://repo1.maven.org/maven2/io/spinnaker/gate/gate-web/6.57.3/gate-web-6.57.3.jar	yes		CLAIM-S3-014
1.29.4	2023-03-28	orca	8.27.3	maven-jar	https://repo1.maven.org/maven2/io/spinnaker/orca/orca-web/8.27.3/orca-web-8.27.3.jar	yes		CLAIM-S3-014
1.29.4	2023-03-28	clouddriver	5.78.5	maven-jar	https://repo1.maven.org/maven2/io/spinnaker/clouddriver/clouddriver-web/5.78.5/clouddriver-web-5.78.5.jar	yes		CLAIM-S3-014
1.29.4	2023-03-28	front50	2.27.3	maven-jar	https://repo1.maven.org/maven2/io/spinnaker/front50/front50-web/2.27.3/front50-web-2.27.3.jar	yes		CLAIM-S3-014
1.29.4	2023-03-28	echo	2.36.3	maven-jar	https://repo1.maven.org/maven2/io/spinnaker/echo/echo-web/2.36.3/echo-web-2.36.3.jar	yes		CLAIM-S3-014
1.29.4	2023-03-28	igor	4.10.3	maven-jar	https://repo1.maven.org/maven2/io/spinnaker/igor/igor-web/4.10.3/igor-web-4.10.3.jar	yes		CLAIM-S3-014
1.29.4	2023-03-28	fiat	1.36.3	maven-jar	https://repo1.maven.org/maven2/io/spinnaker/fiat/fiat-web/1.36.3/fiat-web-1.36.3.jar	yes		CLAIM-S3-014
1.29.4	2023-03-28	rosco	1.12.3	maven-jar	https://repo1.maven.org/maven2/io/spinnaker/rosco/rosco-web/1.12.3/rosco-web-1.12.3.jar	yes		CLAIM-S3-014
1.29.4	2023-03-28	kayenta	2.35.3	maven-jar	https://repo1.maven.org/maven2/io/spinnaker/kayenta/kayenta-web/2.35.3/kayenta-web-2.35.3.jar	yes		CLAIM-S3-014
1.29.4	2023-03-28	keel	-	not-pinned	-	n/a		CLAIM-S3-006
1.29.5	2023-06-01	gate	6.57.3	maven-jar	https://repo1.maven.org/maven2/io/spinnaker/gate/gate-web/6.57.3/gate-web-6.57.3.jar	yes		CLAIM-S3-014
1.29.5	2023-06-01	orca	8.27.4	maven-jar	https://repo1.maven.org/maven2/io/spinnaker/orca/orca-web/8.27.4/orca-web-8.27.4.jar	yes		CLAIM-S3-014
1.29.5	2023-06-01	clouddriver	5.78.6	maven-jar	https://repo1.maven.org/maven2/io/spinnaker/clouddriver/clouddriver-web/5.78.6/clouddriver-web-5.78.6.jar	yes		CLAIM-S3-014
1.29.5	2023-06-01	front50	2.27.3	maven-jar	https://repo1.maven.org/maven2/io/spinnaker/front50/front50-web/2.27.3/front50-web-2.27.3.jar	yes		CLAIM-S3-014
1.29.5	2023-06-01	echo	2.36.3	maven-jar	https://repo1.maven.org/maven2/io/spinnaker/echo/echo-web/2.36.3/echo-web-2.36.3.jar	yes		CLAIM-S3-014
1.29.5	2023-06-01	igor	4.10.3	maven-jar	https://repo1.maven.org/maven2/io/spinnaker/igor/igor-web/4.10.3/igor-web-4.10.3.jar	yes		CLAIM-S3-014
1.29.5	2023-06-01	fiat	1.36.3	maven-jar	https://repo1.maven.org/maven2/io/spinnaker/fiat/fiat-web/1.36.3/fiat-web-1.36.3.jar	yes		CLAIM-S3-014
1.29.5	2023-06-01	rosco	1.12.3	maven-jar	https://repo1.maven.org/maven2/io/spinnaker/rosco/rosco-web/1.12.3/rosco-web-1.12.3.jar	yes		CLAIM-S3-014
1.29.5	2023-06-01	kayenta	2.35.4	maven-jar	https://repo1.maven.org/maven2/io/spinnaker/kayenta/kayenta-web/2.35.4/kayenta-web-2.35.4.jar	yes		CLAIM-S3-014
1.29.5	2023-06-01	keel	-	not-pinned	-	n/a		CLAIM-S3-006
1.29.6	2023-08-18	gate	6.57.4	maven-jar	https://repo1.maven.org/maven2/io/spinnaker/gate/gate-web/6.57.4/gate-web-6.57.4.jar	yes		CLAIM-S3-014
1.29.6	2023-08-18	orca	8.27.5	maven-jar	https://repo1.maven.org/maven2/io/spinnaker/orca/orca-web/8.27.5/orca-web-8.27.5.jar	yes		CLAIM-S3-014
1.29.6	2023-08-18	clouddriver	5.78.7	maven-jar	https://repo1.maven.org/maven2/io/spinnaker/clouddriver/clouddriver-web/5.78.7/clouddriver-web-5.78.7.jar	yes		CLAIM-S3-014
1.29.6	2023-08-18	front50	2.27.4	maven-jar	https://repo1.maven.org/maven2/io/spinnaker/front50/front50-web/2.27.4/front50-web-2.27.4.jar	yes		CLAIM-S3-014
1.29.6	2023-08-18	echo	2.36.4	maven-jar	https://repo1.maven.org/maven2/io/spinnaker/echo/echo-web/2.36.4/echo-web-2.36.4.jar	yes		CLAIM-S3-014
1.29.6	2023-08-18	igor	4.10.4	maven-jar	https://repo1.maven.org/maven2/io/spinnaker/igor/igor-web/4.10.4/igor-web-4.10.4.jar	yes		CLAIM-S3-014
1.29.6	2023-08-18	fiat	1.36.4	maven-jar	https://repo1.maven.org/maven2/io/spinnaker/fiat/fiat-web/1.36.4/fiat-web-1.36.4.jar	yes		CLAIM-S3-014
1.29.6	2023-08-18	rosco	1.12.4	maven-jar	https://repo1.maven.org/maven2/io/spinnaker/rosco/rosco-web/1.12.4/rosco-web-1.12.4.jar	yes		CLAIM-S3-014
1.29.6	2023-08-18	kayenta	2.35.5	maven-jar	https://repo1.maven.org/maven2/io/spinnaker/kayenta/kayenta-web/2.35.5/kayenta-web-2.35.5.jar	yes		CLAIM-S3-014
1.29.6	2023-08-18	keel	-	not-pinned	-	n/a		CLAIM-S3-006
1.29.7	2023-09-08	gate	6.57.5	maven-jar	https://repo1.maven.org/maven2/io/spinnaker/gate/gate-web/6.57.5/gate-web-6.57.5.jar	yes		CLAIM-S3-014
1.29.7	2023-09-08	orca	8.27.6	maven-jar	https://repo1.maven.org/maven2/io/spinnaker/orca/orca-web/8.27.6/orca-web-8.27.6.jar	yes		CLAIM-S3-014
1.29.7	2023-09-08	clouddriver	5.78.13	maven-jar	https://repo1.maven.org/maven2/io/spinnaker/clouddriver/clouddriver-web/5.78.13/clouddriver-web-5.78.13.jar	yes		CLAIM-S3-014
1.29.7	2023-09-08	front50	2.27.5	maven-jar	https://repo1.maven.org/maven2/io/spinnaker/front50/front50-web/2.27.5/front50-web-2.27.5.jar	yes		CLAIM-S3-014
1.29.7	2023-09-08	echo	2.36.5	maven-jar	https://repo1.maven.org/maven2/io/spinnaker/echo/echo-web/2.36.5/echo-web-2.36.5.jar	yes		CLAIM-S3-014
1.29.7	2023-09-08	igor	4.10.5	maven-jar	https://repo1.maven.org/maven2/io/spinnaker/igor/igor-web/4.10.5/igor-web-4.10.5.jar	yes		CLAIM-S3-014
1.29.7	2023-09-08	fiat	1.36.5	maven-jar	https://repo1.maven.org/maven2/io/spinnaker/fiat/fiat-web/1.36.5/fiat-web-1.36.5.jar	yes		CLAIM-S3-014
1.29.7	2023-09-08	rosco	1.12.4	maven-jar	https://repo1.maven.org/maven2/io/spinnaker/rosco/rosco-web/1.12.4/rosco-web-1.12.4.jar	yes		CLAIM-S3-014
1.29.7	2023-09-08	kayenta	2.35.6	maven-jar	https://repo1.maven.org/maven2/io/spinnaker/kayenta/kayenta-web/2.35.6/kayenta-web-2.35.6.jar	yes		CLAIM-S3-014
1.29.7	2023-09-08	keel	-	not-pinned	-	n/a		CLAIM-S3-006
1.30.0	2023-03-27	gate	6.58.0	container-image	us-docker.pkg.dev/spinnaker-community/docker/gate:6.58.0@sha256:326a01a570248f7ee2c9d15ed2923a9e2521ca3415bc0c5af9b857faa192cf4d	yes	11	CLAIM-S3-011
1.30.0	2023-03-27	orca	8.31.0	container-image	us-docker.pkg.dev/spinnaker-community/docker/orca:8.31.0@sha256:7e90f1395efdc1f4e95136d4732395f88b01800ce59fa105d0182d60a7e54dc7	yes	11	CLAIM-S3-011
1.30.0	2023-03-27	clouddriver	5.80.0	container-image	us-docker.pkg.dev/spinnaker-community/docker/clouddriver:5.80.0@sha256:d11c447cc9425200e08dc29c0d7473838f6a0907c01a830a1f915dabcaf73b56	yes	11	CLAIM-S3-011
1.30.0	2023-03-27	front50	2.28.0	container-image	us-docker.pkg.dev/spinnaker-community/docker/front50:2.28.0@sha256:61b2be1b4ef0322147bbe2beb14bc55112bf5235f1d4c4ea534dedd815b60adf	yes	11	CLAIM-S3-011
1.30.0	2023-03-27	echo	2.37.0	container-image	us-docker.pkg.dev/spinnaker-community/docker/echo:2.37.0@sha256:f6c1f62be7dedfef61c492ba2b6f3d6970965bf543edd22c1d1ea74196c75fd8	yes	11	CLAIM-S3-011
1.30.0	2023-03-27	igor	4.11.0	container-image	us-docker.pkg.dev/spinnaker-community/docker/igor:4.11.0@sha256:737e31551ac4475fd596609aed85e5b2fc6270d1402f9aa6cc1154bf4e025946	yes	11	CLAIM-S3-011
1.30.0	2023-03-27	fiat	1.37.0	container-image	us-docker.pkg.dev/spinnaker-community/docker/fiat:1.37.0@sha256:0ce78094d0d707d0a44599889c821635d964d1c6e2a00f7633f54c85fe5b182e	yes	11	CLAIM-S3-011
1.30.0	2023-03-27	rosco	1.13.0	container-image	us-docker.pkg.dev/spinnaker-community/docker/rosco:1.13.0@sha256:1f4b519236d7d59c3105ca0b49486c6c5bd42a24f5728669abb24c13dde05f4f	yes	11	CLAIM-S3-011
1.30.0	2023-03-27	kayenta	2.36.0	container-image	us-docker.pkg.dev/spinnaker-community/docker/kayenta:2.36.0@sha256:c01e9a255d06315f4134721125ce5fd417db226ec4b5a9073f1b5787dac4f4ff	yes	11	CLAIM-S3-011
1.30.0	2023-03-27	keel	-	not-pinned	-	n/a		CLAIM-S3-006
1.30.1	2023-04-07	gate	6.58.1	container-image	us-docker.pkg.dev/spinnaker-community/docker/gate:6.58.1@sha256:231d35521066301d10469b4e34abb68b7ecf6f50d3d92c36adec45de7ccebad2	yes		CLAIM-S3-011
1.30.1	2023-04-07	orca	8.31.1	container-image	us-docker.pkg.dev/spinnaker-community/docker/orca:8.31.1@sha256:7a9234339f9b06f5ca3d402fc53be08295b9b4531c996dde093b35be260371c2	yes		CLAIM-S3-011
1.30.1	2023-04-07	clouddriver	5.80.1	container-image	us-docker.pkg.dev/spinnaker-community/docker/clouddriver:5.80.1@sha256:63a995a3294a24062d057a711c0944bfce80f61bd6bc501b240023f240ba8505	yes		CLAIM-S3-011
1.30.1	2023-04-07	front50	2.28.1	container-image	us-docker.pkg.dev/spinnaker-community/docker/front50:2.28.1@sha256:769d5f5253c1266b01b19915c3f8cc550cfe7e44418dfc015b8b9483bba104a0	yes		CLAIM-S3-011
1.30.1	2023-04-07	echo	2.37.1	container-image	us-docker.pkg.dev/spinnaker-community/docker/echo:2.37.1@sha256:a81453df9d40c59a56499dedcc9dfe5e14af2ad33ac865776e56120b6f4d7c10	yes		CLAIM-S3-011
1.30.1	2023-04-07	igor	4.11.1	container-image	us-docker.pkg.dev/spinnaker-community/docker/igor:4.11.1@sha256:a459ed9d5b3345211739666c1a7e571152965de6b86e6b8af30e0f308fc3d6f9	yes		CLAIM-S3-011
1.30.1	2023-04-07	fiat	1.37.1	container-image	us-docker.pkg.dev/spinnaker-community/docker/fiat:1.37.1@sha256:91f81312fac37a4e2f4fc5d79a1b5b4ada19bb70503e8f11b2159ed8f580871a	yes		CLAIM-S3-011
1.30.1	2023-04-07	rosco	1.13.1	container-image	us-docker.pkg.dev/spinnaker-community/docker/rosco:1.13.1@sha256:93b2f0dbaf1e032db2d8656894beb78007791704d9b5baa3b40e8577118fcc65	yes		CLAIM-S3-011
1.30.1	2023-04-07	kayenta	2.36.1	container-image	us-docker.pkg.dev/spinnaker-community/docker/kayenta:2.36.1@sha256:8fb9ac1a8457339261b22e33543f3f512d38caf8323ee2cca11cc96018e92773	yes		CLAIM-S3-011
1.30.1	2023-04-07	keel	-	not-pinned	-	n/a		CLAIM-S3-006
1.30.2	2023-06-01	gate	6.58.1	container-image	us-docker.pkg.dev/spinnaker-community/docker/gate:6.58.1@sha256:231d35521066301d10469b4e34abb68b7ecf6f50d3d92c36adec45de7ccebad2	yes		CLAIM-S3-011
1.30.2	2023-06-01	orca	8.31.2	container-image	us-docker.pkg.dev/spinnaker-community/docker/orca:8.31.2@sha256:9da37075d219e4820d592a9ecfd2f313fc5d676a281b5ed3c688e5e57d80f215	yes		CLAIM-S3-011
1.30.2	2023-06-01	clouddriver	5.80.2	container-image	us-docker.pkg.dev/spinnaker-community/docker/clouddriver:5.80.2@sha256:ca531bab4831be8d81c6e30b0975b49b51016b8e9dc39b362a8fcbc94c948f54	yes		CLAIM-S3-011
1.30.2	2023-06-01	front50	2.28.2	container-image	us-docker.pkg.dev/spinnaker-community/docker/front50:2.28.2@sha256:8fb4abcb6fb81bde46d7f2aab0bf162e48e2bce8c849ab0662e01b230b259173	yes		CLAIM-S3-011
1.30.2	2023-06-01	echo	2.37.1	container-image	us-docker.pkg.dev/spinnaker-community/docker/echo:2.37.1@sha256:a81453df9d40c59a56499dedcc9dfe5e14af2ad33ac865776e56120b6f4d7c10	yes		CLAIM-S3-011
1.30.2	2023-06-01	igor	4.11.1	container-image	us-docker.pkg.dev/spinnaker-community/docker/igor:4.11.1@sha256:a459ed9d5b3345211739666c1a7e571152965de6b86e6b8af30e0f308fc3d6f9	yes		CLAIM-S3-011
1.30.2	2023-06-01	fiat	1.37.1	container-image	us-docker.pkg.dev/spinnaker-community/docker/fiat:1.37.1@sha256:91f81312fac37a4e2f4fc5d79a1b5b4ada19bb70503e8f11b2159ed8f580871a	yes		CLAIM-S3-011
1.30.2	2023-06-01	rosco	1.13.1	container-image	us-docker.pkg.dev/spinnaker-community/docker/rosco:1.13.1@sha256:93b2f0dbaf1e032db2d8656894beb78007791704d9b5baa3b40e8577118fcc65	yes		CLAIM-S3-011
1.30.2	2023-06-01	kayenta	2.36.2	container-image	us-docker.pkg.dev/spinnaker-community/docker/kayenta:2.36.2@sha256:3442dd83a7d3fe0f9cd9a32b83b9babffa85c65725fd09b19993c1f0ac3da6a4	yes		CLAIM-S3-011
1.30.2	2023-06-01	keel	-	not-pinned	-	n/a		CLAIM-S3-006
1.30.3	2023-08-18	gate	6.58.2	container-image	us-docker.pkg.dev/spinnaker-community/docker/gate:6.58.2@sha256:d82bb9883dba0d98902dc148282a8ea63e21590626fa8d0bfbda081a57d6058d	yes		CLAIM-S3-011
1.30.3	2023-08-18	orca	8.31.3	container-image	us-docker.pkg.dev/spinnaker-community/docker/orca:8.31.3@sha256:8b46ae256e6207cc584d345ca8c06689fa934d1c3acc510bb0a9c4c0bb1a2952	yes		CLAIM-S3-011
1.30.3	2023-08-18	clouddriver	5.80.4	container-image	us-docker.pkg.dev/spinnaker-community/docker/clouddriver:5.80.4@sha256:d764a8f9d5e8e72023faf9ec37f90cfcb52582469ff2137cd2cdec9f657e4f5b	yes		CLAIM-S3-011
1.30.3	2023-08-18	front50	2.28.3	container-image	us-docker.pkg.dev/spinnaker-community/docker/front50:2.28.3@sha256:44417a283f5db8427024dece4690487ef6a965d37d1d35cbfa53d30c7a19a2f6	yes		CLAIM-S3-011
1.30.3	2023-08-18	echo	2.37.2	container-image	us-docker.pkg.dev/spinnaker-community/docker/echo:2.37.2@sha256:32253ce635df666a603b1011502bcdc6f79487c718597963a8669f28bb9d6257	yes		CLAIM-S3-011
1.30.3	2023-08-18	igor	4.11.2	container-image	us-docker.pkg.dev/spinnaker-community/docker/igor:4.11.2@sha256:946f43563265d1b01a7313c20adf870da9f2502399d3377cbdfebc59c9684bf3	yes		CLAIM-S3-011
1.30.3	2023-08-18	fiat	1.37.2	container-image	us-docker.pkg.dev/spinnaker-community/docker/fiat:1.37.2@sha256:c5b5715259484c18293b081879dca1cb97721dc9eb1b9c3b08af0fc403639c53	yes		CLAIM-S3-011
1.30.3	2023-08-18	rosco	1.13.2	container-image	us-docker.pkg.dev/spinnaker-community/docker/rosco:1.13.2@sha256:768bdbff84824623a685a9a7498bf2f0f1ba57333b2a6c47fe118adaed9be21d	yes		CLAIM-S3-011
1.30.3	2023-08-18	kayenta	2.36.3	container-image	us-docker.pkg.dev/spinnaker-community/docker/kayenta:2.36.3@sha256:beb5c77152e089fba01d39e803500f0ec8fc3ef01f270bb0e00abdaa658e1013	yes		CLAIM-S3-011
1.30.3	2023-08-18	keel	-	not-pinned	-	n/a		CLAIM-S3-006
1.30.4	2023-09-08	gate	6.58.3	container-image	us-docker.pkg.dev/spinnaker-community/docker/gate:6.58.3@sha256:572a5429d9b4a34a04623be62a08f03c36e846c68f5b5c722ddb8bb26ed273a7	yes		CLAIM-S3-011
1.30.4	2023-09-08	orca	8.31.5	container-image	us-docker.pkg.dev/spinnaker-community/docker/orca:8.31.5@sha256:52250e0a0bbe2f992fc5b958c06651f48f4c67b149005efb85f76ee77a7c2c95	yes		CLAIM-S3-011
1.30.4	2023-09-08	clouddriver	5.80.7	container-image	us-docker.pkg.dev/spinnaker-community/docker/clouddriver:5.80.7@sha256:33c40d605a809d89069aaf01afbdf1724212873e0f4c0b85590ea54ffb2ed8c9	yes		CLAIM-S3-011
1.30.4	2023-09-08	front50	2.28.4	container-image	us-docker.pkg.dev/spinnaker-community/docker/front50:2.28.4@sha256:c93d1d1dd30dbaaabf58e2fc4b250c77c85f6eabdd252e0e22ce56ddaa8e1cdd	yes		CLAIM-S3-011
1.30.4	2023-09-08	echo	2.37.3	container-image	us-docker.pkg.dev/spinnaker-community/docker/echo:2.37.3@sha256:6345fb70a7f9bd589440c0e5b8916c78a478d63aa0c26769e36c4ef3b3321291	yes		CLAIM-S3-011
1.30.4	2023-09-08	igor	4.11.3	container-image	us-docker.pkg.dev/spinnaker-community/docker/igor:4.11.3@sha256:978b3eacaa550b91f8734997aea324a9aca44c25513754ac3ee3bc908b935b42	yes		CLAIM-S3-011
1.30.4	2023-09-08	fiat	1.37.4	container-image	us-docker.pkg.dev/spinnaker-community/docker/fiat:1.37.4@sha256:7f4f4ddcac92a209bc1f8c830ba09566e5a3f856b982532215f5dcfcc5d09539	yes		CLAIM-S3-011
1.30.4	2023-09-08	rosco	1.13.3	container-image	us-docker.pkg.dev/spinnaker-community/docker/rosco:1.13.3@sha256:bb924102110eb063667fc754f5e230a335ee02714daa2a31c74bdc42167dd8b3	yes		CLAIM-S3-011
1.30.4	2023-09-08	kayenta	2.36.4	container-image	us-docker.pkg.dev/spinnaker-community/docker/kayenta:2.36.4@sha256:3e683df1dd7d3981ef4b14e1a9d68c3f8fb18f7cee2eaaa8a243862b73b75fc5	yes		CLAIM-S3-011
1.30.4	2023-09-08	keel	-	not-pinned	-	n/a		CLAIM-S3-006
1.30.5	2023-11-28	gate	6.58.3	container-image	us-docker.pkg.dev/spinnaker-community/docker/gate:6.58.3@sha256:572a5429d9b4a34a04623be62a08f03c36e846c68f5b5c722ddb8bb26ed273a7	yes		CLAIM-S3-011
1.30.5	2023-11-28	orca	8.31.6	container-image	us-docker.pkg.dev/spinnaker-community/docker/orca:8.31.6@sha256:f3a29cc87c29d890870678fdb3c4034e4094752fc8e1cc88a3cc082948ff6bd8	yes		CLAIM-S3-011
1.30.5	2023-11-28	clouddriver	5.80.8	container-image	us-docker.pkg.dev/spinnaker-community/docker/clouddriver:5.80.8@sha256:0e51f9d52de1a8d53f02c91ff5f0c40ee941683c81bd7f0c3389dc39b037c389	yes		CLAIM-S3-011
1.30.5	2023-11-28	front50	2.28.5	container-image	us-docker.pkg.dev/spinnaker-community/docker/front50:2.28.5@sha256:3ec31d9c313b42fb32d2a1890857c9b71ba25030c7c90dbdfe17ffc969521661	yes		CLAIM-S3-011
1.30.5	2023-11-28	echo	2.37.3	container-image	us-docker.pkg.dev/spinnaker-community/docker/echo:2.37.3@sha256:6345fb70a7f9bd589440c0e5b8916c78a478d63aa0c26769e36c4ef3b3321291	yes		CLAIM-S3-011
1.30.5	2023-11-28	igor	4.11.3	container-image	us-docker.pkg.dev/spinnaker-community/docker/igor:4.11.3@sha256:978b3eacaa550b91f8734997aea324a9aca44c25513754ac3ee3bc908b935b42	yes		CLAIM-S3-011
1.30.5	2023-11-28	fiat	1.37.4	container-image	us-docker.pkg.dev/spinnaker-community/docker/fiat:1.37.4@sha256:7f4f4ddcac92a209bc1f8c830ba09566e5a3f856b982532215f5dcfcc5d09539	yes		CLAIM-S3-011
1.30.5	2023-11-28	rosco	1.13.4	container-image	us-docker.pkg.dev/spinnaker-community/docker/rosco:1.13.4@sha256:3e925c83e60a36fee17b3ea23aef2d01f7344d901f2ea5c196f2cc9147b99c3e	yes		CLAIM-S3-011
1.30.5	2023-11-28	kayenta	2.36.4	container-image	us-docker.pkg.dev/spinnaker-community/docker/kayenta:2.36.4@sha256:3e683df1dd7d3981ef4b14e1a9d68c3f8fb18f7cee2eaaa8a243862b73b75fc5	yes		CLAIM-S3-011
1.30.5	2023-11-28	keel	-	not-pinned	-	n/a		CLAIM-S3-006
1.30.6	2023-12-07	gate	6.58.3	container-image	us-docker.pkg.dev/spinnaker-community/docker/gate:6.58.3@sha256:572a5429d9b4a34a04623be62a08f03c36e846c68f5b5c722ddb8bb26ed273a7	yes		CLAIM-S3-011
1.30.6	2023-12-07	orca	8.31.6	container-image	us-docker.pkg.dev/spinnaker-community/docker/orca:8.31.6@sha256:f3a29cc87c29d890870678fdb3c4034e4094752fc8e1cc88a3cc082948ff6bd8	yes		CLAIM-S3-011
1.30.6	2023-12-07	clouddriver	5.80.9	container-image	us-docker.pkg.dev/spinnaker-community/docker/clouddriver:5.80.9@sha256:c2b691a2c40da2d8f17f7fbfbdf62aa6e57ff9cecf8a7733434fcd6fe9e41ca3	yes		CLAIM-S3-011
1.30.6	2023-12-07	front50	2.28.5	container-image	us-docker.pkg.dev/spinnaker-community/docker/front50:2.28.5@sha256:3ec31d9c313b42fb32d2a1890857c9b71ba25030c7c90dbdfe17ffc969521661	yes		CLAIM-S3-011
1.30.6	2023-12-07	echo	2.37.3	container-image	us-docker.pkg.dev/spinnaker-community/docker/echo:2.37.3@sha256:6345fb70a7f9bd589440c0e5b8916c78a478d63aa0c26769e36c4ef3b3321291	yes		CLAIM-S3-011
1.30.6	2023-12-07	igor	4.11.3	container-image	us-docker.pkg.dev/spinnaker-community/docker/igor:4.11.3@sha256:978b3eacaa550b91f8734997aea324a9aca44c25513754ac3ee3bc908b935b42	yes		CLAIM-S3-011
1.30.6	2023-12-07	fiat	1.37.4	container-image	us-docker.pkg.dev/spinnaker-community/docker/fiat:1.37.4@sha256:7f4f4ddcac92a209bc1f8c830ba09566e5a3f856b982532215f5dcfcc5d09539	yes		CLAIM-S3-011
1.30.6	2023-12-07	rosco	1.13.4	container-image	us-docker.pkg.dev/spinnaker-community/docker/rosco:1.13.4@sha256:3e925c83e60a36fee17b3ea23aef2d01f7344d901f2ea5c196f2cc9147b99c3e	yes		CLAIM-S3-011
1.30.6	2023-12-07	kayenta	2.36.5	container-image	us-docker.pkg.dev/spinnaker-community/docker/kayenta:2.36.5@sha256:63d80f81ea253a751a5e86fd0041a0a9e519d3d526a93895ce4dad4715b4abe3	yes		CLAIM-S3-011
1.30.6	2023-12-07	keel	-	not-pinned	-	n/a		CLAIM-S3-006
1.31.0	2023-06-21	gate	6.59.0	container-image	us-docker.pkg.dev/spinnaker-community/docker/gate:6.59.0@sha256:994fd19b3c4033fbfc0669bd31a89a79956b1e45d3bfc4da70c3f50003acdefd	yes	11	CLAIM-S3-011
1.31.0	2023-06-21	orca	8.33.0	container-image	us-docker.pkg.dev/spinnaker-community/docker/orca:8.33.0@sha256:0672777ce29c74b5a1bf2f72185d0520c3414e012e3e77d97645634e5e684994	yes	11	CLAIM-S3-011
1.31.0	2023-06-21	clouddriver	5.81.0	container-image	us-docker.pkg.dev/spinnaker-community/docker/clouddriver:5.81.0@sha256:92111b97587e7c4ae030fdbf90dab0698296ee48ada2209ba41969843087ddb7	yes	11	CLAIM-S3-011
1.31.0	2023-06-21	front50	2.29.0	container-image	us-docker.pkg.dev/spinnaker-community/docker/front50:2.29.0@sha256:c77a6b1d6cd7fb42e582be69bf46168ad7ed91e4c801ee5b8774088c70c18bcc	yes	11	CLAIM-S3-011
1.31.0	2023-06-21	echo	2.38.0	container-image	us-docker.pkg.dev/spinnaker-community/docker/echo:2.38.0@sha256:a7550829f3074108f33b2672084f76c5601d29af3943d1362125604f4e12fcb2	yes	11	CLAIM-S3-011
1.31.0	2023-06-21	igor	4.12.0	container-image	us-docker.pkg.dev/spinnaker-community/docker/igor:4.12.0@sha256:e0292a5c5c2fb7aa672620136d5ac72020ab1c41dfe8ec6b8774cd025603dc2a	yes	11	CLAIM-S3-011
1.31.0	2023-06-21	fiat	1.41.0	container-image	us-docker.pkg.dev/spinnaker-community/docker/fiat:1.41.0@sha256:2aba8bcd9fd45bdc45de1522edbbb382e2737017e2ee6f43c56ee9c3d935744a	yes	11	CLAIM-S3-011
1.31.0	2023-06-21	rosco	1.17.0	container-image	us-docker.pkg.dev/spinnaker-community/docker/rosco:1.17.0@sha256:fd72ae5fa1fee4b481df7f92d3c0bc4b523b247119a1b007966e2429aec04f64	yes	11	CLAIM-S3-011
1.31.0	2023-06-21	kayenta	2.37.0	container-image	us-docker.pkg.dev/spinnaker-community/docker/kayenta:2.37.0@sha256:5f7a463f72b53ccdbc3a3336f9bc7e91913d5ffbecacccb22c7cca8675f5ee21	yes	11	CLAIM-S3-011
1.31.0	2023-06-21	keel	-	not-pinned	-	n/a		CLAIM-S3-006
1.31.1	2023-08-29	gate	6.59.1	container-image	us-docker.pkg.dev/spinnaker-community/docker/gate:6.59.1@sha256:019c15885bcf12b61e897bb08efe6e30c71b6464a5779a974089beea486ce1e0	yes		CLAIM-S3-011
1.31.1	2023-08-29	orca	8.33.1	container-image	us-docker.pkg.dev/spinnaker-community/docker/orca:8.33.1@sha256:3aa38eabca636d5ee5435e49d81a2ee0e02f4e47439ab0ec733580e6b6db7c9e	yes		CLAIM-S3-011
1.31.1	2023-08-29	clouddriver	5.81.1	container-image	us-docker.pkg.dev/spinnaker-community/docker/clouddriver:5.81.1@sha256:5f66e563bbcd8d4c88ee4c02a90cca81c80529f3a2276a6e2865275092e007dc	yes		CLAIM-S3-011
1.31.1	2023-08-29	front50	2.29.1	container-image	us-docker.pkg.dev/spinnaker-community/docker/front50:2.29.1@sha256:ea88d6c222e6be70e86bfbc76edd207a7e541752898ed0834178714a78deb8b2	yes		CLAIM-S3-011
1.31.1	2023-08-29	echo	2.38.1	container-image	us-docker.pkg.dev/spinnaker-community/docker/echo:2.38.1@sha256:3ce9bdc2365ba36c5b332f5ce8789db9b28da4627c47e3505e4bce7003d755b3	yes		CLAIM-S3-011
1.31.1	2023-08-29	igor	4.12.1	container-image	us-docker.pkg.dev/spinnaker-community/docker/igor:4.12.1@sha256:768e0af9d18607d087f22ce72d6c7fb087fcee33730d17ff42505d633d4b1a19	yes		CLAIM-S3-011
1.31.1	2023-08-29	fiat	1.41.1	container-image	us-docker.pkg.dev/spinnaker-community/docker/fiat:1.41.1@sha256:832a4247145b4fc00bccd95850e877c212f6772fdb0e17d15a23a724ca6b174b	yes		CLAIM-S3-011
1.31.1	2023-08-29	rosco	1.17.1	container-image	us-docker.pkg.dev/spinnaker-community/docker/rosco:1.17.1@sha256:8c61d8a63994dc072f87bce2c8667471f4816340b5a96125aa59d94a79a46bf0	yes		CLAIM-S3-011
1.31.1	2023-08-29	kayenta	2.37.1	container-image	us-docker.pkg.dev/spinnaker-community/docker/kayenta:2.37.1@sha256:a5c2c5c8589aea88ffd770adfe75792b7734bd6bbc639c6f97f046e52056162b	yes		CLAIM-S3-011
1.31.1	2023-08-29	keel	-	not-pinned	-	n/a		CLAIM-S3-006
1.31.2	2023-09-08	gate	6.59.2	container-image	us-docker.pkg.dev/spinnaker-community/docker/gate:6.59.2@sha256:786bf19b49b6d7de41db7a87f0c1898ea8f245309447e4ef4e7a82f23227effd	yes		CLAIM-S3-011
1.31.2	2023-09-08	orca	8.33.1	container-image	us-docker.pkg.dev/spinnaker-community/docker/orca:8.33.1@sha256:3aa38eabca636d5ee5435e49d81a2ee0e02f4e47439ab0ec733580e6b6db7c9e	yes		CLAIM-S3-011
1.31.2	2023-09-08	clouddriver	5.81.1	container-image	us-docker.pkg.dev/spinnaker-community/docker/clouddriver:5.81.1@sha256:5f66e563bbcd8d4c88ee4c02a90cca81c80529f3a2276a6e2865275092e007dc	yes		CLAIM-S3-011
1.31.2	2023-09-08	front50	2.29.2	container-image	us-docker.pkg.dev/spinnaker-community/docker/front50:2.29.2@sha256:4fb4e973220b972ad056b74a8fb862b5fa5e1d658986b8e39fb412673fc76891	yes		CLAIM-S3-011
1.31.2	2023-09-08	echo	2.38.1	container-image	us-docker.pkg.dev/spinnaker-community/docker/echo:2.38.1@sha256:3ce9bdc2365ba36c5b332f5ce8789db9b28da4627c47e3505e4bce7003d755b3	yes		CLAIM-S3-011
1.31.2	2023-09-08	igor	4.12.1	container-image	us-docker.pkg.dev/spinnaker-community/docker/igor:4.12.1@sha256:768e0af9d18607d087f22ce72d6c7fb087fcee33730d17ff42505d633d4b1a19	yes		CLAIM-S3-011
1.31.2	2023-09-08	fiat	1.41.1	container-image	us-docker.pkg.dev/spinnaker-community/docker/fiat:1.41.1@sha256:832a4247145b4fc00bccd95850e877c212f6772fdb0e17d15a23a724ca6b174b	yes		CLAIM-S3-011
1.31.2	2023-09-08	rosco	1.17.1	container-image	us-docker.pkg.dev/spinnaker-community/docker/rosco:1.17.1@sha256:8c61d8a63994dc072f87bce2c8667471f4816340b5a96125aa59d94a79a46bf0	yes		CLAIM-S3-011
1.31.2	2023-09-08	kayenta	2.37.1	container-image	us-docker.pkg.dev/spinnaker-community/docker/kayenta:2.37.1@sha256:a5c2c5c8589aea88ffd770adfe75792b7734bd6bbc639c6f97f046e52056162b	yes		CLAIM-S3-011
1.31.2	2023-09-08	keel	-	not-pinned	-	n/a		CLAIM-S3-006
1.31.3	2023-11-28	gate	6.59.2	container-image	us-docker.pkg.dev/spinnaker-community/docker/gate:6.59.2@sha256:786bf19b49b6d7de41db7a87f0c1898ea8f245309447e4ef4e7a82f23227effd	yes		CLAIM-S3-011
1.31.3	2023-11-28	orca	8.33.2	container-image	us-docker.pkg.dev/spinnaker-community/docker/orca:8.33.2@sha256:dd5122dead9268612051f92095ed9b8b82b22c29af6a620f6dff4a11ce20478c	yes		CLAIM-S3-011
1.31.3	2023-11-28	clouddriver	5.81.2	container-image	us-docker.pkg.dev/spinnaker-community/docker/clouddriver:5.81.2@sha256:de4cd10e3875062ca4a795c84f1b9eac71cf20c59c691254cedcaa6e362d2611	yes		CLAIM-S3-011
1.31.3	2023-11-28	front50	2.29.2	container-image	us-docker.pkg.dev/spinnaker-community/docker/front50:2.29.2@sha256:4fb4e973220b972ad056b74a8fb862b5fa5e1d658986b8e39fb412673fc76891	yes		CLAIM-S3-011
1.31.3	2023-11-28	echo	2.38.1	container-image	us-docker.pkg.dev/spinnaker-community/docker/echo:2.38.1@sha256:3ce9bdc2365ba36c5b332f5ce8789db9b28da4627c47e3505e4bce7003d755b3	yes		CLAIM-S3-011
1.31.3	2023-11-28	igor	4.12.1	container-image	us-docker.pkg.dev/spinnaker-community/docker/igor:4.12.1@sha256:768e0af9d18607d087f22ce72d6c7fb087fcee33730d17ff42505d633d4b1a19	yes		CLAIM-S3-011
1.31.3	2023-11-28	fiat	1.41.1	container-image	us-docker.pkg.dev/spinnaker-community/docker/fiat:1.41.1@sha256:832a4247145b4fc00bccd95850e877c212f6772fdb0e17d15a23a724ca6b174b	yes		CLAIM-S3-011
1.31.3	2023-11-28	rosco	1.17.2	container-image	us-docker.pkg.dev/spinnaker-community/docker/rosco:1.17.2@sha256:e91ff848c15daca26a278d562c293565c6df79ad3a31971bafa110c10b92b991	yes		CLAIM-S3-011
1.31.3	2023-11-28	kayenta	2.37.1	container-image	us-docker.pkg.dev/spinnaker-community/docker/kayenta:2.37.1@sha256:a5c2c5c8589aea88ffd770adfe75792b7734bd6bbc639c6f97f046e52056162b	yes		CLAIM-S3-011
1.31.3	2023-11-28	keel	-	not-pinned	-	n/a		CLAIM-S3-006
1.32.0	2023-09-08	gate	6.60.1	container-image	us-docker.pkg.dev/spinnaker-community/docker/gate:6.60.1@sha256:bb2187d87d5672e04fc4913cf8b698220f983dd48da7d7e53f78bfdd4f463ed0	yes	11	CLAIM-S3-011
1.32.0	2023-09-08	orca	8.36.0	container-image	us-docker.pkg.dev/spinnaker-community/docker/orca:8.36.0@sha256:ff2d8ae776c0841744ed190e62e5d80b486cab56c097b3e6cc014e66f05297b6	yes	11	CLAIM-S3-011
1.32.0	2023-09-08	clouddriver	5.82.0	container-image	us-docker.pkg.dev/spinnaker-community/docker/clouddriver:5.82.0@sha256:11a01d2d819a6eba9f7b156ca788515ffea39d54eef11eac82c0bbf328cd9d27	yes	11	CLAIM-S3-011
1.32.0	2023-09-08	front50	2.30.1	container-image	us-docker.pkg.dev/spinnaker-community/docker/front50:2.30.1@sha256:43858bd4d246bc6d5f8abcd5a8361485f9fe1f0d9c74a449d95151cff7370b42	yes	17	CLAIM-S3-011
1.32.0	2023-09-08	echo	2.39.0	container-image	us-docker.pkg.dev/spinnaker-community/docker/echo:2.39.0@sha256:d221daf2a96680a6f9abe25c906db15664960296c5fd5a85b77f6c547866874b	yes	11	CLAIM-S3-011
1.32.0	2023-09-08	igor	4.13.0	container-image	us-docker.pkg.dev/spinnaker-community/docker/igor:4.13.0@sha256:0420d6218afdced69f4a2d939635af93d23aed246e1479698256b4ba1492fb30	yes	17	CLAIM-S3-011
1.32.0	2023-09-08	fiat	1.42.0	container-image	us-docker.pkg.dev/spinnaker-community/docker/fiat:1.42.0@sha256:1c24e2d4abcd6f863776836b968407417a23f0a5c4815bf18145d3b2f8c6cfac	yes	11	CLAIM-S3-011
1.32.0	2023-09-08	rosco	1.18.0	container-image	us-docker.pkg.dev/spinnaker-community/docker/rosco:1.18.0@sha256:a294be8b3e83d7682b41632714238bc0d45412f7f2a66506cb698a82f86e8864	yes	11	CLAIM-S3-011
1.32.0	2023-09-08	kayenta	2.38.0	container-image	us-docker.pkg.dev/spinnaker-community/docker/kayenta:2.38.0@sha256:f4ef99fb0b5fe3c8f72817f5127238ca4790c3f9d2ad634ad62f1286a688b4da	yes	11	CLAIM-S3-011
1.32.0	2023-09-08	keel	-	not-pinned	-	n/a		CLAIM-S3-006
1.32.1	2023-09-18	gate	6.60.1	container-image	us-docker.pkg.dev/spinnaker-community/docker/gate:6.60.1@sha256:bb2187d87d5672e04fc4913cf8b698220f983dd48da7d7e53f78bfdd4f463ed0	yes	11	CLAIM-S3-011
1.32.1	2023-09-18	orca	8.36.0	container-image	us-docker.pkg.dev/spinnaker-community/docker/orca:8.36.0@sha256:ff2d8ae776c0841744ed190e62e5d80b486cab56c097b3e6cc014e66f05297b6	yes	11	CLAIM-S3-011
1.32.1	2023-09-18	clouddriver	5.82.0	container-image	us-docker.pkg.dev/spinnaker-community/docker/clouddriver:5.82.0@sha256:11a01d2d819a6eba9f7b156ca788515ffea39d54eef11eac82c0bbf328cd9d27	yes	11	CLAIM-S3-011
1.32.1	2023-09-18	front50	2.30.1	container-image	us-docker.pkg.dev/spinnaker-community/docker/front50:2.30.1@sha256:43858bd4d246bc6d5f8abcd5a8361485f9fe1f0d9c74a449d95151cff7370b42	yes	17	CLAIM-S3-011
1.32.1	2023-09-18	echo	2.39.0	container-image	us-docker.pkg.dev/spinnaker-community/docker/echo:2.39.0@sha256:d221daf2a96680a6f9abe25c906db15664960296c5fd5a85b77f6c547866874b	yes	11	CLAIM-S3-011
1.32.1	2023-09-18	igor	4.13.1	container-image	us-docker.pkg.dev/spinnaker-community/docker/igor:4.13.1@sha256:08bbf0df16541ba5f5298086fc56e23e62c872a749051d90243eabcb05af68eb	yes		CLAIM-S3-011
1.32.1	2023-09-18	fiat	1.42.0	container-image	us-docker.pkg.dev/spinnaker-community/docker/fiat:1.42.0@sha256:1c24e2d4abcd6f863776836b968407417a23f0a5c4815bf18145d3b2f8c6cfac	yes	11	CLAIM-S3-011
1.32.1	2023-09-18	rosco	1.18.0	container-image	us-docker.pkg.dev/spinnaker-community/docker/rosco:1.18.0@sha256:a294be8b3e83d7682b41632714238bc0d45412f7f2a66506cb698a82f86e8864	yes	11	CLAIM-S3-011
1.32.1	2023-09-18	kayenta	2.38.0	container-image	us-docker.pkg.dev/spinnaker-community/docker/kayenta:2.38.0@sha256:f4ef99fb0b5fe3c8f72817f5127238ca4790c3f9d2ad634ad62f1286a688b4da	yes	11	CLAIM-S3-011
1.32.1	2023-09-18	keel	-	not-pinned	-	n/a		CLAIM-S3-006
1.32.2	2023-09-20	gate	6.60.1	container-image	us-docker.pkg.dev/spinnaker-community/docker/gate:6.60.1@sha256:bb2187d87d5672e04fc4913cf8b698220f983dd48da7d7e53f78bfdd4f463ed0	yes	11	CLAIM-S3-011
1.32.2	2023-09-20	orca	8.36.0	container-image	us-docker.pkg.dev/spinnaker-community/docker/orca:8.36.0@sha256:ff2d8ae776c0841744ed190e62e5d80b486cab56c097b3e6cc014e66f05297b6	yes	11	CLAIM-S3-011
1.32.2	2023-09-20	clouddriver	5.82.0	container-image	us-docker.pkg.dev/spinnaker-community/docker/clouddriver:5.82.0@sha256:11a01d2d819a6eba9f7b156ca788515ffea39d54eef11eac82c0bbf328cd9d27	yes	11	CLAIM-S3-011
1.32.2	2023-09-20	front50	2.30.1	container-image	us-docker.pkg.dev/spinnaker-community/docker/front50:2.30.1@sha256:43858bd4d246bc6d5f8abcd5a8361485f9fe1f0d9c74a449d95151cff7370b42	yes	17	CLAIM-S3-011
1.32.2	2023-09-20	echo	2.39.0	container-image	us-docker.pkg.dev/spinnaker-community/docker/echo:2.39.0@sha256:d221daf2a96680a6f9abe25c906db15664960296c5fd5a85b77f6c547866874b	yes	11	CLAIM-S3-011
1.32.2	2023-09-20	igor	4.13.3	container-image	us-docker.pkg.dev/spinnaker-community/docker/igor:4.13.3@sha256:05c546e71f889aa65195ea5223667c8ee8b2423d41c76ad63e435285d8da9a5c	yes		CLAIM-S3-011
1.32.2	2023-09-20	fiat	1.42.0	container-image	us-docker.pkg.dev/spinnaker-community/docker/fiat:1.42.0@sha256:1c24e2d4abcd6f863776836b968407417a23f0a5c4815bf18145d3b2f8c6cfac	yes	11	CLAIM-S3-011
1.32.2	2023-09-20	rosco	1.18.0	container-image	us-docker.pkg.dev/spinnaker-community/docker/rosco:1.18.0@sha256:a294be8b3e83d7682b41632714238bc0d45412f7f2a66506cb698a82f86e8864	yes	11	CLAIM-S3-011
1.32.2	2023-09-20	kayenta	2.38.0	container-image	us-docker.pkg.dev/spinnaker-community/docker/kayenta:2.38.0@sha256:f4ef99fb0b5fe3c8f72817f5127238ca4790c3f9d2ad634ad62f1286a688b4da	yes	11	CLAIM-S3-011
1.32.2	2023-09-20	keel	-	not-pinned	-	n/a		CLAIM-S3-006
1.32.3	2023-11-28	gate	6.60.1	container-image	us-docker.pkg.dev/spinnaker-community/docker/gate:6.60.1@sha256:bb2187d87d5672e04fc4913cf8b698220f983dd48da7d7e53f78bfdd4f463ed0	yes	11	CLAIM-S3-011
1.32.3	2023-11-28	orca	8.36.1	container-image	us-docker.pkg.dev/spinnaker-community/docker/orca:8.36.1@sha256:7d5f15dfa4ab39542d1883c70c1b6696751f6f5d6ead58e6a96ef014fa400326	yes		CLAIM-S3-011
1.32.3	2023-11-28	clouddriver	5.82.1	container-image	us-docker.pkg.dev/spinnaker-community/docker/clouddriver:5.82.1@sha256:4a3b4896069f0f6635b0f3ef022f35fe54ac313ab1b87eff6741ea1f5c6af448	yes		CLAIM-S3-011
1.32.3	2023-11-28	front50	2.30.1	container-image	us-docker.pkg.dev/spinnaker-community/docker/front50:2.30.1@sha256:43858bd4d246bc6d5f8abcd5a8361485f9fe1f0d9c74a449d95151cff7370b42	yes	17	CLAIM-S3-011
1.32.3	2023-11-28	echo	2.39.0	container-image	us-docker.pkg.dev/spinnaker-community/docker/echo:2.39.0@sha256:d221daf2a96680a6f9abe25c906db15664960296c5fd5a85b77f6c547866874b	yes	11	CLAIM-S3-011
1.32.3	2023-11-28	igor	4.13.3	container-image	us-docker.pkg.dev/spinnaker-community/docker/igor:4.13.3@sha256:05c546e71f889aa65195ea5223667c8ee8b2423d41c76ad63e435285d8da9a5c	yes		CLAIM-S3-011
1.32.3	2023-11-28	fiat	1.42.0	container-image	us-docker.pkg.dev/spinnaker-community/docker/fiat:1.42.0@sha256:1c24e2d4abcd6f863776836b968407417a23f0a5c4815bf18145d3b2f8c6cfac	yes	11	CLAIM-S3-011
1.32.3	2023-11-28	rosco	1.18.1	container-image	us-docker.pkg.dev/spinnaker-community/docker/rosco:1.18.1@sha256:04a4dd2049b07fbbfdd745294f1278efebe32f38700df123be36a6644120a1d8	yes		CLAIM-S3-011
1.32.3	2023-11-28	kayenta	2.38.0	container-image	us-docker.pkg.dev/spinnaker-community/docker/kayenta:2.38.0@sha256:f4ef99fb0b5fe3c8f72817f5127238ca4790c3f9d2ad634ad62f1286a688b4da	yes	11	CLAIM-S3-011
1.32.3	2023-11-28	keel	-	not-pinned	-	n/a		CLAIM-S3-006
1.32.4	2024-03-08	gate	6.60.2	container-image	us-docker.pkg.dev/spinnaker-community/docker/gate:6.60.2@sha256:b583d4d2bc6a318920bd6b74cdeaa109effe90d5cfcbfb6aa2b1e044e78dbc7e	yes		CLAIM-S3-011
1.32.4	2024-03-08	orca	8.36.2	container-image	us-docker.pkg.dev/spinnaker-community/docker/orca:8.36.2@sha256:3b5b4b4ed39eb286b75c8db8eb34ad90e4ed03d1dd4612bb7e623e8a6efce1c4	yes		CLAIM-S3-011
1.32.4	2024-03-08	clouddriver	5.82.2	container-image	us-docker.pkg.dev/spinnaker-community/docker/clouddriver:5.82.2@sha256:615a62442ce111162990bdf7f481f9711f875a478bf4d71c3d047229849a258d	yes		CLAIM-S3-011
1.32.4	2024-03-08	front50	2.30.2	container-image	us-docker.pkg.dev/spinnaker-community/docker/front50:2.30.2@sha256:5bd5719107eeda9cd4856cc47d78cc9c446343dd9427fa541122249055e3dcac	yes		CLAIM-S3-011
1.32.4	2024-03-08	echo	2.39.1	container-image	us-docker.pkg.dev/spinnaker-community/docker/echo:2.39.1@sha256:e578921f84bd4e9e235ffdaaffd30e63d1dc6536e3621806333365028489ec8d	yes		CLAIM-S3-011
1.32.4	2024-03-08	igor	4.13.4	container-image	us-docker.pkg.dev/spinnaker-community/docker/igor:4.13.4@sha256:4180bb7067973cfc71282d9df661f3a07bc50c84104b07b0a4416942f87606e3	yes		CLAIM-S3-011
1.32.4	2024-03-08	fiat	1.42.1	container-image	us-docker.pkg.dev/spinnaker-community/docker/fiat:1.42.1@sha256:1ea907575a7e804e1eb678ec697598119d1821545de591ab7cc575014e3a0b2d	yes		CLAIM-S3-011
1.32.4	2024-03-08	rosco	1.18.2	container-image	us-docker.pkg.dev/spinnaker-community/docker/rosco:1.18.2@sha256:6bb05fb1c6520cfd7ff2cc7ad5d842ab217418d4ef9c13989dc86013fe5199da	yes		CLAIM-S3-011
1.32.4	2024-03-08	kayenta	2.38.1	container-image	us-docker.pkg.dev/spinnaker-community/docker/kayenta:2.38.1@sha256:0727b2a147697e9ddd13f8c6d237eca1e1de97c91c6897673143e6b6484fb76c	yes		CLAIM-S3-011
1.32.4	2024-03-08	keel	-	not-pinned	-	n/a		CLAIM-S3-006
1.33.0	2024-01-05	gate	6.61.0	container-image	us-docker.pkg.dev/spinnaker-community/docker/gate:6.61.0@sha256:ee8904c534a5f805c517ddeddff92a83d0407b6a497f22469fb00408bdb103b8	yes	17	CLAIM-S3-011
1.33.0	2024-01-05	orca	8.48.0	container-image	us-docker.pkg.dev/spinnaker-community/docker/orca:8.48.0@sha256:de6f3baa93944a8e067fe4849602c3e1a067c5b0b5218b9636f88ed555d0e949	yes	17	CLAIM-S3-011
1.33.0	2024-01-05	clouddriver	5.83.0	container-image	us-docker.pkg.dev/spinnaker-community/docker/clouddriver:5.83.0@sha256:1cd7abc3d2f34d8bf2baa10bbef940c2ae0dc838959c5233108e8f4010871d0a	yes	17	CLAIM-S3-011
1.33.0	2024-01-05	front50	2.31.0	container-image	us-docker.pkg.dev/spinnaker-community/docker/front50:2.31.0@sha256:2df185199eb2fce2c227bcffd2051535fd1fb7f2cb61c4f65469c1f15d4152ad	yes	17	CLAIM-S3-011
1.33.0	2024-01-05	echo	2.40.0	container-image	us-docker.pkg.dev/spinnaker-community/docker/echo:2.40.0@sha256:a3e9d7a3dceb54c9181ebb2c1946ffc4349fdd24c809b8fea06869d435f9ad2e	yes	17	CLAIM-S3-011
1.33.0	2024-01-05	igor	4.15.0	container-image	us-docker.pkg.dev/spinnaker-community/docker/igor:4.15.0@sha256:f400a56e9330f35b61ccc55af114ce445afcb6d8a33a8e56dc22ca144564438e	yes	17	CLAIM-S3-011
1.33.0	2024-01-05	fiat	1.43.0	container-image	us-docker.pkg.dev/spinnaker-community/docker/fiat:1.43.0@sha256:6077c6b687009590fd2025a1b73e08aa3e0017869c27ba90f8fc5ff9db5e7637	yes	17	CLAIM-S3-011
1.33.0	2024-01-05	rosco	1.19.0	container-image	us-docker.pkg.dev/spinnaker-community/docker/rosco:1.19.0@sha256:4a27ae06e872ba0a328aed3a4f579423b976e7741c9fe4062c82617b2ddbc6af	yes	17	CLAIM-S3-011
1.33.0	2024-01-05	kayenta	2.39.0	container-image	us-docker.pkg.dev/spinnaker-community/docker/kayenta:2.39.0@sha256:7f40feab2a8f4cfc3d810610875a5f49f210ce6e05ab4580edf76a0d2da4cf26	yes	17	CLAIM-S3-011
1.33.0	2024-01-05	keel	-	not-pinned	-	n/a		CLAIM-S3-006
1.33.1	2024-04-18	gate	6.61.1	container-image	us-docker.pkg.dev/spinnaker-community/docker/gate:6.61.1@sha256:037f1184218626a1fcdf693c4bbc3f8665b2d00d4c1b1f5a8974e3092215ab02	yes		CLAIM-S3-011
1.33.1	2024-04-18	orca	8.48.2	container-image	us-docker.pkg.dev/spinnaker-community/docker/orca:8.48.2@sha256:fe437e7468795125bd9164c1ad7774d76b3dd4edc6088985c49c176addda4434	yes		CLAIM-S3-011
1.33.1	2024-04-18	clouddriver	5.83.1	container-image	us-docker.pkg.dev/spinnaker-community/docker/clouddriver:5.83.1@sha256:3d9063a9f00b141ad5bcd5675a129368fe389b1c4627a7d5b867d2c5aee7a3ab	yes		CLAIM-S3-011
1.33.1	2024-04-18	front50	2.31.1	container-image	us-docker.pkg.dev/spinnaker-community/docker/front50:2.31.1@sha256:d45301cd8dad4a9c16d79d4cd77df2098c26caa66a99a7c15a21a34392954ca4	yes		CLAIM-S3-011
1.33.1	2024-04-18	echo	2.40.2	container-image	us-docker.pkg.dev/spinnaker-community/docker/echo:2.40.2@sha256:9d6ece3b0ab6b4a33e26604318421701e496918dd514634c8f12c1f087cabb91	yes		CLAIM-S3-011
1.33.1	2024-04-18	igor	4.15.1	container-image	us-docker.pkg.dev/spinnaker-community/docker/igor:4.15.1@sha256:d33b0653cb186d32deeba22e12deab8a289e16c9d08b38a5483a40daf8697eaa	yes		CLAIM-S3-011
1.33.1	2024-04-18	fiat	1.43.1	container-image	us-docker.pkg.dev/spinnaker-community/docker/fiat:1.43.1@sha256:498a0a4b1b88baee6efc715cd3ee95255150a2e3f626476953e533db647d0df7	yes		CLAIM-S3-011
1.33.1	2024-04-18	rosco	1.19.1	container-image	us-docker.pkg.dev/spinnaker-community/docker/rosco:1.19.1@sha256:ade9a5fae9514e451a3be3c044a2f386ddf94ca60fe958abbc44a07c5349133f	yes		CLAIM-S3-011
1.33.1	2024-04-18	kayenta	2.39.2	container-image	us-docker.pkg.dev/spinnaker-community/docker/kayenta:2.39.2@sha256:2c8599837e3c80217b6d8b785572cd80a2fef0ba9f1deb288e78f78c956d21dc	yes		CLAIM-S3-011
1.33.1	2024-04-18	keel	-	not-pinned	-	n/a		CLAIM-S3-006
1.33.2	2024-04-22	gate	6.61.1	container-image	us-docker.pkg.dev/spinnaker-community/docker/gate:6.61.1@sha256:037f1184218626a1fcdf693c4bbc3f8665b2d00d4c1b1f5a8974e3092215ab02	yes		CLAIM-S3-011
1.33.2	2024-04-22	orca	8.48.2	container-image	us-docker.pkg.dev/spinnaker-community/docker/orca:8.48.2@sha256:fe437e7468795125bd9164c1ad7774d76b3dd4edc6088985c49c176addda4434	yes		CLAIM-S3-011
1.33.2	2024-04-22	clouddriver	5.83.2	container-image	us-docker.pkg.dev/spinnaker-community/docker/clouddriver:5.83.2@sha256:9e8c551418c94885289780ba274b2091e0d234c88f6291ff4c66044d1726387b	yes		CLAIM-S3-011
1.33.2	2024-04-22	front50	2.31.1	container-image	us-docker.pkg.dev/spinnaker-community/docker/front50:2.31.1@sha256:d45301cd8dad4a9c16d79d4cd77df2098c26caa66a99a7c15a21a34392954ca4	yes		CLAIM-S3-011
1.33.2	2024-04-22	echo	2.40.2	container-image	us-docker.pkg.dev/spinnaker-community/docker/echo:2.40.2@sha256:9d6ece3b0ab6b4a33e26604318421701e496918dd514634c8f12c1f087cabb91	yes		CLAIM-S3-011
1.33.2	2024-04-22	igor	4.15.1	container-image	us-docker.pkg.dev/spinnaker-community/docker/igor:4.15.1@sha256:d33b0653cb186d32deeba22e12deab8a289e16c9d08b38a5483a40daf8697eaa	yes		CLAIM-S3-011
1.33.2	2024-04-22	fiat	1.43.1	container-image	us-docker.pkg.dev/spinnaker-community/docker/fiat:1.43.1@sha256:498a0a4b1b88baee6efc715cd3ee95255150a2e3f626476953e533db647d0df7	yes		CLAIM-S3-011
1.33.2	2024-04-22	rosco	1.19.1	container-image	us-docker.pkg.dev/spinnaker-community/docker/rosco:1.19.1@sha256:ade9a5fae9514e451a3be3c044a2f386ddf94ca60fe958abbc44a07c5349133f	yes		CLAIM-S3-011
1.33.2	2024-04-22	kayenta	2.39.2	container-image	us-docker.pkg.dev/spinnaker-community/docker/kayenta:2.39.2@sha256:2c8599837e3c80217b6d8b785572cd80a2fef0ba9f1deb288e78f78c956d21dc	yes		CLAIM-S3-011
1.33.2	2024-04-22	keel	-	not-pinned	-	n/a		CLAIM-S3-006
1.33.3	2024-06-14	gate	6.61.1	container-image	us-docker.pkg.dev/spinnaker-community/docker/gate:6.61.1@sha256:037f1184218626a1fcdf693c4bbc3f8665b2d00d4c1b1f5a8974e3092215ab02	yes		CLAIM-S3-011
1.33.3	2024-06-14	orca	8.48.3	container-image	us-docker.pkg.dev/spinnaker-community/docker/orca:8.48.3@sha256:3b552a7516946502308c1701b4cd5e06a049c334306387c6f073e725fd8689ed	yes		CLAIM-S3-011
1.33.3	2024-06-14	clouddriver	5.83.4	container-image	us-docker.pkg.dev/spinnaker-community/docker/clouddriver:5.83.4@sha256:ae9a2a72733481fcf3400ccd5a62134dba5639bc47adc787e33c770a86d61564	yes		CLAIM-S3-011
1.33.3	2024-06-14	front50	2.31.2	container-image	us-docker.pkg.dev/spinnaker-community/docker/front50:2.31.2@sha256:733d621eb580dc4df1dc403d858918dc3b9bb29ed214ddbf5602b5dd8682de61	yes		CLAIM-S3-011
1.33.3	2024-06-14	echo	2.40.2	container-image	us-docker.pkg.dev/spinnaker-community/docker/echo:2.40.2@sha256:9d6ece3b0ab6b4a33e26604318421701e496918dd514634c8f12c1f087cabb91	yes		CLAIM-S3-011
1.33.3	2024-06-14	igor	4.15.1	container-image	us-docker.pkg.dev/spinnaker-community/docker/igor:4.15.1@sha256:d33b0653cb186d32deeba22e12deab8a289e16c9d08b38a5483a40daf8697eaa	yes		CLAIM-S3-011
1.33.3	2024-06-14	fiat	1.43.1	container-image	us-docker.pkg.dev/spinnaker-community/docker/fiat:1.43.1@sha256:498a0a4b1b88baee6efc715cd3ee95255150a2e3f626476953e533db647d0df7	yes		CLAIM-S3-011
1.33.3	2024-06-14	rosco	1.19.1	container-image	us-docker.pkg.dev/spinnaker-community/docker/rosco:1.19.1@sha256:ade9a5fae9514e451a3be3c044a2f386ddf94ca60fe958abbc44a07c5349133f	yes		CLAIM-S3-011
1.33.3	2024-06-14	kayenta	2.39.3	container-image	us-docker.pkg.dev/spinnaker-community/docker/kayenta:2.39.3@sha256:e052558fff929f50e3ea0fa2206c6569814729f3c966cb9d253f9ef228952672	yes		CLAIM-S3-011
1.33.3	2024-06-14	keel	-	not-pinned	-	n/a		CLAIM-S3-006
1.34.0	2024-04-17	gate	6.62.0	container-image	us-docker.pkg.dev/spinnaker-community/docker/gate:6.62.0@sha256:d51658da85129c185da7d98fafe263853da2e6606689984686133b583ed0faec	yes	17	CLAIM-S3-011
1.34.0	2024-04-17	orca	8.51.0	container-image	us-docker.pkg.dev/spinnaker-community/docker/orca:8.51.0@sha256:238026676b8607308d90351fe95c6dd8b496943306e84cacbf4fc25c659d0503	yes	17	CLAIM-S3-011
1.34.0	2024-04-17	clouddriver	5.85.0	container-image	us-docker.pkg.dev/spinnaker-community/docker/clouddriver:5.85.0@sha256:5f44c712785ddea11a0cba5cbd28f04b0704b71a217b88fa12aa5068972d5361	yes	17	CLAIM-S3-011
1.34.0	2024-04-17	front50	2.32.0	container-image	us-docker.pkg.dev/spinnaker-community/docker/front50:2.32.0@sha256:7a20472d6594b928d0f67225c622c61d1d51560a6868c74589d3bd763c898093	yes	17	CLAIM-S3-011
1.34.0	2024-04-17	echo	2.41.0	container-image	us-docker.pkg.dev/spinnaker-community/docker/echo:2.41.0@sha256:41130cfd4f3d1163fedbc5d777a9f35f120faae8b6e401ccdc03fb9fb1feae9d	yes	17	CLAIM-S3-011
1.34.0	2024-04-17	igor	4.16.0	container-image	us-docker.pkg.dev/spinnaker-community/docker/igor:4.16.0@sha256:d5ecfcbddb76c72c19ebd666d7375c96e05516c643f8da2439db3d2e3d03a64c	yes	17	CLAIM-S3-011
1.34.0	2024-04-17	fiat	1.46.0	container-image	us-docker.pkg.dev/spinnaker-community/docker/fiat:1.46.0@sha256:5e5e1104188487b800298d478583bb2b0e30f7b1829d7a946e0e8afe2b9295d7	yes	17	CLAIM-S3-011
1.34.0	2024-04-17	rosco	1.20.0	container-image	us-docker.pkg.dev/spinnaker-community/docker/rosco:1.20.0@sha256:3e813927647f7a92364bfa5319a53881e58f49bc6ca2ecbe9c0c03bcaf7aa33a	yes	17	CLAIM-S3-011
1.34.0	2024-04-17	kayenta	2.40.0	container-image	us-docker.pkg.dev/spinnaker-community/docker/kayenta:2.40.0@sha256:8cb768cc97fafe5a8a63f645b8b2e536ddb868eef13e435a7a3cb066df2e9564	yes	17	CLAIM-S3-011
1.34.0	2024-04-17	keel	-	not-pinned	-	n/a		CLAIM-S3-006
1.34.1	2024-04-18	gate	6.62.0	container-image	us-docker.pkg.dev/spinnaker-community/docker/gate:6.62.0@sha256:d51658da85129c185da7d98fafe263853da2e6606689984686133b583ed0faec	yes	17	CLAIM-S3-011
1.34.1	2024-04-18	orca	8.51.0	container-image	us-docker.pkg.dev/spinnaker-community/docker/orca:8.51.0@sha256:238026676b8607308d90351fe95c6dd8b496943306e84cacbf4fc25c659d0503	yes	17	CLAIM-S3-011
1.34.1	2024-04-18	clouddriver	5.85.1	container-image	us-docker.pkg.dev/spinnaker-community/docker/clouddriver:5.85.1@sha256:c855633b3cc2e5216b068ecb73cf4949ff2743073439005739a0b9224115ccf7	yes		CLAIM-S3-011
1.34.1	2024-04-18	front50	2.32.0	container-image	us-docker.pkg.dev/spinnaker-community/docker/front50:2.32.0@sha256:7a20472d6594b928d0f67225c622c61d1d51560a6868c74589d3bd763c898093	yes	17	CLAIM-S3-011
1.34.1	2024-04-18	echo	2.41.0	container-image	us-docker.pkg.dev/spinnaker-community/docker/echo:2.41.0@sha256:41130cfd4f3d1163fedbc5d777a9f35f120faae8b6e401ccdc03fb9fb1feae9d	yes	17	CLAIM-S3-011
1.34.1	2024-04-18	igor	4.16.0	container-image	us-docker.pkg.dev/spinnaker-community/docker/igor:4.16.0@sha256:d5ecfcbddb76c72c19ebd666d7375c96e05516c643f8da2439db3d2e3d03a64c	yes	17	CLAIM-S3-011
1.34.1	2024-04-18	fiat	1.46.0	container-image	us-docker.pkg.dev/spinnaker-community/docker/fiat:1.46.0@sha256:5e5e1104188487b800298d478583bb2b0e30f7b1829d7a946e0e8afe2b9295d7	yes	17	CLAIM-S3-011
1.34.1	2024-04-18	rosco	1.20.1	container-image	us-docker.pkg.dev/spinnaker-community/docker/rosco:1.20.1@sha256:cb5b60059003ef35d8009ce9f2d6fbfa576fd45c0bae8795cb56d67c73225413	yes		CLAIM-S3-011
1.34.1	2024-04-18	kayenta	2.40.0	container-image	us-docker.pkg.dev/spinnaker-community/docker/kayenta:2.40.0@sha256:8cb768cc97fafe5a8a63f645b8b2e536ddb868eef13e435a7a3cb066df2e9564	yes	17	CLAIM-S3-011
1.34.1	2024-04-18	keel	-	not-pinned	-	n/a		CLAIM-S3-006
1.34.2	2024-04-22	gate	6.62.0	container-image	us-docker.pkg.dev/spinnaker-community/docker/gate:6.62.0@sha256:d51658da85129c185da7d98fafe263853da2e6606689984686133b583ed0faec	yes	17	CLAIM-S3-011
1.34.2	2024-04-22	orca	8.51.0	container-image	us-docker.pkg.dev/spinnaker-community/docker/orca:8.51.0@sha256:238026676b8607308d90351fe95c6dd8b496943306e84cacbf4fc25c659d0503	yes	17	CLAIM-S3-011
1.34.2	2024-04-22	clouddriver	5.85.2	container-image	us-docker.pkg.dev/spinnaker-community/docker/clouddriver:5.85.2@sha256:b125e558687a81608531d4115c3340a8472382dd886a4a986fe24b699ca24762	yes		CLAIM-S3-011
1.34.2	2024-04-22	front50	2.32.0	container-image	us-docker.pkg.dev/spinnaker-community/docker/front50:2.32.0@sha256:7a20472d6594b928d0f67225c622c61d1d51560a6868c74589d3bd763c898093	yes	17	CLAIM-S3-011
1.34.2	2024-04-22	echo	2.41.0	container-image	us-docker.pkg.dev/spinnaker-community/docker/echo:2.41.0@sha256:41130cfd4f3d1163fedbc5d777a9f35f120faae8b6e401ccdc03fb9fb1feae9d	yes	17	CLAIM-S3-011
1.34.2	2024-04-22	igor	4.16.0	container-image	us-docker.pkg.dev/spinnaker-community/docker/igor:4.16.0@sha256:d5ecfcbddb76c72c19ebd666d7375c96e05516c643f8da2439db3d2e3d03a64c	yes	17	CLAIM-S3-011
1.34.2	2024-04-22	fiat	1.46.0	container-image	us-docker.pkg.dev/spinnaker-community/docker/fiat:1.46.0@sha256:5e5e1104188487b800298d478583bb2b0e30f7b1829d7a946e0e8afe2b9295d7	yes	17	CLAIM-S3-011
1.34.2	2024-04-22	rosco	1.20.1	container-image	us-docker.pkg.dev/spinnaker-community/docker/rosco:1.20.1@sha256:cb5b60059003ef35d8009ce9f2d6fbfa576fd45c0bae8795cb56d67c73225413	yes		CLAIM-S3-011
1.34.2	2024-04-22	kayenta	2.40.0	container-image	us-docker.pkg.dev/spinnaker-community/docker/kayenta:2.40.0@sha256:8cb768cc97fafe5a8a63f645b8b2e536ddb868eef13e435a7a3cb066df2e9564	yes	17	CLAIM-S3-011
1.34.2	2024-04-22	keel	-	not-pinned	-	n/a		CLAIM-S3-006
1.34.3	2024-06-15	gate	6.62.0	container-image	us-docker.pkg.dev/spinnaker-community/docker/gate:6.62.0@sha256:d51658da85129c185da7d98fafe263853da2e6606689984686133b583ed0faec	yes	17	CLAIM-S3-011
1.34.3	2024-06-15	orca	8.51.1	container-image	us-docker.pkg.dev/spinnaker-community/docker/orca:8.51.1@sha256:1d9764984844616b9ef8a2ff537fec4ac49705ed9dba891735c9ad37b6f76d4c	yes		CLAIM-S3-011
1.34.3	2024-06-15	clouddriver	5.85.3	container-image	us-docker.pkg.dev/spinnaker-community/docker/clouddriver:5.85.3@sha256:c636c7304712d951654497c34f6da7f7aaf88af5687e2ad0466b4bbf904d33df	yes		CLAIM-S3-011
1.34.3	2024-06-15	front50	2.32.0	container-image	us-docker.pkg.dev/spinnaker-community/docker/front50:2.32.0@sha256:7a20472d6594b928d0f67225c622c61d1d51560a6868c74589d3bd763c898093	yes	17	CLAIM-S3-011
1.34.3	2024-06-15	echo	2.41.0	container-image	us-docker.pkg.dev/spinnaker-community/docker/echo:2.41.0@sha256:41130cfd4f3d1163fedbc5d777a9f35f120faae8b6e401ccdc03fb9fb1feae9d	yes	17	CLAIM-S3-011
1.34.3	2024-06-15	igor	4.16.0	container-image	us-docker.pkg.dev/spinnaker-community/docker/igor:4.16.0@sha256:d5ecfcbddb76c72c19ebd666d7375c96e05516c643f8da2439db3d2e3d03a64c	yes	17	CLAIM-S3-011
1.34.3	2024-06-15	fiat	1.46.0	container-image	us-docker.pkg.dev/spinnaker-community/docker/fiat:1.46.0@sha256:5e5e1104188487b800298d478583bb2b0e30f7b1829d7a946e0e8afe2b9295d7	yes	17	CLAIM-S3-011
1.34.3	2024-06-15	rosco	1.20.1	container-image	us-docker.pkg.dev/spinnaker-community/docker/rosco:1.20.1@sha256:cb5b60059003ef35d8009ce9f2d6fbfa576fd45c0bae8795cb56d67c73225413	yes		CLAIM-S3-011
1.34.3	2024-06-15	kayenta	2.40.1	container-image	us-docker.pkg.dev/spinnaker-community/docker/kayenta:2.40.1@sha256:914bec5be2a327c3d349e5d5efdc6dfbd925b67d47dc317d2bbf25c65506e22e	yes		CLAIM-S3-011
1.34.3	2024-06-15	keel	-	not-pinned	-	n/a		CLAIM-S3-006
1.34.4	2024-08-18	gate	6.62.1	container-image	us-docker.pkg.dev/spinnaker-community/docker/gate:6.62.1@sha256:03f619e86ecb27c9a2879b6bde5f8aad672ea70bf367457707436ec585b217bf	yes		CLAIM-S3-011
1.34.4	2024-08-18	orca	8.51.2	container-image	us-docker.pkg.dev/spinnaker-community/docker/orca:8.51.2@sha256:88afc35d56fb7801dcaa077a837ec098182eab0a0be1d89c889e25fedf29977a	yes		CLAIM-S3-011
1.34.4	2024-08-18	clouddriver	5.85.4	container-image	us-docker.pkg.dev/spinnaker-community/docker/clouddriver:5.85.4@sha256:4eba26231616cec77e9557ea6e2f6a0fdf756e7e7a212069266daa64ad55cb88	yes		CLAIM-S3-011
1.34.4	2024-08-18	front50	2.32.1	container-image	us-docker.pkg.dev/spinnaker-community/docker/front50:2.32.1@sha256:f130aa81673e3a2b0647e40674540fd5b735203b367e646665e5f29d5bd34217	yes		CLAIM-S3-011
1.34.4	2024-08-18	echo	2.41.1	container-image	us-docker.pkg.dev/spinnaker-community/docker/echo:2.41.1@sha256:f503b71d2299563ac7e16abaf0605efdadc8b7fc736bb76b0b71038c14cdcdb0	yes		CLAIM-S3-011
1.34.4	2024-08-18	igor	4.16.1	container-image	us-docker.pkg.dev/spinnaker-community/docker/igor:4.16.1@sha256:b7208b9e18e5d2bd8d238557be9005290fc29901f4929d3a87817accffb02029	yes		CLAIM-S3-011
1.34.4	2024-08-18	fiat	1.46.1	container-image	us-docker.pkg.dev/spinnaker-community/docker/fiat:1.46.1@sha256:54a8cac8abd1b8db08327bbc59330890c7847a34f4ff71c6483b97a4e48722d7	yes		CLAIM-S3-011
1.34.4	2024-08-18	rosco	1.20.2	container-image	us-docker.pkg.dev/spinnaker-community/docker/rosco:1.20.2@sha256:5cf00917f4550e348001ee848cf4269a1a99fa40b26c8ea8ccf73e7dc8115262	yes		CLAIM-S3-011
1.34.4	2024-08-18	kayenta	2.40.3	container-image	us-docker.pkg.dev/spinnaker-community/docker/kayenta:2.40.3@sha256:c6b7a69f8e78ef359a725a56354d25fa0d02802c9e6541a440ea0c480c9cb2ff	yes		CLAIM-S3-011
1.34.4	2024-08-18	keel	-	not-pinned	-	n/a		CLAIM-S3-006
1.34.5	2024-08-23	gate	6.62.1	container-image	us-docker.pkg.dev/spinnaker-community/docker/gate:6.62.1@sha256:03f619e86ecb27c9a2879b6bde5f8aad672ea70bf367457707436ec585b217bf	yes		CLAIM-S3-011
1.34.5	2024-08-23	orca	8.51.2	container-image	us-docker.pkg.dev/spinnaker-community/docker/orca:8.51.2@sha256:88afc35d56fb7801dcaa077a837ec098182eab0a0be1d89c889e25fedf29977a	yes		CLAIM-S3-011
1.34.5	2024-08-23	clouddriver	5.85.4	container-image	us-docker.pkg.dev/spinnaker-community/docker/clouddriver:5.85.4@sha256:4eba26231616cec77e9557ea6e2f6a0fdf756e7e7a212069266daa64ad55cb88	yes		CLAIM-S3-011
1.34.5	2024-08-23	front50	2.32.2	container-image	us-docker.pkg.dev/spinnaker-community/docker/front50:2.32.2@sha256:63060024141744878d618b8f7faf53da4f8bef1d7e0ed85d933cf8d52e53eeb5	yes		CLAIM-S3-011
1.34.5	2024-08-23	echo	2.41.1	container-image	us-docker.pkg.dev/spinnaker-community/docker/echo:2.41.1@sha256:f503b71d2299563ac7e16abaf0605efdadc8b7fc736bb76b0b71038c14cdcdb0	yes		CLAIM-S3-011
1.34.5	2024-08-23	igor	4.16.1	container-image	us-docker.pkg.dev/spinnaker-community/docker/igor:4.16.1@sha256:b7208b9e18e5d2bd8d238557be9005290fc29901f4929d3a87817accffb02029	yes		CLAIM-S3-011
1.34.5	2024-08-23	fiat	1.46.1	container-image	us-docker.pkg.dev/spinnaker-community/docker/fiat:1.46.1@sha256:54a8cac8abd1b8db08327bbc59330890c7847a34f4ff71c6483b97a4e48722d7	yes		CLAIM-S3-011
1.34.5	2024-08-23	rosco	1.20.2	container-image	us-docker.pkg.dev/spinnaker-community/docker/rosco:1.20.2@sha256:5cf00917f4550e348001ee848cf4269a1a99fa40b26c8ea8ccf73e7dc8115262	yes		CLAIM-S3-011
1.34.5	2024-08-23	kayenta	2.40.3	container-image	us-docker.pkg.dev/spinnaker-community/docker/kayenta:2.40.3@sha256:c6b7a69f8e78ef359a725a56354d25fa0d02802c9e6541a440ea0c480c9cb2ff	yes		CLAIM-S3-011
1.34.5	2024-08-23	keel	-	not-pinned	-	n/a		CLAIM-S3-006
1.34.6	2025-01-23	gate	6.62.1	container-image	us-docker.pkg.dev/spinnaker-community/docker/gate:6.62.1@sha256:03f619e86ecb27c9a2879b6bde5f8aad672ea70bf367457707436ec585b217bf	yes		CLAIM-S3-011
1.34.6	2025-01-23	orca	8.51.3	container-image	us-docker.pkg.dev/spinnaker-community/docker/orca:8.51.3@sha256:f2000a73b6594aebb3073c647a1668f930b0bde785ffeb672ccb5204cc7314ea	yes		CLAIM-S3-011
1.34.6	2025-01-23	clouddriver	5.85.5	container-image	us-docker.pkg.dev/spinnaker-community/docker/clouddriver:5.85.5@sha256:63d61244f3f308a3c156ac8fb6a8d1894ce49f181483fdf87f27a7a782a0230d	yes		CLAIM-S3-011
1.34.6	2025-01-23	front50	2.32.2	container-image	us-docker.pkg.dev/spinnaker-community/docker/front50:2.32.2@sha256:63060024141744878d618b8f7faf53da4f8bef1d7e0ed85d933cf8d52e53eeb5	yes		CLAIM-S3-011
1.34.6	2025-01-23	echo	2.41.1	container-image	us-docker.pkg.dev/spinnaker-community/docker/echo:2.41.1@sha256:f503b71d2299563ac7e16abaf0605efdadc8b7fc736bb76b0b71038c14cdcdb0	yes		CLAIM-S3-011
1.34.6	2025-01-23	igor	4.16.1	container-image	us-docker.pkg.dev/spinnaker-community/docker/igor:4.16.1@sha256:b7208b9e18e5d2bd8d238557be9005290fc29901f4929d3a87817accffb02029	yes		CLAIM-S3-011
1.34.6	2025-01-23	fiat	1.46.1	container-image	us-docker.pkg.dev/spinnaker-community/docker/fiat:1.46.1@sha256:54a8cac8abd1b8db08327bbc59330890c7847a34f4ff71c6483b97a4e48722d7	yes		CLAIM-S3-011
1.34.6	2025-01-23	rosco	1.20.3	container-image	us-docker.pkg.dev/spinnaker-community/docker/rosco:1.20.3@sha256:246d11d954167e3f976fd78dcfc76b1f72096091b61081d44d4dffc1570cc9d3	yes		CLAIM-S3-011
1.34.6	2025-01-23	kayenta	2.40.4	container-image	us-docker.pkg.dev/spinnaker-community/docker/kayenta:2.40.4@sha256:5d9c3b29133c08be244614031eb775a4b1ce70a1d6136a719eb1af8b2cbdc33e	yes		CLAIM-S3-011
1.34.6	2025-01-23	keel	-	not-pinned	-	n/a		CLAIM-S3-006
1.35.0	2024-08-16	gate	6.63.0	container-image	us-docker.pkg.dev/spinnaker-community/docker/gate:6.63.0@sha256:a1bd5458c2318945ace29202c3707525e542dbc074c90f99eb33420a417bf26c	yes	17	CLAIM-S3-011
1.35.0	2024-08-16	orca	8.54.0	container-image	us-docker.pkg.dev/spinnaker-community/docker/orca:8.54.0@sha256:bf856f263a50ef30d72e84f4087057e43fd3ba043e93e570506d0ff9897fd287	yes	17	CLAIM-S3-011
1.35.0	2024-08-16	clouddriver	5.86.0	container-image	us-docker.pkg.dev/spinnaker-community/docker/clouddriver:5.86.0@sha256:8be8d15b02a7a71c027417bc7d35291348ac58e279203b69640b8e24f7f6e6ed	yes	17	CLAIM-S3-011
1.35.0	2024-08-16	front50	2.33.0	container-image	us-docker.pkg.dev/spinnaker-community/docker/front50:2.33.0@sha256:0294409748d601c308a5afe5e3eb1da232a13e6c41097b0bca1fa2645ccd4418	yes	17	CLAIM-S3-011
1.35.0	2024-08-16	echo	2.42.0	container-image	us-docker.pkg.dev/spinnaker-community/docker/echo:2.42.0@sha256:09036e62911e9ab9f423926f6a7e2fb01ffe5b0dc561b9d37543709325ce4863	yes	17	CLAIM-S3-011
1.35.0	2024-08-16	igor	4.17.0	container-image	us-docker.pkg.dev/spinnaker-community/docker/igor:4.17.0@sha256:23f4552b8305b28fddc71809ccf469c5b9c87110b2b211be91000003efc825af	yes	17	CLAIM-S3-011
1.35.0	2024-08-16	fiat	1.49.0	container-image	us-docker.pkg.dev/spinnaker-community/docker/fiat:1.49.0@sha256:3fa166b0fe8944d2c7cb232b85bd64bb682df7634c7c8206df94019b7e4ac5af	yes	17	CLAIM-S3-011
1.35.0	2024-08-16	rosco	1.21.0	container-image	us-docker.pkg.dev/spinnaker-community/docker/rosco:1.21.0@sha256:6ba9ffbfcd60c8dff31040f8746c4ef1057b968008ff5dc99c18a5ecc88feec2	yes	17	CLAIM-S3-011
1.35.0	2024-08-16	kayenta	2.41.0	container-image	us-docker.pkg.dev/spinnaker-community/docker/kayenta:2.41.0@sha256:7b8ec991ad0c5a48fc59d4a8674586003b4a8195134875940afa53551839f696	yes	17	CLAIM-S3-011
1.35.0	2024-08-16	keel	-	not-pinned	-	n/a		CLAIM-S3-006
1.35.1	2024-08-19	gate	6.63.0	container-image	us-docker.pkg.dev/spinnaker-community/docker/gate:6.63.0@sha256:a1bd5458c2318945ace29202c3707525e542dbc074c90f99eb33420a417bf26c	yes	17	CLAIM-S3-011
1.35.1	2024-08-19	orca	8.54.0	container-image	us-docker.pkg.dev/spinnaker-community/docker/orca:8.54.0@sha256:bf856f263a50ef30d72e84f4087057e43fd3ba043e93e570506d0ff9897fd287	yes	17	CLAIM-S3-011
1.35.1	2024-08-19	clouddriver	5.86.1	container-image	us-docker.pkg.dev/spinnaker-community/docker/clouddriver:5.86.1@sha256:e7a57dbdc77b5d944ecf5c62bcf43e636d2c8b8c0f5732feb4d40906b094fc07	yes		CLAIM-S3-011
1.35.1	2024-08-19	front50	2.33.0	container-image	us-docker.pkg.dev/spinnaker-community/docker/front50:2.33.0@sha256:0294409748d601c308a5afe5e3eb1da232a13e6c41097b0bca1fa2645ccd4418	yes	17	CLAIM-S3-011
1.35.1	2024-08-19	echo	2.42.0	container-image	us-docker.pkg.dev/spinnaker-community/docker/echo:2.42.0@sha256:09036e62911e9ab9f423926f6a7e2fb01ffe5b0dc561b9d37543709325ce4863	yes	17	CLAIM-S3-011
1.35.1	2024-08-19	igor	4.17.0	container-image	us-docker.pkg.dev/spinnaker-community/docker/igor:4.17.0@sha256:23f4552b8305b28fddc71809ccf469c5b9c87110b2b211be91000003efc825af	yes	17	CLAIM-S3-011
1.35.1	2024-08-19	fiat	1.49.0	container-image	us-docker.pkg.dev/spinnaker-community/docker/fiat:1.49.0@sha256:3fa166b0fe8944d2c7cb232b85bd64bb682df7634c7c8206df94019b7e4ac5af	yes	17	CLAIM-S3-011
1.35.1	2024-08-19	rosco	1.21.0	container-image	us-docker.pkg.dev/spinnaker-community/docker/rosco:1.21.0@sha256:6ba9ffbfcd60c8dff31040f8746c4ef1057b968008ff5dc99c18a5ecc88feec2	yes	17	CLAIM-S3-011
1.35.1	2024-08-19	kayenta	2.41.0	container-image	us-docker.pkg.dev/spinnaker-community/docker/kayenta:2.41.0@sha256:7b8ec991ad0c5a48fc59d4a8674586003b4a8195134875940afa53551839f696	yes	17	CLAIM-S3-011
1.35.1	2024-08-19	keel	-	not-pinned	-	n/a		CLAIM-S3-006
1.35.2	2024-08-20	gate	6.63.0	container-image	us-docker.pkg.dev/spinnaker-community/docker/gate:6.63.0@sha256:a1bd5458c2318945ace29202c3707525e542dbc074c90f99eb33420a417bf26c	yes	17	CLAIM-S3-011
1.35.2	2024-08-20	orca	8.54.0	container-image	us-docker.pkg.dev/spinnaker-community/docker/orca:8.54.0@sha256:bf856f263a50ef30d72e84f4087057e43fd3ba043e93e570506d0ff9897fd287	yes	17	CLAIM-S3-011
1.35.2	2024-08-20	clouddriver	5.86.2	container-image	us-docker.pkg.dev/spinnaker-community/docker/clouddriver:5.86.2@sha256:40c7ba7701a100441e6e5a36f5e13c50839ac53b262528d8d6ba2d160b4b613f	yes		CLAIM-S3-011
1.35.2	2024-08-20	front50	2.33.0	container-image	us-docker.pkg.dev/spinnaker-community/docker/front50:2.33.0@sha256:0294409748d601c308a5afe5e3eb1da232a13e6c41097b0bca1fa2645ccd4418	yes	17	CLAIM-S3-011
1.35.2	2024-08-20	echo	2.42.0	container-image	us-docker.pkg.dev/spinnaker-community/docker/echo:2.42.0@sha256:09036e62911e9ab9f423926f6a7e2fb01ffe5b0dc561b9d37543709325ce4863	yes	17	CLAIM-S3-011
1.35.2	2024-08-20	igor	4.17.0	container-image	us-docker.pkg.dev/spinnaker-community/docker/igor:4.17.0@sha256:23f4552b8305b28fddc71809ccf469c5b9c87110b2b211be91000003efc825af	yes	17	CLAIM-S3-011
1.35.2	2024-08-20	fiat	1.49.0	container-image	us-docker.pkg.dev/spinnaker-community/docker/fiat:1.49.0@sha256:3fa166b0fe8944d2c7cb232b85bd64bb682df7634c7c8206df94019b7e4ac5af	yes	17	CLAIM-S3-011
1.35.2	2024-08-20	rosco	1.21.0	container-image	us-docker.pkg.dev/spinnaker-community/docker/rosco:1.21.0@sha256:6ba9ffbfcd60c8dff31040f8746c4ef1057b968008ff5dc99c18a5ecc88feec2	yes	17	CLAIM-S3-011
1.35.2	2024-08-20	kayenta	2.41.0	container-image	us-docker.pkg.dev/spinnaker-community/docker/kayenta:2.41.0@sha256:7b8ec991ad0c5a48fc59d4a8674586003b4a8195134875940afa53551839f696	yes	17	CLAIM-S3-011
1.35.2	2024-08-20	keel	-	not-pinned	-	n/a		CLAIM-S3-006
1.35.3	2024-08-23	gate	6.63.0	container-image	us-docker.pkg.dev/spinnaker-community/docker/gate:6.63.0@sha256:a1bd5458c2318945ace29202c3707525e542dbc074c90f99eb33420a417bf26c	yes	17	CLAIM-S3-011
1.35.3	2024-08-23	orca	8.54.0	container-image	us-docker.pkg.dev/spinnaker-community/docker/orca:8.54.0@sha256:bf856f263a50ef30d72e84f4087057e43fd3ba043e93e570506d0ff9897fd287	yes	17	CLAIM-S3-011
1.35.3	2024-08-23	clouddriver	5.86.2	container-image	us-docker.pkg.dev/spinnaker-community/docker/clouddriver:5.86.2@sha256:40c7ba7701a100441e6e5a36f5e13c50839ac53b262528d8d6ba2d160b4b613f	yes		CLAIM-S3-011
1.35.3	2024-08-23	front50	2.33.1	container-image	us-docker.pkg.dev/spinnaker-community/docker/front50:2.33.1@sha256:2b301a02595d37dee95be40dfa8702cc2544394f997d7ba486bec4409e6097fa	yes		CLAIM-S3-011
1.35.3	2024-08-23	echo	2.42.0	container-image	us-docker.pkg.dev/spinnaker-community/docker/echo:2.42.0@sha256:09036e62911e9ab9f423926f6a7e2fb01ffe5b0dc561b9d37543709325ce4863	yes	17	CLAIM-S3-011
1.35.3	2024-08-23	igor	4.17.0	container-image	us-docker.pkg.dev/spinnaker-community/docker/igor:4.17.0@sha256:23f4552b8305b28fddc71809ccf469c5b9c87110b2b211be91000003efc825af	yes	17	CLAIM-S3-011
1.35.3	2024-08-23	fiat	1.49.0	container-image	us-docker.pkg.dev/spinnaker-community/docker/fiat:1.49.0@sha256:3fa166b0fe8944d2c7cb232b85bd64bb682df7634c7c8206df94019b7e4ac5af	yes	17	CLAIM-S3-011
1.35.3	2024-08-23	rosco	1.21.0	container-image	us-docker.pkg.dev/spinnaker-community/docker/rosco:1.21.0@sha256:6ba9ffbfcd60c8dff31040f8746c4ef1057b968008ff5dc99c18a5ecc88feec2	yes	17	CLAIM-S3-011
1.35.3	2024-08-23	kayenta	2.41.0	container-image	us-docker.pkg.dev/spinnaker-community/docker/kayenta:2.41.0@sha256:7b8ec991ad0c5a48fc59d4a8674586003b4a8195134875940afa53551839f696	yes	17	CLAIM-S3-011
1.35.3	2024-08-23	keel	-	not-pinned	-	n/a		CLAIM-S3-006
1.35.4	2024-08-27	gate	6.63.0	container-image	us-docker.pkg.dev/spinnaker-community/docker/gate:6.63.0@sha256:a1bd5458c2318945ace29202c3707525e542dbc074c90f99eb33420a417bf26c	yes	17	CLAIM-S3-011
1.35.4	2024-08-27	orca	8.54.0	container-image	us-docker.pkg.dev/spinnaker-community/docker/orca:8.54.0@sha256:bf856f263a50ef30d72e84f4087057e43fd3ba043e93e570506d0ff9897fd287	yes	17	CLAIM-S3-011
1.35.4	2024-08-27	clouddriver	5.86.3	container-image	us-docker.pkg.dev/spinnaker-community/docker/clouddriver:5.86.3@sha256:d95987d0a88f08370b056cb8ab4f402c1f107157ab808515a0906259442f1a7d	yes		CLAIM-S3-011
1.35.4	2024-08-27	front50	2.33.1	container-image	us-docker.pkg.dev/spinnaker-community/docker/front50:2.33.1@sha256:2b301a02595d37dee95be40dfa8702cc2544394f997d7ba486bec4409e6097fa	yes		CLAIM-S3-011
1.35.4	2024-08-27	echo	2.42.0	container-image	us-docker.pkg.dev/spinnaker-community/docker/echo:2.42.0@sha256:09036e62911e9ab9f423926f6a7e2fb01ffe5b0dc561b9d37543709325ce4863	yes	17	CLAIM-S3-011
1.35.4	2024-08-27	igor	4.17.0	container-image	us-docker.pkg.dev/spinnaker-community/docker/igor:4.17.0@sha256:23f4552b8305b28fddc71809ccf469c5b9c87110b2b211be91000003efc825af	yes	17	CLAIM-S3-011
1.35.4	2024-08-27	fiat	1.49.0	container-image	us-docker.pkg.dev/spinnaker-community/docker/fiat:1.49.0@sha256:3fa166b0fe8944d2c7cb232b85bd64bb682df7634c7c8206df94019b7e4ac5af	yes	17	CLAIM-S3-011
1.35.4	2024-08-27	rosco	1.21.0	container-image	us-docker.pkg.dev/spinnaker-community/docker/rosco:1.21.0@sha256:6ba9ffbfcd60c8dff31040f8746c4ef1057b968008ff5dc99c18a5ecc88feec2	yes	17	CLAIM-S3-011
1.35.4	2024-08-27	kayenta	2.41.0	container-image	us-docker.pkg.dev/spinnaker-community/docker/kayenta:2.41.0@sha256:7b8ec991ad0c5a48fc59d4a8674586003b4a8195134875940afa53551839f696	yes	17	CLAIM-S3-011
1.35.4	2024-08-27	keel	-	not-pinned	-	n/a		CLAIM-S3-006
1.35.5	2025-01-22	gate	6.63.0	container-image	us-docker.pkg.dev/spinnaker-community/docker/gate:6.63.0@sha256:a1bd5458c2318945ace29202c3707525e542dbc074c90f99eb33420a417bf26c	yes	17	CLAIM-S3-011
1.35.5	2025-01-22	orca	8.54.1	container-image	us-docker.pkg.dev/spinnaker-community/docker/orca:8.54.1@sha256:89aa3857f927d0373d029232a8d03f00135cdf942922cec52b04f3911baa38bb	yes		CLAIM-S3-011
1.35.5	2025-01-22	clouddriver	5.86.4	container-image	us-docker.pkg.dev/spinnaker-community/docker/clouddriver:5.86.4@sha256:fcb009e8496c61692b69530824ff96eb8002329a7c5b55c091daea7784f0150f	yes		CLAIM-S3-011
1.35.5	2025-01-22	front50	2.33.1	container-image	us-docker.pkg.dev/spinnaker-community/docker/front50:2.33.1@sha256:2b301a02595d37dee95be40dfa8702cc2544394f997d7ba486bec4409e6097fa	yes		CLAIM-S3-011
1.35.5	2025-01-22	echo	2.42.0	container-image	us-docker.pkg.dev/spinnaker-community/docker/echo:2.42.0@sha256:09036e62911e9ab9f423926f6a7e2fb01ffe5b0dc561b9d37543709325ce4863	yes	17	CLAIM-S3-011
1.35.5	2025-01-22	igor	4.17.0	container-image	us-docker.pkg.dev/spinnaker-community/docker/igor:4.17.0@sha256:23f4552b8305b28fddc71809ccf469c5b9c87110b2b211be91000003efc825af	yes	17	CLAIM-S3-011
1.35.5	2025-01-22	fiat	1.49.0	container-image	us-docker.pkg.dev/spinnaker-community/docker/fiat:1.49.0@sha256:3fa166b0fe8944d2c7cb232b85bd64bb682df7634c7c8206df94019b7e4ac5af	yes	17	CLAIM-S3-011
1.35.5	2025-01-22	rosco	1.21.1	container-image	us-docker.pkg.dev/spinnaker-community/docker/rosco:1.21.1@sha256:5792eb33c9d180aa4719177bb82bb699785cfd534ff1ee27b371f52dff9c2729	yes		CLAIM-S3-011
1.35.5	2025-01-22	kayenta	2.41.1	container-image	us-docker.pkg.dev/spinnaker-community/docker/kayenta:2.41.1@sha256:6346516621207f4f295e2687cc068f2b409fa5ecc1bca5e1b2b42e225d5520bb	yes		CLAIM-S3-011
1.35.5	2025-01-22	keel	-	not-pinned	-	n/a		CLAIM-S3-006
1.36.0	2024-11-20	gate	6.64.0	container-image	us-docker.pkg.dev/spinnaker-community/docker/gate:6.64.0@sha256:c8f9ade27d27e71c68d0c64cebe75555a317a9575a56fa316ba734d0cd571617	yes	17	CLAIM-S3-011
1.36.0	2024-11-20	orca	8.57.0	container-image	us-docker.pkg.dev/spinnaker-community/docker/orca:8.57.0@sha256:c7bddd2015cd491b9321f99827a708e23af112984cc3df014b6a5c0fe39af93c	yes	17	CLAIM-S3-011
1.36.0	2024-11-20	clouddriver	5.90.0	container-image	us-docker.pkg.dev/spinnaker-community/docker/clouddriver:5.90.0@sha256:83557c16c9be8e7ffa5904c4d4194055eceed37f175d89592c1075c44b465983	yes	17	CLAIM-S3-011
1.36.0	2024-11-20	front50	2.37.0	container-image	us-docker.pkg.dev/spinnaker-community/docker/front50:2.37.0@sha256:5d010cf82f2e38a84704cc4e3c5717e784df95db1692038a0a9e58742f1e2520	yes	17	CLAIM-S3-011
1.36.0	2024-11-20	echo	2.43.0	container-image	us-docker.pkg.dev/spinnaker-community/docker/echo:2.43.0@sha256:b67b6160f25e485be7ab8356ce5e86b46022c655303a92c3f9e59085e2e22705	yes	17	CLAIM-S3-011
1.36.0	2024-11-20	igor	4.18.0	container-image	us-docker.pkg.dev/spinnaker-community/docker/igor:4.18.0@sha256:c82ad83f3bbbd14ef7c3cba3da00ce5fc31068ee12d12956e0ca5354dbfad1b5	yes	17	CLAIM-S3-011
1.36.0	2024-11-20	fiat	1.51.0	container-image	us-docker.pkg.dev/spinnaker-community/docker/fiat:1.51.0@sha256:58ec5f75ec9a8505e6f0d7c4f5e76719852c1009ec1c398ba75d0bb4473b55b2	yes	17	CLAIM-S3-011
1.36.0	2024-11-20	rosco	1.22.0	container-image	us-docker.pkg.dev/spinnaker-community/docker/rosco:1.22.0@sha256:f042b20c952bf4d54a3988a344de65ceb722ac81c38df0b2fb22a850409acc08	yes	17	CLAIM-S3-011
1.36.0	2024-11-20	kayenta	2.42.0	container-image	us-docker.pkg.dev/spinnaker-community/docker/kayenta:2.42.0@sha256:9215770c90121e3d1a23d71c0c767d2952da86716e695c1b78e2ae90828e1c60	yes	17	CLAIM-S3-011
1.36.0	2024-11-20	keel	-	not-pinned	-	n/a		CLAIM-S3-006
1.36.1	2025-01-22	gate	6.64.1	container-image	us-docker.pkg.dev/spinnaker-community/docker/gate:6.64.1@sha256:34014e596475da3fb4b53150ec24f9e39f773ebd6c5000af6a991e53f84e6013	yes		CLAIM-S3-011
1.36.1	2025-01-22	orca	8.57.1	container-image	us-docker.pkg.dev/spinnaker-community/docker/orca:8.57.1@sha256:6996f9ba3e44de68dfb07176ba555ab0ef4c7ed6700370a521892b4a148b2d22	yes		CLAIM-S3-011
1.36.1	2025-01-22	clouddriver	5.90.1	container-image	us-docker.pkg.dev/spinnaker-community/docker/clouddriver:5.90.1@sha256:76f24e6149f0ad7c2af2634b6be6cbba508f2c855e24ec903df2f316a01f8f01	yes		CLAIM-S3-011
1.36.1	2025-01-22	front50	2.37.1	container-image	us-docker.pkg.dev/spinnaker-community/docker/front50:2.37.1@sha256:c9668ff3cfa473ee58cf9308c8d93541f11fa773b085393e82a72db98662a3df	yes		CLAIM-S3-011
1.36.1	2025-01-22	echo	2.43.1	container-image	us-docker.pkg.dev/spinnaker-community/docker/echo:2.43.1@sha256:b3632172087fdf4579ad07f7018ebee2415b10bb30d613d1ca009a07e98c504b	yes		CLAIM-S3-011
1.36.1	2025-01-22	igor	4.18.1	container-image	us-docker.pkg.dev/spinnaker-community/docker/igor:4.18.1@sha256:832e0d977d4c342495dad2b816fbdb7caeacefd351520afa5768aa0b325775ac	yes		CLAIM-S3-011
1.36.1	2025-01-22	fiat	1.51.1	container-image	us-docker.pkg.dev/spinnaker-community/docker/fiat:1.51.1@sha256:ab2825018f4fc704b0149bf27955785db26df7a96051bbd2f58e178eaf859ce5	yes		CLAIM-S3-011
1.36.1	2025-01-22	rosco	1.22.1	container-image	us-docker.pkg.dev/spinnaker-community/docker/rosco:1.22.1@sha256:8f942fe2704d739cf8b04580ecd4b9776fbb3bfb8de76e8965b37395f1ab4171	yes		CLAIM-S3-011
1.36.1	2025-01-22	kayenta	2.42.1	container-image	us-docker.pkg.dev/spinnaker-community/docker/kayenta:2.42.1@sha256:90982926ba0153a3bbc62d260e51d7e8ef7daceee8334b782f2f5304e31f0203	yes		CLAIM-S3-011
1.36.1	2025-01-22	keel	-	not-pinned	-	n/a		CLAIM-S3-006
1.36.2	2025-05-22	gate	6.64.2	container-image	us-docker.pkg.dev/spinnaker-community/docker/gate:6.64.2@sha256:1ae3762f51016f421151483030feadbed4c0a6b7e78d04f5b2c3e6299303a7b7	yes		CLAIM-S3-011
1.36.2	2025-05-22	orca	8.57.2	container-image	us-docker.pkg.dev/spinnaker-community/docker/orca:8.57.2@sha256:df7086f252e955695720d9a71996b8c9c29957081929e31f50c1f8b5e0085160	yes		CLAIM-S3-011
1.36.2	2025-05-22	clouddriver	5.90.2	container-image	us-docker.pkg.dev/spinnaker-community/docker/clouddriver:5.90.2@sha256:9098cccb44b69d1f5508b52f3c8518dfb2f0385024b34e3ce010ab602d047b06	yes		CLAIM-S3-011
1.36.2	2025-05-22	front50	2.37.2	container-image	us-docker.pkg.dev/spinnaker-community/docker/front50:2.37.2@sha256:38eac29fbbaae86b7c098ac66fa01d3ee7d8da295172e3bb410ac6099770ed7e	yes		CLAIM-S3-011
1.36.2	2025-05-22	echo	2.43.3	container-image	us-docker.pkg.dev/spinnaker-community/docker/echo:2.43.3@sha256:53c21ef7b3d74800fd0f7d15556414838562113d8c76085edede29b4dcfe5366	yes		CLAIM-S3-011
1.36.2	2025-05-22	igor	4.18.2	container-image	us-docker.pkg.dev/spinnaker-community/docker/igor:4.18.2@sha256:80e37b5b517b25b22d3eebdf7fb0eda77477ebf1a16f67516585ad8de5d3ab15	yes		CLAIM-S3-011
1.36.2	2025-05-22	fiat	1.51.2	container-image	us-docker.pkg.dev/spinnaker-community/docker/fiat:1.51.2@sha256:93aeca5d71610542cafb68c9bab6353a17bcba4abbf4a8f6c414cc008524d1f0	yes		CLAIM-S3-011
1.36.2	2025-05-22	rosco	1.22.2	container-image	us-docker.pkg.dev/spinnaker-community/docker/rosco:1.22.2@sha256:a16b40baeddfe179a72c5b738f703d16f3c8ca89e3e0edbc06815e83bf830627	yes		CLAIM-S3-011
1.36.2	2025-05-22	kayenta	2.42.2	container-image	us-docker.pkg.dev/spinnaker-community/docker/kayenta:2.42.2@sha256:8633f4dde008c22d9d7921f91f57f62341585a324fdefdb6a147a99d418bb3fc	yes		CLAIM-S3-011
1.36.2	2025-05-22	keel	-	not-pinned	-	n/a		CLAIM-S3-006
1.36.3	2025-08-15	gate	6.64.2	container-image	us-docker.pkg.dev/spinnaker-community/docker/gate:6.64.2@sha256:1ae3762f51016f421151483030feadbed4c0a6b7e78d04f5b2c3e6299303a7b7	yes		CLAIM-S3-011
1.36.3	2025-08-15	orca	8.57.2	container-image	us-docker.pkg.dev/spinnaker-community/docker/orca:8.57.2@sha256:df7086f252e955695720d9a71996b8c9c29957081929e31f50c1f8b5e0085160	yes		CLAIM-S3-011
1.36.3	2025-08-15	clouddriver	5.90.5	container-image	us-docker.pkg.dev/spinnaker-community/docker/clouddriver:5.90.5@sha256:54179bbea35c8628536a9cb1278760859388b2f867e81afb06451c07166edfd6	yes		CLAIM-S3-011
1.36.3	2025-08-15	front50	2.37.2	container-image	us-docker.pkg.dev/spinnaker-community/docker/front50:2.37.2@sha256:38eac29fbbaae86b7c098ac66fa01d3ee7d8da295172e3bb410ac6099770ed7e	yes		CLAIM-S3-011
1.36.3	2025-08-15	echo	2.43.3	container-image	us-docker.pkg.dev/spinnaker-community/docker/echo:2.43.3@sha256:53c21ef7b3d74800fd0f7d15556414838562113d8c76085edede29b4dcfe5366	yes		CLAIM-S3-011
1.36.3	2025-08-15	igor	4.18.2	container-image	us-docker.pkg.dev/spinnaker-community/docker/igor:4.18.2@sha256:80e37b5b517b25b22d3eebdf7fb0eda77477ebf1a16f67516585ad8de5d3ab15	yes		CLAIM-S3-011
1.36.3	2025-08-15	fiat	1.51.2	container-image	us-docker.pkg.dev/spinnaker-community/docker/fiat:1.51.2@sha256:93aeca5d71610542cafb68c9bab6353a17bcba4abbf4a8f6c414cc008524d1f0	yes		CLAIM-S3-011
1.36.3	2025-08-15	rosco	1.22.2	container-image	us-docker.pkg.dev/spinnaker-community/docker/rosco:1.22.2@sha256:a16b40baeddfe179a72c5b738f703d16f3c8ca89e3e0edbc06815e83bf830627	yes		CLAIM-S3-011
1.36.3	2025-08-15	kayenta	2.42.2	container-image	us-docker.pkg.dev/spinnaker-community/docker/kayenta:2.42.2@sha256:8633f4dde008c22d9d7921f91f57f62341585a324fdefdb6a147a99d418bb3fc	yes		CLAIM-S3-011
1.36.3	2025-08-15	keel	-	not-pinned	-	n/a		CLAIM-S3-006
1.37.0	2025-02-24	gate	6.66.0	container-image	us-docker.pkg.dev/spinnaker-community/docker/gate:6.66.0@sha256:251e3e38a281c4aebbbe62fa2c921d4db39b322fde240a9b30de679b7a4b5d4f	yes	17	CLAIM-S3-011
1.37.0	2025-02-24	orca	8.61.0	container-image	us-docker.pkg.dev/spinnaker-community/docker/orca:8.61.0@sha256:9470cad80b515106769932255a7fc964008da59a6b5986aefb67a95b636fbd74	yes	17	CLAIM-S3-011
1.37.0	2025-02-24	clouddriver	5.91.0	container-image	us-docker.pkg.dev/spinnaker-community/docker/clouddriver:5.91.0@sha256:710f20c7c400dc1cabd1c15acc8548ac31acab7dc161600792cb604d3b182474	yes	17	CLAIM-S3-011
1.37.0	2025-02-24	front50	2.38.0	container-image	us-docker.pkg.dev/spinnaker-community/docker/front50:2.38.0@sha256:a87b3233a5a5ea94de897271dbdac848356e246bafc23e428953eedc32f0f43a	yes	17	CLAIM-S3-011
1.37.0	2025-02-24	echo	2.44.0	container-image	us-docker.pkg.dev/spinnaker-community/docker/echo:2.44.0@sha256:63bf0cc71ffabb8c1a08b5113bc06e72bdac1f8dfadaf5b71b00c5f7ae301758	yes	17	CLAIM-S3-011
1.37.0	2025-02-24	igor	4.19.0	container-image	us-docker.pkg.dev/spinnaker-community/docker/igor:4.19.0@sha256:2dd6b262b5a62c47565b36313d22d66ac5b45288c37dd7ae5bb1ae6f482a77bd	yes	17	CLAIM-S3-011
1.37.0	2025-02-24	fiat	1.54.0	container-image	us-docker.pkg.dev/spinnaker-community/docker/fiat:1.54.0@sha256:75b14d837478abd3a83f7ec8dda502542fc45c73c3e9cb065fd2e7460eba9117	yes	17	CLAIM-S3-011
1.37.0	2025-02-24	rosco	1.23.0	container-image	us-docker.pkg.dev/spinnaker-community/docker/rosco:1.23.0@sha256:f2d27cefdca0a61e5eb05a313c6a4d82805365dfdc6232fafa0cdcdafd9aea1d	yes	17	CLAIM-S3-011
1.37.0	2025-02-24	kayenta	2.44.0	container-image	us-docker.pkg.dev/spinnaker-community/docker/kayenta:2.44.0@sha256:2d2f05c507604071e490562aa8a4df1eb6f1d70e0a64987b4b06d0a4889787f4	yes	17	CLAIM-S3-011
1.37.0	2025-02-24	keel	-	not-pinned	-	n/a		CLAIM-S3-006
1.37.1	2025-02-28	gate	6.66.1	container-image	us-docker.pkg.dev/spinnaker-community/docker/gate:6.66.1@sha256:c999ad5c769a7a97bbc296996a971b180ac4e54d8160fd653450729606350323	yes		CLAIM-S3-011
1.37.1	2025-02-28	orca	8.61.0	container-image	us-docker.pkg.dev/spinnaker-community/docker/orca:8.61.0@sha256:9470cad80b515106769932255a7fc964008da59a6b5986aefb67a95b636fbd74	yes	17	CLAIM-S3-011
1.37.1	2025-02-28	clouddriver	5.91.1	container-image	us-docker.pkg.dev/spinnaker-community/docker/clouddriver:5.91.1@sha256:c39488aa393524a6d22412c3f1c5e05295bc88162418f3947f1c1729170555a2	yes		CLAIM-S3-011
1.37.1	2025-02-28	front50	2.38.0	container-image	us-docker.pkg.dev/spinnaker-community/docker/front50:2.38.0@sha256:a87b3233a5a5ea94de897271dbdac848356e246bafc23e428953eedc32f0f43a	yes	17	CLAIM-S3-011
1.37.1	2025-02-28	echo	2.44.1	container-image	us-docker.pkg.dev/spinnaker-community/docker/echo:2.44.1@sha256:b533f47ad6cb28f99e39c27c67fc08d96f4495e0f88d5aa687fffac8d2e5eb23	yes		CLAIM-S3-011
1.37.1	2025-02-28	igor	4.19.0	container-image	us-docker.pkg.dev/spinnaker-community/docker/igor:4.19.0@sha256:2dd6b262b5a62c47565b36313d22d66ac5b45288c37dd7ae5bb1ae6f482a77bd	yes	17	CLAIM-S3-011
1.37.1	2025-02-28	fiat	1.54.0	container-image	us-docker.pkg.dev/spinnaker-community/docker/fiat:1.54.0@sha256:75b14d837478abd3a83f7ec8dda502542fc45c73c3e9cb065fd2e7460eba9117	yes	17	CLAIM-S3-011
1.37.1	2025-02-28	rosco	1.23.0	container-image	us-docker.pkg.dev/spinnaker-community/docker/rosco:1.23.0@sha256:f2d27cefdca0a61e5eb05a313c6a4d82805365dfdc6232fafa0cdcdafd9aea1d	yes	17	CLAIM-S3-011
1.37.1	2025-02-28	kayenta	2.44.0	container-image	us-docker.pkg.dev/spinnaker-community/docker/kayenta:2.44.0@sha256:2d2f05c507604071e490562aa8a4df1eb6f1d70e0a64987b4b06d0a4889787f4	yes	17	CLAIM-S3-011
1.37.1	2025-02-28	keel	-	not-pinned	-	n/a		CLAIM-S3-006
1.37.2	2025-03-01	gate	6.66.3	container-image	us-docker.pkg.dev/spinnaker-community/docker/gate:6.66.3@sha256:3a19384adc207ff84e7dbfed266608773bff3cd795478d453e630c239d3599a9	yes		CLAIM-S3-011
1.37.2	2025-03-01	orca	8.61.0	container-image	us-docker.pkg.dev/spinnaker-community/docker/orca:8.61.0@sha256:9470cad80b515106769932255a7fc964008da59a6b5986aefb67a95b636fbd74	yes	17	CLAIM-S3-011
1.37.2	2025-03-01	clouddriver	5.91.1	container-image	us-docker.pkg.dev/spinnaker-community/docker/clouddriver:5.91.1@sha256:c39488aa393524a6d22412c3f1c5e05295bc88162418f3947f1c1729170555a2	yes		CLAIM-S3-011
1.37.2	2025-03-01	front50	2.38.0	container-image	us-docker.pkg.dev/spinnaker-community/docker/front50:2.38.0@sha256:a87b3233a5a5ea94de897271dbdac848356e246bafc23e428953eedc32f0f43a	yes	17	CLAIM-S3-011
1.37.2	2025-03-01	echo	2.44.2	container-image	us-docker.pkg.dev/spinnaker-community/docker/echo:2.44.2@sha256:0632b09c1eba9a7c4fbfd7535fcbff5e81d4a74cf13051c40813e9fe3a1c62d0	yes		CLAIM-S3-011
1.37.2	2025-03-01	igor	4.19.0	container-image	us-docker.pkg.dev/spinnaker-community/docker/igor:4.19.0@sha256:2dd6b262b5a62c47565b36313d22d66ac5b45288c37dd7ae5bb1ae6f482a77bd	yes	17	CLAIM-S3-011
1.37.2	2025-03-01	fiat	1.54.0	container-image	us-docker.pkg.dev/spinnaker-community/docker/fiat:1.54.0@sha256:75b14d837478abd3a83f7ec8dda502542fc45c73c3e9cb065fd2e7460eba9117	yes	17	CLAIM-S3-011
1.37.2	2025-03-01	rosco	1.23.0	container-image	us-docker.pkg.dev/spinnaker-community/docker/rosco:1.23.0@sha256:f2d27cefdca0a61e5eb05a313c6a4d82805365dfdc6232fafa0cdcdafd9aea1d	yes	17	CLAIM-S3-011
1.37.2	2025-03-01	kayenta	2.44.0	container-image	us-docker.pkg.dev/spinnaker-community/docker/kayenta:2.44.0@sha256:2d2f05c507604071e490562aa8a4df1eb6f1d70e0a64987b4b06d0a4889787f4	yes	17	CLAIM-S3-011
1.37.2	2025-03-01	keel	-	not-pinned	-	n/a		CLAIM-S3-006
1.37.3	2025-03-04	gate	6.66.4	container-image	us-docker.pkg.dev/spinnaker-community/docker/gate:6.66.4@sha256:904e83a6d88828cda547b2ff3597788b951d14f5db97a7a61023b59ca2898f5e	yes		CLAIM-S3-011
1.37.3	2025-03-04	orca	8.61.0	container-image	us-docker.pkg.dev/spinnaker-community/docker/orca:8.61.0@sha256:9470cad80b515106769932255a7fc964008da59a6b5986aefb67a95b636fbd74	yes	17	CLAIM-S3-011
1.37.3	2025-03-04	clouddriver	5.91.1	container-image	us-docker.pkg.dev/spinnaker-community/docker/clouddriver:5.91.1@sha256:c39488aa393524a6d22412c3f1c5e05295bc88162418f3947f1c1729170555a2	yes		CLAIM-S3-011
1.37.3	2025-03-04	front50	2.38.0	container-image	us-docker.pkg.dev/spinnaker-community/docker/front50:2.38.0@sha256:a87b3233a5a5ea94de897271dbdac848356e246bafc23e428953eedc32f0f43a	yes	17	CLAIM-S3-011
1.37.3	2025-03-04	echo	2.44.3	container-image	us-docker.pkg.dev/spinnaker-community/docker/echo:2.44.3@sha256:dbdda9d12705740f6e77f87d69e8ed68b4ee2089826287e961bd31c759e9cea0	yes		CLAIM-S3-011
1.37.3	2025-03-04	igor	4.19.0	container-image	us-docker.pkg.dev/spinnaker-community/docker/igor:4.19.0@sha256:2dd6b262b5a62c47565b36313d22d66ac5b45288c37dd7ae5bb1ae6f482a77bd	yes	17	CLAIM-S3-011
1.37.3	2025-03-04	fiat	1.54.0	container-image	us-docker.pkg.dev/spinnaker-community/docker/fiat:1.54.0@sha256:75b14d837478abd3a83f7ec8dda502542fc45c73c3e9cb065fd2e7460eba9117	yes	17	CLAIM-S3-011
1.37.3	2025-03-04	rosco	1.23.0	container-image	us-docker.pkg.dev/spinnaker-community/docker/rosco:1.23.0@sha256:f2d27cefdca0a61e5eb05a313c6a4d82805365dfdc6232fafa0cdcdafd9aea1d	yes	17	CLAIM-S3-011
1.37.3	2025-03-04	kayenta	2.44.0	container-image	us-docker.pkg.dev/spinnaker-community/docker/kayenta:2.44.0@sha256:2d2f05c507604071e490562aa8a4df1eb6f1d70e0a64987b4b06d0a4889787f4	yes	17	CLAIM-S3-011
1.37.3	2025-03-04	keel	-	not-pinned	-	n/a		CLAIM-S3-006
1.37.4	2025-03-05	gate	6.66.4	container-image	us-docker.pkg.dev/spinnaker-community/docker/gate:6.66.4@sha256:904e83a6d88828cda547b2ff3597788b951d14f5db97a7a61023b59ca2898f5e	yes		CLAIM-S3-011
1.37.4	2025-03-05	orca	8.61.0	container-image	us-docker.pkg.dev/spinnaker-community/docker/orca:8.61.0@sha256:9470cad80b515106769932255a7fc964008da59a6b5986aefb67a95b636fbd74	yes	17	CLAIM-S3-011
1.37.4	2025-03-05	clouddriver	5.91.1	container-image	us-docker.pkg.dev/spinnaker-community/docker/clouddriver:5.91.1@sha256:c39488aa393524a6d22412c3f1c5e05295bc88162418f3947f1c1729170555a2	yes		CLAIM-S3-011
1.37.4	2025-03-05	front50	2.38.0	container-image	us-docker.pkg.dev/spinnaker-community/docker/front50:2.38.0@sha256:a87b3233a5a5ea94de897271dbdac848356e246bafc23e428953eedc32f0f43a	yes	17	CLAIM-S3-011
1.37.4	2025-03-05	echo	2.44.4	container-image	us-docker.pkg.dev/spinnaker-community/docker/echo:2.44.4@sha256:abd5978eacdab9489bb5d46b1e258d8c147ce702abc020cb2827f725bb3377ee	yes		CLAIM-S3-011
1.37.4	2025-03-05	igor	4.19.0	container-image	us-docker.pkg.dev/spinnaker-community/docker/igor:4.19.0@sha256:2dd6b262b5a62c47565b36313d22d66ac5b45288c37dd7ae5bb1ae6f482a77bd	yes	17	CLAIM-S3-011
1.37.4	2025-03-05	fiat	1.54.0	container-image	us-docker.pkg.dev/spinnaker-community/docker/fiat:1.54.0@sha256:75b14d837478abd3a83f7ec8dda502542fc45c73c3e9cb065fd2e7460eba9117	yes	17	CLAIM-S3-011
1.37.4	2025-03-05	rosco	1.23.0	container-image	us-docker.pkg.dev/spinnaker-community/docker/rosco:1.23.0@sha256:f2d27cefdca0a61e5eb05a313c6a4d82805365dfdc6232fafa0cdcdafd9aea1d	yes	17	CLAIM-S3-011
1.37.4	2025-03-05	kayenta	2.44.0	container-image	us-docker.pkg.dev/spinnaker-community/docker/kayenta:2.44.0@sha256:2d2f05c507604071e490562aa8a4df1eb6f1d70e0a64987b4b06d0a4889787f4	yes	17	CLAIM-S3-011
1.37.4	2025-03-05	keel	-	not-pinned	-	n/a		CLAIM-S3-006
1.37.5	2025-03-07	gate	6.66.4	container-image	us-docker.pkg.dev/spinnaker-community/docker/gate:6.66.4@sha256:904e83a6d88828cda547b2ff3597788b951d14f5db97a7a61023b59ca2898f5e	yes		CLAIM-S3-011
1.37.5	2025-03-07	orca	8.61.0	container-image	us-docker.pkg.dev/spinnaker-community/docker/orca:8.61.0@sha256:9470cad80b515106769932255a7fc964008da59a6b5986aefb67a95b636fbd74	yes	17	CLAIM-S3-011
1.37.5	2025-03-07	clouddriver	5.91.2	container-image	us-docker.pkg.dev/spinnaker-community/docker/clouddriver:5.91.2@sha256:2e0bb8f2c20e62ef89cf1798835242bcc6e505e9049c5d8320182d8351ce8d8e	yes		CLAIM-S3-011
1.37.5	2025-03-07	front50	2.38.0	container-image	us-docker.pkg.dev/spinnaker-community/docker/front50:2.38.0@sha256:a87b3233a5a5ea94de897271dbdac848356e246bafc23e428953eedc32f0f43a	yes	17	CLAIM-S3-011
1.37.5	2025-03-07	echo	2.44.4	container-image	us-docker.pkg.dev/spinnaker-community/docker/echo:2.44.4@sha256:abd5978eacdab9489bb5d46b1e258d8c147ce702abc020cb2827f725bb3377ee	yes		CLAIM-S3-011
1.37.5	2025-03-07	igor	4.19.0	container-image	us-docker.pkg.dev/spinnaker-community/docker/igor:4.19.0@sha256:2dd6b262b5a62c47565b36313d22d66ac5b45288c37dd7ae5bb1ae6f482a77bd	yes	17	CLAIM-S3-011
1.37.5	2025-03-07	fiat	1.54.0	container-image	us-docker.pkg.dev/spinnaker-community/docker/fiat:1.54.0@sha256:75b14d837478abd3a83f7ec8dda502542fc45c73c3e9cb065fd2e7460eba9117	yes	17	CLAIM-S3-011
1.37.5	2025-03-07	rosco	1.23.0	container-image	us-docker.pkg.dev/spinnaker-community/docker/rosco:1.23.0@sha256:f2d27cefdca0a61e5eb05a313c6a4d82805365dfdc6232fafa0cdcdafd9aea1d	yes	17	CLAIM-S3-011
1.37.5	2025-03-07	kayenta	2.44.0	container-image	us-docker.pkg.dev/spinnaker-community/docker/kayenta:2.44.0@sha256:2d2f05c507604071e490562aa8a4df1eb6f1d70e0a64987b4b06d0a4889787f4	yes	17	CLAIM-S3-011
1.37.5	2025-03-07	keel	-	not-pinned	-	n/a		CLAIM-S3-006
1.37.6	2025-03-12	gate	6.66.4	container-image	us-docker.pkg.dev/spinnaker-community/docker/gate:6.66.4@sha256:904e83a6d88828cda547b2ff3597788b951d14f5db97a7a61023b59ca2898f5e	yes		CLAIM-S3-011
1.37.6	2025-03-12	orca	8.61.0	container-image	us-docker.pkg.dev/spinnaker-community/docker/orca:8.61.0@sha256:9470cad80b515106769932255a7fc964008da59a6b5986aefb67a95b636fbd74	yes	17	CLAIM-S3-011
1.37.6	2025-03-12	clouddriver	5.91.3	container-image	us-docker.pkg.dev/spinnaker-community/docker/clouddriver:5.91.3@sha256:287bbf679daf1c306e1b67474b2fa59cde67747674efe89420e4a1e65f00c619	yes		CLAIM-S3-011
1.37.6	2025-03-12	front50	2.38.0	container-image	us-docker.pkg.dev/spinnaker-community/docker/front50:2.38.0@sha256:a87b3233a5a5ea94de897271dbdac848356e246bafc23e428953eedc32f0f43a	yes	17	CLAIM-S3-011
1.37.6	2025-03-12	echo	2.44.4	container-image	us-docker.pkg.dev/spinnaker-community/docker/echo:2.44.4@sha256:abd5978eacdab9489bb5d46b1e258d8c147ce702abc020cb2827f725bb3377ee	yes		CLAIM-S3-011
1.37.6	2025-03-12	igor	4.19.0	container-image	us-docker.pkg.dev/spinnaker-community/docker/igor:4.19.0@sha256:2dd6b262b5a62c47565b36313d22d66ac5b45288c37dd7ae5bb1ae6f482a77bd	yes	17	CLAIM-S3-011
1.37.6	2025-03-12	fiat	1.54.0	container-image	us-docker.pkg.dev/spinnaker-community/docker/fiat:1.54.0@sha256:75b14d837478abd3a83f7ec8dda502542fc45c73c3e9cb065fd2e7460eba9117	yes	17	CLAIM-S3-011
1.37.6	2025-03-12	rosco	1.23.0	container-image	us-docker.pkg.dev/spinnaker-community/docker/rosco:1.23.0@sha256:f2d27cefdca0a61e5eb05a313c6a4d82805365dfdc6232fafa0cdcdafd9aea1d	yes	17	CLAIM-S3-011
1.37.6	2025-03-12	kayenta	2.44.0	container-image	us-docker.pkg.dev/spinnaker-community/docker/kayenta:2.44.0@sha256:2d2f05c507604071e490562aa8a4df1eb6f1d70e0a64987b4b06d0a4889787f4	yes	17	CLAIM-S3-011
1.37.6	2025-03-12	keel	-	not-pinned	-	n/a		CLAIM-S3-006
1.37.7	2025-03-18	gate	6.66.4	container-image	us-docker.pkg.dev/spinnaker-community/docker/gate:6.66.4@sha256:904e83a6d88828cda547b2ff3597788b951d14f5db97a7a61023b59ca2898f5e	yes		CLAIM-S3-011
1.37.7	2025-03-18	orca	8.61.0	container-image	us-docker.pkg.dev/spinnaker-community/docker/orca:8.61.0@sha256:9470cad80b515106769932255a7fc964008da59a6b5986aefb67a95b636fbd74	yes	17	CLAIM-S3-011
1.37.7	2025-03-18	clouddriver	5.91.4	container-image	us-docker.pkg.dev/spinnaker-community/docker/clouddriver:5.91.4@sha256:814f37a6cf3a9fb1090dd249cab7760d34c5c5ae8a49efba0142bd6e3495ff0a	yes		CLAIM-S3-011
1.37.7	2025-03-18	front50	2.38.0	container-image	us-docker.pkg.dev/spinnaker-community/docker/front50:2.38.0@sha256:a87b3233a5a5ea94de897271dbdac848356e246bafc23e428953eedc32f0f43a	yes	17	CLAIM-S3-011
1.37.7	2025-03-18	echo	2.44.4	container-image	us-docker.pkg.dev/spinnaker-community/docker/echo:2.44.4@sha256:abd5978eacdab9489bb5d46b1e258d8c147ce702abc020cb2827f725bb3377ee	yes		CLAIM-S3-011
1.37.7	2025-03-18	igor	4.19.0	container-image	us-docker.pkg.dev/spinnaker-community/docker/igor:4.19.0@sha256:2dd6b262b5a62c47565b36313d22d66ac5b45288c37dd7ae5bb1ae6f482a77bd	yes	17	CLAIM-S3-011
1.37.7	2025-03-18	fiat	1.54.0	container-image	us-docker.pkg.dev/spinnaker-community/docker/fiat:1.54.0@sha256:75b14d837478abd3a83f7ec8dda502542fc45c73c3e9cb065fd2e7460eba9117	yes	17	CLAIM-S3-011
1.37.7	2025-03-18	rosco	1.23.0	container-image	us-docker.pkg.dev/spinnaker-community/docker/rosco:1.23.0@sha256:f2d27cefdca0a61e5eb05a313c6a4d82805365dfdc6232fafa0cdcdafd9aea1d	yes	17	CLAIM-S3-011
1.37.7	2025-03-18	kayenta	2.44.0	container-image	us-docker.pkg.dev/spinnaker-community/docker/kayenta:2.44.0@sha256:2d2f05c507604071e490562aa8a4df1eb6f1d70e0a64987b4b06d0a4889787f4	yes	17	CLAIM-S3-011
1.37.7	2025-03-18	keel	-	not-pinned	-	n/a		CLAIM-S3-006
1.37.8	2025-03-23	gate	6.66.5	container-image	us-docker.pkg.dev/spinnaker-community/docker/gate:6.66.5@sha256:f308c0cdf8ea409086d3aaa8471ef777f32abe34dada74ff0bb818700ffb8feb	yes		CLAIM-S3-011
1.37.8	2025-03-23	orca	8.61.1	container-image	us-docker.pkg.dev/spinnaker-community/docker/orca:8.61.1@sha256:f3ce4a9114565b1109d0460e79b7750b06df4de63b2946e7130e194a6f6828c6	yes		CLAIM-S3-011
1.37.8	2025-03-23	clouddriver	5.91.5	container-image	us-docker.pkg.dev/spinnaker-community/docker/clouddriver:5.91.5@sha256:b269fcd8e978887f2d97dc28bf3c60c4191e60d9061c110fb34858fd498a1d01	yes		CLAIM-S3-011
1.37.8	2025-03-23	front50	2.38.1	container-image	us-docker.pkg.dev/spinnaker-community/docker/front50:2.38.1@sha256:65319e1101fc67e094674de016d39a97187968f38353e0ee2d3aa26e6b6175d2	yes		CLAIM-S3-011
1.37.8	2025-03-23	echo	2.44.5	container-image	us-docker.pkg.dev/spinnaker-community/docker/echo:2.44.5@sha256:a7c5442487a589d0f8f8c59219c55bf02397b27891312694b1eda5777318061d	yes		CLAIM-S3-011
1.37.8	2025-03-23	igor	4.19.1	container-image	us-docker.pkg.dev/spinnaker-community/docker/igor:4.19.1@sha256:f85e0a83a043a2d42e64432f3265093281b1fac7947f25b35cc657bf030e2d69	yes		CLAIM-S3-011
1.37.8	2025-03-23	fiat	1.54.1	container-image	us-docker.pkg.dev/spinnaker-community/docker/fiat:1.54.1@sha256:1b8f43c37e340958230e4baf884acfbe00582aa5112690777c98f3851ca4292f	yes		CLAIM-S3-011
1.37.8	2025-03-23	rosco	1.23.0	container-image	us-docker.pkg.dev/spinnaker-community/docker/rosco:1.23.0@sha256:f2d27cefdca0a61e5eb05a313c6a4d82805365dfdc6232fafa0cdcdafd9aea1d	yes	17	CLAIM-S3-011
1.37.8	2025-03-23	kayenta	2.44.1	container-image	us-docker.pkg.dev/spinnaker-community/docker/kayenta:2.44.1@sha256:5674cdd7b04b97447af9b8fa0e680f8dea841e0569e8777b5a6d5cc11adbe0f9	yes		CLAIM-S3-011
1.37.8	2025-03-23	keel	-	not-pinned	-	n/a		CLAIM-S3-006
1.37.9	2025-04-09	gate	6.66.6	container-image	us-docker.pkg.dev/spinnaker-community/docker/gate:6.66.6@sha256:4d307807750384229af8830c3c1eb72ee86c8f7ff89e37190f40fbef6736b480	yes		CLAIM-S3-011
1.37.9	2025-04-09	orca	8.61.2	container-image	us-docker.pkg.dev/spinnaker-community/docker/orca:8.61.2@sha256:aa10cf2216a76de84c722d7dae9a3236ef161849fee38db4d2aeac1fbde74d9e	yes		CLAIM-S3-011
1.37.9	2025-04-09	clouddriver	5.91.6	container-image	us-docker.pkg.dev/spinnaker-community/docker/clouddriver:5.91.6@sha256:dea026c4bd595a7131db9096f906807ef45857364168fb296edde057ee276eab	yes		CLAIM-S3-011
1.37.9	2025-04-09	front50	2.38.2	container-image	us-docker.pkg.dev/spinnaker-community/docker/front50:2.38.2@sha256:99b91e50bc5853a5636afe7fe654584657094bd076731eba574db4117b057177	yes		CLAIM-S3-011
1.37.9	2025-04-09	echo	2.44.6	container-image	us-docker.pkg.dev/spinnaker-community/docker/echo:2.44.6@sha256:9e09ff036efaa276b9cf33d9441a25dfc66872c0fd7b0b303c65489af6c8d288	yes		CLAIM-S3-011
1.37.9	2025-04-09	igor	4.19.2	container-image	us-docker.pkg.dev/spinnaker-community/docker/igor:4.19.2@sha256:4c856add1ee30b653190f9e73c548801888553c7ed4955a2c5569d0eeef4729d	yes		CLAIM-S3-011
1.37.9	2025-04-09	fiat	1.54.2	container-image	us-docker.pkg.dev/spinnaker-community/docker/fiat:1.54.2@sha256:8ca0a37d8fee0d72de65bb07d525d80cad22a88bcaeacfcc9124c2bc31e07742	yes		CLAIM-S3-011
1.37.9	2025-04-09	rosco	1.23.1	container-image	us-docker.pkg.dev/spinnaker-community/docker/rosco:1.23.1@sha256:60ffddc0e6702903f61bb013a76da8b32cd760596064de8fb2f7260c2a441977	yes		CLAIM-S3-011
1.37.9	2025-04-09	kayenta	2.44.2	container-image	us-docker.pkg.dev/spinnaker-community/docker/kayenta:2.44.2@sha256:b0db5e559b4e6736660ddc70ac4c88b02999c5ee2309bee34d364319f47f5e6b	yes		CLAIM-S3-011
1.37.9	2025-04-09	keel	-	not-pinned	-	n/a		CLAIM-S3-006
1.37.10	2025-04-14	gate	6.66.6	container-image	us-docker.pkg.dev/spinnaker-community/docker/gate:6.66.6@sha256:4d307807750384229af8830c3c1eb72ee86c8f7ff89e37190f40fbef6736b480	yes		CLAIM-S3-011
1.37.10	2025-04-14	orca	8.61.2	container-image	us-docker.pkg.dev/spinnaker-community/docker/orca:8.61.2@sha256:aa10cf2216a76de84c722d7dae9a3236ef161849fee38db4d2aeac1fbde74d9e	yes		CLAIM-S3-011
1.37.10	2025-04-14	clouddriver	5.91.6	container-image	us-docker.pkg.dev/spinnaker-community/docker/clouddriver:5.91.6@sha256:dea026c4bd595a7131db9096f906807ef45857364168fb296edde057ee276eab	yes		CLAIM-S3-011
1.37.10	2025-04-14	front50	2.38.2	container-image	us-docker.pkg.dev/spinnaker-community/docker/front50:2.38.2@sha256:99b91e50bc5853a5636afe7fe654584657094bd076731eba574db4117b057177	yes		CLAIM-S3-011
1.37.10	2025-04-14	echo	2.44.7	container-image	us-docker.pkg.dev/spinnaker-community/docker/echo:2.44.7@sha256:3b3753e6595917126f92f0535669c0b084a7f44bd3e5d4252b51f713b234bc15	yes		CLAIM-S3-011
1.37.10	2025-04-14	igor	4.19.2	container-image	us-docker.pkg.dev/spinnaker-community/docker/igor:4.19.2@sha256:4c856add1ee30b653190f9e73c548801888553c7ed4955a2c5569d0eeef4729d	yes		CLAIM-S3-011
1.37.10	2025-04-14	fiat	1.54.2	container-image	us-docker.pkg.dev/spinnaker-community/docker/fiat:1.54.2@sha256:8ca0a37d8fee0d72de65bb07d525d80cad22a88bcaeacfcc9124c2bc31e07742	yes		CLAIM-S3-011
1.37.10	2025-04-14	rosco	1.23.1	container-image	us-docker.pkg.dev/spinnaker-community/docker/rosco:1.23.1@sha256:60ffddc0e6702903f61bb013a76da8b32cd760596064de8fb2f7260c2a441977	yes		CLAIM-S3-011
1.37.10	2025-04-14	kayenta	2.44.2	container-image	us-docker.pkg.dev/spinnaker-community/docker/kayenta:2.44.2@sha256:b0db5e559b4e6736660ddc70ac4c88b02999c5ee2309bee34d364319f47f5e6b	yes		CLAIM-S3-011
1.37.10	2025-04-14	keel	-	not-pinned	-	n/a		CLAIM-S3-006
1.37.11	2025-05-12	gate	6.66.6	container-image	us-docker.pkg.dev/spinnaker-community/docker/gate:6.66.6@sha256:4d307807750384229af8830c3c1eb72ee86c8f7ff89e37190f40fbef6736b480	yes		CLAIM-S3-011
1.37.11	2025-05-12	orca	8.61.2	container-image	us-docker.pkg.dev/spinnaker-community/docker/orca:8.61.2@sha256:aa10cf2216a76de84c722d7dae9a3236ef161849fee38db4d2aeac1fbde74d9e	yes		CLAIM-S3-011
1.37.11	2025-05-12	clouddriver	5.91.7	container-image	us-docker.pkg.dev/spinnaker-community/docker/clouddriver:5.91.7@sha256:5aaea5d5ae874c0780bd93fe438e953185483a2f06ef4441a21535069fd2a708	yes		CLAIM-S3-011
1.37.11	2025-05-12	front50	2.38.2	container-image	us-docker.pkg.dev/spinnaker-community/docker/front50:2.38.2@sha256:99b91e50bc5853a5636afe7fe654584657094bd076731eba574db4117b057177	yes		CLAIM-S3-011
1.37.11	2025-05-12	echo	2.44.7	container-image	us-docker.pkg.dev/spinnaker-community/docker/echo:2.44.7@sha256:3b3753e6595917126f92f0535669c0b084a7f44bd3e5d4252b51f713b234bc15	yes		CLAIM-S3-011
1.37.11	2025-05-12	igor	4.19.3	container-image	us-docker.pkg.dev/spinnaker-community/docker/igor:4.19.3@sha256:135d9840995329e63161cb97102c6a1a98e8c8e999b96bc01437ad31d3ca095c	yes		CLAIM-S3-011
1.37.11	2025-05-12	fiat	1.54.2	container-image	us-docker.pkg.dev/spinnaker-community/docker/fiat:1.54.2@sha256:8ca0a37d8fee0d72de65bb07d525d80cad22a88bcaeacfcc9124c2bc31e07742	yes		CLAIM-S3-011
1.37.11	2025-05-12	rosco	1.23.1	container-image	us-docker.pkg.dev/spinnaker-community/docker/rosco:1.23.1@sha256:60ffddc0e6702903f61bb013a76da8b32cd760596064de8fb2f7260c2a441977	yes		CLAIM-S3-011
1.37.11	2025-05-12	kayenta	2.44.2	container-image	us-docker.pkg.dev/spinnaker-community/docker/kayenta:2.44.2@sha256:b0db5e559b4e6736660ddc70ac4c88b02999c5ee2309bee34d364319f47f5e6b	yes		CLAIM-S3-011
1.37.11	2025-05-12	keel	-	not-pinned	-	n/a		CLAIM-S3-006
1.38.0	2025-04-18	gate	6.69.0	container-image	us-docker.pkg.dev/spinnaker-community/docker/gate:6.69.0@sha256:cc9c9a239a438ab247d76cccd90a912f5e99f6a14f5434ea79bb610e0ea51092	yes	17	CLAIM-S3-011
1.38.0	2025-04-18	orca	8.64.0	container-image	us-docker.pkg.dev/spinnaker-community/docker/orca:8.64.0@sha256:cf33e3ecedb049c4ddb325148d3e3d6ea9f960871983d15e198a6c2f956668cc	yes	17	CLAIM-S3-011
1.38.0	2025-04-18	clouddriver	5.95.0	container-image	us-docker.pkg.dev/spinnaker-community/docker/clouddriver:5.95.0@sha256:4db25c293d928c32a7b60cfeb9bdbd408726b53f871e5b4b2da4bfa607e82e99	yes	17	CLAIM-S3-011
1.38.0	2025-04-18	front50	2.41.0	container-image	us-docker.pkg.dev/spinnaker-community/docker/front50:2.41.0@sha256:8d20c883b3d12f3022a542ec8650d1b5511cc6f1053f46ba1fb497bf2c47cfd3	yes	17	CLAIM-S3-011
1.38.0	2025-04-18	echo	2.47.2	container-image	us-docker.pkg.dev/spinnaker-community/docker/echo:2.47.2@sha256:e34c72bc910cd13b2b05a8fe2e7681e0d20eaa87719da43c53dbfdd078cad3c4	yes	17	CLAIM-S3-011
1.38.0	2025-04-18	igor	4.22.0	container-image	us-docker.pkg.dev/spinnaker-community/docker/igor:4.22.0@sha256:67e0f3bfc14bddcf246bf4638aa87c06302289ce2f5be32d6957f7e138134d42	yes	17	CLAIM-S3-011
1.38.0	2025-04-18	fiat	1.57.0	container-image	us-docker.pkg.dev/spinnaker-community/docker/fiat:1.57.0@sha256:4c20162033cd68ad604f45b3974503756cdfe3844fb33bd02928b9df1d613858	yes	17	CLAIM-S3-011
1.38.0	2025-04-18	rosco	1.26.0	container-image	us-docker.pkg.dev/spinnaker-community/docker/rosco:1.26.0@sha256:25aa4d443ed3a219e521181f6b6496f5e84e2e1a91463f20b123a63e03aab1b2	yes	17	CLAIM-S3-011
1.38.0	2025-04-18	kayenta	2.46.0	container-image	us-docker.pkg.dev/spinnaker-community/docker/kayenta:2.46.0@sha256:0446702ca0fb080d320b5332ed4f887b093bb7942120e3db22a1ba2e8bb10182	yes	17	CLAIM-S3-011
1.38.0	2025-04-18	keel	-	not-pinned	-	n/a		CLAIM-S3-006
2025.0.0	2025-04-19	gate	2025.0.0	container-image	us-docker.pkg.dev/spinnaker-community/docker/gate:2025.0.0@sha256:6c532c43b9bb6150c617e33449cc2191602f8aa74fbc2cb0214cbc6a58732960	yes	17	CLAIM-S3-011
2025.0.0	2025-04-19	orca	2025.0.0	container-image	us-docker.pkg.dev/spinnaker-community/docker/orca:2025.0.0@sha256:b548c398e52d724902c42c621740b956e9eb96fe143fd690c2ae6f69e20d9632	yes	17	CLAIM-S3-011
2025.0.0	2025-04-19	clouddriver	2025.0.0	container-image	us-docker.pkg.dev/spinnaker-community/docker/clouddriver:2025.0.0@sha256:3ec07927d854306ad4dcda67b3ad1da806dc21c98449115379a4270b547821c6	yes	17	CLAIM-S3-011
2025.0.0	2025-04-19	front50	2025.0.0	container-image	us-docker.pkg.dev/spinnaker-community/docker/front50:2025.0.0@sha256:629b5f8ea546381d70d1492cec6d1c589ada3662d0bd895d494b09b7eeb7142c	yes	17	CLAIM-S3-011
2025.0.0	2025-04-19	echo	2025.0.0	container-image	us-docker.pkg.dev/spinnaker-community/docker/echo:2025.0.0@sha256:2f3ebbdc67e85f1c9a303c72687b89b3063aa4be531104ca03960b44c611b707	yes	17	CLAIM-S3-011
2025.0.0	2025-04-19	igor	2025.0.0	container-image	us-docker.pkg.dev/spinnaker-community/docker/igor:2025.0.0@sha256:2c4b0434ee5ba5b06fb4fa26b36d62f7f022a7a3d60cf2841ea6f5aab3cefe7a	yes	17	CLAIM-S3-011
2025.0.0	2025-04-19	fiat	2025.0.0	container-image	us-docker.pkg.dev/spinnaker-community/docker/fiat:2025.0.0@sha256:28d8bec83c8419e7da28743ef17fbbc3fbd9bf91703aa9862c32b855eeb4966f	yes	17	CLAIM-S3-011
2025.0.0	2025-04-19	rosco	2025.0.0	container-image	us-docker.pkg.dev/spinnaker-community/docker/rosco:2025.0.0@sha256:ac9f3d6f4fd399b97b6fc9054a7428ae0e0877c249df86baf3922b1c3f6b0a00	yes	17	CLAIM-S3-011
2025.0.0	2025-04-19	kayenta	2025.0.0	container-image	us-docker.pkg.dev/spinnaker-community/docker/kayenta:2025.0.0@sha256:1480c019af468370e0684a18cbeec0d5d61502e1be2e4d0c175e88b216f9212b	yes	17	CLAIM-S3-011
2025.0.0	2025-04-19	keel	-	not-pinned	-	n/a		CLAIM-S3-006
2025.0.1	2025-05-21	gate	2025.0.1	container-image	us-docker.pkg.dev/spinnaker-community/docker/gate:2025.0.1@sha256:e2dc04b60f7fe120265a95d6a0d96644f99dff70cdfd1dbb831ea28a4c208bd8	yes		CLAIM-S3-011
2025.0.1	2025-05-21	orca	2025.0.1	container-image	us-docker.pkg.dev/spinnaker-community/docker/orca:2025.0.1@sha256:5a07343d75e64ddcd7a41d2edf047f330c8ad61e6677e16628a8027b2c44cdb4	yes		CLAIM-S3-011
2025.0.1	2025-05-21	clouddriver	2025.0.1	container-image	us-docker.pkg.dev/spinnaker-community/docker/clouddriver:2025.0.1@sha256:1a814ef3bbe118ac43a3b5bb5f4986cacbec1b6d14c2eb9600c3f25b8f5b3c5a	yes		CLAIM-S3-011
2025.0.1	2025-05-21	front50	2025.0.1	container-image	us-docker.pkg.dev/spinnaker-community/docker/front50:2025.0.1@sha256:0c68752764283e6f18546c9c487f18c87d6ff312a525d0411a3016f8833cc2c9	yes		CLAIM-S3-011
2025.0.1	2025-05-21	echo	2025.0.1	container-image	us-docker.pkg.dev/spinnaker-community/docker/echo:2025.0.1@sha256:f95028dfc06ed624f28d29b67f53bf16bc69c25bb4f4acf5ec55e3b0196ad72f	yes		CLAIM-S3-011
2025.0.1	2025-05-21	igor	2025.0.1	container-image	us-docker.pkg.dev/spinnaker-community/docker/igor:2025.0.1@sha256:ce30e06d407ba06a2715197c1ed677bcd7d6859942a53c2bfc3e5e688d3dda8d	yes		CLAIM-S3-011
2025.0.1	2025-05-21	fiat	2025.0.1	container-image	us-docker.pkg.dev/spinnaker-community/docker/fiat:2025.0.1@sha256:b058addbb830d362427d90dcc1531d8bfe7a90ecc018d14678cf4ab28e02303c	yes		CLAIM-S3-011
2025.0.1	2025-05-21	rosco	2025.0.1	container-image	us-docker.pkg.dev/spinnaker-community/docker/rosco:2025.0.1@sha256:4a74c7558b2bfecdae5f83c952b8e9d7a59957402f5bf27d539a00341d99329d	yes		CLAIM-S3-011
2025.0.1	2025-05-21	kayenta	2025.0.1	container-image	us-docker.pkg.dev/spinnaker-community/docker/kayenta:2025.0.1@sha256:7d42ad7ae68b7f9969e9ca24aee4a422f8f08faa81f21876aae44294b060c78d	yes		CLAIM-S3-011
2025.0.1	2025-05-21	keel	-	not-pinned	-	n/a		CLAIM-S3-006
2025.0.2	2025-05-21	gate	2025.0.2	container-image	us-docker.pkg.dev/spinnaker-community/docker/gate:2025.0.2@sha256:867674441771b877b6014c065d7d6e2554815bc121e7388978b17166d1d891d6	yes		CLAIM-S3-011
2025.0.2	2025-05-21	orca	2025.0.2	container-image	us-docker.pkg.dev/spinnaker-community/docker/orca:2025.0.2@sha256:6662639d6b400c53187fcfa521c546e1b2e6942d509c9a92f7d08e77c8e4c96b	yes		CLAIM-S3-011
2025.0.2	2025-05-21	clouddriver	2025.0.2	container-image	us-docker.pkg.dev/spinnaker-community/docker/clouddriver:2025.0.2@sha256:c721c513a2d2faacf571aa84b19551fa8fcca245fdb71c6c3f9d0f2e850973f5	yes		CLAIM-S3-011
2025.0.2	2025-05-21	front50	2025.0.2	container-image	us-docker.pkg.dev/spinnaker-community/docker/front50:2025.0.2@sha256:45c8d53734e27b38a46f64f399ba1b57d52b1be379884e07cf724b36bd53f4c4	yes		CLAIM-S3-011
2025.0.2	2025-05-21	echo	2025.0.2	container-image	us-docker.pkg.dev/spinnaker-community/docker/echo:2025.0.2@sha256:0ef758e88803861d6fb19ea1a1e3c592f2d7b064f374e3daa67bed0f2be33e44	yes		CLAIM-S3-011
2025.0.2	2025-05-21	igor	2025.0.2	container-image	us-docker.pkg.dev/spinnaker-community/docker/igor:2025.0.2@sha256:9abe296b500ffd483fffdf101075cc6bdfcac7f74543a7d1daa3adceb404928e	yes		CLAIM-S3-011
2025.0.2	2025-05-21	fiat	2025.0.2	container-image	us-docker.pkg.dev/spinnaker-community/docker/fiat:2025.0.2@sha256:5d6123ce9c797827a645a03b124838877e17e1e2432c17ba3ceac3d1655e8676	yes		CLAIM-S3-011
2025.0.2	2025-05-21	rosco	2025.0.2	container-image	us-docker.pkg.dev/spinnaker-community/docker/rosco:2025.0.2@sha256:e37e68e3a0f97ff205c9092deb48d37ded40425d68ddf7fb955d15d5f2270d6c	yes		CLAIM-S3-011
2025.0.2	2025-05-21	kayenta	2025.0.2	container-image	us-docker.pkg.dev/spinnaker-community/docker/kayenta:2025.0.2@sha256:0906efe2d1c48368a59d3974473b7c8cdc174e84da15c561ea19cb2bee216222	yes		CLAIM-S3-011
2025.0.2	2025-05-21	keel	-	not-pinned	-	n/a		CLAIM-S3-006
2025.0.3	2025-05-24	gate	2025.0.3	container-image	us-docker.pkg.dev/spinnaker-community/docker/gate:2025.0.3@sha256:c17416c852b25a56806f31411fb5d2758e41e48816d4163ddea831021002b6fd	yes		CLAIM-S3-011
2025.0.3	2025-05-24	orca	2025.0.3	container-image	us-docker.pkg.dev/spinnaker-community/docker/orca:2025.0.3@sha256:316877e4100be235a6669875b4de462a16a8b1e70371280e5c2d354b729b8f82	yes		CLAIM-S3-011
2025.0.3	2025-05-24	clouddriver	2025.0.3	container-image	us-docker.pkg.dev/spinnaker-community/docker/clouddriver:2025.0.3@sha256:8f6028eae0591b62490c616d46efaf759a7dc72596d2b28700f04aaec06345e2	yes		CLAIM-S3-011
2025.0.3	2025-05-24	front50	2025.0.3	container-image	us-docker.pkg.dev/spinnaker-community/docker/front50:2025.0.3@sha256:3a13e2b7ce5337c72451478ff736254a517586244b062b8cfc559152be2f3bfa	yes		CLAIM-S3-011
2025.0.3	2025-05-24	echo	2025.0.3	container-image	us-docker.pkg.dev/spinnaker-community/docker/echo:2025.0.3@sha256:4a26d57ff36f563346dc6efd609944446d885a0e54133a6d4226ac51eebba08f	yes		CLAIM-S3-011
2025.0.3	2025-05-24	igor	2025.0.3	container-image	us-docker.pkg.dev/spinnaker-community/docker/igor:2025.0.3@sha256:0bf2f6229ff259fea93cca9c0e12d6a48b90580d7d6bd83c6e9478c6665ac40d	yes		CLAIM-S3-011
2025.0.3	2025-05-24	fiat	2025.0.3	container-image	us-docker.pkg.dev/spinnaker-community/docker/fiat:2025.0.3@sha256:fac9871e8cc4a00bb692e02e10c86b41ca73628877ca919462e28d5da24f2751	yes		CLAIM-S3-011
2025.0.3	2025-05-24	rosco	2025.0.3	container-image	us-docker.pkg.dev/spinnaker-community/docker/rosco:2025.0.3@sha256:6bb371a48a98e3e7dbc5bfa25ff8806b7777092b2bac658cc28f0bb1eb527143	yes		CLAIM-S3-011
2025.0.3	2025-05-24	kayenta	2025.0.3	container-image	us-docker.pkg.dev/spinnaker-community/docker/kayenta:2025.0.3@sha256:e787c69ddb024e835fb694ece7c54965852046ec2535d7395d490463a657acdd	yes		CLAIM-S3-011
2025.0.3	2025-05-24	keel	-	not-pinned	-	n/a		CLAIM-S3-006
2025.0.4	2025-06-16	gate	2025.0.4	container-image	us-docker.pkg.dev/spinnaker-community/docker/gate:2025.0.4@sha256:3e353a7444e32d7ea4a7bd8bf568441b7e050cc701bd88665dadeba69ba7fe82	yes		CLAIM-S3-011
2025.0.4	2025-06-16	orca	2025.0.4	container-image	us-docker.pkg.dev/spinnaker-community/docker/orca:2025.0.4@sha256:3b63cd88f1d27af2a5f8e4a589ef1b42d0dd21e4a86d2f34050e4bfd10ce1fda	yes		CLAIM-S3-011
2025.0.4	2025-06-16	clouddriver	2025.0.4	container-image	us-docker.pkg.dev/spinnaker-community/docker/clouddriver:2025.0.4@sha256:ac4419faabdb058b0af8b4f7e416d856c072bb17bd786960b4d4cba74888490e	yes		CLAIM-S3-011
2025.0.4	2025-06-16	front50	2025.0.4	container-image	us-docker.pkg.dev/spinnaker-community/docker/front50:2025.0.4@sha256:2393722a2958c259a4ec257019505ba882e308cd7daf96a21dfb467304a0ecc2	yes		CLAIM-S3-011
2025.0.4	2025-06-16	echo	2025.0.4	container-image	us-docker.pkg.dev/spinnaker-community/docker/echo:2025.0.4@sha256:530ccb5ab3e6e437f47363ae677861489cb253383e96e81e3e269bd6160bc77f	yes		CLAIM-S3-011
2025.0.4	2025-06-16	igor	2025.0.4	container-image	us-docker.pkg.dev/spinnaker-community/docker/igor:2025.0.4@sha256:3e54fe0bf2f676d2724c043555eb5601cd003f5c6280e4ff7c728331f336f80a	yes		CLAIM-S3-011
2025.0.4	2025-06-16	fiat	2025.0.4	container-image	us-docker.pkg.dev/spinnaker-community/docker/fiat:2025.0.4@sha256:c5d43c0b05f9f424fae296063aaa3e1fa59bb11ebf559adee98d42a2939c8f4e	yes		CLAIM-S3-011
2025.0.4	2025-06-16	rosco	2025.0.4	container-image	us-docker.pkg.dev/spinnaker-community/docker/rosco:2025.0.4@sha256:b90761b5f9a50065bf6030977948078ab3b251aae04599dd47f57dbc85db97e5	yes		CLAIM-S3-011
2025.0.4	2025-06-16	kayenta	2025.0.4	container-image	us-docker.pkg.dev/spinnaker-community/docker/kayenta:2025.0.4@sha256:d0d04f84ad59085f40f6fb3591daa12e32605045dea85a7d040a0df1bdd4a7af	yes		CLAIM-S3-011
2025.0.4	2025-06-16	keel	-	not-pinned	-	n/a		CLAIM-S3-006
2025.0.5	2025-07-15	gate	2025.0.5	container-image	us-docker.pkg.dev/spinnaker-community/docker/gate:2025.0.5@sha256:ca6137357a9506bbc15ce801f253725037d648d6196dbfeba14acc3d20210ee0	yes		CLAIM-S3-011
2025.0.5	2025-07-15	orca	2025.0.5	container-image	us-docker.pkg.dev/spinnaker-community/docker/orca:2025.0.5@sha256:e47780408818100bbe46654f144b13e119cfdb9027d6f165074252680ea7d130	yes		CLAIM-S3-011
2025.0.5	2025-07-15	clouddriver	2025.0.5	container-image	us-docker.pkg.dev/spinnaker-community/docker/clouddriver:2025.0.5@sha256:312c87f5393b374390cc93aa299ceb47f7368c090e16c582a53c88664addd38c	yes		CLAIM-S3-011
2025.0.5	2025-07-15	front50	2025.0.5	container-image	us-docker.pkg.dev/spinnaker-community/docker/front50:2025.0.5@sha256:59b30587aced15858d27d121eb457794aecbb8e2690cf9c0507dba79e886fbea	yes		CLAIM-S3-011
2025.0.5	2025-07-15	echo	2025.0.5	container-image	us-docker.pkg.dev/spinnaker-community/docker/echo:2025.0.5@sha256:cb4f028dc5e56438985c2334beae437fe93d23db8613e44e7b9feb7c16a08235	yes		CLAIM-S3-011
2025.0.5	2025-07-15	igor	2025.0.5	container-image	us-docker.pkg.dev/spinnaker-community/docker/igor:2025.0.5@sha256:c2b1b9dd3b44fe538359578aa1cd494573ab65113c05799f66f8102d2267b1a2	yes		CLAIM-S3-011
2025.0.5	2025-07-15	fiat	2025.0.5	container-image	us-docker.pkg.dev/spinnaker-community/docker/fiat:2025.0.5@sha256:7103d64b583e648d23884997c7a25fab58d72083535596a77526f19c36c4e14e	yes		CLAIM-S3-011
2025.0.5	2025-07-15	rosco	2025.0.5	container-image	us-docker.pkg.dev/spinnaker-community/docker/rosco:2025.0.5@sha256:0342594ed034852141d8cbbfed66c26941e26414805be54bda0606d1bf79e760	yes		CLAIM-S3-011
2025.0.5	2025-07-15	kayenta	2025.0.5	container-image	us-docker.pkg.dev/spinnaker-community/docker/kayenta:2025.0.5@sha256:5c7b3955962cae130036b038c4f063bd22d5a0586ecce6d316440448d4f4ac29	yes		CLAIM-S3-011
2025.0.5	2025-07-15	keel	-	not-pinned	-	n/a		CLAIM-S3-006
2025.0.6	2025-07-24	gate	2025.0.6	container-image	us-docker.pkg.dev/spinnaker-community/docker/gate:2025.0.6@sha256:a683b75b3e8b87e234d81fe1aa8b3be0a46fc56d3a7fc34185d3ab2ae79e27f2	yes		CLAIM-S3-011
2025.0.6	2025-07-24	orca	2025.0.6	container-image	us-docker.pkg.dev/spinnaker-community/docker/orca:2025.0.6@sha256:89f913af1c019b0c7eb7efdbef948166f953b025e1b3d1ee8c5cd559cde96875	yes		CLAIM-S3-011
2025.0.6	2025-07-24	clouddriver	2025.0.6	container-image	us-docker.pkg.dev/spinnaker-community/docker/clouddriver:2025.0.6@sha256:2e1303797362fdf6f4d5b86eb03659d71578998d4a26303b20e34e24df8243d7	yes		CLAIM-S3-011
2025.0.6	2025-07-24	front50	2025.0.6	container-image	us-docker.pkg.dev/spinnaker-community/docker/front50:2025.0.6@sha256:f0ffe0eba5d1dca8f46a488e34b842eb6e42211ec9716e36d6b0429e0c292c2d	yes		CLAIM-S3-011
2025.0.6	2025-07-24	echo	2025.0.6	container-image	us-docker.pkg.dev/spinnaker-community/docker/echo:2025.0.6@sha256:e044a62c8e1c1761bb8459cf16c39e27323648ee7243b4d78807a304a61631ed	yes		CLAIM-S3-011
2025.0.6	2025-07-24	igor	2025.0.6	container-image	us-docker.pkg.dev/spinnaker-community/docker/igor:2025.0.6@sha256:c93f39a31603696e5fd23ad9342efb07e0bb0fda74b495d64af741fa878d2319	yes		CLAIM-S3-011
2025.0.6	2025-07-24	fiat	2025.0.6	container-image	us-docker.pkg.dev/spinnaker-community/docker/fiat:2025.0.6@sha256:267db9a81e19dc6e5d069837b0b6f095c53e0fbb7a793caf18aa1da670e7a03d	yes		CLAIM-S3-011
2025.0.6	2025-07-24	rosco	2025.0.6	container-image	us-docker.pkg.dev/spinnaker-community/docker/rosco:2025.0.6@sha256:d25a67462b0bba1c1f5d7b43408335d9b3796bff3f0f8bd622ac46e376997f70	yes		CLAIM-S3-011
2025.0.6	2025-07-24	kayenta	2025.0.6	container-image	us-docker.pkg.dev/spinnaker-community/docker/kayenta:2025.0.6@sha256:7c67e8ed0c707aceb9dcbdc16cdab939b86b3a3a861347792a0f62786e003ea2	yes		CLAIM-S3-011
2025.0.6	2025-07-24	keel	-	not-pinned	-	n/a		CLAIM-S3-006
2025.0.7	2025-08-21	gate	2025.0.7	container-image	us-docker.pkg.dev/spinnaker-community/docker/gate:2025.0.7@sha256:fb77db787c6731742f84764a43dc87c5fceceb97dfea7904f1ddf6575fb8da96	yes		CLAIM-S3-011
2025.0.7	2025-08-21	orca	2025.0.7	container-image	us-docker.pkg.dev/spinnaker-community/docker/orca:2025.0.7@sha256:aa8a4fed56cba6baf731a9d65de7979e656659cb84f8f4d608f57d7803d86164	yes		CLAIM-S3-011
2025.0.7	2025-08-21	clouddriver	2025.0.7	container-image	us-docker.pkg.dev/spinnaker-community/docker/clouddriver:2025.0.7@sha256:eb0f9a91b0e5e35b1b62f79b4325a23a37aad885855f1739afe4ec094ec52108	yes		CLAIM-S3-011
2025.0.7	2025-08-21	front50	2025.0.7	container-image	us-docker.pkg.dev/spinnaker-community/docker/front50:2025.0.7@sha256:d13d94ec3199a1e6be5d0e720b92b13d28cba7ab1c1522860c7cec7f8b18f861	yes		CLAIM-S3-011
2025.0.7	2025-08-21	echo	2025.0.7	container-image	us-docker.pkg.dev/spinnaker-community/docker/echo:2025.0.7@sha256:a22b2201791744c041aaddc8909e43aaf6b9de41d8db1dc7b7444493e109f8b4	yes		CLAIM-S3-011
2025.0.7	2025-08-21	igor	2025.0.7	container-image	us-docker.pkg.dev/spinnaker-community/docker/igor:2025.0.7@sha256:489785deffdafcee9c839dd26d6e0481b594ce178e44307287e287c74411a6d5	yes		CLAIM-S3-011
2025.0.7	2025-08-21	fiat	2025.0.7	container-image	us-docker.pkg.dev/spinnaker-community/docker/fiat:2025.0.7@sha256:82c65fabd3643e1cab62213ba780d304ad982ffc3726266556e72a293206a8ca	yes		CLAIM-S3-011
2025.0.7	2025-08-21	rosco	2025.0.7	container-image	us-docker.pkg.dev/spinnaker-community/docker/rosco:2025.0.7@sha256:c941594123d233dc225dfa846ddbfea106bf72b12543fb6a22ae8fdf64a36112	yes		CLAIM-S3-011
2025.0.7	2025-08-21	kayenta	2025.0.7	container-image	us-docker.pkg.dev/spinnaker-community/docker/kayenta:2025.0.7@sha256:ee892ad1cf4a9da7329968a9d59ccfb63aa4c32b2c1bb29b43145bf2483f6a76	yes		CLAIM-S3-011
2025.0.7	2025-08-21	keel	-	not-pinned	-	n/a		CLAIM-S3-006
2025.0.8	2025-08-22	gate	2025.0.8	container-image	us-docker.pkg.dev/spinnaker-community/docker/gate:2025.0.8@sha256:84439137f312eb4d5adeb6f96900d5c30040f6d1ca607f506ec1ecfcb7ca6cc5	yes		CLAIM-S3-011
2025.0.8	2025-08-22	orca	2025.0.8	container-image	us-docker.pkg.dev/spinnaker-community/docker/orca:2025.0.8@sha256:4d35995ba53709341d961f89bfaa84379d6fe050768cf22b93ffdc9159d99e99	yes		CLAIM-S3-011
2025.0.8	2025-08-22	clouddriver	2025.0.8	container-image	us-docker.pkg.dev/spinnaker-community/docker/clouddriver:2025.0.8@sha256:8d2cca97e29d785922ee0c6bd565af5045f31d1f2962d5308ae3292b7bead84d	yes		CLAIM-S3-011
2025.0.8	2025-08-22	front50	2025.0.8	container-image	us-docker.pkg.dev/spinnaker-community/docker/front50:2025.0.8@sha256:f966eb08c78c506c222b868c58ffe3ab63c7ba12900aaf23a2edbcb391e5493f	yes		CLAIM-S3-011
2025.0.8	2025-08-22	echo	2025.0.8	container-image	us-docker.pkg.dev/spinnaker-community/docker/echo:2025.0.8@sha256:136905634cb902c95cfb188aa8e0d5426dce51e816f6a34ba2ef8cd3ffddab10	yes		CLAIM-S3-011
2025.0.8	2025-08-22	igor	2025.0.8	container-image	us-docker.pkg.dev/spinnaker-community/docker/igor:2025.0.8@sha256:30cda6b24c36ba3172a99b1a43085bc1cbc45c607887fb3e531ec9cfb7f1215c	yes		CLAIM-S3-011
2025.0.8	2025-08-22	fiat	2025.0.8	container-image	us-docker.pkg.dev/spinnaker-community/docker/fiat:2025.0.8@sha256:e4f09534dcadeba988d82cf5d47edd1ebcbdc542fe34c5b9034472230aeedfd9	yes		CLAIM-S3-011
2025.0.8	2025-08-22	rosco	2025.0.8	container-image	us-docker.pkg.dev/spinnaker-community/docker/rosco:2025.0.8@sha256:df688c070cedbca6bb788c49744edbe67aa630e8f6b3b101607e83a5b337c61e	yes		CLAIM-S3-011
2025.0.8	2025-08-22	kayenta	2025.0.8	container-image	us-docker.pkg.dev/spinnaker-community/docker/kayenta:2025.0.8@sha256:fc413c3bfd857ab9573e4c1d0e4f3293bd8ec818869b9aad2bf96bbae8b6898c	yes		CLAIM-S3-011
2025.0.8	2025-08-22	keel	-	not-pinned	-	n/a		CLAIM-S3-006
2025.1.0	2025-08-19	gate	2025.1.0	container-image	us-docker.pkg.dev/spinnaker-community/docker/gate:2025.1.0@sha256:0f66981a9339a3205172f9a502c892f27a3c1c1331dc7feea35b2af45bb6fd8e	yes	17	CLAIM-S3-011
2025.1.0	2025-08-19	orca	2025.1.0	container-image	us-docker.pkg.dev/spinnaker-community/docker/orca:2025.1.0@sha256:b3d71c4159bec1ab88401bbac6b248cff96a5ae8637d595b6f8fbd269900854f	yes	17	CLAIM-S3-011
2025.1.0	2025-08-19	clouddriver	2025.1.0	container-image	us-docker.pkg.dev/spinnaker-community/docker/clouddriver:2025.1.0@sha256:ffd171aca7249bce2cf6d8d8e9e551d3cafa6f105551bb543fbd10d21860ef37	yes	17	CLAIM-S3-011
2025.1.0	2025-08-19	front50	2025.1.0	container-image	us-docker.pkg.dev/spinnaker-community/docker/front50:2025.1.0@sha256:acf370d7a3379030c8d37fabd2b81d70cdcff5ae81e0e3e3ccd46bd1ea5805d4	yes	17	CLAIM-S3-011
2025.1.0	2025-08-19	echo	2025.1.0	container-image	us-docker.pkg.dev/spinnaker-community/docker/echo:2025.1.0@sha256:561d4a172707a0bd4aa47100f2bc418e9cf7c3e02afec40e25e46e81b171c00e	yes	17	CLAIM-S3-011
2025.1.0	2025-08-19	igor	2025.1.0	container-image	us-docker.pkg.dev/spinnaker-community/docker/igor:2025.1.0@sha256:1fe3ce585add81e284cd8602bbdbd48654b603f07ba3c546d223d652fcb44304	yes	17	CLAIM-S3-011
2025.1.0	2025-08-19	fiat	2025.1.0	container-image	us-docker.pkg.dev/spinnaker-community/docker/fiat:2025.1.0@sha256:941c657d2ab5af0d49b26fc18a2c851ba7484de1acb1ee7448b17fbf9c57910e	yes	17	CLAIM-S3-011
2025.1.0	2025-08-19	rosco	2025.1.0	container-image	us-docker.pkg.dev/spinnaker-community/docker/rosco:2025.1.0@sha256:d0873ddce2a9ee3d36567e331d299636db6ed1ff92affadefd854a5712e72b58	yes	17	CLAIM-S3-011
2025.1.0	2025-08-19	kayenta	2025.1.0	container-image	us-docker.pkg.dev/spinnaker-community/docker/kayenta:2025.1.0@sha256:cef2e5d39faee5cb2bd94e0ddd253e9c0a971173e05b176816419d1119637274	yes	17	CLAIM-S3-011
2025.1.0	2025-08-19	keel	-	not-pinned	-	n/a		CLAIM-S3-006
2025.1.1	2025-08-19	gate	2025.1.1	container-image	us-docker.pkg.dev/spinnaker-community/docker/gate:2025.1.1@sha256:e5333f9c0ad662f1ed1362603bd158aae868d11915f5b7e6e93da5b368a0ef78	yes		CLAIM-S3-011
2025.1.1	2025-08-19	orca	2025.1.1	container-image	us-docker.pkg.dev/spinnaker-community/docker/orca:2025.1.1@sha256:33b5eba7d102f978e7636c9d59d53e71970bb9b67c480d7954cd4dd089c48d05	yes		CLAIM-S3-011
2025.1.1	2025-08-19	clouddriver	2025.1.1	container-image	us-docker.pkg.dev/spinnaker-community/docker/clouddriver:2025.1.1@sha256:481e5bdb4d46d2c25a0962fda45a75d5c19b7c2dfa0f254d1aec6c8d0df4849f	yes		CLAIM-S3-011
2025.1.1	2025-08-19	front50	2025.1.1	container-image	us-docker.pkg.dev/spinnaker-community/docker/front50:2025.1.1@sha256:b1484415c5e3b0858787124bfe718629568d631fa84311e642ea6f9e52d225d8	yes		CLAIM-S3-011
2025.1.1	2025-08-19	echo	2025.1.1	container-image	us-docker.pkg.dev/spinnaker-community/docker/echo:2025.1.1@sha256:89cb94e089dc3589bf4176fba2140f10b7d85be3b0aa6d524d5d11ee442baeb7	yes		CLAIM-S3-011
2025.1.1	2025-08-19	igor	2025.1.1	container-image	us-docker.pkg.dev/spinnaker-community/docker/igor:2025.1.1@sha256:98d8b53acda16e728539dfa403e02ab327405e4743be46854e0a8ac3be9efb57	yes		CLAIM-S3-011
2025.1.1	2025-08-19	fiat	2025.1.1	container-image	us-docker.pkg.dev/spinnaker-community/docker/fiat:2025.1.1@sha256:69778a7225d7b40d847ae1216bb72bea1a8777a8e5eba513b32ba5094c79e106	yes		CLAIM-S3-011
2025.1.1	2025-08-19	rosco	2025.1.1	container-image	us-docker.pkg.dev/spinnaker-community/docker/rosco:2025.1.1@sha256:2a4b665f57f0b9989462359d7fc40fbe2e1ab917b423da81e3c0a2875070d78b	yes		CLAIM-S3-011
2025.1.1	2025-08-19	kayenta	2025.1.1	container-image	us-docker.pkg.dev/spinnaker-community/docker/kayenta:2025.1.1@sha256:05f7e667c978be2fd0c461872893c374480e9aee204da9ec8386ad6195e88144	yes		CLAIM-S3-011
2025.1.1	2025-08-19	keel	-	not-pinned	-	n/a		CLAIM-S3-006
2025.1.2	2025-08-21	gate	2025.1.2	container-image	us-docker.pkg.dev/spinnaker-community/docker/gate:2025.1.2@sha256:67e4b6f037defe648911a3153565ed3f2340d7b99f04c7065400495d9256b477	yes		CLAIM-S3-011
2025.1.2	2025-08-21	orca	2025.1.2	container-image	us-docker.pkg.dev/spinnaker-community/docker/orca:2025.1.2@sha256:63efc0252bad33b255a69a6fad228b2f60a1196a047ff9c11f995488cd070164	yes		CLAIM-S3-011
2025.1.2	2025-08-21	clouddriver	2025.1.2	container-image	us-docker.pkg.dev/spinnaker-community/docker/clouddriver:2025.1.2@sha256:c5ca5943ae03356cac79cf21820d0077674e743d10c8748ba04ff9a82a82d51f	yes		CLAIM-S3-011
2025.1.2	2025-08-21	front50	2025.1.2	container-image	us-docker.pkg.dev/spinnaker-community/docker/front50:2025.1.2@sha256:f01c2936f8ed310ce29141d1d8db1591b6b339b58b74bf730a531f74ec122521	yes		CLAIM-S3-011
2025.1.2	2025-08-21	echo	2025.1.2	container-image	us-docker.pkg.dev/spinnaker-community/docker/echo:2025.1.2@sha256:cb4476d7ffb914ec39e9b2e7771b93f8992231e9ea4b583d5da8d85e0116a79f	yes		CLAIM-S3-011
2025.1.2	2025-08-21	igor	2025.1.2	container-image	us-docker.pkg.dev/spinnaker-community/docker/igor:2025.1.2@sha256:d42170d1eb2aaad348a5920ddd7d0c782f4927f06789f0d98df74f47c04e80e6	yes		CLAIM-S3-011
2025.1.2	2025-08-21	fiat	2025.1.2	container-image	us-docker.pkg.dev/spinnaker-community/docker/fiat:2025.1.2@sha256:b0849f35568085f767da919f9dfb9cb7861362ef87a0370c3b699aa0e015db94	yes		CLAIM-S3-011
2025.1.2	2025-08-21	rosco	2025.1.2	container-image	us-docker.pkg.dev/spinnaker-community/docker/rosco:2025.1.2@sha256:940b54e90a0ca739d0d50259d91ca74473b6540fde7f772f07fef3245aef30e9	yes		CLAIM-S3-011
2025.1.2	2025-08-21	kayenta	2025.1.2	container-image	us-docker.pkg.dev/spinnaker-community/docker/kayenta:2025.1.2@sha256:ff6e5486eaa960d1703c8a2023c28b4106e85687c406410f1575e27d3f4052ef	yes		CLAIM-S3-011
2025.1.2	2025-08-21	keel	-	not-pinned	-	n/a		CLAIM-S3-006
2025.1.3	2025-09-02	gate	2025.1.3	container-image	us-docker.pkg.dev/spinnaker-community/docker/gate:2025.1.3@sha256:e227b9b33a378f91a87c62a47583efbc6578ce07e1e6d6f97908c4e7fc42ea09	yes		CLAIM-S3-011
2025.1.3	2025-09-02	orca	2025.1.3	container-image	us-docker.pkg.dev/spinnaker-community/docker/orca:2025.1.3@sha256:53de88fc16aab0d2ce02028c6054b6d2bbb328b8e97237cc98341b85118c0595	yes		CLAIM-S3-011
2025.1.3	2025-09-02	clouddriver	2025.1.3	container-image	us-docker.pkg.dev/spinnaker-community/docker/clouddriver:2025.1.3@sha256:da7d99594f2729d8dcaf9b644fd43704a6559e57e60a92e42d8e2a7e214434d8	yes		CLAIM-S3-011
2025.1.3	2025-09-02	front50	2025.1.3	container-image	us-docker.pkg.dev/spinnaker-community/docker/front50:2025.1.3@sha256:fc0c4f434de5c1a868debffb1fdf08fcfd2abef15fcba86c975ef79919e83d8a	yes		CLAIM-S3-011
2025.1.3	2025-09-02	echo	2025.1.3	container-image	us-docker.pkg.dev/spinnaker-community/docker/echo:2025.1.3@sha256:43601a502da267221646866498bd08032c3c8349c5dbf11749294bc95203f194	yes		CLAIM-S3-011
2025.1.3	2025-09-02	igor	2025.1.3	container-image	us-docker.pkg.dev/spinnaker-community/docker/igor:2025.1.3@sha256:44423c589abc6a4569315a20e93637e0c28cab4f306cbc107927b110e02cf7d9	yes		CLAIM-S3-011
2025.1.3	2025-09-02	fiat	2025.1.3	container-image	us-docker.pkg.dev/spinnaker-community/docker/fiat:2025.1.3@sha256:c3b49bbb3dbf4124ac687359e81a2b3b9c5ecd5d1f63ed92be08467b8ebb367d	yes		CLAIM-S3-011
2025.1.3	2025-09-02	rosco	2025.1.3	container-image	us-docker.pkg.dev/spinnaker-community/docker/rosco:2025.1.3@sha256:7976a45f634316f6e16d024f431061b7b2b5e722df27a271136b879c238089f2	yes		CLAIM-S3-011
2025.1.3	2025-09-02	kayenta	2025.1.3	container-image	us-docker.pkg.dev/spinnaker-community/docker/kayenta:2025.1.3@sha256:3b45dcb48a54e2f485a63659cd4ade265de4629e81ac56ebe95dc21c6e17d8f9	yes		CLAIM-S3-011
2025.1.3	2025-09-02	keel	-	not-pinned	-	n/a		CLAIM-S3-006
2025.1.4	2025-09-03	gate	2025.1.4	container-image	us-docker.pkg.dev/spinnaker-community/docker/gate:2025.1.4@sha256:b4fc1235440613a45ee441a79521d680b1ab001f30cbb6d6f9e7e2b7c490f21e	yes		CLAIM-S3-011
2025.1.4	2025-09-03	orca	2025.1.4	container-image	us-docker.pkg.dev/spinnaker-community/docker/orca:2025.1.4@sha256:f2f870826e1c679f902987e2f1ef30c108316da6327b5a892f627b002d6e106c	yes		CLAIM-S3-011
2025.1.4	2025-09-03	clouddriver	2025.1.4	container-image	us-docker.pkg.dev/spinnaker-community/docker/clouddriver:2025.1.4@sha256:9b68e5401d8ffa3984dcf27218f65e0c32b32c3e75f9b1062e43ba3e1e620931	yes		CLAIM-S3-011
2025.1.4	2025-09-03	front50	2025.1.4	container-image	us-docker.pkg.dev/spinnaker-community/docker/front50:2025.1.4@sha256:0f221845cc6dc02046b387dfd7b13a83dcb6b35999b06d66b07047e0c657e1ba	yes		CLAIM-S3-011
2025.1.4	2025-09-03	echo	2025.1.4	container-image	us-docker.pkg.dev/spinnaker-community/docker/echo:2025.1.4@sha256:31c6407f00dfc4beabb6a9551adac372152949ebf93dfddf898e4b2d75d52200	yes		CLAIM-S3-011
2025.1.4	2025-09-03	igor	2025.1.4	container-image	us-docker.pkg.dev/spinnaker-community/docker/igor:2025.1.4@sha256:c29014d926b84bcb4f280180adbaea6707173c7abf2636e1d7054b0b0241ad76	yes		CLAIM-S3-011
2025.1.4	2025-09-03	fiat	2025.1.4	container-image	us-docker.pkg.dev/spinnaker-community/docker/fiat:2025.1.4@sha256:d1d5362419ff07eec840fe5c9c4a3ba98fdc0847b5fa2393411b50f0439ac403	yes		CLAIM-S3-011
2025.1.4	2025-09-03	rosco	2025.1.4	container-image	us-docker.pkg.dev/spinnaker-community/docker/rosco:2025.1.4@sha256:93cb628a7b3b1315f53a3c3488f9b8805f081b4e7714744283cb748dfa15202e	yes		CLAIM-S3-011
2025.1.4	2025-09-03	kayenta	2025.1.4	container-image	us-docker.pkg.dev/spinnaker-community/docker/kayenta:2025.1.4@sha256:379d4e1e7c86dac95d4956042950448206f9f80bb3921f246f968fb0731f9078	yes		CLAIM-S3-011
2025.1.4	2025-09-03	keel	-	not-pinned	-	n/a		CLAIM-S3-006
2025.1.5	2025-10-13	gate	2025.1.5	container-image	us-docker.pkg.dev/spinnaker-community/docker/gate:2025.1.5@sha256:9cccfff427135fb4c7fee1cb7166e525620d9b9a88db9fa9c4f94824218ef027	yes		CLAIM-S3-011
2025.1.5	2025-10-13	orca	2025.1.5	container-image	us-docker.pkg.dev/spinnaker-community/docker/orca:2025.1.5@sha256:1d497f3fd120dafe5f5a25547a9fbb16ec9fc512ac17d78eadc835cb0ac47328	yes		CLAIM-S3-011
2025.1.5	2025-10-13	clouddriver	2025.1.5	container-image	us-docker.pkg.dev/spinnaker-community/docker/clouddriver:2025.1.5@sha256:c58207d4d27a83aafd0a5b1ec5d689336908ecc0f431bf35ed77296046a46a00	yes		CLAIM-S3-011
2025.1.5	2025-10-13	front50	2025.1.5	container-image	us-docker.pkg.dev/spinnaker-community/docker/front50:2025.1.5@sha256:da5bea543d572dda43e0e0e951415da3506fac794eb8ea8cee6266fdbc596027	yes		CLAIM-S3-011
2025.1.5	2025-10-13	echo	2025.1.5	container-image	us-docker.pkg.dev/spinnaker-community/docker/echo:2025.1.5@sha256:b2a668ca2a4a83d60fac1bda1c825a0e3af6a8d868336945304afbbac0d23062	yes		CLAIM-S3-011
2025.1.5	2025-10-13	igor	2025.1.5	container-image	us-docker.pkg.dev/spinnaker-community/docker/igor:2025.1.5@sha256:a342f9f0f3e97f7abc8d5a7b4016280b0ff42b44a9d25e2df5daa891cd20ab53	yes		CLAIM-S3-011
2025.1.5	2025-10-13	fiat	2025.1.5	container-image	us-docker.pkg.dev/spinnaker-community/docker/fiat:2025.1.5@sha256:3618ea6d22152655b77b926ebf0d7b6e685b4ab1bd4129ce33d7d3d629a4001a	yes		CLAIM-S3-011
2025.1.5	2025-10-13	rosco	2025.1.5	container-image	us-docker.pkg.dev/spinnaker-community/docker/rosco:2025.1.5@sha256:1be05a6fdd9a39f520a4dd9150b0d22c2d8b9377ca85bf0cd1153a03957ca7e4	yes		CLAIM-S3-011
2025.1.5	2025-10-13	kayenta	2025.1.5	container-image	us-docker.pkg.dev/spinnaker-community/docker/kayenta:2025.1.5@sha256:b120c1a84e7e3b13625913d48c234d96a17bab73b010f5c9f3e385c31e0253fb	yes		CLAIM-S3-011
2025.1.5	2025-10-13	keel	-	not-pinned	-	n/a		CLAIM-S3-006
2025.1.6	2025-11-07	gate	2025.1.6	container-image	us-docker.pkg.dev/spinnaker-community/docker/gate:2025.1.6@sha256:ab99f8a4dbab6ec12dc107007b42f2cd3ef7d7b5f7b1b18d80953df5d1028cd1	yes		CLAIM-S3-011
2025.1.6	2025-11-07	orca	2025.1.6	container-image	us-docker.pkg.dev/spinnaker-community/docker/orca:2025.1.6@sha256:da47cbb2dc5cd62928e2741586adf7cb0744e1977165ed32fceac8f333a25ef7	yes		CLAIM-S3-011
2025.1.6	2025-11-07	clouddriver	2025.1.6	container-image	us-docker.pkg.dev/spinnaker-community/docker/clouddriver:2025.1.6@sha256:133a7480722551ee19d888c40f5b98eaddbacc3db01ff008cc8c3220743c1ee4	yes		CLAIM-S3-011
2025.1.6	2025-11-07	front50	2025.1.6	container-image	us-docker.pkg.dev/spinnaker-community/docker/front50:2025.1.6@sha256:d5cddc8f6f1595d5e59690b9debfedc2a1bf1ed29837838d1ae4fea19c2e142d	yes		CLAIM-S3-011
2025.1.6	2025-11-07	echo	2025.1.6	container-image	us-docker.pkg.dev/spinnaker-community/docker/echo:2025.1.6@sha256:3c9658909bb26d13156f442c237cee577326fb96d50220f683af43db82b6d79f	yes		CLAIM-S3-011
2025.1.6	2025-11-07	igor	2025.1.6	container-image	us-docker.pkg.dev/spinnaker-community/docker/igor:2025.1.6@sha256:e8eef94eb439f94595d11d2b228387efc8a56deec516afa2813df2b5f3a33e57	yes		CLAIM-S3-011
2025.1.6	2025-11-07	fiat	2025.1.6	container-image	us-docker.pkg.dev/spinnaker-community/docker/fiat:2025.1.6@sha256:f4512f79aded31f3527a932c47ef8996e6912145386bf9650b49dcb0c7e3b06f	yes		CLAIM-S3-011
2025.1.6	2025-11-07	rosco	2025.1.6	container-image	us-docker.pkg.dev/spinnaker-community/docker/rosco:2025.1.6@sha256:891b35d4781c2875f13ac623ca9ba8885905412ab7aad95bc16ce28dde454f66	yes		CLAIM-S3-011
2025.1.6	2025-11-07	kayenta	2025.1.6	container-image	us-docker.pkg.dev/spinnaker-community/docker/kayenta:2025.1.6@sha256:e9f6319dadf7a5f5ab8596270fe48d60b58e075a383d28c808f90bbceb506016	yes		CLAIM-S3-011
2025.1.6	2025-11-07	keel	-	not-pinned	-	n/a		CLAIM-S3-006
2025.2.0	2025-09-11	gate	2025.2.0	container-image	us-docker.pkg.dev/spinnaker-community/docker/gate:2025.2.0@sha256:dd62ddb7875468638506276f9dcf88957370b3e2ab19fe5b858d7d1e74719823	yes	17	CLAIM-S3-011
2025.2.0	2025-09-11	orca	2025.2.0	container-image	us-docker.pkg.dev/spinnaker-community/docker/orca:2025.2.0@sha256:f0979b26b080e24ca3d64389f920feea2e418e350b94cd8fd80d914d5645da82	yes	17	CLAIM-S3-011
2025.2.0	2025-09-11	clouddriver	2025.2.0	container-image	us-docker.pkg.dev/spinnaker-community/docker/clouddriver:2025.2.0@sha256:407016f6d231ff700a72c67fa1ed393ed1889de15c9563ae5cb88860e2c604d0	yes	17	CLAIM-S3-011
2025.2.0	2025-09-11	front50	2025.2.0	container-image	us-docker.pkg.dev/spinnaker-community/docker/front50:2025.2.0@sha256:a05b010065edcd471aca7a72bccddad7035c39d078395e3ea2d15d464556ab94	yes	17	CLAIM-S3-011
2025.2.0	2025-09-11	echo	2025.2.0	container-image	us-docker.pkg.dev/spinnaker-community/docker/echo:2025.2.0@sha256:643432db4805dbcd47ef3bac6c60a1bbef83a7c0fa5a1b175ce4614e6f37d982	yes	17	CLAIM-S3-011
2025.2.0	2025-09-11	igor	2025.2.0	container-image	us-docker.pkg.dev/spinnaker-community/docker/igor:2025.2.0@sha256:0321b14649b8ad14551ada5bc47f79ec3ca18f6e85dbf60a57eae27708345b2c	yes	17	CLAIM-S3-011
2025.2.0	2025-09-11	fiat	2025.2.0	container-image	us-docker.pkg.dev/spinnaker-community/docker/fiat:2025.2.0@sha256:28ef6c85c8c13d0b2b057b35aaab80e1eb72aed0b45af4834785199bf1de90ec	yes	17	CLAIM-S3-011
2025.2.0	2025-09-11	rosco	2025.2.0	container-image	us-docker.pkg.dev/spinnaker-community/docker/rosco:2025.2.0@sha256:864dedb471a5e7b6c73ee12e9a59ceeefde66a2cf4ce4f0d4958259ff897aa0b	yes	17	CLAIM-S3-011
2025.2.0	2025-09-11	kayenta	2025.2.0	container-image	us-docker.pkg.dev/spinnaker-community/docker/kayenta:2025.2.0@sha256:b309ff6f1c8c58c4fe2c125b26661865db48fdf4992ae950e0ffebb1a33bfd9f	yes	17	CLAIM-S3-011
2025.2.0	2025-09-11	keel	-	not-pinned	-	n/a		CLAIM-S3-006
2025.2.1	2025-09-22	gate	2025.2.1	container-image	us-docker.pkg.dev/spinnaker-community/docker/gate:2025.2.1@sha256:5719977d88fa55b9cb67a9af15aff874ed058a47f98e86113afd98a1f64f0b3c	yes		CLAIM-S3-011
2025.2.1	2025-09-22	orca	2025.2.1	container-image	us-docker.pkg.dev/spinnaker-community/docker/orca:2025.2.1@sha256:dc2d2124a5a4fcae4ea466e3b1f508476c2837072663a247ec64dcbe7dfff2ad	yes		CLAIM-S3-011
2025.2.1	2025-09-22	clouddriver	2025.2.1	container-image	us-docker.pkg.dev/spinnaker-community/docker/clouddriver:2025.2.1@sha256:66da2bd6e0a684c95ad05bfb01463cb7f9da49da258716abf5517c300345c1b9	yes		CLAIM-S3-011
2025.2.1	2025-09-22	front50	2025.2.1	container-image	us-docker.pkg.dev/spinnaker-community/docker/front50:2025.2.1@sha256:a6c69ba5e3ab5f8c44c421890d3857ef78a3e409c91532441e844abc4b38e32d	yes		CLAIM-S3-011
2025.2.1	2025-09-22	echo	2025.2.1	container-image	us-docker.pkg.dev/spinnaker-community/docker/echo:2025.2.1@sha256:69e0132dd043778b38af1f52465919ef3e878ca072a56f15f5a4108d806e2c36	yes		CLAIM-S3-011
2025.2.1	2025-09-22	igor	2025.2.1	container-image	us-docker.pkg.dev/spinnaker-community/docker/igor:2025.2.1@sha256:d620cf60ad70dfed6106c35a528ad2857f5d7666a89933765aa5e1ea38ab01e1	yes		CLAIM-S3-011
2025.2.1	2025-09-22	fiat	2025.2.1	container-image	us-docker.pkg.dev/spinnaker-community/docker/fiat:2025.2.1@sha256:cab2018329361e90f2aeeded255407b5ad4080a8ec463261d6987fbef57fd407	yes		CLAIM-S3-011
2025.2.1	2025-09-22	rosco	2025.2.1	container-image	us-docker.pkg.dev/spinnaker-community/docker/rosco:2025.2.1@sha256:93f1afeb6829059cde2b0da3fff7b4938dac368164c204080d61406d21c0ce37	yes		CLAIM-S3-011
2025.2.1	2025-09-22	kayenta	2025.2.1	container-image	us-docker.pkg.dev/spinnaker-community/docker/kayenta:2025.2.1@sha256:7e5522159ddd6cd63f550480e2a0f2a1ddef87dbb7006abf10646906ecaf5ef2	yes		CLAIM-S3-011
2025.2.1	2025-09-22	keel	-	not-pinned	-	n/a		CLAIM-S3-006
2025.2.2	2025-09-24	gate	2025.2.2	container-image	us-docker.pkg.dev/spinnaker-community/docker/gate:2025.2.2@sha256:3cf271722da5f9a805daa6bcad393d8b85de8a140ceadcf4a1ab9c873ada92f5	yes		CLAIM-S3-011
2025.2.2	2025-09-24	orca	2025.2.2	container-image	us-docker.pkg.dev/spinnaker-community/docker/orca:2025.2.2@sha256:b88b9b0f4ea24d9f235284bf187dc35b662664fd517b7ed7f2ca79906269e636	yes		CLAIM-S3-011
2025.2.2	2025-09-24	clouddriver	2025.2.2	container-image	us-docker.pkg.dev/spinnaker-community/docker/clouddriver:2025.2.2@sha256:f2f4d704e38086559c332cd73513d95219201c01b7c6695b3a2f5d35ea42796d	yes		CLAIM-S3-011
2025.2.2	2025-09-24	front50	2025.2.2	container-image	us-docker.pkg.dev/spinnaker-community/docker/front50:2025.2.2@sha256:d0cb25228deedf362f005bc875721559fc7a914f19ce23ce7180f9225dff0d37	yes		CLAIM-S3-011
2025.2.2	2025-09-24	echo	2025.2.2	container-image	us-docker.pkg.dev/spinnaker-community/docker/echo:2025.2.2@sha256:c4540a14f5bec162c8bc8d5fa6a86ab311b53fa25fea5c85b906ed8d2a62531d	yes		CLAIM-S3-011
2025.2.2	2025-09-24	igor	2025.2.2	container-image	us-docker.pkg.dev/spinnaker-community/docker/igor:2025.2.2@sha256:3c9094c8d2e7cfd28f90e17261969922f695f0a55ef85323d2b6757197dd5e46	yes		CLAIM-S3-011
2025.2.2	2025-09-24	fiat	2025.2.2	container-image	us-docker.pkg.dev/spinnaker-community/docker/fiat:2025.2.2@sha256:4259c52201ea9dd8876a266879c24460bfe85bdcf5e55d21da96cf2eff3e5235	yes		CLAIM-S3-011
2025.2.2	2025-09-24	rosco	2025.2.2	container-image	us-docker.pkg.dev/spinnaker-community/docker/rosco:2025.2.2@sha256:df2bc657079f54a88114abd074694d590da52dbd74c98e77d158c886189571f1	yes		CLAIM-S3-011
2025.2.2	2025-09-24	kayenta	2025.2.2	container-image	us-docker.pkg.dev/spinnaker-community/docker/kayenta:2025.2.2@sha256:c511f2e1256fe2bc2cb689491099c186807af50005fe3fdfd1eff1cf3714b2e0	yes		CLAIM-S3-011
2025.2.2	2025-09-24	keel	-	not-pinned	-	n/a		CLAIM-S3-006
2025.2.3	2025-11-07	gate	2025.2.3	container-image	us-docker.pkg.dev/spinnaker-community/docker/gate:2025.2.3@sha256:539e8b2f306c087c46c46999c642dd560e4e9ec78851dadb97d8b73a8799412f	yes		CLAIM-S3-011
2025.2.3	2025-11-07	orca	2025.2.3	container-image	us-docker.pkg.dev/spinnaker-community/docker/orca:2025.2.3@sha256:d1caabc97d79a3e180dfb1759aef736961081d8cff602a11770966c84ba013ce	yes		CLAIM-S3-011
2025.2.3	2025-11-07	clouddriver	2025.2.3	container-image	us-docker.pkg.dev/spinnaker-community/docker/clouddriver:2025.2.3@sha256:1aafde4dc73b8e60387e98b1acdc8739708ae07326c727cbca40cbc47319fb47	yes		CLAIM-S3-011
2025.2.3	2025-11-07	front50	2025.2.3	container-image	us-docker.pkg.dev/spinnaker-community/docker/front50:2025.2.3@sha256:a1bbf26319e5f27363ec3fd512a9820e608a460c2e6539219ed7fe2bb58e2de9	yes		CLAIM-S3-011
2025.2.3	2025-11-07	echo	2025.2.3	container-image	us-docker.pkg.dev/spinnaker-community/docker/echo:2025.2.3@sha256:59d4ba56e08ef5a0f42876a8ff347648aa5d376114f678d8c2a16b2582925496	yes		CLAIM-S3-011
2025.2.3	2025-11-07	igor	2025.2.3	container-image	us-docker.pkg.dev/spinnaker-community/docker/igor:2025.2.3@sha256:0248fea9356b06878253c22f779d22a0f5537ce010f9ef81c3c181c9b0710b3d	yes		CLAIM-S3-011
2025.2.3	2025-11-07	fiat	2025.2.3	container-image	us-docker.pkg.dev/spinnaker-community/docker/fiat:2025.2.3@sha256:ad5dd3066f563b47ddf5ccd8c280f06b6f4534ef51dc9584078efd1f0c68b2e2	yes		CLAIM-S3-011
2025.2.3	2025-11-07	rosco	2025.2.3	container-image	us-docker.pkg.dev/spinnaker-community/docker/rosco:2025.2.3@sha256:852290e82ddd199062086a24e754fd7995593267aee979b33edaaa5a426691ec	yes		CLAIM-S3-011
2025.2.3	2025-11-07	kayenta	2025.2.3	container-image	us-docker.pkg.dev/spinnaker-community/docker/kayenta:2025.2.3@sha256:544ae565870b99aa817040c3748d81aed6a8bc52441047929ed42b0e2ff0935f	yes		CLAIM-S3-011
2025.2.3	2025-11-07	keel	-	not-pinned	-	n/a		CLAIM-S3-006
2025.2.4	2026-02-14	gate	2025.2.4	container-image	us-docker.pkg.dev/spinnaker-community/docker/gate:2025.2.4@sha256:b80e611295e2769059496ed59aabc06f61749a48a933540d75060712b5c8c9a2	yes		CLAIM-S3-011
2025.2.4	2026-02-14	orca	2025.2.4	container-image	us-docker.pkg.dev/spinnaker-community/docker/orca:2025.2.4@sha256:6531961fc0741dc3b63412938d988af673b1dfba7a64d7e641ea2a4e2ed14888	yes		CLAIM-S3-011
2025.2.4	2026-02-14	clouddriver	2025.2.4	container-image	us-docker.pkg.dev/spinnaker-community/docker/clouddriver:2025.2.4@sha256:382ac2fbbc956320c7427fa94fb6c6f711bfc13e7c0dbcd436dc9bed13c53033	yes		CLAIM-S3-011
2025.2.4	2026-02-14	front50	2025.2.4	container-image	us-docker.pkg.dev/spinnaker-community/docker/front50:2025.2.4@sha256:eeb3371e87ce1e5f3b766908caaa8d482f7e8a81af0cc2ebad983a4041cb6a6a	yes		CLAIM-S3-011
2025.2.4	2026-02-14	echo	2025.2.4	container-image	us-docker.pkg.dev/spinnaker-community/docker/echo:2025.2.4@sha256:4a3c7035cf907108a245e40f9182a74f67626f8a380b0f3cf0ef4a9859fac5f7	yes		CLAIM-S3-011
2025.2.4	2026-02-14	igor	2025.2.4	container-image	us-docker.pkg.dev/spinnaker-community/docker/igor:2025.2.4@sha256:d48af44b707e7e684eba6cbf4a903bd48546ad47cfcab59ce2e923d7341fb425	yes		CLAIM-S3-011
2025.2.4	2026-02-14	fiat	2025.2.4	container-image	us-docker.pkg.dev/spinnaker-community/docker/fiat:2025.2.4@sha256:1c12f69f1f9e23131ea03517047de6746d0043d5b75626575e99f570cebd6836	yes		CLAIM-S3-011
2025.2.4	2026-02-14	rosco	2025.2.4	container-image	us-docker.pkg.dev/spinnaker-community/docker/rosco:2025.2.4@sha256:b0677b1b1990f2decf5c9a13c272101f5c9565d490fd73be52a3db466e434669	yes		CLAIM-S3-011
2025.2.4	2026-02-14	kayenta	2025.2.4	container-image	us-docker.pkg.dev/spinnaker-community/docker/kayenta:2025.2.4@sha256:60a9b01aef9a2ab124a2474ba819f3d570cd297a38b001b1c758241acbf42fb9	yes		CLAIM-S3-011
2025.2.4	2026-02-14	keel	-	not-pinned	-	n/a		CLAIM-S3-006
2025.3.0	2025-11-08	gate	2025.3.0	container-image	us-docker.pkg.dev/spinnaker-community/docker/gate:2025.3.0@sha256:cddf14e0b7812376f4d37fcd6fa022acdcbf7a51523389669185022dd7abe115	yes	17	CLAIM-S3-011
2025.3.0	2025-11-08	orca	2025.3.0	container-image	us-docker.pkg.dev/spinnaker-community/docker/orca:2025.3.0@sha256:6eabecc8b95876337fe32fb44a94480ab1ef667e20c24d117698aa64bce3032f	yes	17	CLAIM-S3-011
2025.3.0	2025-11-08	clouddriver	2025.3.0	container-image	us-docker.pkg.dev/spinnaker-community/docker/clouddriver:2025.3.0@sha256:9e6a261dcd58c4f4d29774bdd56ce62ae616604a4200ac304a31787f1a0a37e1	yes	17	CLAIM-S3-011
2025.3.0	2025-11-08	front50	2025.3.0	container-image	us-docker.pkg.dev/spinnaker-community/docker/front50:2025.3.0@sha256:0114596cddaa85ab9c5ba875993fc8e02cd875150cdae77d6f30d8eebfa2ec20	yes	17	CLAIM-S3-011
2025.3.0	2025-11-08	echo	2025.3.0	container-image	us-docker.pkg.dev/spinnaker-community/docker/echo:2025.3.0@sha256:7e5576561e465c57021f67f939e129d5d86bb906a2787d340a681adef1ab50db	yes	17	CLAIM-S3-011
2025.3.0	2025-11-08	igor	2025.3.0	container-image	us-docker.pkg.dev/spinnaker-community/docker/igor:2025.3.0@sha256:823786495bb92049b2e878c21b9e4326838283cd325e14246c8bf9dffcc3a593	yes	17	CLAIM-S3-011
2025.3.0	2025-11-08	fiat	2025.3.0	container-image	us-docker.pkg.dev/spinnaker-community/docker/fiat:2025.3.0@sha256:ab8b9020c08d0b4cdd1130efb6cde8fe6c20a7ea05e48fd3360a11809e849c33	yes	17	CLAIM-S3-011
2025.3.0	2025-11-08	rosco	2025.3.0	container-image	us-docker.pkg.dev/spinnaker-community/docker/rosco:2025.3.0@sha256:b69fd3362f2ae5c8d7424e0f8da0fbe665a627ff34425f906464ea9ef0dfd476	yes	17	CLAIM-S3-011
2025.3.0	2025-11-08	kayenta	2025.3.0	container-image	us-docker.pkg.dev/spinnaker-community/docker/kayenta:2025.3.0@sha256:189e186ff7e3134252b0fb8485f5bbf850177697ae867a71fd58899ce15ae8f5	yes	17	CLAIM-S3-011
2025.3.0	2025-11-08	keel	-	not-pinned	-	n/a		CLAIM-S3-006
2025.3.1	2026-02-14	gate	2025.3.1	container-image	us-docker.pkg.dev/spinnaker-community/docker/gate:2025.3.1@sha256:00b418c9b4c71123219478f7a0387d2b764232caad8d11b9e9e72fe5c7187838	yes		CLAIM-S3-011
2025.3.1	2026-02-14	orca	2025.3.1	container-image	us-docker.pkg.dev/spinnaker-community/docker/orca:2025.3.1@sha256:022d20ebc76941ac4ef37c85adcd4c5bdbdb28f14dca73708357ee2451549981	yes		CLAIM-S3-011
2025.3.1	2026-02-14	clouddriver	2025.3.1	container-image	us-docker.pkg.dev/spinnaker-community/docker/clouddriver:2025.3.1@sha256:13b32a116d72d9f4df7b02cca92aa8d97b4e802ec2aa3658dadbd7a5f165f2f3	yes		CLAIM-S3-011
2025.3.1	2026-02-14	front50	2025.3.1	container-image	us-docker.pkg.dev/spinnaker-community/docker/front50:2025.3.1@sha256:26ddb3ff35d8f3f559e54d7b9be043b96f1127a1ba99c771ebe6e180568a65d1	yes		CLAIM-S3-011
2025.3.1	2026-02-14	echo	2025.3.1	container-image	us-docker.pkg.dev/spinnaker-community/docker/echo:2025.3.1@sha256:801477dc07425be7385d4b17a75c9f95f5a661b713f1d45f1bb057b7f7f8f8dc	yes		CLAIM-S3-011
2025.3.1	2026-02-14	igor	2025.3.1	container-image	us-docker.pkg.dev/spinnaker-community/docker/igor:2025.3.1@sha256:199830fb9f5515f3f8845675ace5c7546fd061e9c5cfe9a0b7635e6c841aa354	yes		CLAIM-S3-011
2025.3.1	2026-02-14	fiat	2025.3.1	container-image	us-docker.pkg.dev/spinnaker-community/docker/fiat:2025.3.1@sha256:f98a22c41aaa6edc12ec442ccc1897d715a53570be16065570b12ae4bd45ab99	yes		CLAIM-S3-011
2025.3.1	2026-02-14	rosco	2025.3.1	container-image	us-docker.pkg.dev/spinnaker-community/docker/rosco:2025.3.1@sha256:8d4d49b4b83b00514acaa14d991f54290b26d6fb5f9b47fcce6eeb5af83be4b8	yes		CLAIM-S3-011
2025.3.1	2026-02-14	kayenta	2025.3.1	container-image	us-docker.pkg.dev/spinnaker-community/docker/kayenta:2025.3.1@sha256:b9ee5f56c0cc3d3e8a8d55c9f9bc63a5705615ad8c58950f69b7f0b15b160064	yes		CLAIM-S3-011
2025.3.1	2026-02-14	keel	-	not-pinned	-	n/a		CLAIM-S3-006
2025.3.2	2026-03-19	gate	2025.3.2	container-image	us-docker.pkg.dev/spinnaker-community/docker/gate:2025.3.2@sha256:92bd6861c1923ba280f9c7e9fee08bb914302338dd2ed0fe793937dae530f1b9	yes		CLAIM-S3-011
2025.3.2	2026-03-19	orca	2025.3.2	container-image	us-docker.pkg.dev/spinnaker-community/docker/orca:2025.3.2@sha256:4dcd36c99ddf997e52c98d8f7889d9a969caa36989e545cfa2b6c05f1d5b04e8	yes		CLAIM-S3-011
2025.3.2	2026-03-19	clouddriver	2025.3.2	container-image	us-docker.pkg.dev/spinnaker-community/docker/clouddriver:2025.3.2@sha256:44c51dcb47cc02ef134339fb2c88f366797ce32a33caf4bfd1bfbb8e4e4bbc96	yes		CLAIM-S3-011
2025.3.2	2026-03-19	front50	2025.3.2	container-image	us-docker.pkg.dev/spinnaker-community/docker/front50:2025.3.2@sha256:720aebad7e354dcf046ed4d768e869591336b0dfe150b41a8a1398cc8f96c7f9	yes		CLAIM-S3-011
2025.3.2	2026-03-19	echo	2025.3.2	container-image	us-docker.pkg.dev/spinnaker-community/docker/echo:2025.3.2@sha256:895404d682b4da437058d47ffbc2bcc879e034dfe4b9c74f0116106b115fff32	yes		CLAIM-S3-011
2025.3.2	2026-03-19	igor	2025.3.2	container-image	us-docker.pkg.dev/spinnaker-community/docker/igor:2025.3.2@sha256:b281ba4c8da2fb349a5e5585eaf9b918303f5edc83eb85b8e1de54ee7235b699	yes		CLAIM-S3-011
2025.3.2	2026-03-19	fiat	2025.3.2	container-image	us-docker.pkg.dev/spinnaker-community/docker/fiat:2025.3.2@sha256:16d9857b6fe58f3e32047b4fa668696661c9197eec6f0f6c2df84b6526ba2012	yes		CLAIM-S3-011
2025.3.2	2026-03-19	rosco	2025.3.2	container-image	us-docker.pkg.dev/spinnaker-community/docker/rosco:2025.3.2@sha256:4349d74b3e0b6c71048faa2983b1caa873a443f2f6f28ef370412fedcd939961	yes		CLAIM-S3-011
2025.3.2	2026-03-19	kayenta	2025.3.2	container-image	us-docker.pkg.dev/spinnaker-community/docker/kayenta:2025.3.2@sha256:5b776c249b78e7c6cc7f9cbc23eeaec165e81836125a5e5f02a6d6cf068aed8d	yes		CLAIM-S3-011
2025.3.2	2026-03-19	keel	-	not-pinned	-	n/a		CLAIM-S3-006
2025.3.3	2026-04-07	gate	2025.3.3	container-image	us-docker.pkg.dev/spinnaker-community/docker/gate:2025.3.3@sha256:28e73c8d633163f8c0514eac54c7e985af22350b983a04ddc50625199ae7ca58	yes		CLAIM-S3-011
2025.3.3	2026-04-07	orca	2025.3.3	container-image	us-docker.pkg.dev/spinnaker-community/docker/orca:2025.3.3@sha256:b8ebf84037418972c9987f81ed69343a294b078dd79a84dcea5bb199ac77f230	yes		CLAIM-S3-011
2025.3.3	2026-04-07	clouddriver	2025.3.3	container-image	us-docker.pkg.dev/spinnaker-community/docker/clouddriver:2025.3.3@sha256:314626561e2ded539e6a16c8856027ca7afa25a7bf9097c754eecbe37f6b56ed	yes		CLAIM-S3-011
2025.3.3	2026-04-07	front50	2025.3.3	container-image	us-docker.pkg.dev/spinnaker-community/docker/front50:2025.3.3@sha256:1c4ce0e32fc646aa2ed09cf228801ebf2caaf582fa2bcaa841713a8e60673705	yes		CLAIM-S3-011
2025.3.3	2026-04-07	echo	2025.3.3	container-image	us-docker.pkg.dev/spinnaker-community/docker/echo:2025.3.3@sha256:05e64f95f5245780dcfb760b83da91c6490e76c21f3f438bb1b4ed595cae035c	yes		CLAIM-S3-011
2025.3.3	2026-04-07	igor	2025.3.3	container-image	us-docker.pkg.dev/spinnaker-community/docker/igor:2025.3.3@sha256:fabdd276463b415b7f9a3b083ea1e4f9136b3a12339b07473c1bb68c067cb7c9	yes		CLAIM-S3-011
2025.3.3	2026-04-07	fiat	2025.3.3	container-image	us-docker.pkg.dev/spinnaker-community/docker/fiat:2025.3.3@sha256:0609cefdcb7ee7e6a090e0f92dc1edbfcdec4f76b0dea3d9e0b2ab378ee86ee7	yes		CLAIM-S3-011
2025.3.3	2026-04-07	rosco	2025.3.3	container-image	us-docker.pkg.dev/spinnaker-community/docker/rosco:2025.3.3@sha256:db120d9b19acc74050becdfa85e5c27f499b5e3d4094521b333d3486ab266b42	yes		CLAIM-S3-011
2025.3.3	2026-04-07	kayenta	2025.3.3	container-image	us-docker.pkg.dev/spinnaker-community/docker/kayenta:2025.3.3@sha256:0c4846f1b6faa04b1bd02ad9cf401e0e0490c15f71226f838b64fb792933aff5	yes		CLAIM-S3-011
2025.3.3	2026-04-07	keel	-	not-pinned	-	n/a		CLAIM-S3-006
2025.3.4	2026-06-12	gate	2025.3.4	container-image	us-docker.pkg.dev/spinnaker-community/docker/gate:2025.3.4@sha256:0dfd195d07ebea1a0c02291af431d24ef72e85979e8f5039793e9d82dff68839	yes		CLAIM-S3-011
2025.3.4	2026-06-12	orca	2025.3.4	container-image	us-docker.pkg.dev/spinnaker-community/docker/orca:2025.3.4@sha256:e5e3726bdc3f1d83bda63a41310fb678526cadb0f826ae048efc9ffcc77e80c1	yes		CLAIM-S3-011
2025.3.4	2026-06-12	clouddriver	2025.3.4	container-image	us-docker.pkg.dev/spinnaker-community/docker/clouddriver:2025.3.4@sha256:0c2ed096a8653e872f674433dfa2d636b0fcaa14c9b6c4f89a4eed9736856bfa	yes		CLAIM-S3-011
2025.3.4	2026-06-12	front50	2025.3.4	container-image	us-docker.pkg.dev/spinnaker-community/docker/front50:2025.3.4@sha256:1ebf277db35834380298221ac60eaabc33a62abaa4dcec6a0b310064df8aaf61	yes		CLAIM-S3-011
2025.3.4	2026-06-12	echo	2025.3.4	container-image	us-docker.pkg.dev/spinnaker-community/docker/echo:2025.3.4@sha256:d5d10d235a91e30b5fa24c6c6c08d7541667a2d6cf91f2eb47cd7b923e8f9ce9	yes		CLAIM-S3-011
2025.3.4	2026-06-12	igor	2025.3.4	container-image	us-docker.pkg.dev/spinnaker-community/docker/igor:2025.3.4@sha256:a5484919bc248628529d7ef6c9f2cc07014f9066a8bbeeaa06010a19cd73f350	yes		CLAIM-S3-011
2025.3.4	2026-06-12	fiat	2025.3.4	container-image	us-docker.pkg.dev/spinnaker-community/docker/fiat:2025.3.4@sha256:1ee349b3f2a520fac8935a289db784368b3be2b08256818df3126836fdd2b12c	yes		CLAIM-S3-011
2025.3.4	2026-06-12	rosco	2025.3.4	container-image	us-docker.pkg.dev/spinnaker-community/docker/rosco:2025.3.4@sha256:226bf5a924097784a2fe9b563de5f07060fdaaa50b50470d9e02bc51f0d1024f	yes		CLAIM-S3-011
2025.3.4	2026-06-12	kayenta	2025.3.4	container-image	us-docker.pkg.dev/spinnaker-community/docker/kayenta:2025.3.4@sha256:957bd8296c36372090ef7fc3c283963aa921630533a9aee74b450623009ad7c4	yes		CLAIM-S3-011
2025.3.4	2026-06-12	keel	-	not-pinned	-	n/a		CLAIM-S3-006
2025.4.0	2025-12-01	gate	2025.4.0	container-image	us-docker.pkg.dev/spinnaker-community/docker/gate:2025.4.0@sha256:00c716d06712c86f7658975f1d689a8dba97fc424f1211f7b422ea269396c929	yes	17	CLAIM-S3-011
2025.4.0	2025-12-01	orca	2025.4.0	container-image	us-docker.pkg.dev/spinnaker-community/docker/orca:2025.4.0@sha256:0192e246d604b08dacf96dc4e49bcc33d2de16235e4552aca65351e3b9367b50	yes	17	CLAIM-S3-011
2025.4.0	2025-12-01	clouddriver	2025.4.0	container-image	us-docker.pkg.dev/spinnaker-community/docker/clouddriver:2025.4.0@sha256:2ad68074e8c7d63e182ccaffb10d2001313c8c26a0cabeab6629fccc295cd320	yes	17	CLAIM-S3-011
2025.4.0	2025-12-01	front50	2025.4.0	container-image	us-docker.pkg.dev/spinnaker-community/docker/front50:2025.4.0@sha256:aef53a69eb948bd6d96daf0de808775e20c9e896e1cfb3dbc93c1c501c7df990	yes	17	CLAIM-S3-011
2025.4.0	2025-12-01	echo	2025.4.0	container-image	us-docker.pkg.dev/spinnaker-community/docker/echo:2025.4.0@sha256:df8e4d2b13cdbeee32928308c518c1ed383a04329803feff3bef956021c5a19e	yes	17	CLAIM-S3-011
2025.4.0	2025-12-01	igor	2025.4.0	container-image	us-docker.pkg.dev/spinnaker-community/docker/igor:2025.4.0@sha256:7a1515278fcf1498408c909729565abacd867159a0f9606bf2da65cd7bdd8ada	yes	17	CLAIM-S3-011
2025.4.0	2025-12-01	fiat	2025.4.0	container-image	us-docker.pkg.dev/spinnaker-community/docker/fiat:2025.4.0@sha256:f187a2ca64cd5328584c487d493cd07a2a569b4d24cdd99e664a8735689202a7	yes	17	CLAIM-S3-011
2025.4.0	2025-12-01	rosco	2025.4.0	container-image	us-docker.pkg.dev/spinnaker-community/docker/rosco:2025.4.0@sha256:8dc9c8c39a1dde1269ad0bf4a01e3dd695ca18aaed607570ee92e119e5b7d5f3	yes	17	CLAIM-S3-011
2025.4.0	2025-12-01	kayenta	2025.4.0	container-image	us-docker.pkg.dev/spinnaker-community/docker/kayenta:2025.4.0@sha256:493ec9afd0c57303a0ffd6925c1fbeb8d5d04e45d628c97b3b2411760046f801	yes	17	CLAIM-S3-011
2025.4.0	2025-12-01	keel	-	not-pinned	-	n/a		CLAIM-S3-006
2025.4.1	2026-02-03	gate	2025.4.1	container-image	us-docker.pkg.dev/spinnaker-community/docker/gate:2025.4.1@sha256:f8aa9726acd6d20d78c29e32b8b58839e4ebcc3ca305a713a71b73919c5cde17	yes		CLAIM-S3-011
2025.4.1	2026-02-03	orca	2025.4.1	container-image	us-docker.pkg.dev/spinnaker-community/docker/orca:2025.4.1@sha256:2db6b88962ecc292b6a3bbe736b9d0eabd7c6903f533e174ae63d941b4e14df6	yes		CLAIM-S3-011
2025.4.1	2026-02-03	clouddriver	2025.4.1	container-image	us-docker.pkg.dev/spinnaker-community/docker/clouddriver:2025.4.1@sha256:fb62cef72e823bfff58ceedefc0b6ae3780e4e27203c53345b879378da555f55	yes		CLAIM-S3-011
2025.4.1	2026-02-03	front50	2025.4.1	container-image	us-docker.pkg.dev/spinnaker-community/docker/front50:2025.4.1@sha256:fff5216ba8d6f0bbe0e2e24653bd38d6024bd2814a79914c5528932e414a203d	yes		CLAIM-S3-011
2025.4.1	2026-02-03	echo	2025.4.1	container-image	us-docker.pkg.dev/spinnaker-community/docker/echo:2025.4.1@sha256:33678e88aecb2eecc3c0e135dc3030138f7951c26435d38e9fd38d61e7a01d8b	yes		CLAIM-S3-011
2025.4.1	2026-02-03	igor	2025.4.1	container-image	us-docker.pkg.dev/spinnaker-community/docker/igor:2025.4.1@sha256:cddc2e87e45a2d3a70a8b5bd6afb1b43869d62464e99e0350ff51f9445daaa02	yes		CLAIM-S3-011
2025.4.1	2026-02-03	fiat	2025.4.1	container-image	us-docker.pkg.dev/spinnaker-community/docker/fiat:2025.4.1@sha256:88961fca5dbe67d08626a887f5b9bbc7be193bccdf1e1b4deb651fc08b0b6742	yes		CLAIM-S3-011
2025.4.1	2026-02-03	rosco	2025.4.1	container-image	us-docker.pkg.dev/spinnaker-community/docker/rosco:2025.4.1@sha256:9450d735967c7932b3b37ba410a1cf1d78c9069415687f69d5023066cb604663	yes		CLAIM-S3-011
2025.4.1	2026-02-03	kayenta	2025.4.1	container-image	us-docker.pkg.dev/spinnaker-community/docker/kayenta:2025.4.1@sha256:a4e6bd4bc266e917d5c19ced1081291a8143743b3f832563819cb6016cf19141	yes		CLAIM-S3-011
2025.4.1	2026-02-03	keel	-	not-pinned	-	n/a		CLAIM-S3-006
2025.4.2	2026-03-20	gate	2025.4.2	container-image	us-docker.pkg.dev/spinnaker-community/docker/gate:2025.4.2@sha256:3c870c49bf7ab22d1bf3b1c91e580a8e1c1cb33d8991bc63eaa88b5036db76ba	yes		CLAIM-S3-011
2025.4.2	2026-03-20	orca	2025.4.2	container-image	us-docker.pkg.dev/spinnaker-community/docker/orca:2025.4.2@sha256:323d961ea7de53789bb3091d315d29c43c6b3a0b1f021bf83a7604cd054e82dc	yes		CLAIM-S3-011
2025.4.2	2026-03-20	clouddriver	2025.4.2	container-image	us-docker.pkg.dev/spinnaker-community/docker/clouddriver:2025.4.2@sha256:e73ff00bb657e5e1b7e257764d2dbcd753310eb8151d02aae5cc210b6f02e2a8	yes		CLAIM-S3-011
2025.4.2	2026-03-20	front50	2025.4.2	container-image	us-docker.pkg.dev/spinnaker-community/docker/front50:2025.4.2@sha256:2bf13600b2d50275094186c43b8dab73a68b11638898e60ff5c642776e38c150	yes		CLAIM-S3-011
2025.4.2	2026-03-20	echo	2025.4.2	container-image	us-docker.pkg.dev/spinnaker-community/docker/echo:2025.4.2@sha256:a9e0e977b8b575d854ee74fc01f6007c52b3c42c9f28fe91b1aff5035c0afd06	yes		CLAIM-S3-011
2025.4.2	2026-03-20	igor	2025.4.2	container-image	us-docker.pkg.dev/spinnaker-community/docker/igor:2025.4.2@sha256:a9365ba316b3875d22f94038acc43033913696a11ab777f55978454a55c70bae	yes		CLAIM-S3-011
2025.4.2	2026-03-20	fiat	2025.4.2	container-image	us-docker.pkg.dev/spinnaker-community/docker/fiat:2025.4.2@sha256:491f3af4387c7b6349f1e1225fb24d129e7bead2c7edcf798e6de14cb66a5d26	yes		CLAIM-S3-011
2025.4.2	2026-03-20	rosco	2025.4.2	container-image	us-docker.pkg.dev/spinnaker-community/docker/rosco:2025.4.2@sha256:eaa1135176798bcd3d43803688a65cc05ce035d37f1a40b148f385059f406193	yes		CLAIM-S3-011
2025.4.2	2026-03-20	kayenta	2025.4.2	container-image	us-docker.pkg.dev/spinnaker-community/docker/kayenta:2025.4.2@sha256:e1fe2c967df0278e7ab6a9c963f74867f7d1dcc834934424e33c69d257a64ece	yes		CLAIM-S3-011
2025.4.2	2026-03-20	keel	-	not-pinned	-	n/a		CLAIM-S3-006
2025.4.3	2026-04-07	gate	2025.4.3	container-image	us-docker.pkg.dev/spinnaker-community/docker/gate:2025.4.3@sha256:4f22c068c558d43a3d4f3cb5494c56db8e4b8719825e61af90345034fbd94495	yes		CLAIM-S3-011
2025.4.3	2026-04-07	orca	2025.4.3	container-image	us-docker.pkg.dev/spinnaker-community/docker/orca:2025.4.3@sha256:b0507aeddbe155edf8fa2a5bdf7dd9497867ae8d5aebb4986ac218b98f0f8e91	yes		CLAIM-S3-011
2025.4.3	2026-04-07	clouddriver	2025.4.3	container-image	us-docker.pkg.dev/spinnaker-community/docker/clouddriver:2025.4.3@sha256:a5872323f9cfefa9ade6719f53f131c92e4efd452d263508cd3213998fe6c046	yes		CLAIM-S3-011
2025.4.3	2026-04-07	front50	2025.4.3	container-image	us-docker.pkg.dev/spinnaker-community/docker/front50:2025.4.3@sha256:b531118e9a7216378e8da579d7d409d6a30c9545cc67a049b93501df3af2df2f	yes		CLAIM-S3-011
2025.4.3	2026-04-07	echo	2025.4.3	container-image	us-docker.pkg.dev/spinnaker-community/docker/echo:2025.4.3@sha256:4af1945ab53865910cf46802f7639e0957973cd14154e35652561e790f49c850	yes		CLAIM-S3-011
2025.4.3	2026-04-07	igor	2025.4.3	container-image	us-docker.pkg.dev/spinnaker-community/docker/igor:2025.4.3@sha256:9d2ef1cdb99c7621dcf9c4bdda56ca05bdbec826dce83a53557189a65cad4985	yes		CLAIM-S3-011
2025.4.3	2026-04-07	fiat	2025.4.3	container-image	us-docker.pkg.dev/spinnaker-community/docker/fiat:2025.4.3@sha256:e70155761ddd2cfe523fc878c32a727754e3441dbbd5498f677274f7eb9523d5	yes		CLAIM-S3-011
2025.4.3	2026-04-07	rosco	2025.4.3	container-image	us-docker.pkg.dev/spinnaker-community/docker/rosco:2025.4.3@sha256:4a098c746ebfff10b89975fe91df88eb620770f00aeda0984e82a2014dce6fc9	yes		CLAIM-S3-011
2025.4.3	2026-04-07	kayenta	2025.4.3	container-image	us-docker.pkg.dev/spinnaker-community/docker/kayenta:2025.4.3@sha256:32d8b7dc0684d6b4c4ed3f6060ff174711f2dcd84b20537d5729cac40db9e42a	yes		CLAIM-S3-011
2025.4.3	2026-04-07	keel	-	not-pinned	-	n/a		CLAIM-S3-006
2025.4.4	2026-06-12	gate	2025.4.4	container-image	us-docker.pkg.dev/spinnaker-community/docker/gate:2025.4.4@sha256:64a9f14c8188ea6b27e12bbf78468b1932d2f77109ee2dd72c1be60a6e16bf98	yes		CLAIM-S3-011
2025.4.4	2026-06-12	orca	2025.4.4	container-image	us-docker.pkg.dev/spinnaker-community/docker/orca:2025.4.4@sha256:f41c6db200610b8f92244333dcec9a6959f04712068ddecb90f326cfe5cc0112	yes		CLAIM-S3-011
2025.4.4	2026-06-12	clouddriver	2025.4.4	container-image	us-docker.pkg.dev/spinnaker-community/docker/clouddriver:2025.4.4@sha256:f6ea2b27c2f38c5ed76c3b2e882aeb0a5dae6cd1f12acbfeafd35e89dac4e68d	yes		CLAIM-S3-011
2025.4.4	2026-06-12	front50	2025.4.4	container-image	us-docker.pkg.dev/spinnaker-community/docker/front50:2025.4.4@sha256:054cf8d241d70e89452570414eabd71aa182295e6a7ec73ef2df83d6b563926c	yes		CLAIM-S3-011
2025.4.4	2026-06-12	echo	2025.4.4	container-image	us-docker.pkg.dev/spinnaker-community/docker/echo:2025.4.4@sha256:683fa8ea0a4ceca729aadd163f171c59cd80a1ca13a5eaafa04a4518ed2ba06e	yes		CLAIM-S3-011
2025.4.4	2026-06-12	igor	2025.4.4	container-image	us-docker.pkg.dev/spinnaker-community/docker/igor:2025.4.4@sha256:4872e18b4a88c68b101b37d8e1ceab74ff385c3453939cc2c49f63fecd92f55b	yes		CLAIM-S3-011
2025.4.4	2026-06-12	fiat	2025.4.4	container-image	us-docker.pkg.dev/spinnaker-community/docker/fiat:2025.4.4@sha256:021371175c83fae4e9c21df6b522e01e5af16d1aa9626ef7a04426728b72ddff	yes		CLAIM-S3-011
2025.4.4	2026-06-12	rosco	2025.4.4	container-image	us-docker.pkg.dev/spinnaker-community/docker/rosco:2025.4.4@sha256:2741d8c7640dbfed320f629e47c51c167d5edbe8643728300af9f409886aedaa	yes		CLAIM-S3-011
2025.4.4	2026-06-12	kayenta	2025.4.4	container-image	us-docker.pkg.dev/spinnaker-community/docker/kayenta:2025.4.4@sha256:84d14c30dd83f720ffa217cab21f7363574752785561a73fcbc4079cb5651597	yes		CLAIM-S3-011
2025.4.4	2026-06-12	keel	-	not-pinned	-	n/a		CLAIM-S3-006
2026.0.0	2026-02-19	gate	2026.0.0	container-image	us-docker.pkg.dev/spinnaker-community/docker/gate:2026.0.0@sha256:b2cc8ba869cb3cd385250db38549da1a360bf4143677deb2ec20545d874cc424	yes	17	CLAIM-S3-011
2026.0.0	2026-02-19	orca	2026.0.0	container-image	us-docker.pkg.dev/spinnaker-community/docker/orca:2026.0.0@sha256:1bceacba2f142234ae44aac7645c69bb4f359ab452404431e742556419ce4e5b	yes	17	CLAIM-S3-011
2026.0.0	2026-02-19	clouddriver	2026.0.0	container-image	us-docker.pkg.dev/spinnaker-community/docker/clouddriver:2026.0.0@sha256:1bb9d4bac9ce21fb7d95a76be7447f33fe40ac542fdd2744ebb81f7284d47185	yes	17	CLAIM-S3-011
2026.0.0	2026-02-19	front50	2026.0.0	container-image	us-docker.pkg.dev/spinnaker-community/docker/front50:2026.0.0@sha256:f98c97bc50400b9770d6f8c62cb6fc832c3d8498747a367945b496c2e8ef53ff	yes	17	CLAIM-S3-011
2026.0.0	2026-02-19	echo	2026.0.0	container-image	us-docker.pkg.dev/spinnaker-community/docker/echo:2026.0.0@sha256:63c824a3cfac1bb736875d9204769ef264d177d3ad94791cb13c3921e092f75d	yes	17	CLAIM-S3-011
2026.0.0	2026-02-19	igor	2026.0.0	container-image	us-docker.pkg.dev/spinnaker-community/docker/igor:2026.0.0@sha256:7e8ff2ba61743fb05d51f806585fc46abc20bb7a909006a2a9c25c1c28887fef	yes	17	CLAIM-S3-011
2026.0.0	2026-02-19	fiat	2026.0.0	container-image	us-docker.pkg.dev/spinnaker-community/docker/fiat:2026.0.0@sha256:e5443878c2fef960e6021d20092d15791f365935243c484ef5e9858ce7066567	yes	17	CLAIM-S3-011
2026.0.0	2026-02-19	rosco	2026.0.0	container-image	us-docker.pkg.dev/spinnaker-community/docker/rosco:2026.0.0@sha256:e28be7f391d7d8a4c6f4cb6122838b6ef189acd92bb79bb30c31050f64038aaf	yes	17	CLAIM-S3-011
2026.0.0	2026-02-19	kayenta	2026.0.0	container-image	us-docker.pkg.dev/spinnaker-community/docker/kayenta:2026.0.0@sha256:9979c08ac21a9a9fab24344186abf7a181be8f6a58f98d8ea6e0992d52846c51	yes	17	CLAIM-S3-011
2026.0.0	2026-02-19	keel	-	not-pinned	-	n/a		CLAIM-S3-006
2026.0.1	2026-03-20	gate	2026.0.1	container-image	us-docker.pkg.dev/spinnaker-community/docker/gate:2026.0.1@sha256:19b55f06d547a49a79c2e8601403ec87847dbc29d6516586632e585ee2090845	yes		CLAIM-S3-011
2026.0.1	2026-03-20	orca	2026.0.1	container-image	us-docker.pkg.dev/spinnaker-community/docker/orca:2026.0.1@sha256:92695149f2cc4471e1fd7acc06deea92ca95839ef83727a40daac2b5262e199a	yes		CLAIM-S3-011
2026.0.1	2026-03-20	clouddriver	2026.0.1	container-image	us-docker.pkg.dev/spinnaker-community/docker/clouddriver:2026.0.1@sha256:63cb91da9b188545846a29f09d50fa1a844da497e320bfcdfc1dd291def6eeaa	yes		CLAIM-S3-011
2026.0.1	2026-03-20	front50	2026.0.1	container-image	us-docker.pkg.dev/spinnaker-community/docker/front50:2026.0.1@sha256:2174c23207d57e4590e7c6bda47a88ba6b909f42927757b94155b2e97a2b321e	yes		CLAIM-S3-011
2026.0.1	2026-03-20	echo	2026.0.1	container-image	us-docker.pkg.dev/spinnaker-community/docker/echo:2026.0.1@sha256:f7917473cd72bcef1ceeef62a3cd8ba2b2db52ff6f653268a40a483c434d18f8	yes		CLAIM-S3-011
2026.0.1	2026-03-20	igor	2026.0.1	container-image	us-docker.pkg.dev/spinnaker-community/docker/igor:2026.0.1@sha256:03d1b3c024bd23f1d0af04e2dd138f82ea9f980792bfbc80a2f8ce73d5a8a45b	yes		CLAIM-S3-011
2026.0.1	2026-03-20	fiat	2026.0.1	container-image	us-docker.pkg.dev/spinnaker-community/docker/fiat:2026.0.1@sha256:cc6eb08eb6632a3666da195c8379048faf80d82255b37c5cdb073a2751f3a5b7	yes		CLAIM-S3-011
2026.0.1	2026-03-20	rosco	2026.0.1	container-image	us-docker.pkg.dev/spinnaker-community/docker/rosco:2026.0.1@sha256:39222967a4e9a0af412d06c1a11f3613da89e9eb28e49dfd4485b955ec821602	yes		CLAIM-S3-011
2026.0.1	2026-03-20	kayenta	2026.0.1	container-image	us-docker.pkg.dev/spinnaker-community/docker/kayenta:2026.0.1@sha256:6f6a0331cea5c5a69145f8d1428e8e0a1a530786f57616ee313c7e6cc80b1ad5	yes		CLAIM-S3-011
2026.0.1	2026-03-20	keel	-	not-pinned	-	n/a		CLAIM-S3-006
2026.0.2	2026-04-07	gate	2026.0.2	container-image	us-docker.pkg.dev/spinnaker-community/docker/gate:2026.0.2@sha256:985f5e511a577bb151ca779fca5c1e137e16541f636f282ed9a038f2d1d8071c	yes		CLAIM-S3-011
2026.0.2	2026-04-07	orca	2026.0.2	container-image	us-docker.pkg.dev/spinnaker-community/docker/orca:2026.0.2@sha256:fbf58a4c28f640540a120885e69348cf88fa6af511f8042eb567555cd01729fc	yes		CLAIM-S3-011
2026.0.2	2026-04-07	clouddriver	2026.0.2	container-image	us-docker.pkg.dev/spinnaker-community/docker/clouddriver:2026.0.2@sha256:12dce7b6c2f2a765c02764954b3ee40acd55bb4fa6ed3c29683a0b1a6ff0e4f5	yes		CLAIM-S3-011
2026.0.2	2026-04-07	front50	2026.0.2	container-image	us-docker.pkg.dev/spinnaker-community/docker/front50:2026.0.2@sha256:8c9eb6b678eeb33da318343d59f45ecf3fb727f314d292ec71b1dbc1dfb31d0c	yes		CLAIM-S3-011
2026.0.2	2026-04-07	echo	2026.0.2	container-image	us-docker.pkg.dev/spinnaker-community/docker/echo:2026.0.2@sha256:e1d3084ddab3499cd3b0d3eb4e03b3030e7aca1805b8f1a4e212a56dd9ea9d24	yes		CLAIM-S3-011
2026.0.2	2026-04-07	igor	2026.0.2	container-image	us-docker.pkg.dev/spinnaker-community/docker/igor:2026.0.2@sha256:3accf1c879e7bac12a02b22390f083219494acbbe8bc4ec4c822b4a85a2a5c88	yes		CLAIM-S3-011
2026.0.2	2026-04-07	fiat	2026.0.2	container-image	us-docker.pkg.dev/spinnaker-community/docker/fiat:2026.0.2@sha256:97ca3f028a0b2ac735e82bcafc8565aa75e391c2cbc5cb9553894b47f01b8503	yes		CLAIM-S3-011
2026.0.2	2026-04-07	rosco	2026.0.2	container-image	us-docker.pkg.dev/spinnaker-community/docker/rosco:2026.0.2@sha256:7a341b8cedb6dbece1f82e2b67e67e5054db36b6cfe16228448dd19a0ea6a9a1	yes		CLAIM-S3-011
2026.0.2	2026-04-07	kayenta	2026.0.2	container-image	us-docker.pkg.dev/spinnaker-community/docker/kayenta:2026.0.2@sha256:5627db85f0d714d48f3dbdd0f2f3777fd0d296318e365b565c4228f3aa7217b5	yes		CLAIM-S3-011
2026.0.2	2026-04-07	keel	-	not-pinned	-	n/a		CLAIM-S3-006
2026.0.3	2026-06-12	gate	2026.0.3	container-image	us-docker.pkg.dev/spinnaker-community/docker/gate:2026.0.3@sha256:84e78ff02f178846c5576bdac991656d868130f8e2d520eb4710c6fbdc68d34d	yes		CLAIM-S3-011
2026.0.3	2026-06-12	orca	2026.0.3	container-image	us-docker.pkg.dev/spinnaker-community/docker/orca:2026.0.3@sha256:43bd3aee024b61ad0f49c93ba291ddf1ef98b8cd49b2757495a309d36f05e0c7	yes		CLAIM-S3-011
2026.0.3	2026-06-12	clouddriver	2026.0.3	container-image	us-docker.pkg.dev/spinnaker-community/docker/clouddriver:2026.0.3@sha256:97688e7f017608d597fde72b9263e513aa799b4f0da74b525b5279eff61c5e8f	yes		CLAIM-S3-011
2026.0.3	2026-06-12	front50	2026.0.3	container-image	us-docker.pkg.dev/spinnaker-community/docker/front50:2026.0.3@sha256:7506046200bca1dcb028230150b9773b91320c73192b076bcdadc9fe09e4527c	yes		CLAIM-S3-011
2026.0.3	2026-06-12	echo	2026.0.3	container-image	us-docker.pkg.dev/spinnaker-community/docker/echo:2026.0.3@sha256:e97186807d14f4625bc7f736a8d1cb553aac8c6f48fa9f908126516e88dae478	yes		CLAIM-S3-011
2026.0.3	2026-06-12	igor	2026.0.3	container-image	us-docker.pkg.dev/spinnaker-community/docker/igor:2026.0.3@sha256:f0a40583f238a8045c6c973cda67c455b1665c12813d3a7d70d13cbe72c03c19	yes		CLAIM-S3-011
2026.0.3	2026-06-12	fiat	2026.0.3	container-image	us-docker.pkg.dev/spinnaker-community/docker/fiat:2026.0.3@sha256:8f57f9ab031b108587bc6b8d386a5492c816aec5517323d9f395078afc36a143	yes		CLAIM-S3-011
2026.0.3	2026-06-12	rosco	2026.0.3	container-image	us-docker.pkg.dev/spinnaker-community/docker/rosco:2026.0.3@sha256:9e0d6e3010ce217951453a40a843308c7bdb77900f0da5f8d55258b4c7986d3d	yes		CLAIM-S3-011
2026.0.3	2026-06-12	kayenta	2026.0.3	container-image	us-docker.pkg.dev/spinnaker-community/docker/kayenta:2026.0.3@sha256:176f4e78541c90f54b550821918de312b1bf731733028d62a99d2cab7cd86454	yes		CLAIM-S3-011
2026.0.3	2026-06-12	keel	-	not-pinned	-	n/a		CLAIM-S3-006
2026.0.4	2026-07-30	gate	2026.0.4	container-image	us-docker.pkg.dev/spinnaker-community/docker/gate:2026.0.4@sha256:e8f9b9e98ce49765d155b51b13e5f4d413afa60a52f6fc2528a0f6326e62e24b	yes		CLAIM-S3-011
2026.0.4	2026-07-30	orca	2026.0.4	container-image	us-docker.pkg.dev/spinnaker-community/docker/orca:2026.0.4@sha256:eca5bf55ed47a29c8b46eb0d79a89038299b837a1abde3f570ebf3f97103e681	yes		CLAIM-S3-011
2026.0.4	2026-07-30	clouddriver	2026.0.4	container-image	us-docker.pkg.dev/spinnaker-community/docker/clouddriver:2026.0.4@sha256:3a4ba054b93ce85a5c1879ab6d33b847f96b66ab5678c93764225dcd50d41227	yes		CLAIM-S3-011
2026.0.4	2026-07-30	front50	2026.0.4	container-image	us-docker.pkg.dev/spinnaker-community/docker/front50:2026.0.4@sha256:5578861122caa334d88e14d83054406ae0e69452167e542d86fc6545886883f7	yes		CLAIM-S3-011
2026.0.4	2026-07-30	echo	2026.0.4	container-image	us-docker.pkg.dev/spinnaker-community/docker/echo:2026.0.4@sha256:7c9f88dc85d8d31c62306058fd2bea66407cf886ba925fac56281850ff870b01	yes		CLAIM-S3-011
2026.0.4	2026-07-30	igor	2026.0.4	container-image	us-docker.pkg.dev/spinnaker-community/docker/igor:2026.0.4@sha256:500275131babb3a5201d00656b33e20d94f290a5eaa15fb8652433e11357e312	yes		CLAIM-S3-011
2026.0.4	2026-07-30	fiat	2026.0.4	container-image	us-docker.pkg.dev/spinnaker-community/docker/fiat:2026.0.4@sha256:e30532b9259f38a531ee7ae3a2379627ccb0363e76e71ef902ad79caa67801d7	yes		CLAIM-S3-011
2026.0.4	2026-07-30	rosco	2026.0.4	container-image	us-docker.pkg.dev/spinnaker-community/docker/rosco:2026.0.4@sha256:01a8f4c06d088e2ac5af003b5168fe741d17edbc1ebb5df359fc12d7b96ef281	yes		CLAIM-S3-011
2026.0.4	2026-07-30	kayenta	2026.0.4	container-image	us-docker.pkg.dev/spinnaker-community/docker/kayenta:2026.0.4@sha256:2536e591652f2f6ca50b94d2697b66454969e038843f6093c31b46f0fc8ea397	yes		CLAIM-S3-011
2026.0.4	2026-07-30	keel	-	not-pinned	-	n/a		CLAIM-S3-006
2026.1.0	2026-05-09	gate	2026.1.0	container-image	ghcr.io/spinnaker/gate:2026.1.0@sha256:e5851f4347af7bca8e29d906042b598e6e820da205dcd608831ffdb0ff1861f5	yes	17	CLAIM-S3-011
2026.1.0	2026-05-09	orca	2026.1.0	container-image	ghcr.io/spinnaker/orca:2026.1.0@sha256:558ab54846aff3fd3600349c99dc01ac14b860bbbb399abfc47711958934d5fa	yes	17	CLAIM-S3-011
2026.1.0	2026-05-09	clouddriver	2026.1.0	container-image	ghcr.io/spinnaker/clouddriver:2026.1.0@sha256:d7c5c05d1b4e70da9dcfb3e3de3ee70f6f9cef9e1bc7c7c4cc903775543c9646	yes	17	CLAIM-S3-011
2026.1.0	2026-05-09	front50	2026.1.0	container-image	ghcr.io/spinnaker/front50:2026.1.0@sha256:c7efe175f3b65089b5c080bed74d7d3453a9fa760ddaed89b5921361e7d7b576	yes	17	CLAIM-S3-011
2026.1.0	2026-05-09	echo	2026.1.0	container-image	ghcr.io/spinnaker/echo:2026.1.0@sha256:50a661adb02567ee419f628bad4e453a5a7c4bba0d54c77bc12410ef868aec4d	yes	17	CLAIM-S3-011
2026.1.0	2026-05-09	igor	2026.1.0	container-image	ghcr.io/spinnaker/igor:2026.1.0@sha256:77d5733af08630d3b92b44ad9933a0e05fbb895a0c4b5080a1dc163190e2b6ad	yes	17	CLAIM-S3-011
2026.1.0	2026-05-09	fiat	2026.1.0	container-image	ghcr.io/spinnaker/fiat:2026.1.0@sha256:e5b0e479e788fda1f8191a42d27e69e16835f103511d0401eca5030a3a1ad9ae	yes	17	CLAIM-S3-011
2026.1.0	2026-05-09	rosco	2026.1.0	container-image	ghcr.io/spinnaker/rosco:2026.1.0@sha256:64cbe9c4e4571f4f29c2bbb53a80c350327bed5691bdc628d5c2b9e27c530331	yes	17	CLAIM-S3-011
2026.1.0	2026-05-09	kayenta	2026.1.0	container-image	ghcr.io/spinnaker/kayenta:2026.1.0@sha256:c0140bf7468b4f684dec41062d12de0c946bc375d55d2631b7a77d26ca7d20ed	yes	17	CLAIM-S3-011
2026.1.0	2026-05-09	keel	-	not-pinned	-	n/a		CLAIM-S3-006
2026.1.1	2026-06-12	gate	2026.1.1	container-image	ghcr.io/spinnaker/gate:2026.1.1@sha256:2f867e4554bfa7d0f2286edb76b791a385e0a5b912b8e5dfa595b6418c9eeed9	yes		CLAIM-S3-011
2026.1.1	2026-06-12	orca	2026.1.1	container-image	ghcr.io/spinnaker/orca:2026.1.1@sha256:8c4fb7d042b3037581469af7ec20193a1b9a788f612877651cf1f342dc9bd552	yes		CLAIM-S3-011
2026.1.1	2026-06-12	clouddriver	2026.1.1	container-image	ghcr.io/spinnaker/clouddriver:2026.1.1@sha256:24ac44214a1eea4c111ae1292461bb82546e3587e76196e1032b8bc4d4c54e80	yes		CLAIM-S3-011
2026.1.1	2026-06-12	front50	2026.1.1	container-image	ghcr.io/spinnaker/front50:2026.1.1@sha256:aa495526bf0ce68619d3bda7b763bb61e962150b6211006a4c4c5c37b2c56954	yes		CLAIM-S3-011
2026.1.1	2026-06-12	echo	2026.1.1	container-image	ghcr.io/spinnaker/echo:2026.1.1@sha256:3cc06d6b4253354c93312190922ae73a08279f40611bbdf65ae3ef83059f4a26	yes		CLAIM-S3-011
2026.1.1	2026-06-12	igor	2026.1.1	container-image	ghcr.io/spinnaker/igor:2026.1.1@sha256:3efd54001d99e888a493dedc321099f2ad9817703ab8265aa41851c271dd30c8	yes		CLAIM-S3-011
2026.1.1	2026-06-12	fiat	2026.1.1	container-image	ghcr.io/spinnaker/fiat:2026.1.1@sha256:9b523612e5c0b816dfdcb7e34614eaac3a30308d559169b12931ad2e84fca9b5	yes		CLAIM-S3-011
2026.1.1	2026-06-12	rosco	2026.1.1	container-image	ghcr.io/spinnaker/rosco:2026.1.1@sha256:9dacf6817085a40e1f4be074ab3e2179082d6f0b94ecf9ccf7c6f9b7ff2841df	yes		CLAIM-S3-011
2026.1.1	2026-06-12	kayenta	2026.1.1	container-image	ghcr.io/spinnaker/kayenta:2026.1.1@sha256:0e8273d02349482e805203f10495b1a0a2f90acb9cc94cd54933c66ce1e4f13a	yes		CLAIM-S3-011
2026.1.1	2026-06-12	keel	-	not-pinned	-	n/a		CLAIM-S3-006
2026.1.2	2026-07-30	gate	2026.1.2	container-image	ghcr.io/spinnaker/gate:2026.1.2@sha256:71e012a0d5c73aeb30851818aa8465adb2126c0a5b580f738c99743077c0515b	yes		CLAIM-S3-011
2026.1.2	2026-07-30	orca	2026.1.2	container-image	ghcr.io/spinnaker/orca:2026.1.2@sha256:e93fcb68a8f22c08310881016b22d6ae32681fb369cabdea17d7324b9f6f5127	yes		CLAIM-S3-011
2026.1.2	2026-07-30	clouddriver	2026.1.2	container-image	ghcr.io/spinnaker/clouddriver:2026.1.2@sha256:0ca2f3e3a2d899e50d84d3822284c2e567c78ed602daa97fc1a3bcd8fa58433d	yes		CLAIM-S3-011
2026.1.2	2026-07-30	front50	2026.1.2	container-image	ghcr.io/spinnaker/front50:2026.1.2@sha256:8ad15d3e30ea133162d3a997eb92b42a599ad699226fe026b67d748fb890b276	yes		CLAIM-S3-011
2026.1.2	2026-07-30	echo	2026.1.2	container-image	ghcr.io/spinnaker/echo:2026.1.2@sha256:5e8e4b08122b659b1776dc7c515eb62b4ae3e1660dbb3d85fd690faf1f519afa	yes		CLAIM-S3-011
2026.1.2	2026-07-30	igor	2026.1.2	container-image	ghcr.io/spinnaker/igor:2026.1.2@sha256:cfcafc69e302a89ba4d6aa28d18031f812d303a5af758cc3f90e0097410b985a	yes		CLAIM-S3-011
2026.1.2	2026-07-30	fiat	2026.1.2	container-image	ghcr.io/spinnaker/fiat:2026.1.2@sha256:d86e6fd046ba27ef3cd9c6284fdc47d8183bc543b1ae0f17386fc311236a4890	yes		CLAIM-S3-011
2026.1.2	2026-07-30	rosco	2026.1.2	container-image	ghcr.io/spinnaker/rosco:2026.1.2@sha256:a5f1b4482bb42756d4a25a2e02e5259585d1f027b3e8f2204c0954e6198ab7de	yes		CLAIM-S3-011
2026.1.2	2026-07-30	kayenta	2026.1.2	container-image	ghcr.io/spinnaker/kayenta:2026.1.2@sha256:5fb54db68d7fb4979fd1ad38606d2533cea1db40b293dd696a133ddbad89bac5	yes		CLAIM-S3-011
2026.1.2	2026-07-30	keel	-	not-pinned	-	n/a		CLAIM-S3-006
2026.2.0	2026-07-01	gate	2026.2.0	container-image	ghcr.io/spinnaker/gate:2026.2.0@sha256:e49ac2ab36cbf9476e7a9d10dbc55b4e93c37b440249e2f292d9ffd4d514dd51	yes	17	CLAIM-S3-011
2026.2.0	2026-07-01	orca	2026.2.0	container-image	ghcr.io/spinnaker/orca:2026.2.0@sha256:d668f4c37a073c70d30495e5d2eca7f43e6c91b337e2b748c13d8ed08685e1d4	yes	17	CLAIM-S3-011
2026.2.0	2026-07-01	clouddriver	2026.2.0	container-image	ghcr.io/spinnaker/clouddriver:2026.2.0@sha256:32200bc64ef6a772c943980fa5749e21b6abf035ec7d2aba9266697a2aed5848	yes	17	CLAIM-S3-011
2026.2.0	2026-07-01	front50	2026.2.0	container-image	ghcr.io/spinnaker/front50:2026.2.0@sha256:e22ea121d911250dbd0bc7fee8ff3adb9cddbe95501b64fdee2936a541428b25	yes	17	CLAIM-S3-011
2026.2.0	2026-07-01	echo	2026.2.0	container-image	ghcr.io/spinnaker/echo:2026.2.0@sha256:bcde4cf94b7121e87d6f0cf245ed94b3ffb0cd868b5584a237ab552569640670	yes	17	CLAIM-S3-011
2026.2.0	2026-07-01	igor	2026.2.0	container-image	ghcr.io/spinnaker/igor:2026.2.0@sha256:84ac0b3ac989ed93dd196d4c00f573471632006900a9f5b3c5423f92c8864bcb	yes	17	CLAIM-S3-011
2026.2.0	2026-07-01	fiat	2026.2.0	container-image	ghcr.io/spinnaker/fiat:2026.2.0@sha256:f2d144de3058e4e9de009bff77664e742e2aae8d829ae06372957a1464c05b26	yes	17	CLAIM-S3-011
2026.2.0	2026-07-01	rosco	2026.2.0	container-image	ghcr.io/spinnaker/rosco:2026.2.0@sha256:ef5b4c1c4ce07237d115e4f5fb0e23be517fa65da6e9841452d0675949f3327b	yes	17	CLAIM-S3-011
2026.2.0	2026-07-01	kayenta	2026.2.0	container-image	ghcr.io/spinnaker/kayenta:2026.2.0@sha256:2a5b767fe6f9969147f32a9da1d15b4af1fe2d8b93a36182d430742f8d6bed4b	yes	17	CLAIM-S3-011
2026.2.0	2026-07-01	keel	-	not-pinned	-	n/a		CLAIM-S3-006
2026.2.1	2026-07-06	gate	2026.2.1	container-image	ghcr.io/spinnaker/gate:2026.2.1@sha256:8578cc7a2264a819ba347a1dabed5ce3dfa6dae1e8d74925e310b1b739ffc3aa	yes		CLAIM-S3-011
2026.2.1	2026-07-06	orca	2026.2.1	container-image	ghcr.io/spinnaker/orca:2026.2.1@sha256:2a032a440da6a83e580263e4beea9bcf693683c0b8d45eecabcde6ddb52cd6d2	yes		CLAIM-S3-011
2026.2.1	2026-07-06	clouddriver	2026.2.1	container-image	ghcr.io/spinnaker/clouddriver:2026.2.1@sha256:881fa480716b337da829b63b0ae08d328534c76526e52acc7fd583e0e2c61337	yes		CLAIM-S3-011
2026.2.1	2026-07-06	front50	2026.2.1	container-image	ghcr.io/spinnaker/front50:2026.2.1@sha256:c6dcfb5046847263eb24514c14ac8a563107f3c6928cf520bfa654b40944e8b1	yes		CLAIM-S3-011
2026.2.1	2026-07-06	echo	2026.2.1	container-image	ghcr.io/spinnaker/echo:2026.2.1@sha256:20e74d349678ae92f3844cd2884a6540ae98f7b69f74c556bb1f775115918794	yes		CLAIM-S3-011
2026.2.1	2026-07-06	igor	2026.2.1	container-image	ghcr.io/spinnaker/igor:2026.2.1@sha256:f2c34bcd7d5a7a7e4e400e9598e495a39fa84b828c88a808ec26ce5164ee8f2e	yes		CLAIM-S3-011
2026.2.1	2026-07-06	fiat	2026.2.1	container-image	ghcr.io/spinnaker/fiat:2026.2.1@sha256:c65824d53867c15a82ba5bc73db7c4ace7284441ce197d32276bce908894e14c	yes		CLAIM-S3-011
2026.2.1	2026-07-06	rosco	2026.2.1	container-image	ghcr.io/spinnaker/rosco:2026.2.1@sha256:1da3d41ee952bfce79170846f07fb925a974f5b6f2940c4837f366bc1a3aca4b	yes		CLAIM-S3-011
2026.2.1	2026-07-06	kayenta	2026.2.1	container-image	ghcr.io/spinnaker/kayenta:2026.2.1@sha256:4a9fe5250797cb07fd8a68fb651352774f3498cc7b463d3a57c9e20b6c17b47b	yes		CLAIM-S3-011
2026.2.1	2026-07-06	keel	-	not-pinned	-	n/a		CLAIM-S3-006
2026.2.2	2026-07-13	gate	2026.2.2	container-image	ghcr.io/spinnaker/gate:2026.2.2@sha256:5eb3c1e07a2b5aa905df5d7a7a2acfa9280ee22c3c1d5670a1a7f7f2509e5c68	yes		CLAIM-S3-011
2026.2.2	2026-07-13	orca	2026.2.2	container-image	ghcr.io/spinnaker/orca:2026.2.2@sha256:5bb43883e41f9ead7801888211aae34f4675d0c6a741ddce9f0b075b3ffac02f	yes		CLAIM-S3-011
2026.2.2	2026-07-13	clouddriver	2026.2.2	container-image	ghcr.io/spinnaker/clouddriver:2026.2.2@sha256:c2d0535784f04ec1b8f4a7b8fcc5e79698758677824a37f4bcc934c2ce3de797	yes		CLAIM-S3-011
2026.2.2	2026-07-13	front50	2026.2.2	container-image	ghcr.io/spinnaker/front50:2026.2.2@sha256:ee890421f477d215ccad131dbb391b1eea8a5097b0a33ff83279c0f09c2e5c61	yes		CLAIM-S3-011
2026.2.2	2026-07-13	echo	2026.2.2	container-image	ghcr.io/spinnaker/echo:2026.2.2@sha256:ee08908e9139dd7bc91a92e5db7d2bc2cf75180948f4c2313176b26a283d2e4a	yes		CLAIM-S3-011
2026.2.2	2026-07-13	igor	2026.2.2	container-image	ghcr.io/spinnaker/igor:2026.2.2@sha256:7ba0214d1f4e33971ffc9bb6fc5d56f8e0825c1b245fe079a2a1170edb954dc9	yes		CLAIM-S3-011
2026.2.2	2026-07-13	fiat	2026.2.2	container-image	ghcr.io/spinnaker/fiat:2026.2.2@sha256:2a5bb664433a5103a6623188bdd6efc938a5c320a0efa2f18972a041fc08e7a1	yes		CLAIM-S3-011
2026.2.2	2026-07-13	rosco	2026.2.2	container-image	ghcr.io/spinnaker/rosco:2026.2.2@sha256:639a24195b738741d29432b9b3e1a4753ca516d75048f216047ee5260cdc3ac9	yes		CLAIM-S3-011
2026.2.2	2026-07-13	kayenta	2026.2.2	container-image	ghcr.io/spinnaker/kayenta:2026.2.2@sha256:d12989910bfd3c205880e017b2cfbdb54afda8e1970be0bfa55e4883dc7792a0	yes		CLAIM-S3-011
2026.2.2	2026-07-13	keel	-	not-pinned	-	n/a		CLAIM-S3-006
2026.2.3	2026-07-30	gate	2026.2.3	container-image	ghcr.io/spinnaker/gate:2026.2.3@sha256:639ef777b5942fae08da0cd6254911dcddce173c4315ae52022a6b84e4c56b61	yes		CLAIM-S3-011
2026.2.3	2026-07-30	orca	2026.2.3	container-image	ghcr.io/spinnaker/orca:2026.2.3@sha256:d2a73d932da6e9b90958ffb34e281d881f1b686c5543c58601b888abc51c9d88	yes		CLAIM-S3-011
2026.2.3	2026-07-30	clouddriver	2026.2.3	container-image	ghcr.io/spinnaker/clouddriver:2026.2.3@sha256:aa47de1d948b70cc39872b141b0c708dd4dfafd0665efd6840d411143a7d8d14	yes		CLAIM-S3-011
2026.2.3	2026-07-30	front50	2026.2.3	container-image	ghcr.io/spinnaker/front50:2026.2.3@sha256:f542ac6c3c80820fd8d9bfc08b3c2bc18db3465d4dace6d3d6100418b2b2c515	yes		CLAIM-S3-011
2026.2.3	2026-07-30	echo	2026.2.3	container-image	ghcr.io/spinnaker/echo:2026.2.3@sha256:8f0102716fd8b9aa49984ae29e8fb76b96f8c77e89d201ea6a83e511f3ca6081	yes		CLAIM-S3-011
2026.2.3	2026-07-30	igor	2026.2.3	container-image	ghcr.io/spinnaker/igor:2026.2.3@sha256:de176e214e6373b47b38ebaea335f07ea1a69c62691707c355ba6c2726ee6eda	yes		CLAIM-S3-011
2026.2.3	2026-07-30	fiat	2026.2.3	container-image	ghcr.io/spinnaker/fiat:2026.2.3@sha256:f4d6aced2a61c26d580d040191f1657843649fa6e09191aaa588400279116cd3	yes		CLAIM-S3-011
2026.2.3	2026-07-30	rosco	2026.2.3	container-image	ghcr.io/spinnaker/rosco:2026.2.3@sha256:8e38178807368c233aa5a1e92b30d54b69c7b88af4b2c5729268da645b3fdf33	yes		CLAIM-S3-011
2026.2.3	2026-07-30	kayenta	2026.2.3	container-image	ghcr.io/spinnaker/kayenta:2026.2.3@sha256:bd62965fcc846a6e4321a141ad75b1063a52f17bcaaaab47baf33cccfbab94d0	yes		CLAIM-S3-011
2026.2.3	2026-07-30	keel	-	not-pinned	-	n/a		CLAIM-S3-006
2026.3.0	2026-09-07	gate	2026.3.0	container-image	ghcr.io/spinnaker/gate:2026.3.0@sha256:d7774eba3296031d618b6c310db513b99a851353559066817ce74debce335d14	yes	17	CLAIM-S3-011
2026.3.0	2026-09-07	orca	2026.3.0	container-image	ghcr.io/spinnaker/orca:2026.3.0@sha256:d687d4d659e63d340d2f038c19ad7f58fc2a596872fb71329ddfc54ec3ff6fb3	yes	17	CLAIM-S3-011
2026.3.0	2026-09-07	clouddriver	2026.3.0	container-image	ghcr.io/spinnaker/clouddriver:2026.3.0@sha256:59dae0e1345551d04864a9b544b392f2fa4e13f7cd018984d472292ee3cf399e	yes	17	CLAIM-S3-011
2026.3.0	2026-09-07	front50	2026.3.0	container-image	ghcr.io/spinnaker/front50:2026.3.0@sha256:7ed0047ade3a69f8cd323a3cbba3d3b923608b8ecb6cdc724dc2705c096792af	yes	17	CLAIM-S3-011
2026.3.0	2026-09-07	echo	2026.3.0	container-image	ghcr.io/spinnaker/echo:2026.3.0@sha256:84c96824714e6a087caf919aa68f149d0dfa235221e951c571806f3157fe83df	yes	17	CLAIM-S3-011
2026.3.0	2026-09-07	igor	2026.3.0	container-image	ghcr.io/spinnaker/igor:2026.3.0@sha256:bb9c4f9c18a51104beae36f23f21fb0bca3eca1930c5ceeaf5ace55405a25288	yes	17	CLAIM-S3-011
2026.3.0	2026-09-07	fiat	2026.3.0	container-image	ghcr.io/spinnaker/fiat:2026.3.0@sha256:560ad304114720d837df6eadd8e103ea602fddcac3603f5f48addb039330401f	yes	17	CLAIM-S3-011
2026.3.0	2026-09-07	rosco	2026.3.0	container-image	ghcr.io/spinnaker/rosco:2026.3.0@sha256:0c1c5f5f90a4ed50c23866b077802b14cc5b68746d01bdd8adfb013e1ef71112	yes	17	CLAIM-S3-011
2026.3.0	2026-09-07	kayenta	2026.3.0	container-image	ghcr.io/spinnaker/kayenta:2026.3.0@sha256:2bbf44c7ce0648c52caef40a10d49e7996aae8c3b6ac471ad66c998b5a2594cf	yes	17	CLAIM-S3-011
2026.3.0	2026-09-07	keel	-	not-pinned	-	n/a		CLAIM-S3-006
